ISO-10303-21;
HEADER;
/* Generated by software containing ST-Developer
 * from STEP Tools, Inc. (www.steptools.com) 
 */
/* OPTION: using custom renumber hook */

FILE_DESCRIPTION(
/* description */ ('STEP AP203'),
/* implementation_level */ '2;1');

FILE_NAME(
/* name */ 'CAS-120TA',
/* time_stamp */ '2026-09-24T14:49:07+02:00',
/* author */ ('License CC BY-ND 4.0'),
/* organization */ ('CADENAS'),
/* preprocessor_version */ 'ST-DEVELOPER v20',
/* originating_system */ 'PARTsolutions',
/* authorisation */ '  ');

FILE_SCHEMA (('CONFIG_CONTROL_DESIGN'));
ENDSEC;

DATA;
#10=PROPERTY_DEFINITION_REPRESENTATION(#14,#12);
#11=PROPERTY_DEFINITION_REPRESENTATION(#15,#13);
#12=REPRESENTATION('',(#16),#2652);
#13=REPRESENTATION('',(#17),#2652);
#14=PROPERTY_DEFINITION('pmi validation property','',#2661);
#15=PROPERTY_DEFINITION('pmi validation property','',#2661);
#16=VALUE_REPRESENTATION_ITEM('number of annotations',COUNT_MEASURE(0.));
#17=VALUE_REPRESENTATION_ITEM('number of views',COUNT_MEASURE(0.));
#18=ELLIPSE('',#1732,0.14142135623731,0.1);
#19=ELLIPSE('',#1733,0.141421356237309,0.1);
#20=ELLIPSE('',#1734,0.141421356237309,0.0999999999999999);
#21=ELLIPSE('',#1735,0.141421356237309,0.0999999999999998);
#22=ELLIPSE('',#1737,0.141421356237309,0.0999999999999999);
#23=ELLIPSE('',#1738,0.141421356237309,0.1);
#24=ELLIPSE('',#1739,0.141421356237309,0.0999999999999998);
#25=ELLIPSE('',#1740,0.141421356237309,0.1);
#26=ELLIPSE('',#1742,0.14142135623731,0.1);
#27=ELLIPSE('',#1743,0.14142135623731,0.1);
#28=ELLIPSE('',#1745,0.141421356237309,0.0999999999999999);
#29=ELLIPSE('',#1746,0.141421356237309,0.0999999999999998);
#30=CONTEXT_DEPENDENT_SHAPE_REPRESENTATION(#34,#2663);
#31=CONTEXT_DEPENDENT_SHAPE_REPRESENTATION(#35,#2665);
#32=NEXT_ASSEMBLY_USAGE_OCCURRENCE('NAUO1','CAS_c_12A','CAS_c_12A',#2666,
#2667,'');
#33=NEXT_ASSEMBLY_USAGE_OCCURRENCE('NAUO2','1 pole_s','1 pole_s',#2666,
#2668,'');
#34=(
REPRESENTATION_RELATIONSHIP(' ',' ',#1626,#1625)
REPRESENTATION_RELATIONSHIP_WITH_TRANSFORMATION(#36)
SHAPE_REPRESENTATION_RELATIONSHIP()
);
#35=(
REPRESENTATION_RELATIONSHIP(' ',' ',#1627,#1625)
REPRESENTATION_RELATIONSHIP_WITH_TRANSFORMATION(#37)
SHAPE_REPRESENTATION_RELATIONSHIP()
);
#36=ITEM_DEFINED_TRANSFORMATION(' ',' ',#1628,#1720);
#37=ITEM_DEFINED_TRANSFORMATION(' ',' ',#1628,#1751);
#38=SHAPE_REPRESENTATION_RELATIONSHIP('','',#1626,#40);
#39=SHAPE_REPRESENTATION_RELATIONSHIP('','',#1627,#41);
#40=ADVANCED_BREP_SHAPE_REPRESENTATION('',(#1620),#2653);
#41=ADVANCED_BREP_SHAPE_REPRESENTATION('',(#1621),#2654);
#42=CYLINDRICAL_SURFACE('',#1671,0.200000000000001);
#43=CYLINDRICAL_SURFACE('',#1677,0.0499999999999997);
#44=CYLINDRICAL_SURFACE('',#1680,0.2);
#45=CYLINDRICAL_SURFACE('',#1687,0.200000000000001);
#46=CYLINDRICAL_SURFACE('',#1693,0.0499999999999997);
#47=CYLINDRICAL_SURFACE('',#1696,0.2);
#48=CYLINDRICAL_SURFACE('',#1701,0.200000000000001);
#49=CYLINDRICAL_SURFACE('',#1711,0.0499999999999997);
#50=CYLINDRICAL_SURFACE('',#1715,0.200000000000001);
#51=CYLINDRICAL_SURFACE('',#1717,0.2);
#52=CYLINDRICAL_SURFACE('',#1731,0.0999999999999999);
#53=CYLINDRICAL_SURFACE('',#1736,0.0999999999999998);
#54=CYLINDRICAL_SURFACE('',#1741,0.1);
#55=CYLINDRICAL_SURFACE('',#1744,0.0999999999999997);
#56=CYLINDRICAL_SURFACE('',#1747,0.0999999999999999);
#57=CYLINDRICAL_SURFACE('',#1748,0.1);
#58=CYLINDRICAL_SURFACE('',#1749,0.1);
#59=CYLINDRICAL_SURFACE('',#1750,0.1);
#60=CIRCLE('',#1635,0.2);
#61=CIRCLE('',#1672,0.200000000000001);
#62=CIRCLE('',#1673,0.200000000000001);
#63=CIRCLE('',#1678,0.0499999999999997);
#64=CIRCLE('',#1679,0.0499999999999997);
#65=CIRCLE('',#1681,0.2);
#66=CIRCLE('',#1682,0.2);
#67=CIRCLE('',#1688,0.200000000000001);
#68=CIRCLE('',#1689,0.200000000000001);
#69=CIRCLE('',#1694,0.0499999999999997);
#70=CIRCLE('',#1695,0.0499999999999997);
#71=CIRCLE('',#1697,0.2);
#72=CIRCLE('',#1698,0.2);
#73=CIRCLE('',#1702,0.200000000000001);
#74=CIRCLE('',#1703,0.200000000000001);
#75=CIRCLE('',#1706,0.0499999999999997);
#76=CIRCLE('',#1707,0.200000000000001);
#77=CIRCLE('',#1709,0.200000000000001);
#78=CIRCLE('',#1710,0.0499999999999997);
#79=CIRCLE('',#1718,0.2);
#80=CIRCLE('',#1723,0.1);
#81=CIRCLE('',#1724,0.1);
#82=CIRCLE('',#1725,0.1);
#83=CIRCLE('',#1726,0.0999999999999999);
#84=ORIENTED_EDGE('',*,*,#536,.T.);
#85=ORIENTED_EDGE('',*,*,#537,.T.);
#86=ORIENTED_EDGE('',*,*,#538,.F.);
#87=ORIENTED_EDGE('',*,*,#539,.T.);
#88=ORIENTED_EDGE('',*,*,#536,.F.);
#89=ORIENTED_EDGE('',*,*,#540,.T.);
#90=ORIENTED_EDGE('',*,*,#541,.T.);
#91=ORIENTED_EDGE('',*,*,#542,.T.);
#92=ORIENTED_EDGE('',*,*,#541,.F.);
#93=ORIENTED_EDGE('',*,*,#543,.T.);
#94=ORIENTED_EDGE('',*,*,#544,.T.);
#95=ORIENTED_EDGE('',*,*,#545,.T.);
#96=ORIENTED_EDGE('',*,*,#544,.F.);
#97=ORIENTED_EDGE('',*,*,#546,.T.);
#98=ORIENTED_EDGE('',*,*,#547,.T.);
#99=ORIENTED_EDGE('',*,*,#548,.T.);
#100=ORIENTED_EDGE('',*,*,#549,.T.);
#101=ORIENTED_EDGE('',*,*,#550,.T.);
#102=ORIENTED_EDGE('',*,*,#547,.F.);
#103=ORIENTED_EDGE('',*,*,#551,.T.);
#104=ORIENTED_EDGE('',*,*,#552,.F.);
#105=ORIENTED_EDGE('',*,*,#549,.F.);
#106=ORIENTED_EDGE('',*,*,#553,.T.);
#107=ORIENTED_EDGE('',*,*,#538,.T.);
#108=ORIENTED_EDGE('',*,*,#554,.F.);
#109=ORIENTED_EDGE('',*,*,#555,.F.);
#110=ORIENTED_EDGE('',*,*,#556,.F.);
#111=ORIENTED_EDGE('',*,*,#557,.F.);
#112=ORIENTED_EDGE('',*,*,#558,.F.);
#113=ORIENTED_EDGE('',*,*,#559,.T.);
#114=ORIENTED_EDGE('',*,*,#560,.T.);
#115=ORIENTED_EDGE('',*,*,#561,.T.);
#116=ORIENTED_EDGE('',*,*,#562,.T.);
#117=ORIENTED_EDGE('',*,*,#563,.F.);
#118=ORIENTED_EDGE('',*,*,#556,.T.);
#119=ORIENTED_EDGE('',*,*,#564,.T.);
#120=ORIENTED_EDGE('',*,*,#565,.F.);
#121=ORIENTED_EDGE('',*,*,#566,.T.);
#122=ORIENTED_EDGE('',*,*,#567,.F.);
#123=ORIENTED_EDGE('',*,*,#568,.F.);
#124=ORIENTED_EDGE('',*,*,#569,.F.);
#125=ORIENTED_EDGE('',*,*,#570,.T.);
#126=ORIENTED_EDGE('',*,*,#571,.T.);
#127=ORIENTED_EDGE('',*,*,#572,.F.);
#128=ORIENTED_EDGE('',*,*,#573,.F.);
#129=ORIENTED_EDGE('',*,*,#574,.T.);
#130=ORIENTED_EDGE('',*,*,#561,.F.);
#131=ORIENTED_EDGE('',*,*,#575,.F.);
#132=ORIENTED_EDGE('',*,*,#576,.F.);
#133=ORIENTED_EDGE('',*,*,#560,.F.);
#134=ORIENTED_EDGE('',*,*,#577,.F.);
#135=ORIENTED_EDGE('',*,*,#578,.T.);
#136=ORIENTED_EDGE('',*,*,#579,.T.);
#137=ORIENTED_EDGE('',*,*,#580,.F.);
#138=ORIENTED_EDGE('',*,*,#581,.F.);
#139=ORIENTED_EDGE('',*,*,#582,.F.);
#140=ORIENTED_EDGE('',*,*,#583,.T.);
#141=ORIENTED_EDGE('',*,*,#577,.T.);
#142=ORIENTED_EDGE('',*,*,#559,.F.);
#143=ORIENTED_EDGE('',*,*,#584,.T.);
#144=ORIENTED_EDGE('',*,*,#585,.F.);
#145=ORIENTED_EDGE('',*,*,#586,.F.);
#146=ORIENTED_EDGE('',*,*,#587,.F.);
#147=ORIENTED_EDGE('',*,*,#588,.T.);
#148=ORIENTED_EDGE('',*,*,#589,.T.);
#149=ORIENTED_EDGE('',*,*,#590,.F.);
#150=ORIENTED_EDGE('',*,*,#591,.F.);
#151=ORIENTED_EDGE('',*,*,#592,.T.);
#152=ORIENTED_EDGE('',*,*,#593,.T.);
#153=ORIENTED_EDGE('',*,*,#594,.F.);
#154=ORIENTED_EDGE('',*,*,#595,.F.);
#155=ORIENTED_EDGE('',*,*,#596,.T.);
#156=ORIENTED_EDGE('',*,*,#597,.T.);
#157=ORIENTED_EDGE('',*,*,#598,.F.);
#158=ORIENTED_EDGE('',*,*,#599,.F.);
#159=ORIENTED_EDGE('',*,*,#582,.T.);
#160=ORIENTED_EDGE('',*,*,#600,.F.);
#161=ORIENTED_EDGE('',*,*,#601,.F.);
#162=ORIENTED_EDGE('',*,*,#557,.T.);
#163=ORIENTED_EDGE('',*,*,#563,.T.);
#164=ORIENTED_EDGE('',*,*,#602,.F.);
#165=ORIENTED_EDGE('',*,*,#603,.T.);
#166=ORIENTED_EDGE('',*,*,#604,.T.);
#167=ORIENTED_EDGE('',*,*,#572,.T.);
#168=ORIENTED_EDGE('',*,*,#605,.T.);
#169=ORIENTED_EDGE('',*,*,#606,.T.);
#170=ORIENTED_EDGE('',*,*,#607,.T.);
#171=ORIENTED_EDGE('',*,*,#580,.T.);
#172=ORIENTED_EDGE('',*,*,#608,.T.);
#173=ORIENTED_EDGE('',*,*,#609,.T.);
#174=ORIENTED_EDGE('',*,*,#610,.T.);
#175=ORIENTED_EDGE('',*,*,#611,.T.);
#176=ORIENTED_EDGE('',*,*,#612,.T.);
#177=ORIENTED_EDGE('',*,*,#593,.F.);
#178=ORIENTED_EDGE('',*,*,#613,.T.);
#179=ORIENTED_EDGE('',*,*,#614,.T.);
#180=ORIENTED_EDGE('',*,*,#615,.T.);
#181=ORIENTED_EDGE('',*,*,#589,.F.);
#182=ORIENTED_EDGE('',*,*,#616,.T.);
#183=ORIENTED_EDGE('',*,*,#617,.T.);
#184=ORIENTED_EDGE('',*,*,#618,.T.);
#185=ORIENTED_EDGE('',*,*,#619,.T.);
#186=ORIENTED_EDGE('',*,*,#620,.T.);
#187=ORIENTED_EDGE('',*,*,#558,.T.);
#188=ORIENTED_EDGE('',*,*,#601,.T.);
#189=ORIENTED_EDGE('',*,*,#621,.F.);
#190=ORIENTED_EDGE('',*,*,#584,.F.);
#191=ORIENTED_EDGE('',*,*,#621,.T.);
#192=ORIENTED_EDGE('',*,*,#600,.T.);
#193=ORIENTED_EDGE('',*,*,#585,.T.);
#194=ORIENTED_EDGE('',*,*,#555,.T.);
#195=ORIENTED_EDGE('',*,*,#576,.T.);
#196=ORIENTED_EDGE('',*,*,#622,.F.);
#197=ORIENTED_EDGE('',*,*,#564,.F.);
#198=ORIENTED_EDGE('',*,*,#565,.T.);
#199=ORIENTED_EDGE('',*,*,#622,.T.);
#200=ORIENTED_EDGE('',*,*,#575,.T.);
#201=ORIENTED_EDGE('',*,*,#623,.F.);
#202=ORIENTED_EDGE('',*,*,#624,.F.);
#203=ORIENTED_EDGE('',*,*,#573,.T.);
#204=ORIENTED_EDGE('',*,*,#620,.F.);
#205=ORIENTED_EDGE('',*,*,#625,.F.);
#206=ORIENTED_EDGE('',*,*,#626,.F.);
#207=ORIENTED_EDGE('',*,*,#623,.T.);
#208=ORIENTED_EDGE('',*,*,#619,.F.);
#209=ORIENTED_EDGE('',*,*,#627,.F.);
#210=ORIENTED_EDGE('',*,*,#628,.F.);
#211=ORIENTED_EDGE('',*,*,#629,.T.);
#212=ORIENTED_EDGE('',*,*,#617,.F.);
#213=ORIENTED_EDGE('',*,*,#588,.F.);
#214=ORIENTED_EDGE('',*,*,#630,.F.);
#215=ORIENTED_EDGE('',*,*,#627,.T.);
#216=ORIENTED_EDGE('',*,*,#616,.F.);
#217=ORIENTED_EDGE('',*,*,#629,.F.);
#218=ORIENTED_EDGE('',*,*,#631,.F.);
#219=ORIENTED_EDGE('',*,*,#625,.T.);
#220=ORIENTED_EDGE('',*,*,#618,.F.);
#221=ORIENTED_EDGE('',*,*,#624,.T.);
#222=ORIENTED_EDGE('',*,*,#626,.T.);
#223=ORIENTED_EDGE('',*,*,#631,.T.);
#224=ORIENTED_EDGE('',*,*,#628,.T.);
#225=ORIENTED_EDGE('',*,*,#630,.T.);
#226=ORIENTED_EDGE('',*,*,#587,.T.);
#227=ORIENTED_EDGE('',*,*,#632,.T.);
#228=ORIENTED_EDGE('',*,*,#602,.T.);
#229=ORIENTED_EDGE('',*,*,#562,.F.);
#230=ORIENTED_EDGE('',*,*,#574,.F.);
#231=ORIENTED_EDGE('',*,*,#633,.F.);
#232=ORIENTED_EDGE('',*,*,#634,.F.);
#233=ORIENTED_EDGE('',*,*,#590,.T.);
#234=ORIENTED_EDGE('',*,*,#615,.F.);
#235=ORIENTED_EDGE('',*,*,#635,.F.);
#236=ORIENTED_EDGE('',*,*,#636,.F.);
#237=ORIENTED_EDGE('',*,*,#633,.T.);
#238=ORIENTED_EDGE('',*,*,#614,.F.);
#239=ORIENTED_EDGE('',*,*,#592,.F.);
#240=ORIENTED_EDGE('',*,*,#637,.F.);
#241=ORIENTED_EDGE('',*,*,#635,.T.);
#242=ORIENTED_EDGE('',*,*,#613,.F.);
#243=ORIENTED_EDGE('',*,*,#591,.T.);
#244=ORIENTED_EDGE('',*,*,#634,.T.);
#245=ORIENTED_EDGE('',*,*,#636,.T.);
#246=ORIENTED_EDGE('',*,*,#637,.T.);
#247=ORIENTED_EDGE('',*,*,#638,.F.);
#248=ORIENTED_EDGE('',*,*,#639,.F.);
#249=ORIENTED_EDGE('',*,*,#594,.T.);
#250=ORIENTED_EDGE('',*,*,#612,.F.);
#251=ORIENTED_EDGE('',*,*,#640,.F.);
#252=ORIENTED_EDGE('',*,*,#641,.F.);
#253=ORIENTED_EDGE('',*,*,#638,.T.);
#254=ORIENTED_EDGE('',*,*,#611,.F.);
#255=ORIENTED_EDGE('',*,*,#642,.F.);
#256=ORIENTED_EDGE('',*,*,#643,.F.);
#257=ORIENTED_EDGE('',*,*,#640,.T.);
#258=ORIENTED_EDGE('',*,*,#610,.F.);
#259=ORIENTED_EDGE('',*,*,#644,.F.);
#260=ORIENTED_EDGE('',*,*,#645,.F.);
#261=ORIENTED_EDGE('',*,*,#642,.T.);
#262=ORIENTED_EDGE('',*,*,#609,.F.);
#263=ORIENTED_EDGE('',*,*,#579,.F.);
#264=ORIENTED_EDGE('',*,*,#646,.F.);
#265=ORIENTED_EDGE('',*,*,#644,.T.);
#266=ORIENTED_EDGE('',*,*,#608,.F.);
#267=ORIENTED_EDGE('',*,*,#583,.F.);
#268=ORIENTED_EDGE('',*,*,#599,.T.);
#269=ORIENTED_EDGE('',*,*,#647,.T.);
#270=ORIENTED_EDGE('',*,*,#595,.T.);
#271=ORIENTED_EDGE('',*,*,#639,.T.);
#272=ORIENTED_EDGE('',*,*,#641,.T.);
#273=ORIENTED_EDGE('',*,*,#643,.T.);
#274=ORIENTED_EDGE('',*,*,#645,.T.);
#275=ORIENTED_EDGE('',*,*,#646,.T.);
#276=ORIENTED_EDGE('',*,*,#578,.F.);
#277=ORIENTED_EDGE('',*,*,#648,.T.);
#278=ORIENTED_EDGE('',*,*,#649,.T.);
#279=ORIENTED_EDGE('',*,*,#650,.T.);
#280=ORIENTED_EDGE('',*,*,#570,.F.);
#281=ORIENTED_EDGE('',*,*,#651,.F.);
#282=ORIENTED_EDGE('',*,*,#566,.F.);
#283=ORIENTED_EDGE('',*,*,#571,.F.);
#284=ORIENTED_EDGE('',*,*,#650,.F.);
#285=ORIENTED_EDGE('',*,*,#652,.T.);
#286=ORIENTED_EDGE('',*,*,#605,.F.);
#287=ORIENTED_EDGE('',*,*,#652,.F.);
#288=ORIENTED_EDGE('',*,*,#649,.F.);
#289=ORIENTED_EDGE('',*,*,#653,.T.);
#290=ORIENTED_EDGE('',*,*,#606,.F.);
#291=ORIENTED_EDGE('',*,*,#653,.F.);
#292=ORIENTED_EDGE('',*,*,#648,.F.);
#293=ORIENTED_EDGE('',*,*,#581,.T.);
#294=ORIENTED_EDGE('',*,*,#607,.F.);
#295=ORIENTED_EDGE('',*,*,#539,.F.);
#296=ORIENTED_EDGE('',*,*,#553,.F.);
#297=ORIENTED_EDGE('',*,*,#551,.F.);
#298=ORIENTED_EDGE('',*,*,#654,.F.);
#299=ORIENTED_EDGE('',*,*,#540,.F.);
#300=ORIENTED_EDGE('',*,*,#654,.T.);
#301=ORIENTED_EDGE('',*,*,#546,.F.);
#302=ORIENTED_EDGE('',*,*,#543,.F.);
#303=ORIENTED_EDGE('',*,*,#537,.F.);
#304=ORIENTED_EDGE('',*,*,#655,.T.);
#305=ORIENTED_EDGE('',*,*,#550,.F.);
#306=ORIENTED_EDGE('',*,*,#554,.T.);
#307=ORIENTED_EDGE('',*,*,#542,.F.);
#308=ORIENTED_EDGE('',*,*,#545,.F.);
#309=ORIENTED_EDGE('',*,*,#548,.F.);
#310=ORIENTED_EDGE('',*,*,#655,.F.);
#311=ORIENTED_EDGE('',*,*,#656,.T.);
#312=ORIENTED_EDGE('',*,*,#647,.F.);
#313=ORIENTED_EDGE('',*,*,#657,.F.);
#314=ORIENTED_EDGE('',*,*,#658,.T.);
#315=ORIENTED_EDGE('',*,*,#659,.T.);
#316=ORIENTED_EDGE('',*,*,#660,.F.);
#317=ORIENTED_EDGE('',*,*,#661,.F.);
#318=ORIENTED_EDGE('',*,*,#662,.T.);
#319=ORIENTED_EDGE('',*,*,#663,.T.);
#320=ORIENTED_EDGE('',*,*,#664,.F.);
#321=ORIENTED_EDGE('',*,*,#665,.F.);
#322=ORIENTED_EDGE('',*,*,#660,.T.);
#323=ORIENTED_EDGE('',*,*,#666,.T.);
#324=ORIENTED_EDGE('',*,*,#667,.F.);
#325=ORIENTED_EDGE('',*,*,#668,.F.);
#326=ORIENTED_EDGE('',*,*,#664,.T.);
#327=ORIENTED_EDGE('',*,*,#669,.T.);
#328=ORIENTED_EDGE('',*,*,#670,.F.);
#329=ORIENTED_EDGE('',*,*,#671,.F.);
#330=ORIENTED_EDGE('',*,*,#667,.T.);
#331=ORIENTED_EDGE('',*,*,#672,.T.);
#332=ORIENTED_EDGE('',*,*,#673,.F.);
#333=ORIENTED_EDGE('',*,*,#674,.F.);
#334=ORIENTED_EDGE('',*,*,#670,.T.);
#335=ORIENTED_EDGE('',*,*,#675,.F.);
#336=ORIENTED_EDGE('',*,*,#658,.F.);
#337=ORIENTED_EDGE('',*,*,#676,.T.);
#338=ORIENTED_EDGE('',*,*,#673,.T.);
#339=ORIENTED_EDGE('',*,*,#597,.F.);
#340=ORIENTED_EDGE('',*,*,#677,.T.);
#341=ORIENTED_EDGE('',*,*,#662,.F.);
#342=ORIENTED_EDGE('',*,*,#678,.F.);
#343=ORIENTED_EDGE('',*,*,#598,.T.);
#344=ORIENTED_EDGE('',*,*,#678,.T.);
#345=ORIENTED_EDGE('',*,*,#661,.T.);
#346=ORIENTED_EDGE('',*,*,#665,.T.);
#347=ORIENTED_EDGE('',*,*,#668,.T.);
#348=ORIENTED_EDGE('',*,*,#671,.T.);
#349=ORIENTED_EDGE('',*,*,#674,.T.);
#350=ORIENTED_EDGE('',*,*,#676,.F.);
#351=ORIENTED_EDGE('',*,*,#657,.T.);
#352=ORIENTED_EDGE('',*,*,#596,.F.);
#353=ORIENTED_EDGE('',*,*,#656,.F.);
#354=ORIENTED_EDGE('',*,*,#675,.T.);
#355=ORIENTED_EDGE('',*,*,#672,.F.);
#356=ORIENTED_EDGE('',*,*,#669,.F.);
#357=ORIENTED_EDGE('',*,*,#666,.F.);
#358=ORIENTED_EDGE('',*,*,#663,.F.);
#359=ORIENTED_EDGE('',*,*,#659,.F.);
#360=ORIENTED_EDGE('',*,*,#677,.F.);
#361=ORIENTED_EDGE('',*,*,#679,.T.);
#362=ORIENTED_EDGE('',*,*,#632,.F.);
#363=ORIENTED_EDGE('',*,*,#680,.F.);
#364=ORIENTED_EDGE('',*,*,#681,.T.);
#365=ORIENTED_EDGE('',*,*,#682,.T.);
#366=ORIENTED_EDGE('',*,*,#683,.F.);
#367=ORIENTED_EDGE('',*,*,#684,.F.);
#368=ORIENTED_EDGE('',*,*,#685,.T.);
#369=ORIENTED_EDGE('',*,*,#686,.T.);
#370=ORIENTED_EDGE('',*,*,#687,.F.);
#371=ORIENTED_EDGE('',*,*,#688,.F.);
#372=ORIENTED_EDGE('',*,*,#683,.T.);
#373=ORIENTED_EDGE('',*,*,#689,.T.);
#374=ORIENTED_EDGE('',*,*,#690,.F.);
#375=ORIENTED_EDGE('',*,*,#691,.F.);
#376=ORIENTED_EDGE('',*,*,#687,.T.);
#377=ORIENTED_EDGE('',*,*,#692,.T.);
#378=ORIENTED_EDGE('',*,*,#693,.F.);
#379=ORIENTED_EDGE('',*,*,#694,.F.);
#380=ORIENTED_EDGE('',*,*,#690,.T.);
#381=ORIENTED_EDGE('',*,*,#695,.T.);
#382=ORIENTED_EDGE('',*,*,#696,.F.);
#383=ORIENTED_EDGE('',*,*,#697,.F.);
#384=ORIENTED_EDGE('',*,*,#693,.T.);
#385=ORIENTED_EDGE('',*,*,#698,.F.);
#386=ORIENTED_EDGE('',*,*,#681,.F.);
#387=ORIENTED_EDGE('',*,*,#699,.T.);
#388=ORIENTED_EDGE('',*,*,#696,.T.);
#389=ORIENTED_EDGE('',*,*,#604,.F.);
#390=ORIENTED_EDGE('',*,*,#700,.T.);
#391=ORIENTED_EDGE('',*,*,#685,.F.);
#392=ORIENTED_EDGE('',*,*,#701,.F.);
#393=ORIENTED_EDGE('',*,*,#586,.T.);
#394=ORIENTED_EDGE('',*,*,#701,.T.);
#395=ORIENTED_EDGE('',*,*,#684,.T.);
#396=ORIENTED_EDGE('',*,*,#688,.T.);
#397=ORIENTED_EDGE('',*,*,#691,.T.);
#398=ORIENTED_EDGE('',*,*,#694,.T.);
#399=ORIENTED_EDGE('',*,*,#697,.T.);
#400=ORIENTED_EDGE('',*,*,#699,.F.);
#401=ORIENTED_EDGE('',*,*,#680,.T.);
#402=ORIENTED_EDGE('',*,*,#603,.F.);
#403=ORIENTED_EDGE('',*,*,#679,.F.);
#404=ORIENTED_EDGE('',*,*,#698,.T.);
#405=ORIENTED_EDGE('',*,*,#695,.F.);
#406=ORIENTED_EDGE('',*,*,#692,.F.);
#407=ORIENTED_EDGE('',*,*,#689,.F.);
#408=ORIENTED_EDGE('',*,*,#686,.F.);
#409=ORIENTED_EDGE('',*,*,#682,.F.);
#410=ORIENTED_EDGE('',*,*,#700,.F.);
#411=ORIENTED_EDGE('',*,*,#702,.T.);
#412=ORIENTED_EDGE('',*,*,#568,.T.);
#413=ORIENTED_EDGE('',*,*,#703,.F.);
#414=ORIENTED_EDGE('',*,*,#704,.T.);
#415=ORIENTED_EDGE('',*,*,#705,.F.);
#416=ORIENTED_EDGE('',*,*,#651,.T.);
#417=ORIENTED_EDGE('',*,*,#706,.T.);
#418=ORIENTED_EDGE('',*,*,#707,.F.);
#419=ORIENTED_EDGE('',*,*,#703,.T.);
#420=ORIENTED_EDGE('',*,*,#567,.T.);
#421=ORIENTED_EDGE('',*,*,#705,.T.);
#422=ORIENTED_EDGE('',*,*,#708,.F.);
#423=ORIENTED_EDGE('',*,*,#709,.T.);
#424=ORIENTED_EDGE('',*,*,#710,.T.);
#425=ORIENTED_EDGE('',*,*,#711,.T.);
#426=ORIENTED_EDGE('',*,*,#712,.T.);
#427=ORIENTED_EDGE('',*,*,#713,.T.);
#428=ORIENTED_EDGE('',*,*,#706,.F.);
#429=ORIENTED_EDGE('',*,*,#569,.T.);
#430=ORIENTED_EDGE('',*,*,#702,.F.);
#431=ORIENTED_EDGE('',*,*,#714,.F.);
#432=ORIENTED_EDGE('',*,*,#715,.F.);
#433=ORIENTED_EDGE('',*,*,#716,.F.);
#434=ORIENTED_EDGE('',*,*,#717,.F.);
#435=ORIENTED_EDGE('',*,*,#718,.F.);
#436=ORIENTED_EDGE('',*,*,#719,.T.);
#437=ORIENTED_EDGE('',*,*,#719,.F.);
#438=ORIENTED_EDGE('',*,*,#720,.F.);
#439=ORIENTED_EDGE('',*,*,#708,.T.);
#440=ORIENTED_EDGE('',*,*,#707,.T.);
#441=ORIENTED_EDGE('',*,*,#718,.T.);
#442=ORIENTED_EDGE('',*,*,#721,.F.);
#443=ORIENTED_EDGE('',*,*,#709,.F.);
#444=ORIENTED_EDGE('',*,*,#720,.T.);
#445=ORIENTED_EDGE('',*,*,#717,.T.);
#446=ORIENTED_EDGE('',*,*,#722,.F.);
#447=ORIENTED_EDGE('',*,*,#710,.F.);
#448=ORIENTED_EDGE('',*,*,#721,.T.);
#449=ORIENTED_EDGE('',*,*,#716,.T.);
#450=ORIENTED_EDGE('',*,*,#723,.F.);
#451=ORIENTED_EDGE('',*,*,#711,.F.);
#452=ORIENTED_EDGE('',*,*,#722,.T.);
#453=ORIENTED_EDGE('',*,*,#715,.T.);
#454=ORIENTED_EDGE('',*,*,#724,.F.);
#455=ORIENTED_EDGE('',*,*,#712,.F.);
#456=ORIENTED_EDGE('',*,*,#723,.T.);
#457=ORIENTED_EDGE('',*,*,#714,.T.);
#458=ORIENTED_EDGE('',*,*,#704,.F.);
#459=ORIENTED_EDGE('',*,*,#713,.F.);
#460=ORIENTED_EDGE('',*,*,#724,.T.);
#461=ORIENTED_EDGE('',*,*,#725,.F.);
#462=ORIENTED_EDGE('',*,*,#552,.T.);
#463=ORIENTED_EDGE('',*,*,#725,.T.);
#464=ORIENTED_EDGE('',*,*,#726,.T.);
#465=ORIENTED_EDGE('',*,*,#727,.F.);
#466=ORIENTED_EDGE('',*,*,#728,.F.);
#467=ORIENTED_EDGE('',*,*,#729,.T.);
#468=ORIENTED_EDGE('',*,*,#727,.T.);
#469=ORIENTED_EDGE('',*,*,#730,.T.);
#470=ORIENTED_EDGE('',*,*,#731,.T.);
#471=ORIENTED_EDGE('',*,*,#732,.T.);
#472=ORIENTED_EDGE('',*,*,#733,.F.);
#473=ORIENTED_EDGE('',*,*,#734,.T.);
#474=ORIENTED_EDGE('',*,*,#735,.F.);
#475=ORIENTED_EDGE('',*,*,#736,.T.);
#476=ORIENTED_EDGE('',*,*,#733,.T.);
#477=ORIENTED_EDGE('',*,*,#737,.F.);
#478=ORIENTED_EDGE('',*,*,#738,.F.);
#479=ORIENTED_EDGE('',*,*,#739,.T.);
#480=ORIENTED_EDGE('',*,*,#735,.T.);
#481=ORIENTED_EDGE('',*,*,#740,.F.);
#482=ORIENTED_EDGE('',*,*,#741,.T.);
#483=ORIENTED_EDGE('',*,*,#742,.T.);
#484=ORIENTED_EDGE('',*,*,#731,.F.);
#485=ORIENTED_EDGE('',*,*,#743,.F.);
#486=ORIENTED_EDGE('',*,*,#744,.F.);
#487=ORIENTED_EDGE('',*,*,#745,.T.);
#488=ORIENTED_EDGE('',*,*,#746,.F.);
#489=ORIENTED_EDGE('',*,*,#747,.F.);
#490=ORIENTED_EDGE('',*,*,#748,.T.);
#491=ORIENTED_EDGE('',*,*,#749,.T.);
#492=ORIENTED_EDGE('',*,*,#750,.T.);
#493=ORIENTED_EDGE('',*,*,#751,.T.);
#494=ORIENTED_EDGE('',*,*,#729,.F.);
#495=ORIENTED_EDGE('',*,*,#752,.T.);
#496=ORIENTED_EDGE('',*,*,#753,.T.);
#497=ORIENTED_EDGE('',*,*,#746,.T.);
#498=ORIENTED_EDGE('',*,*,#738,.T.);
#499=ORIENTED_EDGE('',*,*,#754,.T.);
#500=ORIENTED_EDGE('',*,*,#755,.T.);
#501=ORIENTED_EDGE('',*,*,#748,.F.);
#502=ORIENTED_EDGE('',*,*,#756,.T.);
#503=ORIENTED_EDGE('',*,*,#757,.T.);
#504=ORIENTED_EDGE('',*,*,#744,.T.);
#505=ORIENTED_EDGE('',*,*,#758,.T.);
#506=ORIENTED_EDGE('',*,*,#750,.F.);
#507=ORIENTED_EDGE('',*,*,#749,.F.);
#508=ORIENTED_EDGE('',*,*,#755,.F.);
#509=ORIENTED_EDGE('',*,*,#759,.T.);
#510=ORIENTED_EDGE('',*,*,#741,.F.);
#511=ORIENTED_EDGE('',*,*,#760,.T.);
#512=ORIENTED_EDGE('',*,*,#756,.F.);
#513=ORIENTED_EDGE('',*,*,#747,.T.);
#514=ORIENTED_EDGE('',*,*,#753,.F.);
#515=ORIENTED_EDGE('',*,*,#761,.T.);
#516=ORIENTED_EDGE('',*,*,#742,.F.);
#517=ORIENTED_EDGE('',*,*,#761,.F.);
#518=ORIENTED_EDGE('',*,*,#752,.F.);
#519=ORIENTED_EDGE('',*,*,#728,.T.);
#520=ORIENTED_EDGE('',*,*,#736,.F.);
#521=ORIENTED_EDGE('',*,*,#739,.F.);
#522=ORIENTED_EDGE('',*,*,#757,.F.);
#523=ORIENTED_EDGE('',*,*,#760,.F.);
#524=ORIENTED_EDGE('',*,*,#740,.T.);
#525=ORIENTED_EDGE('',*,*,#734,.F.);
#526=ORIENTED_EDGE('',*,*,#745,.F.);
#527=ORIENTED_EDGE('',*,*,#759,.F.);
#528=ORIENTED_EDGE('',*,*,#754,.F.);
#529=ORIENTED_EDGE('',*,*,#737,.T.);
#530=ORIENTED_EDGE('',*,*,#732,.F.);
#531=ORIENTED_EDGE('',*,*,#726,.F.);
#532=ORIENTED_EDGE('',*,*,#751,.F.);
#533=ORIENTED_EDGE('',*,*,#758,.F.);
#534=ORIENTED_EDGE('',*,*,#743,.T.);
#535=ORIENTED_EDGE('',*,*,#730,.F.);
#536=EDGE_CURVE('',#762,#763,#910,.T.);
#537=EDGE_CURVE('',#763,#764,#911,.T.);
#538=EDGE_CURVE('',#765,#764,#912,.T.);
#539=EDGE_CURVE('',#765,#762,#913,.T.);
#540=EDGE_CURVE('',#762,#766,#914,.T.);
#541=EDGE_CURVE('',#766,#767,#915,.T.);
#542=EDGE_CURVE('',#767,#763,#916,.T.);
#543=EDGE_CURVE('',#766,#768,#917,.T.);
#544=EDGE_CURVE('',#768,#769,#918,.T.);
#545=EDGE_CURVE('',#769,#767,#919,.T.);
#546=EDGE_CURVE('',#768,#770,#920,.T.);
#547=EDGE_CURVE('',#770,#771,#921,.T.);
#548=EDGE_CURVE('',#771,#769,#922,.T.);
#549=EDGE_CURVE('',#772,#773,#923,.T.);
#550=EDGE_CURVE('',#773,#771,#924,.T.);
#551=EDGE_CURVE('',#770,#772,#925,.T.);
#552=EDGE_CURVE('',#774,#774,#60,.T.);
#553=EDGE_CURVE('',#772,#765,#926,.T.);
#554=EDGE_CURVE('',#773,#764,#927,.T.);
#555=EDGE_CURVE('',#775,#776,#928,.T.);
#556=EDGE_CURVE('',#777,#775,#929,.T.);
#557=EDGE_CURVE('',#778,#777,#930,.T.);
#558=EDGE_CURVE('',#779,#778,#931,.T.);
#559=EDGE_CURVE('',#779,#780,#932,.T.);
#560=EDGE_CURVE('',#780,#776,#933,.T.);
#561=EDGE_CURVE('',#781,#782,#934,.T.);
#562=EDGE_CURVE('',#782,#783,#935,.T.);
#563=EDGE_CURVE('',#777,#783,#936,.T.);
#564=EDGE_CURVE('',#775,#784,#937,.T.);
#565=EDGE_CURVE('',#781,#784,#938,.T.);
#566=EDGE_CURVE('',#785,#786,#939,.T.);
#567=EDGE_CURVE('',#787,#786,#940,.T.);
#568=EDGE_CURVE('',#788,#787,#941,.F.);
#569=EDGE_CURVE('',#789,#788,#942,.T.);
#570=EDGE_CURVE('',#789,#790,#943,.T.);
#571=EDGE_CURVE('',#790,#791,#944,.T.);
#572=EDGE_CURVE('',#792,#791,#945,.T.);
#573=EDGE_CURVE('',#793,#792,#946,.T.);
#574=EDGE_CURVE('',#793,#782,#947,.T.);
#575=EDGE_CURVE('',#794,#781,#948,.T.);
#576=EDGE_CURVE('',#776,#794,#949,.T.);
#577=EDGE_CURVE('',#795,#780,#950,.T.);
#578=EDGE_CURVE('',#795,#796,#951,.T.);
#579=EDGE_CURVE('',#796,#797,#952,.T.);
#580=EDGE_CURVE('',#798,#797,#953,.T.);
#581=EDGE_CURVE('',#785,#798,#954,.T.);
#582=EDGE_CURVE('',#799,#800,#955,.T.);
#583=EDGE_CURVE('',#799,#795,#956,.T.);
#584=EDGE_CURVE('',#779,#801,#957,.T.);
#585=EDGE_CURVE('',#800,#801,#958,.T.);
#586=EDGE_CURVE('',#802,#803,#959,.T.);
#587=EDGE_CURVE('',#804,#802,#960,.T.);
#588=EDGE_CURVE('',#804,#805,#961,.T.);
#589=EDGE_CURVE('',#805,#806,#962,.T.);
#590=EDGE_CURVE('',#807,#806,#963,.T.);
#591=EDGE_CURVE('',#808,#807,#964,.T.);
#592=EDGE_CURVE('',#808,#809,#965,.T.);
#593=EDGE_CURVE('',#809,#810,#966,.T.);
#594=EDGE_CURVE('',#811,#810,#967,.T.);
#595=EDGE_CURVE('',#812,#811,#968,.T.);
#596=EDGE_CURVE('',#812,#813,#969,.T.);
#597=EDGE_CURVE('',#813,#814,#970,.F.);
#598=EDGE_CURVE('',#815,#814,#971,.T.);
#599=EDGE_CURVE('',#799,#815,#972,.T.);
#600=EDGE_CURVE('',#816,#800,#973,.T.);
#601=EDGE_CURVE('',#778,#816,#974,.T.);
#602=EDGE_CURVE('',#817,#783,#975,.T.);
#603=EDGE_CURVE('',#817,#818,#976,.T.);
#604=EDGE_CURVE('',#818,#803,#977,.F.);
#605=EDGE_CURVE('',#791,#819,#978,.T.);
#606=EDGE_CURVE('',#819,#820,#979,.T.);
#607=EDGE_CURVE('',#820,#798,#980,.T.);
#608=EDGE_CURVE('',#797,#821,#981,.T.);
#609=EDGE_CURVE('',#821,#822,#982,.T.);
#610=EDGE_CURVE('',#822,#823,#983,.T.);
#611=EDGE_CURVE('',#823,#824,#984,.T.);
#612=EDGE_CURVE('',#824,#810,#985,.T.);
#613=EDGE_CURVE('',#809,#825,#986,.T.);
#614=EDGE_CURVE('',#825,#826,#987,.T.);
#615=EDGE_CURVE('',#826,#806,#988,.T.);
#616=EDGE_CURVE('',#805,#827,#989,.T.);
#617=EDGE_CURVE('',#827,#828,#990,.T.);
#618=EDGE_CURVE('',#828,#829,#991,.T.);
#619=EDGE_CURVE('',#829,#830,#992,.T.);
#620=EDGE_CURVE('',#830,#792,#993,.T.);
#621=EDGE_CURVE('',#801,#816,#994,.T.);
#622=EDGE_CURVE('',#784,#794,#995,.T.);
#623=EDGE_CURVE('',#831,#830,#996,.T.);
#624=EDGE_CURVE('',#793,#831,#997,.T.);
#625=EDGE_CURVE('',#832,#829,#998,.T.);
#626=EDGE_CURVE('',#831,#832,#999,.T.);
#627=EDGE_CURVE('',#833,#827,#1000,.T.);
#628=EDGE_CURVE('',#834,#833,#1001,.T.);
#629=EDGE_CURVE('',#834,#828,#1002,.T.);
#630=EDGE_CURVE('',#833,#804,#1003,.T.);
#631=EDGE_CURVE('',#832,#834,#1004,.T.);
#632=EDGE_CURVE('',#802,#817,#1005,.T.);
#633=EDGE_CURVE('',#835,#826,#1006,.T.);
#634=EDGE_CURVE('',#807,#835,#1007,.T.);
#635=EDGE_CURVE('',#836,#825,#1008,.T.);
#636=EDGE_CURVE('',#835,#836,#1009,.T.);
#637=EDGE_CURVE('',#836,#808,#1010,.T.);
#638=EDGE_CURVE('',#837,#824,#1011,.T.);
#639=EDGE_CURVE('',#811,#837,#1012,.T.);
#640=EDGE_CURVE('',#838,#823,#1013,.T.);
#641=EDGE_CURVE('',#837,#838,#1014,.T.);
#642=EDGE_CURVE('',#839,#822,#1015,.T.);
#643=EDGE_CURVE('',#838,#839,#1016,.T.);
#644=EDGE_CURVE('',#840,#821,#1017,.T.);
#645=EDGE_CURVE('',#839,#840,#1018,.T.);
#646=EDGE_CURVE('',#840,#796,#1019,.T.);
#647=EDGE_CURVE('',#815,#812,#1020,.T.);
#648=EDGE_CURVE('',#785,#841,#1021,.T.);
#649=EDGE_CURVE('',#841,#842,#1022,.T.);
#650=EDGE_CURVE('',#842,#790,#1023,.T.);
#651=EDGE_CURVE('',#786,#789,#1024,.T.);
#652=EDGE_CURVE('',#842,#819,#1025,.T.);
#653=EDGE_CURVE('',#841,#820,#1026,.T.);
#654=EDGE_CURVE('',#762,#770,#1027,.T.);
#655=EDGE_CURVE('',#763,#771,#1028,.T.);
#656=EDGE_CURVE('',#843,#812,#1029,.T.);
#657=EDGE_CURVE('',#844,#815,#1030,.T.);
#658=EDGE_CURVE('',#844,#843,#1031,.T.);
#659=EDGE_CURVE('',#845,#846,#1032,.T.);
#660=EDGE_CURVE('',#847,#846,#1033,.T.);
#661=EDGE_CURVE('',#848,#847,#1034,.T.);
#662=EDGE_CURVE('',#848,#845,#1035,.T.);
#663=EDGE_CURVE('',#846,#849,#61,.T.);
#664=EDGE_CURVE('',#850,#849,#1036,.T.);
#665=EDGE_CURVE('',#847,#850,#62,.T.);
#666=EDGE_CURVE('',#849,#851,#1037,.T.);
#667=EDGE_CURVE('',#852,#851,#1038,.T.);
#668=EDGE_CURVE('',#850,#852,#1039,.T.);
#669=EDGE_CURVE('',#851,#853,#1040,.T.);
#670=EDGE_CURVE('',#854,#853,#1041,.T.);
#671=EDGE_CURVE('',#852,#854,#1042,.T.);
#672=EDGE_CURVE('',#853,#855,#1043,.T.);
#673=EDGE_CURVE('',#856,#855,#1044,.T.);
#674=EDGE_CURVE('',#854,#856,#1045,.T.);
#675=EDGE_CURVE('',#843,#855,#63,.T.);
#676=EDGE_CURVE('',#844,#856,#64,.T.);
#677=EDGE_CURVE('',#813,#845,#65,.T.);
#678=EDGE_CURVE('',#814,#848,#66,.T.);
#679=EDGE_CURVE('',#857,#817,#1046,.T.);
#680=EDGE_CURVE('',#858,#802,#1047,.T.);
#681=EDGE_CURVE('',#858,#857,#1048,.T.);
#682=EDGE_CURVE('',#859,#860,#1049,.T.);
#683=EDGE_CURVE('',#861,#860,#1050,.T.);
#684=EDGE_CURVE('',#862,#861,#1051,.T.);
#685=EDGE_CURVE('',#862,#859,#1052,.T.);
#686=EDGE_CURVE('',#860,#863,#67,.T.);
#687=EDGE_CURVE('',#864,#863,#1053,.T.);
#688=EDGE_CURVE('',#861,#864,#68,.T.);
#689=EDGE_CURVE('',#863,#865,#1054,.T.);
#690=EDGE_CURVE('',#866,#865,#1055,.T.);
#691=EDGE_CURVE('',#864,#866,#1056,.T.);
#692=EDGE_CURVE('',#865,#867,#1057,.T.);
#693=EDGE_CURVE('',#868,#867,#1058,.T.);
#694=EDGE_CURVE('',#866,#868,#1059,.T.);
#695=EDGE_CURVE('',#867,#869,#1060,.T.);
#696=EDGE_CURVE('',#870,#869,#1061,.T.);
#697=EDGE_CURVE('',#868,#870,#1062,.T.);
#698=EDGE_CURVE('',#857,#869,#69,.T.);
#699=EDGE_CURVE('',#858,#870,#70,.T.);
#700=EDGE_CURVE('',#818,#859,#71,.T.);
#701=EDGE_CURVE('',#803,#862,#72,.T.);
#702=EDGE_CURVE('',#871,#788,#73,.T.);
#703=EDGE_CURVE('',#872,#787,#74,.T.);
#704=EDGE_CURVE('',#872,#871,#1063,.T.);
#705=EDGE_CURVE('',#786,#873,#1064,.T.);
#706=EDGE_CURVE('',#789,#874,#1065,.T.);
#707=EDGE_CURVE('',#873,#874,#1066,.T.);
#708=EDGE_CURVE('',#875,#873,#75,.T.);
#709=EDGE_CURVE('',#875,#876,#1067,.T.);
#710=EDGE_CURVE('',#876,#877,#1068,.T.);
#711=EDGE_CURVE('',#877,#878,#1069,.T.);
#712=EDGE_CURVE('',#878,#879,#76,.T.);
#713=EDGE_CURVE('',#879,#872,#1070,.T.);
#714=EDGE_CURVE('',#880,#871,#1071,.T.);
#715=EDGE_CURVE('',#881,#880,#77,.T.);
#716=EDGE_CURVE('',#882,#881,#1072,.T.);
#717=EDGE_CURVE('',#883,#882,#1073,.T.);
#718=EDGE_CURVE('',#884,#883,#1074,.T.);
#719=EDGE_CURVE('',#884,#874,#78,.T.);
#720=EDGE_CURVE('',#875,#884,#1075,.T.);
#721=EDGE_CURVE('',#876,#883,#1076,.T.);
#722=EDGE_CURVE('',#877,#882,#1077,.T.);
#723=EDGE_CURVE('',#878,#881,#1078,.T.);
#724=EDGE_CURVE('',#879,#880,#1079,.T.);
#725=EDGE_CURVE('',#885,#885,#79,.T.);
#726=EDGE_CURVE('',#886,#887,#1080,.T.);
#727=EDGE_CURVE('',#888,#887,#1081,.T.);
#728=EDGE_CURVE('',#889,#888,#1082,.T.);
#729=EDGE_CURVE('',#889,#886,#1083,.T.);
#730=EDGE_CURVE('',#887,#890,#80,.F.);
#731=EDGE_CURVE('',#890,#891,#1084,.T.);
#732=EDGE_CURVE('',#891,#892,#81,.F.);
#733=EDGE_CURVE('',#893,#892,#1085,.T.);
#734=EDGE_CURVE('',#893,#894,#82,.F.);
#735=EDGE_CURVE('',#895,#894,#1086,.T.);
#736=EDGE_CURVE('',#895,#888,#83,.F.);
#737=EDGE_CURVE('',#896,#892,#1087,.T.);
#738=EDGE_CURVE('',#897,#896,#1088,.T.);
#739=EDGE_CURVE('',#897,#893,#1089,.T.);
#740=EDGE_CURVE('',#898,#894,#1090,.T.);
#741=EDGE_CURVE('',#898,#899,#1091,.T.);
#742=EDGE_CURVE('',#899,#895,#1092,.T.);
#743=EDGE_CURVE('',#900,#890,#1093,.T.);
#744=EDGE_CURVE('',#901,#900,#1094,.T.);
#745=EDGE_CURVE('',#901,#891,#1095,.T.);
#746=EDGE_CURVE('',#902,#903,#1096,.T.);
#747=EDGE_CURVE('',#904,#902,#1097,.T.);
#748=EDGE_CURVE('',#904,#905,#1098,.T.);
#749=EDGE_CURVE('',#905,#903,#1099,.T.);
#750=EDGE_CURVE('',#903,#906,#18,.F.);
#751=EDGE_CURVE('',#906,#886,#19,.F.);
#752=EDGE_CURVE('',#889,#907,#20,.T.);
#753=EDGE_CURVE('',#907,#902,#21,.T.);
#754=EDGE_CURVE('',#896,#908,#22,.F.);
#755=EDGE_CURVE('',#908,#905,#23,.F.);
#756=EDGE_CURVE('',#904,#909,#24,.T.);
#757=EDGE_CURVE('',#909,#897,#25,.T.);
#758=EDGE_CURVE('',#900,#906,#26,.F.);
#759=EDGE_CURVE('',#908,#901,#27,.T.);
#760=EDGE_CURVE('',#898,#909,#28,.T.);
#761=EDGE_CURVE('',#907,#899,#29,.F.);
#762=VERTEX_POINT('',#2193);
#763=VERTEX_POINT('',#2194);
#764=VERTEX_POINT('',#2196);
#765=VERTEX_POINT('',#2198);
#766=VERTEX_POINT('',#2202);
#767=VERTEX_POINT('',#2204);
#768=VERTEX_POINT('',#2208);
#769=VERTEX_POINT('',#2210);
#770=VERTEX_POINT('',#2214);
#771=VERTEX_POINT('',#2216);
#772=VERTEX_POINT('',#2220);
#773=VERTEX_POINT('',#2221);
#774=VERTEX_POINT('',#2226);
#775=VERTEX_POINT('',#2230);
#776=VERTEX_POINT('',#2231);
#777=VERTEX_POINT('',#2233);
#778=VERTEX_POINT('',#2235);
#779=VERTEX_POINT('',#2237);
#780=VERTEX_POINT('',#2239);
#781=VERTEX_POINT('',#2243);
#782=VERTEX_POINT('',#2244);
#783=VERTEX_POINT('',#2246);
#784=VERTEX_POINT('',#2249);
#785=VERTEX_POINT('',#2253);
#786=VERTEX_POINT('',#2254);
#787=VERTEX_POINT('',#2256);
#788=VERTEX_POINT('',#2258);
#789=VERTEX_POINT('',#2260);
#790=VERTEX_POINT('',#2262);
#791=VERTEX_POINT('',#2264);
#792=VERTEX_POINT('',#2266);
#793=VERTEX_POINT('',#2268);
#794=VERTEX_POINT('',#2271);
#795=VERTEX_POINT('',#2274);
#796=VERTEX_POINT('',#2276);
#797=VERTEX_POINT('',#2278);
#798=VERTEX_POINT('',#2280);
#799=VERTEX_POINT('',#2284);
#800=VERTEX_POINT('',#2285);
#801=VERTEX_POINT('',#2288);
#802=VERTEX_POINT('',#2292);
#803=VERTEX_POINT('',#2293);
#804=VERTEX_POINT('',#2295);
#805=VERTEX_POINT('',#2297);
#806=VERTEX_POINT('',#2299);
#807=VERTEX_POINT('',#2301);
#808=VERTEX_POINT('',#2303);
#809=VERTEX_POINT('',#2305);
#810=VERTEX_POINT('',#2307);
#811=VERTEX_POINT('',#2309);
#812=VERTEX_POINT('',#2311);
#813=VERTEX_POINT('',#2313);
#814=VERTEX_POINT('',#2315);
#815=VERTEX_POINT('',#2317);
#816=VERTEX_POINT('',#2320);
#817=VERTEX_POINT('',#2323);
#818=VERTEX_POINT('',#2325);
#819=VERTEX_POINT('',#2329);
#820=VERTEX_POINT('',#2331);
#821=VERTEX_POINT('',#2334);
#822=VERTEX_POINT('',#2336);
#823=VERTEX_POINT('',#2338);
#824=VERTEX_POINT('',#2340);
#825=VERTEX_POINT('',#2343);
#826=VERTEX_POINT('',#2345);
#827=VERTEX_POINT('',#2348);
#828=VERTEX_POINT('',#2350);
#829=VERTEX_POINT('',#2352);
#830=VERTEX_POINT('',#2354);
#831=VERTEX_POINT('',#2364);
#832=VERTEX_POINT('',#2368);
#833=VERTEX_POINT('',#2372);
#834=VERTEX_POINT('',#2374);
#835=VERTEX_POINT('',#2384);
#836=VERTEX_POINT('',#2388);
#837=VERTEX_POINT('',#2395);
#838=VERTEX_POINT('',#2399);
#839=VERTEX_POINT('',#2403);
#840=VERTEX_POINT('',#2407);
#841=VERTEX_POINT('',#2415);
#842=VERTEX_POINT('',#2417);
#843=VERTEX_POINT('',#2433);
#844=VERTEX_POINT('',#2435);
#845=VERTEX_POINT('',#2439);
#846=VERTEX_POINT('',#2440);
#847=VERTEX_POINT('',#2442);
#848=VERTEX_POINT('',#2444);
#849=VERTEX_POINT('',#2448);
#850=VERTEX_POINT('',#2450);
#851=VERTEX_POINT('',#2454);
#852=VERTEX_POINT('',#2456);
#853=VERTEX_POINT('',#2460);
#854=VERTEX_POINT('',#2462);
#855=VERTEX_POINT('',#2466);
#856=VERTEX_POINT('',#2468);
#857=VERTEX_POINT('',#2480);
#858=VERTEX_POINT('',#2482);
#859=VERTEX_POINT('',#2486);
#860=VERTEX_POINT('',#2487);
#861=VERTEX_POINT('',#2489);
#862=VERTEX_POINT('',#2491);
#863=VERTEX_POINT('',#2495);
#864=VERTEX_POINT('',#2497);
#865=VERTEX_POINT('',#2501);
#866=VERTEX_POINT('',#2503);
#867=VERTEX_POINT('',#2507);
#868=VERTEX_POINT('',#2509);
#869=VERTEX_POINT('',#2513);
#870=VERTEX_POINT('',#2515);
#871=VERTEX_POINT('',#2527);
#872=VERTEX_POINT('',#2529);
#873=VERTEX_POINT('',#2533);
#874=VERTEX_POINT('',#2535);
#875=VERTEX_POINT('',#2539);
#876=VERTEX_POINT('',#2541);
#877=VERTEX_POINT('',#2543);
#878=VERTEX_POINT('',#2545);
#879=VERTEX_POINT('',#2547);
#880=VERTEX_POINT('',#2551);
#881=VERTEX_POINT('',#2553);
#882=VERTEX_POINT('',#2555);
#883=VERTEX_POINT('',#2557);
#884=VERTEX_POINT('',#2559);
#885=VERTEX_POINT('',#2574);
#886=VERTEX_POINT('',#2579);
#887=VERTEX_POINT('',#2580);
#888=VERTEX_POINT('',#2582);
#889=VERTEX_POINT('',#2584);
#890=VERTEX_POINT('',#2588);
#891=VERTEX_POINT('',#2590);
#892=VERTEX_POINT('',#2592);
#893=VERTEX_POINT('',#2594);
#894=VERTEX_POINT('',#2596);
#895=VERTEX_POINT('',#2598);
#896=VERTEX_POINT('',#2602);
#897=VERTEX_POINT('',#2604);
#898=VERTEX_POINT('',#2608);
#899=VERTEX_POINT('',#2610);
#900=VERTEX_POINT('',#2614);
#901=VERTEX_POINT('',#2616);
#902=VERTEX_POINT('',#2620);
#903=VERTEX_POINT('',#2621);
#904=VERTEX_POINT('',#2623);
#905=VERTEX_POINT('',#2625);
#906=VERTEX_POINT('',#2629);
#907=VERTEX_POINT('',#2632);
#908=VERTEX_POINT('',#2636);
#909=VERTEX_POINT('',#2639);
#910=LINE('',#2192,#1100);
#911=LINE('',#2195,#1101);
#912=LINE('',#2197,#1102);
#913=LINE('',#2199,#1103);
#914=LINE('',#2201,#1104);
#915=LINE('',#2203,#1105);
#916=LINE('',#2205,#1106);
#917=LINE('',#2207,#1107);
#918=LINE('',#2209,#1108);
#919=LINE('',#2211,#1109);
#920=LINE('',#2213,#1110);
#921=LINE('',#2215,#1111);
#922=LINE('',#2217,#1112);
#923=LINE('',#2219,#1113);
#924=LINE('',#2222,#1114);
#925=LINE('',#2223,#1115);
#926=LINE('',#2227,#1116);
#927=LINE('',#2228,#1117);
#928=LINE('',#2229,#1118);
#929=LINE('',#2232,#1119);
#930=LINE('',#2234,#1120);
#931=LINE('',#2236,#1121);
#932=LINE('',#2238,#1122);
#933=LINE('',#2240,#1123);
#934=LINE('',#2242,#1124);
#935=LINE('',#2245,#1125);
#936=LINE('',#2247,#1126);
#937=LINE('',#2248,#1127);
#938=LINE('',#2250,#1128);
#939=LINE('',#2252,#1129);
#940=LINE('',#2255,#1130);
#941=LINE('',#2257,#1131);
#942=LINE('',#2259,#1132);
#943=LINE('',#2261,#1133);
#944=LINE('',#2263,#1134);
#945=LINE('',#2265,#1135);
#946=LINE('',#2267,#1136);
#947=LINE('',#2269,#1137);
#948=LINE('',#2270,#1138);
#949=LINE('',#2272,#1139);
#950=LINE('',#2273,#1140);
#951=LINE('',#2275,#1141);
#952=LINE('',#2277,#1142);
#953=LINE('',#2279,#1143);
#954=LINE('',#2281,#1144);
#955=LINE('',#2283,#1145);
#956=LINE('',#2286,#1146);
#957=LINE('',#2287,#1147);
#958=LINE('',#2289,#1148);
#959=LINE('',#2291,#1149);
#960=LINE('',#2294,#1150);
#961=LINE('',#2296,#1151);
#962=LINE('',#2298,#1152);
#963=LINE('',#2300,#1153);
#964=LINE('',#2302,#1154);
#965=LINE('',#2304,#1155);
#966=LINE('',#2306,#1156);
#967=LINE('',#2308,#1157);
#968=LINE('',#2310,#1158);
#969=LINE('',#2312,#1159);
#970=LINE('',#2314,#1160);
#971=LINE('',#2316,#1161);
#972=LINE('',#2318,#1162);
#973=LINE('',#2319,#1163);
#974=LINE('',#2321,#1164);
#975=LINE('',#2322,#1165);
#976=LINE('',#2324,#1166);
#977=LINE('',#2326,#1167);
#978=LINE('',#2328,#1168);
#979=LINE('',#2330,#1169);
#980=LINE('',#2332,#1170);
#981=LINE('',#2333,#1171);
#982=LINE('',#2335,#1172);
#983=LINE('',#2337,#1173);
#984=LINE('',#2339,#1174);
#985=LINE('',#2341,#1175);
#986=LINE('',#2342,#1176);
#987=LINE('',#2344,#1177);
#988=LINE('',#2346,#1178);
#989=LINE('',#2347,#1179);
#990=LINE('',#2349,#1180);
#991=LINE('',#2351,#1181);
#992=LINE('',#2353,#1182);
#993=LINE('',#2355,#1183);
#994=LINE('',#2357,#1184);
#995=LINE('',#2360,#1185);
#996=LINE('',#2363,#1186);
#997=LINE('',#2365,#1187);
#998=LINE('',#2367,#1188);
#999=LINE('',#2369,#1189);
#1000=LINE('',#2371,#1190);
#1001=LINE('',#2373,#1191);
#1002=LINE('',#2375,#1192);
#1003=LINE('',#2377,#1193);
#1004=LINE('',#2379,#1194);
#1005=LINE('',#2381,#1195);
#1006=LINE('',#2383,#1196);
#1007=LINE('',#2385,#1197);
#1008=LINE('',#2387,#1198);
#1009=LINE('',#2389,#1199);
#1010=LINE('',#2391,#1200);
#1011=LINE('',#2394,#1201);
#1012=LINE('',#2396,#1202);
#1013=LINE('',#2398,#1203);
#1014=LINE('',#2400,#1204);
#1015=LINE('',#2402,#1205);
#1016=LINE('',#2404,#1206);
#1017=LINE('',#2406,#1207);
#1018=LINE('',#2408,#1208);
#1019=LINE('',#2410,#1209);
#1020=LINE('',#2412,#1210);
#1021=LINE('',#2414,#1211);
#1022=LINE('',#2416,#1212);
#1023=LINE('',#2418,#1213);
#1024=LINE('',#2419,#1214);
#1025=LINE('',#2421,#1215);
#1026=LINE('',#2423,#1216);
#1027=LINE('',#2426,#1217);
#1028=LINE('',#2429,#1218);
#1029=LINE('',#2432,#1219);
#1030=LINE('',#2434,#1220);
#1031=LINE('',#2436,#1221);
#1032=LINE('',#2438,#1222);
#1033=LINE('',#2441,#1223);
#1034=LINE('',#2443,#1224);
#1035=LINE('',#2445,#1225);
#1036=LINE('',#2449,#1226);
#1037=LINE('',#2453,#1227);
#1038=LINE('',#2455,#1228);
#1039=LINE('',#2457,#1229);
#1040=LINE('',#2459,#1230);
#1041=LINE('',#2461,#1231);
#1042=LINE('',#2463,#1232);
#1043=LINE('',#2465,#1233);
#1044=LINE('',#2467,#1234);
#1045=LINE('',#2469,#1235);
#1046=LINE('',#2479,#1236);
#1047=LINE('',#2481,#1237);
#1048=LINE('',#2483,#1238);
#1049=LINE('',#2485,#1239);
#1050=LINE('',#2488,#1240);
#1051=LINE('',#2490,#1241);
#1052=LINE('',#2492,#1242);
#1053=LINE('',#2496,#1243);
#1054=LINE('',#2500,#1244);
#1055=LINE('',#2502,#1245);
#1056=LINE('',#2504,#1246);
#1057=LINE('',#2506,#1247);
#1058=LINE('',#2508,#1248);
#1059=LINE('',#2510,#1249);
#1060=LINE('',#2512,#1250);
#1061=LINE('',#2514,#1251);
#1062=LINE('',#2516,#1252);
#1063=LINE('',#2530,#1253);
#1064=LINE('',#2532,#1254);
#1065=LINE('',#2534,#1255);
#1066=LINE('',#2536,#1256);
#1067=LINE('',#2540,#1257);
#1068=LINE('',#2542,#1258);
#1069=LINE('',#2544,#1259);
#1070=LINE('',#2548,#1260);
#1071=LINE('',#2550,#1261);
#1072=LINE('',#2554,#1262);
#1073=LINE('',#2556,#1263);
#1074=LINE('',#2558,#1264);
#1075=LINE('',#2562,#1265);
#1076=LINE('',#2564,#1266);
#1077=LINE('',#2566,#1267);
#1078=LINE('',#2568,#1268);
#1079=LINE('',#2570,#1269);
#1080=LINE('',#2578,#1270);
#1081=LINE('',#2581,#1271);
#1082=LINE('',#2583,#1272);
#1083=LINE('',#2585,#1273);
#1084=LINE('',#2589,#1274);
#1085=LINE('',#2593,#1275);
#1086=LINE('',#2597,#1276);
#1087=LINE('',#2601,#1277);
#1088=LINE('',#2603,#1278);
#1089=LINE('',#2605,#1279);
#1090=LINE('',#2607,#1280);
#1091=LINE('',#2609,#1281);
#1092=LINE('',#2611,#1282);
#1093=LINE('',#2613,#1283);
#1094=LINE('',#2615,#1284);
#1095=LINE('',#2617,#1285);
#1096=LINE('',#2619,#1286);
#1097=LINE('',#2622,#1287);
#1098=LINE('',#2624,#1288);
#1099=LINE('',#2626,#1289);
#1100=VECTOR('',#1756,1000.);
#1101=VECTOR('',#1757,1000.);
#1102=VECTOR('',#1758,1000.);
#1103=VECTOR('',#1759,1000.);
#1104=VECTOR('',#1762,1000.);
#1105=VECTOR('',#1763,1000.);
#1106=VECTOR('',#1764,1000.);
#1107=VECTOR('',#1767,1000.);
#1108=VECTOR('',#1768,1000.);
#1109=VECTOR('',#1769,1000.);
#1110=VECTOR('',#1772,1000.);
#1111=VECTOR('',#1773,1000.);
#1112=VECTOR('',#1774,1000.);
#1113=VECTOR('',#1777,1000.);
#1114=VECTOR('',#1778,1000.);
#1115=VECTOR('',#1779,1000.);
#1116=VECTOR('',#1784,1000.);
#1117=VECTOR('',#1785,1000.);
#1118=VECTOR('',#1786,1000.);
#1119=VECTOR('',#1787,1000.);
#1120=VECTOR('',#1788,1000.);
#1121=VECTOR('',#1789,1000.);
#1122=VECTOR('',#1790,1000.);
#1123=VECTOR('',#1791,1000.);
#1124=VECTOR('',#1794,1000.);
#1125=VECTOR('',#1795,1000.);
#1126=VECTOR('',#1796,1000.);
#1127=VECTOR('',#1797,1000.);
#1128=VECTOR('',#1798,1000.);
#1129=VECTOR('',#1801,1000.);
#1130=VECTOR('',#1802,1000.);
#1131=VECTOR('',#1803,1000.);
#1132=VECTOR('',#1804,1000.);
#1133=VECTOR('',#1805,1000.);
#1134=VECTOR('',#1806,1000.);
#1135=VECTOR('',#1807,1000.);
#1136=VECTOR('',#1808,1000.);
#1137=VECTOR('',#1809,1000.);
#1138=VECTOR('',#1810,1000.);
#1139=VECTOR('',#1811,1000.);
#1140=VECTOR('',#1812,1000.);
#1141=VECTOR('',#1813,1000.);
#1142=VECTOR('',#1814,1000.);
#1143=VECTOR('',#1815,1000.);
#1144=VECTOR('',#1816,1000.);
#1145=VECTOR('',#1819,1000.);
#1146=VECTOR('',#1820,1000.);
#1147=VECTOR('',#1821,1000.);
#1148=VECTOR('',#1822,1000.);
#1149=VECTOR('',#1825,1000.);
#1150=VECTOR('',#1826,1000.);
#1151=VECTOR('',#1827,1000.);
#1152=VECTOR('',#1828,1000.);
#1153=VECTOR('',#1829,1000.);
#1154=VECTOR('',#1830,1000.);
#1155=VECTOR('',#1831,1000.);
#1156=VECTOR('',#1832,1000.);
#1157=VECTOR('',#1833,1000.);
#1158=VECTOR('',#1834,1000.);
#1159=VECTOR('',#1835,1000.);
#1160=VECTOR('',#1836,1000.);
#1161=VECTOR('',#1837,1000.);
#1162=VECTOR('',#1838,1000.);
#1163=VECTOR('',#1839,1000.);
#1164=VECTOR('',#1840,1000.);
#1165=VECTOR('',#1841,1000.);
#1166=VECTOR('',#1842,1000.);
#1167=VECTOR('',#1843,1000.);
#1168=VECTOR('',#1846,1000.);
#1169=VECTOR('',#1847,1000.);
#1170=VECTOR('',#1848,1000.);
#1171=VECTOR('',#1849,1000.);
#1172=VECTOR('',#1850,1000.);
#1173=VECTOR('',#1851,1000.);
#1174=VECTOR('',#1852,1000.);
#1175=VECTOR('',#1853,1000.);
#1176=VECTOR('',#1854,1000.);
#1177=VECTOR('',#1855,1000.);
#1178=VECTOR('',#1856,1000.);
#1179=VECTOR('',#1857,1000.);
#1180=VECTOR('',#1858,1000.);
#1181=VECTOR('',#1859,1000.);
#1182=VECTOR('',#1860,1000.);
#1183=VECTOR('',#1861,1000.);
#1184=VECTOR('',#1864,1000.);
#1185=VECTOR('',#1869,1000.);
#1186=VECTOR('',#1874,1000.);
#1187=VECTOR('',#1875,1000.);
#1188=VECTOR('',#1878,1000.);
#1189=VECTOR('',#1879,1000.);
#1190=VECTOR('',#1882,1000.);
#1191=VECTOR('',#1883,1000.);
#1192=VECTOR('',#1884,1000.);
#1193=VECTOR('',#1887,1000.);
#1194=VECTOR('',#1890,1000.);
#1195=VECTOR('',#1893,1000.);
#1196=VECTOR('',#1896,1000.);
#1197=VECTOR('',#1897,1000.);
#1198=VECTOR('',#1900,1000.);
#1199=VECTOR('',#1901,1000.);
#1200=VECTOR('',#1904,1000.);
#1201=VECTOR('',#1909,1000.);
#1202=VECTOR('',#1910,1000.);
#1203=VECTOR('',#1913,1000.);
#1204=VECTOR('',#1914,1000.);
#1205=VECTOR('',#1917,1000.);
#1206=VECTOR('',#1918,1000.);
#1207=VECTOR('',#1921,1000.);
#1208=VECTOR('',#1922,1000.);
#1209=VECTOR('',#1925,1000.);
#1210=VECTOR('',#1928,1000.);
#1211=VECTOR('',#1931,1000.);
#1212=VECTOR('',#1932,1000.);
#1213=VECTOR('',#1933,1000.);
#1214=VECTOR('',#1934,1000.);
#1215=VECTOR('',#1937,1000.);
#1216=VECTOR('',#1940,1000.);
#1217=VECTOR('',#1945,1000.);
#1218=VECTOR('',#1950,1000.);
#1219=VECTOR('',#1955,1000.);
#1220=VECTOR('',#1956,1000.);
#1221=VECTOR('',#1957,1000.);
#1222=VECTOR('',#1960,1000.);
#1223=VECTOR('',#1961,1000.);
#1224=VECTOR('',#1962,1000.);
#1225=VECTOR('',#1963,1000.);
#1226=VECTOR('',#1968,1000.);
#1227=VECTOR('',#1973,1000.);
#1228=VECTOR('',#1974,1000.);
#1229=VECTOR('',#1975,1000.);
#1230=VECTOR('',#1978,1000.);
#1231=VECTOR('',#1979,1000.);
#1232=VECTOR('',#1980,1000.);
#1233=VECTOR('',#1983,1000.);
#1234=VECTOR('',#1984,1000.);
#1235=VECTOR('',#1985,1000.);
#1236=VECTOR('',#2004,1000.);
#1237=VECTOR('',#2005,1000.);
#1238=VECTOR('',#2006,1000.);
#1239=VECTOR('',#2009,1000.);
#1240=VECTOR('',#2010,1000.);
#1241=VECTOR('',#2011,1000.);
#1242=VECTOR('',#2012,1000.);
#1243=VECTOR('',#2017,1000.);
#1244=VECTOR('',#2022,1000.);
#1245=VECTOR('',#2023,1000.);
#1246=VECTOR('',#2024,1000.);
#1247=VECTOR('',#2027,1000.);
#1248=VECTOR('',#2028,1000.);
#1249=VECTOR('',#2029,1000.);
#1250=VECTOR('',#2032,1000.);
#1251=VECTOR('',#2033,1000.);
#1252=VECTOR('',#2034,1000.);
#1253=VECTOR('',#2057,1000.);
#1254=VECTOR('',#2060,1000.);
#1255=VECTOR('',#2061,1000.);
#1256=VECTOR('',#2062,1000.);
#1257=VECTOR('',#2067,1000.);
#1258=VECTOR('',#2068,1000.);
#1259=VECTOR('',#2069,1000.);
#1260=VECTOR('',#2072,1000.);
#1261=VECTOR('',#2075,1000.);
#1262=VECTOR('',#2078,1000.);
#1263=VECTOR('',#2079,1000.);
#1264=VECTOR('',#2080,1000.);
#1265=VECTOR('',#2085,1000.);
#1266=VECTOR('',#2088,1000.);
#1267=VECTOR('',#2091,1000.);
#1268=VECTOR('',#2094,1000.);
#1269=VECTOR('',#2097,1000.);
#1270=VECTOR('',#2110,1000.);
#1271=VECTOR('',#2111,1000.);
#1272=VECTOR('',#2112,1000.);
#1273=VECTOR('',#2113,1000.);
#1274=VECTOR('',#2118,1000.);
#1275=VECTOR('',#2121,1000.);
#1276=VECTOR('',#2124,1000.);
#1277=VECTOR('',#2129,1000.);
#1278=VECTOR('',#2130,1000.);
#1279=VECTOR('',#2131,1000.);
#1280=VECTOR('',#2134,1000.);
#1281=VECTOR('',#2135,1000.);
#1282=VECTOR('',#2136,1000.);
#1283=VECTOR('',#2139,1000.);
#1284=VECTOR('',#2140,1000.);
#1285=VECTOR('',#2141,1000.);
#1286=VECTOR('',#2144,1000.);
#1287=VECTOR('',#2145,1000.);
#1288=VECTOR('',#2146,1000.);
#1289=VECTOR('',#2147,1000.);
#1290=EDGE_LOOP('',(#84,#85,#86,#87));
#1291=EDGE_LOOP('',(#88,#89,#90,#91));
#1292=EDGE_LOOP('',(#92,#93,#94,#95));
#1293=EDGE_LOOP('',(#96,#97,#98,#99));
#1294=EDGE_LOOP('',(#100,#101,#102,#103));
#1295=EDGE_LOOP('',(#104));
#1296=EDGE_LOOP('',(#105,#106,#107,#108));
#1297=EDGE_LOOP('',(#109,#110,#111,#112,#113,#114));
#1298=EDGE_LOOP('',(#115,#116,#117,#118,#119,#120));
#1299=EDGE_LOOP('',(#121,#122,#123,#124,#125,#126,#127,#128,#129,#130,#131,
#132,#133,#134,#135,#136,#137,#138));
#1300=EDGE_LOOP('',(#139,#140,#141,#142,#143,#144));
#1301=EDGE_LOOP('',(#145,#146,#147,#148,#149,#150,#151,#152,#153,#154,#155,
#156,#157,#158,#159,#160,#161,#162,#163,#164,#165,#166));
#1302=EDGE_LOOP('',(#167,#168,#169,#170,#171,#172,#173,#174,#175,#176,#177,
#178,#179,#180,#181,#182,#183,#184,#185,#186));
#1303=EDGE_LOOP('',(#187,#188,#189,#190));
#1304=EDGE_LOOP('',(#191,#192,#193));
#1305=EDGE_LOOP('',(#194,#195,#196,#197));
#1306=EDGE_LOOP('',(#198,#199,#200));
#1307=EDGE_LOOP('',(#201,#202,#203,#204));
#1308=EDGE_LOOP('',(#205,#206,#207,#208));
#1309=EDGE_LOOP('',(#209,#210,#211,#212));
#1310=EDGE_LOOP('',(#213,#214,#215,#216));
#1311=EDGE_LOOP('',(#217,#218,#219,#220));
#1312=EDGE_LOOP('',(#221,#222,#223,#224,#225,#226,#227,#228,#229,#230));
#1313=EDGE_LOOP('',(#231,#232,#233,#234));
#1314=EDGE_LOOP('',(#235,#236,#237,#238));
#1315=EDGE_LOOP('',(#239,#240,#241,#242));
#1316=EDGE_LOOP('',(#243,#244,#245,#246));
#1317=EDGE_LOOP('',(#247,#248,#249,#250));
#1318=EDGE_LOOP('',(#251,#252,#253,#254));
#1319=EDGE_LOOP('',(#255,#256,#257,#258));
#1320=EDGE_LOOP('',(#259,#260,#261,#262));
#1321=EDGE_LOOP('',(#263,#264,#265,#266));
#1322=EDGE_LOOP('',(#267,#268,#269,#270,#271,#272,#273,#274,#275,#276));
#1323=EDGE_LOOP('',(#277,#278,#279,#280,#281,#282));
#1324=EDGE_LOOP('',(#283,#284,#285,#286));
#1325=EDGE_LOOP('',(#287,#288,#289,#290));
#1326=EDGE_LOOP('',(#291,#292,#293,#294));
#1327=EDGE_LOOP('',(#295,#296,#297,#298));
#1328=EDGE_LOOP('',(#299,#300,#301,#302));
#1329=EDGE_LOOP('',(#303,#304,#305,#306));
#1330=EDGE_LOOP('',(#307,#308,#309,#310));
#1331=EDGE_LOOP('',(#311,#312,#313,#314));
#1332=EDGE_LOOP('',(#315,#316,#317,#318));
#1333=EDGE_LOOP('',(#319,#320,#321,#322));
#1334=EDGE_LOOP('',(#323,#324,#325,#326));
#1335=EDGE_LOOP('',(#327,#328,#329,#330));
#1336=EDGE_LOOP('',(#331,#332,#333,#334));
#1337=EDGE_LOOP('',(#335,#336,#337,#338));
#1338=EDGE_LOOP('',(#339,#340,#341,#342));
#1339=EDGE_LOOP('',(#343,#344,#345,#346,#347,#348,#349,#350,#351));
#1340=EDGE_LOOP('',(#352,#353,#354,#355,#356,#357,#358,#359,#360));
#1341=EDGE_LOOP('',(#361,#362,#363,#364));
#1342=EDGE_LOOP('',(#365,#366,#367,#368));
#1343=EDGE_LOOP('',(#369,#370,#371,#372));
#1344=EDGE_LOOP('',(#373,#374,#375,#376));
#1345=EDGE_LOOP('',(#377,#378,#379,#380));
#1346=EDGE_LOOP('',(#381,#382,#383,#384));
#1347=EDGE_LOOP('',(#385,#386,#387,#388));
#1348=EDGE_LOOP('',(#389,#390,#391,#392));
#1349=EDGE_LOOP('',(#393,#394,#395,#396,#397,#398,#399,#400,#401));
#1350=EDGE_LOOP('',(#402,#403,#404,#405,#406,#407,#408,#409,#410));
#1351=EDGE_LOOP('',(#411,#412,#413,#414));
#1352=EDGE_LOOP('',(#415,#416,#417,#418));
#1353=EDGE_LOOP('',(#419,#420,#421,#422,#423,#424,#425,#426,#427));
#1354=EDGE_LOOP('',(#428,#429,#430,#431,#432,#433,#434,#435,#436));
#1355=EDGE_LOOP('',(#437,#438,#439,#440));
#1356=EDGE_LOOP('',(#441,#442,#443,#444));
#1357=EDGE_LOOP('',(#445,#446,#447,#448));
#1358=EDGE_LOOP('',(#449,#450,#451,#452));
#1359=EDGE_LOOP('',(#453,#454,#455,#456));
#1360=EDGE_LOOP('',(#457,#458,#459,#460));
#1361=EDGE_LOOP('',(#461));
#1362=EDGE_LOOP('',(#462));
#1363=EDGE_LOOP('',(#463));
#1364=EDGE_LOOP('',(#464,#465,#466,#467));
#1365=EDGE_LOOP('',(#468,#469,#470,#471,#472,#473,#474,#475));
#1366=EDGE_LOOP('',(#476,#477,#478,#479));
#1367=EDGE_LOOP('',(#480,#481,#482,#483));
#1368=EDGE_LOOP('',(#484,#485,#486,#487));
#1369=EDGE_LOOP('',(#488,#489,#490,#491));
#1370=EDGE_LOOP('',(#492,#493,#494,#495,#496,#497));
#1371=EDGE_LOOP('',(#498,#499,#500,#501,#502,#503));
#1372=EDGE_LOOP('',(#504,#505,#506,#507,#508,#509));
#1373=EDGE_LOOP('',(#510,#511,#512,#513,#514,#515));
#1374=EDGE_LOOP('',(#516,#517,#518,#519,#520));
#1375=EDGE_LOOP('',(#521,#522,#523,#524,#525));
#1376=EDGE_LOOP('',(#526,#527,#528,#529,#530));
#1377=EDGE_LOOP('',(#531,#532,#533,#534,#535));
#1378=FACE_BOUND('',#1290,.T.);
#1379=FACE_BOUND('',#1291,.T.);
#1380=FACE_BOUND('',#1292,.T.);
#1381=FACE_BOUND('',#1293,.T.);
#1382=FACE_BOUND('',#1294,.T.);
#1383=FACE_BOUND('',#1295,.T.);
#1384=FACE_BOUND('',#1296,.T.);
#1385=FACE_BOUND('',#1297,.T.);
#1386=FACE_BOUND('',#1298,.T.);
#1387=FACE_BOUND('',#1299,.T.);
#1388=FACE_BOUND('',#1300,.T.);
#1389=FACE_BOUND('',#1301,.T.);
#1390=FACE_BOUND('',#1302,.T.);
#1391=FACE_BOUND('',#1303,.T.);
#1392=FACE_BOUND('',#1304,.T.);
#1393=FACE_BOUND('',#1305,.T.);
#1394=FACE_BOUND('',#1306,.T.);
#1395=FACE_BOUND('',#1307,.T.);
#1396=FACE_BOUND('',#1308,.T.);
#1397=FACE_BOUND('',#1309,.T.);
#1398=FACE_BOUND('',#1310,.T.);
#1399=FACE_BOUND('',#1311,.T.);
#1400=FACE_BOUND('',#1312,.T.);
#1401=FACE_BOUND('',#1313,.T.);
#1402=FACE_BOUND('',#1314,.T.);
#1403=FACE_BOUND('',#1315,.T.);
#1404=FACE_BOUND('',#1316,.T.);
#1405=FACE_BOUND('',#1317,.T.);
#1406=FACE_BOUND('',#1318,.T.);
#1407=FACE_BOUND('',#1319,.T.);
#1408=FACE_BOUND('',#1320,.T.);
#1409=FACE_BOUND('',#1321,.T.);
#1410=FACE_BOUND('',#1322,.T.);
#1411=FACE_BOUND('',#1323,.T.);
#1412=FACE_BOUND('',#1324,.T.);
#1413=FACE_BOUND('',#1325,.T.);
#1414=FACE_BOUND('',#1326,.T.);
#1415=FACE_BOUND('',#1327,.T.);
#1416=FACE_BOUND('',#1328,.T.);
#1417=FACE_BOUND('',#1329,.T.);
#1418=FACE_BOUND('',#1330,.T.);
#1419=FACE_BOUND('',#1331,.T.);
#1420=FACE_BOUND('',#1332,.T.);
#1421=FACE_BOUND('',#1333,.T.);
#1422=FACE_BOUND('',#1334,.T.);
#1423=FACE_BOUND('',#1335,.T.);
#1424=FACE_BOUND('',#1336,.T.);
#1425=FACE_BOUND('',#1337,.T.);
#1426=FACE_BOUND('',#1338,.T.);
#1427=FACE_BOUND('',#1339,.T.);
#1428=FACE_BOUND('',#1340,.T.);
#1429=FACE_BOUND('',#1341,.T.);
#1430=FACE_BOUND('',#1342,.T.);
#1431=FACE_BOUND('',#1343,.T.);
#1432=FACE_BOUND('',#1344,.T.);
#1433=FACE_BOUND('',#1345,.T.);
#1434=FACE_BOUND('',#1346,.T.);
#1435=FACE_BOUND('',#1347,.T.);
#1436=FACE_BOUND('',#1348,.T.);
#1437=FACE_BOUND('',#1349,.T.);
#1438=FACE_BOUND('',#1350,.T.);
#1439=FACE_BOUND('',#1351,.T.);
#1440=FACE_BOUND('',#1352,.T.);
#1441=FACE_BOUND('',#1353,.T.);
#1442=FACE_BOUND('',#1354,.T.);
#1443=FACE_BOUND('',#1355,.T.);
#1444=FACE_BOUND('',#1356,.T.);
#1445=FACE_BOUND('',#1357,.T.);
#1446=FACE_BOUND('',#1358,.T.);
#1447=FACE_BOUND('',#1359,.T.);
#1448=FACE_BOUND('',#1360,.T.);
#1449=FACE_BOUND('',#1361,.T.);
#1450=FACE_BOUND('',#1362,.T.);
#1451=FACE_BOUND('',#1363,.T.);
#1452=FACE_BOUND('',#1364,.T.);
#1453=FACE_BOUND('',#1365,.T.);
#1454=FACE_BOUND('',#1366,.T.);
#1455=FACE_BOUND('',#1367,.T.);
#1456=FACE_BOUND('',#1368,.T.);
#1457=FACE_BOUND('',#1369,.T.);
#1458=FACE_BOUND('',#1370,.T.);
#1459=FACE_BOUND('',#1371,.T.);
#1460=FACE_BOUND('',#1372,.T.);
#1461=FACE_BOUND('',#1373,.T.);
#1462=FACE_BOUND('',#1374,.T.);
#1463=FACE_BOUND('',#1375,.T.);
#1464=FACE_BOUND('',#1376,.T.);
#1465=FACE_BOUND('',#1377,.T.);
#1466=PLANE('',#1629);
#1467=PLANE('',#1630);
#1468=PLANE('',#1631);
#1469=PLANE('',#1632);
#1470=PLANE('',#1633);
#1471=PLANE('',#1634);
#1472=PLANE('',#1636);
#1473=PLANE('',#1637);
#1474=PLANE('',#1638);
#1475=PLANE('',#1639);
#1476=PLANE('',#1640);
#1477=PLANE('',#1641);
#1478=PLANE('',#1642);
#1479=PLANE('',#1643);
#1480=PLANE('',#1644);
#1481=PLANE('',#1645);
#1482=PLANE('',#1646);
#1483=PLANE('',#1647);
#1484=PLANE('',#1648);
#1485=PLANE('',#1649);
#1486=PLANE('',#1650);
#1487=PLANE('',#1651);
#1488=PLANE('',#1652);
#1489=PLANE('',#1653);
#1490=PLANE('',#1654);
#1491=PLANE('',#1655);
#1492=PLANE('',#1656);
#1493=PLANE('',#1657);
#1494=PLANE('',#1658);
#1495=PLANE('',#1659);
#1496=PLANE('',#1660);
#1497=PLANE('',#1661);
#1498=PLANE('',#1662);
#1499=PLANE('',#1663);
#1500=PLANE('',#1664);
#1501=PLANE('',#1665);
#1502=PLANE('',#1666);
#1503=PLANE('',#1667);
#1504=PLANE('',#1668);
#1505=PLANE('',#1669);
#1506=PLANE('',#1670);
#1507=PLANE('',#1674);
#1508=PLANE('',#1675);
#1509=PLANE('',#1676);
#1510=PLANE('',#1683);
#1511=PLANE('',#1684);
#1512=PLANE('',#1685);
#1513=PLANE('',#1686);
#1514=PLANE('',#1690);
#1515=PLANE('',#1691);
#1516=PLANE('',#1692);
#1517=PLANE('',#1699);
#1518=PLANE('',#1700);
#1519=PLANE('',#1704);
#1520=PLANE('',#1705);
#1521=PLANE('',#1708);
#1522=PLANE('',#1712);
#1523=PLANE('',#1713);
#1524=PLANE('',#1714);
#1525=PLANE('',#1716);
#1526=PLANE('',#1719);
#1527=PLANE('',#1721);
#1528=PLANE('',#1722);
#1529=PLANE('',#1727);
#1530=PLANE('',#1728);
#1531=PLANE('',#1729);
#1532=PLANE('',#1730);
#1533=ADVANCED_FACE('',(#1378),#1466,.T.);
#1534=ADVANCED_FACE('',(#1379),#1467,.T.);
#1535=ADVANCED_FACE('',(#1380),#1468,.T.);
#1536=ADVANCED_FACE('',(#1381),#1469,.T.);
#1537=ADVANCED_FACE('',(#1382),#1470,.T.);
#1538=ADVANCED_FACE('',(#1383,#1384,#1385),#1471,.F.);
#1539=ADVANCED_FACE('',(#1386),#1472,.F.);
#1540=ADVANCED_FACE('',(#1387),#1473,.F.);
#1541=ADVANCED_FACE('',(#1388),#1474,.F.);
#1542=ADVANCED_FACE('',(#1389),#1475,.T.);
#1543=ADVANCED_FACE('',(#1390),#1476,.F.);
#1544=ADVANCED_FACE('',(#1391),#1477,.T.);
#1545=ADVANCED_FACE('',(#1392),#1478,.T.);
#1546=ADVANCED_FACE('',(#1393),#1479,.T.);
#1547=ADVANCED_FACE('',(#1394),#1480,.F.);
#1548=ADVANCED_FACE('',(#1395),#1481,.F.);
#1549=ADVANCED_FACE('',(#1396),#1482,.F.);
#1550=ADVANCED_FACE('',(#1397),#1483,.F.);
#1551=ADVANCED_FACE('',(#1398),#1484,.F.);
#1552=ADVANCED_FACE('',(#1399),#1485,.F.);
#1553=ADVANCED_FACE('',(#1400),#1486,.F.);
#1554=ADVANCED_FACE('',(#1401),#1487,.F.);
#1555=ADVANCED_FACE('',(#1402),#1488,.F.);
#1556=ADVANCED_FACE('',(#1403),#1489,.F.);
#1557=ADVANCED_FACE('',(#1404),#1490,.F.);
#1558=ADVANCED_FACE('',(#1405),#1491,.F.);
#1559=ADVANCED_FACE('',(#1406),#1492,.F.);
#1560=ADVANCED_FACE('',(#1407),#1493,.F.);
#1561=ADVANCED_FACE('',(#1408),#1494,.F.);
#1562=ADVANCED_FACE('',(#1409),#1495,.F.);
#1563=ADVANCED_FACE('',(#1410),#1496,.F.);
#1564=ADVANCED_FACE('',(#1411),#1497,.F.);
#1565=ADVANCED_FACE('',(#1412),#1498,.F.);
#1566=ADVANCED_FACE('',(#1413),#1499,.F.);
#1567=ADVANCED_FACE('',(#1414),#1500,.F.);
#1568=ADVANCED_FACE('',(#1415),#1501,.F.);
#1569=ADVANCED_FACE('',(#1416),#1502,.F.);
#1570=ADVANCED_FACE('',(#1417),#1503,.F.);
#1571=ADVANCED_FACE('',(#1418),#1504,.F.);
#1572=ADVANCED_FACE('',(#1419),#1505,.F.);
#1573=ADVANCED_FACE('',(#1420),#1506,.F.);
#1574=ADVANCED_FACE('',(#1421),#42,.T.);
#1575=ADVANCED_FACE('',(#1422),#1507,.F.);
#1576=ADVANCED_FACE('',(#1423),#1508,.F.);
#1577=ADVANCED_FACE('',(#1424),#1509,.F.);
#1578=ADVANCED_FACE('',(#1425),#43,.F.);
#1579=ADVANCED_FACE('',(#1426),#44,.T.);
#1580=ADVANCED_FACE('',(#1427),#1510,.T.);
#1581=ADVANCED_FACE('',(#1428),#1511,.F.);
#1582=ADVANCED_FACE('',(#1429),#1512,.F.);
#1583=ADVANCED_FACE('',(#1430),#1513,.F.);
#1584=ADVANCED_FACE('',(#1431),#45,.T.);
#1585=ADVANCED_FACE('',(#1432),#1514,.F.);
#1586=ADVANCED_FACE('',(#1433),#1515,.F.);
#1587=ADVANCED_FACE('',(#1434),#1516,.F.);
#1588=ADVANCED_FACE('',(#1435),#46,.F.);
#1589=ADVANCED_FACE('',(#1436),#47,.T.);
#1590=ADVANCED_FACE('',(#1437),#1517,.T.);
#1591=ADVANCED_FACE('',(#1438),#1518,.F.);
#1592=ADVANCED_FACE('',(#1439),#48,.T.);
#1593=ADVANCED_FACE('',(#1440),#1519,.F.);
#1594=ADVANCED_FACE('',(#1441),#1520,.T.);
#1595=ADVANCED_FACE('',(#1442),#1521,.F.);
#1596=ADVANCED_FACE('',(#1443),#49,.F.);
#1597=ADVANCED_FACE('',(#1444),#1522,.F.);
#1598=ADVANCED_FACE('',(#1445),#1523,.F.);
#1599=ADVANCED_FACE('',(#1446),#1524,.F.);
#1600=ADVANCED_FACE('',(#1447),#50,.T.);
#1601=ADVANCED_FACE('',(#1448),#1525,.F.);
#1602=ADVANCED_FACE('',(#1449,#1450),#51,.F.);
#1603=ADVANCED_FACE('',(#1451),#1526,.T.);
#1604=ADVANCED_FACE('',(#1452),#1527,.F.);
#1605=ADVANCED_FACE('',(#1453),#1528,.F.);
#1606=ADVANCED_FACE('',(#1454),#1529,.F.);
#1607=ADVANCED_FACE('',(#1455),#1530,.T.);
#1608=ADVANCED_FACE('',(#1456),#1531,.F.);
#1609=ADVANCED_FACE('',(#1457),#1532,.F.);
#1610=ADVANCED_FACE('',(#1458),#52,.T.);
#1611=ADVANCED_FACE('',(#1459),#53,.T.);
#1612=ADVANCED_FACE('',(#1460),#54,.T.);
#1613=ADVANCED_FACE('',(#1461),#55,.T.);
#1614=ADVANCED_FACE('',(#1462),#56,.T.);
#1615=ADVANCED_FACE('',(#1463),#57,.T.);
#1616=ADVANCED_FACE('',(#1464),#58,.T.);
#1617=ADVANCED_FACE('',(#1465),#59,.T.);
#1618=CLOSED_SHELL('',(#1533,#1534,#1535,#1536,#1537,#1538,#1539,#1540,
#1541,#1542,#1543,#1544,#1545,#1546,#1547,#1548,#1549,#1550,#1551,#1552,
#1553,#1554,#1555,#1556,#1557,#1558,#1559,#1560,#1561,#1562,#1563,#1564,
#1565,#1566,#1567,#1568,#1569,#1570,#1571,#1572,#1573,#1574,#1575,#1576,
#1577,#1578,#1579,#1580,#1581,#1582,#1583,#1584,#1585,#1586,#1587,#1588,
#1589,#1590,#1591,#1592,#1593,#1594,#1595,#1596,#1597,#1598,#1599,#1600,
#1601,#1602,#1603));
#1619=CLOSED_SHELL('',(#1604,#1605,#1606,#1607,#1608,#1609,#1610,#1611,
#1612,#1613,#1614,#1615,#1616,#1617));
#1620=MANIFOLD_SOLID_BREP('CAS_c_12A',#1618);
#1621=MANIFOLD_SOLID_BREP('1 pole_s',#1619);
#1622=SHAPE_DEFINITION_REPRESENTATION(#2661,#1625);
#1623=SHAPE_DEFINITION_REPRESENTATION(#2662,#1626);
#1624=SHAPE_DEFINITION_REPRESENTATION(#2664,#1627);
#1625=SHAPE_REPRESENTATION('CAS-120TA',(#1628,#1720,#1751),#2652);
#1626=SHAPE_REPRESENTATION('CAS_c_12A',(#1628),#2653);
#1627=SHAPE_REPRESENTATION('1 pole_s',(#1628),#2654);
#1628=AXIS2_PLACEMENT_3D('',#2190,#1752,#1753);
#1629=AXIS2_PLACEMENT_3D('',#2191,#1754,#1755);
#1630=AXIS2_PLACEMENT_3D('',#2200,#1760,#1761);
#1631=AXIS2_PLACEMENT_3D('',#2206,#1765,#1766);
#1632=AXIS2_PLACEMENT_3D('',#2212,#1770,#1771);
#1633=AXIS2_PLACEMENT_3D('',#2218,#1775,#1776);
#1634=AXIS2_PLACEMENT_3D('',#2224,#1780,#1781);
#1635=AXIS2_PLACEMENT_3D('',#2225,#1782,#1783);
#1636=AXIS2_PLACEMENT_3D('',#2241,#1792,#1793);
#1637=AXIS2_PLACEMENT_3D('',#2251,#1799,#1800);
#1638=AXIS2_PLACEMENT_3D('',#2282,#1817,#1818);
#1639=AXIS2_PLACEMENT_3D('',#2290,#1823,#1824);
#1640=AXIS2_PLACEMENT_3D('',#2327,#1844,#1845);
#1641=AXIS2_PLACEMENT_3D('',#2356,#1862,#1863);
#1642=AXIS2_PLACEMENT_3D('',#2358,#1865,#1866);
#1643=AXIS2_PLACEMENT_3D('',#2359,#1867,#1868);
#1644=AXIS2_PLACEMENT_3D('',#2361,#1870,#1871);
#1645=AXIS2_PLACEMENT_3D('',#2362,#1872,#1873);
#1646=AXIS2_PLACEMENT_3D('',#2366,#1876,#1877);
#1647=AXIS2_PLACEMENT_3D('',#2370,#1880,#1881);
#1648=AXIS2_PLACEMENT_3D('',#2376,#1885,#1886);
#1649=AXIS2_PLACEMENT_3D('',#2378,#1888,#1889);
#1650=AXIS2_PLACEMENT_3D('',#2380,#1891,#1892);
#1651=AXIS2_PLACEMENT_3D('',#2382,#1894,#1895);
#1652=AXIS2_PLACEMENT_3D('',#2386,#1898,#1899);
#1653=AXIS2_PLACEMENT_3D('',#2390,#1902,#1903);
#1654=AXIS2_PLACEMENT_3D('',#2392,#1905,#1906);
#1655=AXIS2_PLACEMENT_3D('',#2393,#1907,#1908);
#1656=AXIS2_PLACEMENT_3D('',#2397,#1911,#1912);
#1657=AXIS2_PLACEMENT_3D('',#2401,#1915,#1916);
#1658=AXIS2_PLACEMENT_3D('',#2405,#1919,#1920);
#1659=AXIS2_PLACEMENT_3D('',#2409,#1923,#1924);
#1660=AXIS2_PLACEMENT_3D('',#2411,#1926,#1927);
#1661=AXIS2_PLACEMENT_3D('',#2413,#1929,#1930);
#1662=AXIS2_PLACEMENT_3D('',#2420,#1935,#1936);
#1663=AXIS2_PLACEMENT_3D('',#2422,#1938,#1939);
#1664=AXIS2_PLACEMENT_3D('',#2424,#1941,#1942);
#1665=AXIS2_PLACEMENT_3D('',#2425,#1943,#1944);
#1666=AXIS2_PLACEMENT_3D('',#2427,#1946,#1947);
#1667=AXIS2_PLACEMENT_3D('',#2428,#1948,#1949);
#1668=AXIS2_PLACEMENT_3D('',#2430,#1951,#1952);
#1669=AXIS2_PLACEMENT_3D('',#2431,#1953,#1954);
#1670=AXIS2_PLACEMENT_3D('',#2437,#1958,#1959);
#1671=AXIS2_PLACEMENT_3D('',#2446,#1964,#1965);
#1672=AXIS2_PLACEMENT_3D('',#2447,#1966,#1967);
#1673=AXIS2_PLACEMENT_3D('',#2451,#1969,#1970);
#1674=AXIS2_PLACEMENT_3D('',#2452,#1971,#1972);
#1675=AXIS2_PLACEMENT_3D('',#2458,#1976,#1977);
#1676=AXIS2_PLACEMENT_3D('',#2464,#1981,#1982);
#1677=AXIS2_PLACEMENT_3D('',#2470,#1986,#1987);
#1678=AXIS2_PLACEMENT_3D('',#2471,#1988,#1989);
#1679=AXIS2_PLACEMENT_3D('',#2472,#1990,#1991);
#1680=AXIS2_PLACEMENT_3D('',#2473,#1992,#1993);
#1681=AXIS2_PLACEMENT_3D('',#2474,#1994,#1995);
#1682=AXIS2_PLACEMENT_3D('',#2475,#1996,#1997);
#1683=AXIS2_PLACEMENT_3D('',#2476,#1998,#1999);
#1684=AXIS2_PLACEMENT_3D('',#2477,#2000,#2001);
#1685=AXIS2_PLACEMENT_3D('',#2478,#2002,#2003);
#1686=AXIS2_PLACEMENT_3D('',#2484,#2007,#2008);
#1687=AXIS2_PLACEMENT_3D('',#2493,#2013,#2014);
#1688=AXIS2_PLACEMENT_3D('',#2494,#2015,#2016);
#1689=AXIS2_PLACEMENT_3D('',#2498,#2018,#2019);
#1690=AXIS2_PLACEMENT_3D('',#2499,#2020,#2021);
#1691=AXIS2_PLACEMENT_3D('',#2505,#2025,#2026);
#1692=AXIS2_PLACEMENT_3D('',#2511,#2030,#2031);
#1693=AXIS2_PLACEMENT_3D('',#2517,#2035,#2036);
#1694=AXIS2_PLACEMENT_3D('',#2518,#2037,#2038);
#1695=AXIS2_PLACEMENT_3D('',#2519,#2039,#2040);
#1696=AXIS2_PLACEMENT_3D('',#2520,#2041,#2042);
#1697=AXIS2_PLACEMENT_3D('',#2521,#2043,#2044);
#1698=AXIS2_PLACEMENT_3D('',#2522,#2045,#2046);
#1699=AXIS2_PLACEMENT_3D('',#2523,#2047,#2048);
#1700=AXIS2_PLACEMENT_3D('',#2524,#2049,#2050);
#1701=AXIS2_PLACEMENT_3D('',#2525,#2051,#2052);
#1702=AXIS2_PLACEMENT_3D('',#2526,#2053,#2054);
#1703=AXIS2_PLACEMENT_3D('',#2528,#2055,#2056);
#1704=AXIS2_PLACEMENT_3D('',#2531,#2058,#2059);
#1705=AXIS2_PLACEMENT_3D('',#2537,#2063,#2064);
#1706=AXIS2_PLACEMENT_3D('',#2538,#2065,#2066);
#1707=AXIS2_PLACEMENT_3D('',#2546,#2070,#2071);
#1708=AXIS2_PLACEMENT_3D('',#2549,#2073,#2074);
#1709=AXIS2_PLACEMENT_3D('',#2552,#2076,#2077);
#1710=AXIS2_PLACEMENT_3D('',#2560,#2081,#2082);
#1711=AXIS2_PLACEMENT_3D('',#2561,#2083,#2084);
#1712=AXIS2_PLACEMENT_3D('',#2563,#2086,#2087);
#1713=AXIS2_PLACEMENT_3D('',#2565,#2089,#2090);
#1714=AXIS2_PLACEMENT_3D('',#2567,#2092,#2093);
#1715=AXIS2_PLACEMENT_3D('',#2569,#2095,#2096);
#1716=AXIS2_PLACEMENT_3D('',#2571,#2098,#2099);
#1717=AXIS2_PLACEMENT_3D('',#2572,#2100,#2101);
#1718=AXIS2_PLACEMENT_3D('',#2573,#2102,#2103);
#1719=AXIS2_PLACEMENT_3D('',#2575,#2104,#2105);
#1720=AXIS2_PLACEMENT_3D('',#2576,#2106,#2107);
#1721=AXIS2_PLACEMENT_3D('',#2577,#2108,#2109);
#1722=AXIS2_PLACEMENT_3D('',#2586,#2114,#2115);
#1723=AXIS2_PLACEMENT_3D('',#2587,#2116,#2117);
#1724=AXIS2_PLACEMENT_3D('',#2591,#2119,#2120);
#1725=AXIS2_PLACEMENT_3D('',#2595,#2122,#2123);
#1726=AXIS2_PLACEMENT_3D('',#2599,#2125,#2126);
#1727=AXIS2_PLACEMENT_3D('',#2600,#2127,#2128);
#1728=AXIS2_PLACEMENT_3D('',#2606,#2132,#2133);
#1729=AXIS2_PLACEMENT_3D('',#2612,#2137,#2138);
#1730=AXIS2_PLACEMENT_3D('',#2618,#2142,#2143);
#1731=AXIS2_PLACEMENT_3D('',#2627,#2148,#2149);
#1732=AXIS2_PLACEMENT_3D('',#2628,#2150,#2151);
#1733=AXIS2_PLACEMENT_3D('',#2630,#2152,#2153);
#1734=AXIS2_PLACEMENT_3D('',#2631,#2154,#2155);
#1735=AXIS2_PLACEMENT_3D('',#2633,#2156,#2157);
#1736=AXIS2_PLACEMENT_3D('',#2634,#2158,#2159);
#1737=AXIS2_PLACEMENT_3D('',#2635,#2160,#2161);
#1738=AXIS2_PLACEMENT_3D('',#2637,#2162,#2163);
#1739=AXIS2_PLACEMENT_3D('',#2638,#2164,#2165);
#1740=AXIS2_PLACEMENT_3D('',#2640,#2166,#2167);
#1741=AXIS2_PLACEMENT_3D('',#2641,#2168,#2169);
#1742=AXIS2_PLACEMENT_3D('',#2642,#2170,#2171);
#1743=AXIS2_PLACEMENT_3D('',#2643,#2172,#2173);
#1744=AXIS2_PLACEMENT_3D('',#2644,#2174,#2175);
#1745=AXIS2_PLACEMENT_3D('',#2645,#2176,#2177);
#1746=AXIS2_PLACEMENT_3D('',#2646,#2178,#2179);
#1747=AXIS2_PLACEMENT_3D('',#2647,#2180,#2181);
#1748=AXIS2_PLACEMENT_3D('',#2648,#2182,#2183);
#1749=AXIS2_PLACEMENT_3D('',#2649,#2184,#2185);
#1750=AXIS2_PLACEMENT_3D('',#2650,#2186,#2187);
#1751=AXIS2_PLACEMENT_3D('',#2651,#2188,#2189);
#1752=DIRECTION('',(0.,0.,1.));
#1753=DIRECTION('',(1.,0.,0.));
#1754=DIRECTION('',(0.,0.274721127897378,-0.961523947640823));
#1755=DIRECTION('',(0.,0.961523947640823,0.274721127897378));
#1756=DIRECTION('',(-1.,0.,0.));
#1757=DIRECTION('',(-0.919254719740988,0.378516649305113,0.108147614087175));
#1758=DIRECTION('',(-1.,0.,0.));
#1759=DIRECTION('',(-0.919254719740988,-0.378516649305113,-0.108147614087175));
#1760=DIRECTION('',(0.,0.,-1.));
#1761=DIRECTION('',(-1.,0.,0.));
#1762=DIRECTION('',(0.,-1.,0.));
#1763=DIRECTION('',(-1.,0.,0.));
#1764=DIRECTION('',(-2.40933816107898E-16,1.,0.));
#1765=DIRECTION('',(0.,1.,0.));
#1766=DIRECTION('',(0.,0.,1.));
#1767=DIRECTION('',(0.,0.,-1.));
#1768=DIRECTION('',(-1.,0.,0.));
#1769=DIRECTION('',(0.,0.,1.));
#1770=DIRECTION('',(0.,0.,1.));
#1771=DIRECTION('',(1.,0.,0.));
#1772=DIRECTION('',(0.,1.,0.));
#1773=DIRECTION('',(-1.,0.,0.));
#1774=DIRECTION('',(2.40933816107898E-16,-1.,0.));
#1775=DIRECTION('',(0.,0.274721127897378,0.961523947640823));
#1776=DIRECTION('',(0.,-0.961523947640823,0.274721127897378));
#1777=DIRECTION('',(-1.,0.,0.));
#1778=DIRECTION('',(0.919254719740988,-0.378516649305113,0.108147614087175));
#1779=DIRECTION('',(0.919254719740988,0.378516649305113,-0.108147614087175));
#1780=DIRECTION('',(0.,-1.,0.));
#1781=DIRECTION('',(0.,0.,-1.));
#1782=DIRECTION('',(0.,1.,0.));
#1783=DIRECTION('',(1.,0.,0.));
#1784=DIRECTION('',(0.,0.,1.));
#1785=DIRECTION('',(0.,0.,1.));
#1786=DIRECTION('',(0.707106781186548,0.,-0.707106781186547));
#1787=DIRECTION('',(0.,0.,-1.));
#1788=DIRECTION('',(-1.,0.,0.));
#1789=DIRECTION('',(-0.707106781186548,0.,0.707106781186548));
#1790=DIRECTION('',(0.,0.,-1.));
#1791=DIRECTION('',(-1.,0.,0.));
#1792=DIRECTION('',(1.,0.,0.));
#1793=DIRECTION('',(0.,0.,-1.));
#1794=DIRECTION('',(0.,-1.,0.));
#1795=DIRECTION('',(0.,0.,1.));
#1796=DIRECTION('',(0.,-1.,0.));
#1797=DIRECTION('',(0.,-1.,0.));
#1798=DIRECTION('',(0.,0.,1.));
#1799=DIRECTION('',(0.,0.,1.));
#1800=DIRECTION('',(1.,0.,0.));
#1801=DIRECTION('',(-1.,0.,0.));
#1802=DIRECTION('',(0.,-1.,0.));
#1803=DIRECTION('',(-1.,0.,0.));
#1804=DIRECTION('',(0.,1.,0.));
#1805=DIRECTION('',(-1.,0.,0.));
#1806=DIRECTION('',(0.,-1.,0.));
#1807=DIRECTION('',(1.,0.,0.));
#1808=DIRECTION('',(0.,-1.,0.));
#1809=DIRECTION('',(-1.,0.,0.));
#1810=DIRECTION('',(-1.,0.,0.));
#1811=DIRECTION('',(0.,-1.,0.));
#1812=DIRECTION('',(0.,1.,0.));
#1813=DIRECTION('',(-1.,0.,0.));
#1814=DIRECTION('',(0.,-1.,0.));
#1815=DIRECTION('',(1.,0.,0.));
#1816=DIRECTION('',(0.,-1.,0.));
#1817=DIRECTION('',(-1.,0.,0.));
#1818=DIRECTION('',(0.,0.,1.));
#1819=DIRECTION('',(0.,1.,0.));
#1820=DIRECTION('',(0.,0.,-1.));
#1821=DIRECTION('',(0.,-1.,0.));
#1822=DIRECTION('',(0.,0.,-1.));
#1823=DIRECTION('',(0.,0.,1.));
#1824=DIRECTION('',(1.,0.,0.));
#1825=DIRECTION('',(0.,1.,0.));
#1826=DIRECTION('',(-1.,0.,0.));
#1827=DIRECTION('',(0.,-1.,0.));
#1828=DIRECTION('',(1.,0.,0.));
#1829=DIRECTION('',(0.,-1.,0.));
#1830=DIRECTION('',(-1.,0.,0.));
#1831=DIRECTION('',(0.,-1.,0.));
#1832=DIRECTION('',(1.,0.,0.));
#1833=DIRECTION('',(0.,-1.,0.));
#1834=DIRECTION('',(-1.,0.,0.));
#1835=DIRECTION('',(0.,1.,0.));
#1836=DIRECTION('',(-1.,0.,0.));
#1837=DIRECTION('',(0.,1.,0.));
#1838=DIRECTION('',(-1.,0.,0.));
#1839=DIRECTION('',(1.,0.,0.));
#1840=DIRECTION('',(0.,-1.,0.));
#1841=DIRECTION('',(-1.,0.,0.));
#1842=DIRECTION('',(0.,1.,0.));
#1843=DIRECTION('',(-1.,0.,0.));
#1844=DIRECTION('',(0.,1.,0.));
#1845=DIRECTION('',(0.,0.,1.));
#1846=DIRECTION('',(3.25260651745651E-16,0.,1.));
#1847=DIRECTION('',(1.,0.,0.));
#1848=DIRECTION('',(0.,0.,-1.));
#1849=DIRECTION('',(0.,0.,1.));
#1850=DIRECTION('',(1.,0.,0.));
#1851=DIRECTION('',(0.,0.,1.));
#1852=DIRECTION('',(-1.,0.,0.));
#1853=DIRECTION('',(0.,0.,1.));
#1854=DIRECTION('',(2.16840434497101E-16,0.,-1.));
#1855=DIRECTION('',(-1.,0.,0.));
#1856=DIRECTION('',(-1.0842021724855E-16,0.,1.));
#1857=DIRECTION('',(2.16840434497101E-16,0.,-1.));
#1858=DIRECTION('',(-1.,0.,0.));
#1859=DIRECTION('',(0.,0.,-1.));
#1860=DIRECTION('',(1.,0.,0.));
#1861=DIRECTION('',(0.,0.,-1.));
#1862=DIRECTION('',(0.707106781186548,0.,0.707106781186548));
#1863=DIRECTION('',(0.707106781186548,0.,-0.707106781186548));
#1864=DIRECTION('',(-0.707106781186548,0.,0.707106781186548));
#1865=DIRECTION('',(0.,1.,0.));
#1866=DIRECTION('',(0.,0.,1.));
#1867=DIRECTION('',(-0.707106781186547,0.,-0.707106781186548));
#1868=DIRECTION('',(-0.707106781186548,0.,0.707106781186547));
#1869=DIRECTION('',(0.707106781186548,0.,-0.707106781186548));
#1870=DIRECTION('',(0.,-1.,0.));
#1871=DIRECTION('',(0.,0.,-1.));
#1872=DIRECTION('',(1.,0.,0.));
#1873=DIRECTION('',(0.,0.,-1.));
#1874=DIRECTION('',(0.,-1.,0.));
#1875=DIRECTION('',(0.,0.,1.));
#1876=DIRECTION('',(0.,0.,1.));
#1877=DIRECTION('',(1.,0.,0.));
#1878=DIRECTION('',(0.,-1.,0.));
#1879=DIRECTION('',(-1.,0.,0.));
#1880=DIRECTION('',(0.,0.,-1.));
#1881=DIRECTION('',(-1.,0.,0.));
#1882=DIRECTION('',(0.,-1.,0.));
#1883=DIRECTION('',(1.,0.,0.));
#1884=DIRECTION('',(0.,-1.,0.));
#1885=DIRECTION('',(1.,0.,2.16840434497101E-16));
#1886=DIRECTION('',(2.16840434497101E-16,0.,-1.));
#1887=DIRECTION('',(-2.16840434497101E-16,0.,1.));
#1888=DIRECTION('',(1.,0.,0.));
#1889=DIRECTION('',(0.,0.,-1.));
#1890=DIRECTION('',(0.,0.,1.));
#1891=DIRECTION('',(0.,1.,0.));
#1892=DIRECTION('',(0.,0.,1.));
#1893=DIRECTION('',(-1.,0.,0.));
#1894=DIRECTION('',(-1.,0.,-1.0842021724855E-16));
#1895=DIRECTION('',(-1.0842021724855E-16,0.,1.));
#1896=DIRECTION('',(0.,-1.,0.));
#1897=DIRECTION('',(1.0842021724855E-16,0.,-1.));
#1898=DIRECTION('',(0.,0.,-1.));
#1899=DIRECTION('',(-1.,0.,0.));
#1900=DIRECTION('',(0.,-1.,0.));
#1901=DIRECTION('',(1.,0.,0.));
#1902=DIRECTION('',(1.,0.,2.16840434497101E-16));
#1903=DIRECTION('',(2.16840434497101E-16,0.,-1.));
#1904=DIRECTION('',(-2.16840434497101E-16,0.,1.));
#1905=DIRECTION('',(0.,1.,0.));
#1906=DIRECTION('',(0.,0.,1.));
#1907=DIRECTION('',(-1.,0.,0.));
#1908=DIRECTION('',(0.,0.,1.));
#1909=DIRECTION('',(0.,-1.,0.));
#1910=DIRECTION('',(0.,0.,-1.));
#1911=DIRECTION('',(0.,0.,-1.));
#1912=DIRECTION('',(-1.,0.,0.));
#1913=DIRECTION('',(0.,-1.,0.));
#1914=DIRECTION('',(1.,0.,0.));
#1915=DIRECTION('',(-1.,0.,0.));
#1916=DIRECTION('',(0.,0.,1.));
#1917=DIRECTION('',(0.,-1.,0.));
#1918=DIRECTION('',(0.,0.,-1.));
#1919=DIRECTION('',(0.,0.,1.));
#1920=DIRECTION('',(1.,0.,0.));
#1921=DIRECTION('',(0.,-1.,0.));
#1922=DIRECTION('',(-1.,0.,0.));
#1923=DIRECTION('',(-1.,0.,0.));
#1924=DIRECTION('',(0.,0.,1.));
#1925=DIRECTION('',(0.,0.,-1.));
#1926=DIRECTION('',(0.,1.,0.));
#1927=DIRECTION('',(0.,0.,1.));
#1928=DIRECTION('',(-1.,0.,0.));
#1929=DIRECTION('',(0.,1.,0.));
#1930=DIRECTION('',(0.,0.,1.));
#1931=DIRECTION('',(0.,0.,1.));
#1932=DIRECTION('',(-1.,0.,0.));
#1933=DIRECTION('',(-3.25260651745651E-16,0.,-1.));
#1934=DIRECTION('',(-1.,0.,0.));
#1935=DIRECTION('',(-1.,0.,3.25260651745651E-16));
#1936=DIRECTION('',(3.25260651745651E-16,0.,1.));
#1937=DIRECTION('',(0.,-1.,0.));
#1938=DIRECTION('',(0.,0.,1.));
#1939=DIRECTION('',(1.,0.,0.));
#1940=DIRECTION('',(0.,-1.,0.));
#1941=DIRECTION('',(1.,0.,0.));
#1942=DIRECTION('',(0.,0.,-1.));
#1943=DIRECTION('',(0.380749805254295,-0.924678098474716,0.));
#1944=DIRECTION('',(0.924678098474716,0.380749805254295,0.));
#1945=DIRECTION('',(0.,0.,-1.));
#1946=DIRECTION('',(1.,0.,0.));
#1947=DIRECTION('',(0.,0.,-1.));
#1948=DIRECTION('',(-0.380749805254295,-0.924678098474716,0.));
#1949=DIRECTION('',(0.924678098474716,-0.380749805254295,0.));
#1950=DIRECTION('',(0.,0.,-1.));
#1951=DIRECTION('',(-1.,-2.40933816107898E-16,0.));
#1952=DIRECTION('',(2.40933816107898E-16,-1.,0.));
#1953=DIRECTION('',(0.,0.,1.));
#1954=DIRECTION('',(1.,0.,0.));
#1955=DIRECTION('',(0.,1.,0.));
#1956=DIRECTION('',(0.,1.,0.));
#1957=DIRECTION('',(-1.,0.,0.));
#1958=DIRECTION('',(0.,0.,-1.));
#1959=DIRECTION('',(-1.,0.,0.));
#1960=DIRECTION('',(0.,-1.,0.));
#1961=DIRECTION('',(-1.,0.,0.));
#1962=DIRECTION('',(0.,-1.,0.));
#1963=DIRECTION('',(-1.,0.,0.));
#1964=DIRECTION('',(-1.,0.,0.));
#1965=DIRECTION('',(0.,0.,1.));
#1966=DIRECTION('',(1.,0.,0.));
#1967=DIRECTION('',(0.,0.,-1.));
#1968=DIRECTION('',(-1.,0.,0.));
#1969=DIRECTION('',(1.,0.,0.));
#1970=DIRECTION('',(0.,0.,-1.));
#1971=DIRECTION('',(0.,1.,0.));
#1972=DIRECTION('',(0.,0.,1.));
#1973=DIRECTION('',(0.,0.,-1.));
#1974=DIRECTION('',(-1.,0.,0.));
#1975=DIRECTION('',(0.,0.,-1.));
#1976=DIRECTION('',(0.,0.,1.));
#1977=DIRECTION('',(1.,0.,0.));
#1978=DIRECTION('',(0.,1.,0.));
#1979=DIRECTION('',(-1.,0.,0.));
#1980=DIRECTION('',(0.,1.,0.));
#1981=DIRECTION('',(0.,-1.,0.));
#1982=DIRECTION('',(0.,0.,-1.));
#1983=DIRECTION('',(0.,0.,1.));
#1984=DIRECTION('',(-1.,0.,0.));
#1985=DIRECTION('',(0.,0.,1.));
#1986=DIRECTION('',(-1.,0.,0.));
#1987=DIRECTION('',(0.,0.,1.));
#1988=DIRECTION('',(1.,0.,0.));
#1989=DIRECTION('',(0.,0.,-1.));
#1990=DIRECTION('',(1.,0.,0.));
#1991=DIRECTION('',(0.,0.,-1.));
#1992=DIRECTION('',(-1.,0.,0.));
#1993=DIRECTION('',(0.,0.,1.));
#1994=DIRECTION('',(1.,0.,0.));
#1995=DIRECTION('',(0.,0.,-1.));
#1996=DIRECTION('',(1.,0.,0.));
#1997=DIRECTION('',(0.,0.,-1.));
#1998=DIRECTION('',(1.,0.,0.));
#1999=DIRECTION('',(0.,0.,-1.));
#2000=DIRECTION('',(1.,0.,0.));
#2001=DIRECTION('',(0.,0.,-1.));
#2002=DIRECTION('',(0.,0.,1.));
#2003=DIRECTION('',(1.,0.,0.));
#2004=DIRECTION('',(0.,1.,0.));
#2005=DIRECTION('',(0.,1.,0.));
#2006=DIRECTION('',(-1.,0.,0.));
#2007=DIRECTION('',(0.,0.,-1.));
#2008=DIRECTION('',(-1.,0.,0.));
#2009=DIRECTION('',(0.,-1.,0.));
#2010=DIRECTION('',(-1.,0.,0.));
#2011=DIRECTION('',(0.,-1.,0.));
#2012=DIRECTION('',(-1.,0.,0.));
#2013=DIRECTION('',(-1.,0.,0.));
#2014=DIRECTION('',(0.,0.,1.));
#2015=DIRECTION('',(1.,0.,0.));
#2016=DIRECTION('',(0.,0.,-1.));
#2017=DIRECTION('',(-1.,0.,0.));
#2018=DIRECTION('',(1.,0.,0.));
#2019=DIRECTION('',(0.,0.,-1.));
#2020=DIRECTION('',(0.,1.,0.));
#2021=DIRECTION('',(0.,0.,1.));
#2022=DIRECTION('',(0.,0.,-1.));
#2023=DIRECTION('',(-1.,0.,0.));
#2024=DIRECTION('',(0.,0.,-1.));
#2025=DIRECTION('',(0.,0.,1.));
#2026=DIRECTION('',(1.,0.,0.));
#2027=DIRECTION('',(0.,1.,0.));
#2028=DIRECTION('',(-1.,0.,0.));
#2029=DIRECTION('',(0.,1.,0.));
#2030=DIRECTION('',(0.,-1.,0.));
#2031=DIRECTION('',(0.,0.,-1.));
#2032=DIRECTION('',(0.,0.,1.));
#2033=DIRECTION('',(-1.,0.,0.));
#2034=DIRECTION('',(0.,0.,1.));
#2035=DIRECTION('',(-1.,0.,0.));
#2036=DIRECTION('',(0.,0.,1.));
#2037=DIRECTION('',(1.,0.,0.));
#2038=DIRECTION('',(0.,0.,-1.));
#2039=DIRECTION('',(1.,0.,0.));
#2040=DIRECTION('',(0.,0.,-1.));
#2041=DIRECTION('',(-1.,0.,0.));
#2042=DIRECTION('',(0.,0.,1.));
#2043=DIRECTION('',(1.,0.,0.));
#2044=DIRECTION('',(0.,0.,-1.));
#2045=DIRECTION('',(1.,0.,0.));
#2046=DIRECTION('',(0.,0.,-1.));
#2047=DIRECTION('',(1.,0.,0.));
#2048=DIRECTION('',(0.,0.,-1.));
#2049=DIRECTION('',(1.,0.,0.));
#2050=DIRECTION('',(0.,0.,-1.));
#2051=DIRECTION('',(-1.,0.,0.));
#2052=DIRECTION('',(0.,0.,1.));
#2053=DIRECTION('',(1.,0.,0.));
#2054=DIRECTION('',(0.,0.,-1.));
#2055=DIRECTION('',(1.,0.,0.));
#2056=DIRECTION('',(0.,0.,-1.));
#2057=DIRECTION('',(-1.,0.,0.));
#2058=DIRECTION('',(0.,0.,-1.));
#2059=DIRECTION('',(-1.,0.,0.));
#2060=DIRECTION('',(0.,-1.,0.));
#2061=DIRECTION('',(0.,-1.,0.));
#2062=DIRECTION('',(-1.,0.,0.));
#2063=DIRECTION('',(1.,0.,0.));
#2064=DIRECTION('',(0.,0.,-1.));
#2065=DIRECTION('',(1.,0.,0.));
#2066=DIRECTION('',(0.,0.,-1.));
#2067=DIRECTION('',(0.,0.,1.));
#2068=DIRECTION('',(0.,-1.,0.));
#2069=DIRECTION('',(0.,0.,-1.));
#2070=DIRECTION('',(1.,0.,0.));
#2071=DIRECTION('',(0.,0.,-1.));
#2072=DIRECTION('',(0.,1.,0.));
#2073=DIRECTION('',(1.,0.,0.));
#2074=DIRECTION('',(0.,0.,-1.));
#2075=DIRECTION('',(0.,1.,0.));
#2076=DIRECTION('',(1.,0.,0.));
#2077=DIRECTION('',(0.,0.,-1.));
#2078=DIRECTION('',(0.,0.,-1.));
#2079=DIRECTION('',(0.,-1.,0.));
#2080=DIRECTION('',(0.,0.,1.));
#2081=DIRECTION('',(1.,0.,0.));
#2082=DIRECTION('',(0.,0.,-1.));
#2083=DIRECTION('',(-1.,0.,0.));
#2084=DIRECTION('',(0.,0.,1.));
#2085=DIRECTION('',(-1.,0.,0.));
#2086=DIRECTION('',(0.,-1.,0.));
#2087=DIRECTION('',(0.,0.,-1.));
#2088=DIRECTION('',(-1.,0.,0.));
#2089=DIRECTION('',(0.,0.,-1.));
#2090=DIRECTION('',(-1.,0.,0.));
#2091=DIRECTION('',(-1.,0.,0.));
#2092=DIRECTION('',(0.,1.,0.));
#2093=DIRECTION('',(0.,0.,1.));
#2094=DIRECTION('',(-1.,0.,0.));
#2095=DIRECTION('',(-1.,0.,0.));
#2096=DIRECTION('',(0.,0.,1.));
#2097=DIRECTION('',(-1.,0.,0.));
#2098=DIRECTION('',(0.,0.,1.));
#2099=DIRECTION('',(1.,0.,0.));
#2100=DIRECTION('',(0.,1.,0.));
#2101=DIRECTION('',(0.,0.,1.));
#2102=DIRECTION('',(0.,1.,0.));
#2103=DIRECTION('',(1.,0.,0.));
#2104=DIRECTION('',(0.,1.,0.));
#2105=DIRECTION('',(0.,0.,1.));
#2106=DIRECTION('',(0.,0.,1.));
#2107=DIRECTION('',(1.,0.,0.));
#2108=DIRECTION('',(1.,0.,0.));
#2109=DIRECTION('',(0.,0.,-1.));
#2110=DIRECTION('',(0.,-1.,0.));
#2111=DIRECTION('',(0.,0.,-1.));
#2112=DIRECTION('',(0.,-1.,0.));
#2113=DIRECTION('',(0.,0.,-1.));
#2114=DIRECTION('',(0.,1.,0.));
#2115=DIRECTION('',(0.,0.,1.));
#2116=DIRECTION('',(0.,1.,0.));
#2117=DIRECTION('',(0.,0.,1.));
#2118=DIRECTION('',(1.,0.,0.));
#2119=DIRECTION('',(0.,1.,0.));
#2120=DIRECTION('',(0.,0.,1.));
#2121=DIRECTION('',(0.,0.,-1.));
#2122=DIRECTION('',(0.,1.,0.));
#2123=DIRECTION('',(0.,0.,1.));
#2124=DIRECTION('',(1.,0.,0.));
#2125=DIRECTION('',(0.,1.,0.));
#2126=DIRECTION('',(0.,0.,1.));
#2127=DIRECTION('',(-1.,0.,0.));
#2128=DIRECTION('',(0.,0.,1.));
#2129=DIRECTION('',(0.,-1.,0.));
#2130=DIRECTION('',(0.,0.,-1.));
#2131=DIRECTION('',(0.,-1.,0.));
#2132=DIRECTION('',(0.,0.,1.));
#2133=DIRECTION('',(1.,0.,0.));
#2134=DIRECTION('',(0.,-1.,0.));
#2135=DIRECTION('',(-1.,0.,0.));
#2136=DIRECTION('',(0.,-1.,0.));
#2137=DIRECTION('',(0.,0.,1.));
#2138=DIRECTION('',(1.,0.,0.));
#2139=DIRECTION('',(0.,-1.,0.));
#2140=DIRECTION('',(-1.,0.,0.));
#2141=DIRECTION('',(0.,-1.,0.));
#2142=DIRECTION('',(0.,-1.,0.));
#2143=DIRECTION('',(0.,0.,-1.));
#2144=DIRECTION('',(0.,0.,-1.));
#2145=DIRECTION('',(-1.,0.,0.));
#2146=DIRECTION('',(0.,0.,-1.));
#2147=DIRECTION('',(-1.,0.,0.));
#2148=DIRECTION('',(0.,0.,-1.));
#2149=DIRECTION('',(-1.,0.,0.));
#2150=DIRECTION('',(0.707106781186547,0.,-0.707106781186547));
#2151=DIRECTION('',(-0.707106781186547,0.,-0.707106781186547));
#2152=DIRECTION('',(0.,-0.707106781186547,-0.707106781186547));
#2153=DIRECTION('',(0.,0.707106781186547,-0.707106781186547));
#2154=DIRECTION('',(0.,0.707106781186547,-0.707106781186547));
#2155=DIRECTION('',(0.,-0.707106781186547,-0.707106781186547));
#2156=DIRECTION('',(-0.707106781186547,0.,-0.707106781186547));
#2157=DIRECTION('',(0.707106781186547,0.,-0.707106781186547));
#2158=DIRECTION('',(0.,0.,-1.));
#2159=DIRECTION('',(-1.,0.,0.));
#2160=DIRECTION('',(0.,-0.707106781186547,-0.707106781186547));
#2161=DIRECTION('',(0.,0.707106781186547,-0.707106781186547));
#2162=DIRECTION('',(-0.707106781186547,0.,-0.707106781186547));
#2163=DIRECTION('',(0.707106781186547,0.,-0.707106781186547));
#2164=DIRECTION('',(0.707106781186547,0.,-0.707106781186547));
#2165=DIRECTION('',(-0.707106781186547,0.,-0.707106781186547));
#2166=DIRECTION('',(0.,0.707106781186547,-0.707106781186547));
#2167=DIRECTION('',(0.,-0.707106781186547,-0.707106781186547));
#2168=DIRECTION('',(-1.,0.,0.));
#2169=DIRECTION('',(0.,0.,1.));
#2170=DIRECTION('',(-0.707106781186547,-0.707106781186547,0.));
#2171=DIRECTION('',(-0.707106781186547,0.707106781186547,0.));
#2172=DIRECTION('',(-0.707106781186547,0.707106781186547,0.));
#2173=DIRECTION('',(-0.707106781186547,-0.707106781186547,0.));
#2174=DIRECTION('',(-1.,0.,0.));
#2175=DIRECTION('',(0.,0.,1.));
#2176=DIRECTION('',(-0.707106781186547,0.707106781186547,0.));
#2177=DIRECTION('',(-0.707106781186547,-0.707106781186547,0.));
#2178=DIRECTION('',(-0.707106781186547,-0.707106781186547,0.));
#2179=DIRECTION('',(-0.707106781186547,0.707106781186547,0.));
#2180=DIRECTION('',(0.,-1.,0.));
#2181=DIRECTION('',(0.,0.,-1.));
#2182=DIRECTION('',(0.,-1.,0.));
#2183=DIRECTION('',(0.,0.,-1.));
#2184=DIRECTION('',(0.,-1.,0.));
#2185=DIRECTION('',(0.,0.,-1.));
#2186=DIRECTION('',(0.,-1.,0.));
#2187=DIRECTION('',(0.,0.,-1.));
#2188=DIRECTION('',(0.,0.,1.));
#2189=DIRECTION('',(1.,0.,0.));
#2190=CARTESIAN_POINT('',(0.,0.,0.));
#2191=CARTESIAN_POINT('',(1.5,2.4,0.45));
#2192=CARTESIAN_POINT('',(1.5,2.05,0.35));
#2193=CARTESIAN_POINT('',(0.65,2.05,0.35));
#2194=CARTESIAN_POINT('',(-0.65,2.05,0.35));
#2195=CARTESIAN_POINT('',(1.03508771929825,1.35614035087719,0.151754385964912));
#2196=CARTESIAN_POINT('',(-1.5,2.4,0.45));
#2197=CARTESIAN_POINT('',(1.5,2.4,0.45));
#2198=CARTESIAN_POINT('',(1.5,2.4,0.45));
#2199=CARTESIAN_POINT('',(1.5,2.4,0.45));
#2200=CARTESIAN_POINT('',(1.5,2.05,0.35));
#2201=CARTESIAN_POINT('',(0.65,2.05,0.35));
#2202=CARTESIAN_POINT('',(0.65,1.8,0.35));
#2203=CARTESIAN_POINT('',(1.5,1.8,0.35));
#2204=CARTESIAN_POINT('',(-0.65,1.8,0.35));
#2205=CARTESIAN_POINT('',(-0.65,2.05,0.35));
#2206=CARTESIAN_POINT('',(1.5,1.8,0.35));
#2207=CARTESIAN_POINT('',(0.65,1.8,0.35));
#2208=CARTESIAN_POINT('',(0.65,1.8,-0.35));
#2209=CARTESIAN_POINT('',(1.5,1.8,-0.35));
#2210=CARTESIAN_POINT('',(-0.65,1.8,-0.35));
#2211=CARTESIAN_POINT('',(-0.65,1.8,0.35));
#2212=CARTESIAN_POINT('',(1.5,1.8,-0.35));
#2213=CARTESIAN_POINT('',(0.65,1.8,-0.35));
#2214=CARTESIAN_POINT('',(0.65,2.05,-0.35));
#2215=CARTESIAN_POINT('',(1.5,2.05,-0.35));
#2216=CARTESIAN_POINT('',(-0.65,2.05,-0.35));
#2217=CARTESIAN_POINT('',(-0.65,1.8,-0.35));
#2218=CARTESIAN_POINT('',(1.5,2.05,-0.35));
#2219=CARTESIAN_POINT('',(1.5,2.4,-0.45));
#2220=CARTESIAN_POINT('',(1.5,2.4,-0.45));
#2221=CARTESIAN_POINT('',(-1.5,2.4,-0.45));
#2222=CARTESIAN_POINT('',(1.16681286549708,1.30190058479532,-0.13625730994152));
#2223=CARTESIAN_POINT('',(1.36827485380117,2.34576023391813,-0.434502923976608));
#2224=CARTESIAN_POINT('',(2.7,2.4,1.25));
#2225=CARTESIAN_POINT('',(-1.075,2.4,0.85));
#2226=CARTESIAN_POINT('',(-0.875,2.4,0.85));
#2227=CARTESIAN_POINT('',(1.5,2.4,1.25));
#2228=CARTESIAN_POINT('',(-1.5,2.4,1.25));
#2229=CARTESIAN_POINT('',(-1.,2.4,-2.45));
#2230=CARTESIAN_POINT('',(-2.7,2.4,-0.75));
#2231=CARTESIAN_POINT('',(-2.2,2.4,-1.25));
#2232=CARTESIAN_POINT('',(-2.7,2.4,1.25));
#2233=CARTESIAN_POINT('',(-2.7,2.4,1.25));
#2234=CARTESIAN_POINT('',(2.7,2.4,1.25));
#2235=CARTESIAN_POINT('',(2.2,2.4,1.25));
#2236=CARTESIAN_POINT('',(2.45,2.4,1.));
#2237=CARTESIAN_POINT('',(2.7,2.4,0.75));
#2238=CARTESIAN_POINT('',(2.7,2.4,1.25));
#2239=CARTESIAN_POINT('',(2.7,2.4,-1.25));
#2240=CARTESIAN_POINT('',(2.7,2.4,-1.25));
#2241=CARTESIAN_POINT('',(-2.7,2.4,1.25));
#2242=CARTESIAN_POINT('',(-2.7,2.4,-1.25));
#2243=CARTESIAN_POINT('',(-2.7,2.1,-1.25));
#2244=CARTESIAN_POINT('',(-2.7,0.2,-1.25));
#2245=CARTESIAN_POINT('',(-2.7,0.2,1.25));
#2246=CARTESIAN_POINT('',(-2.7,0.2,1.25));
#2247=CARTESIAN_POINT('',(-2.7,2.4,1.25));
#2248=CARTESIAN_POINT('',(-2.7,2.7,-0.75));
#2249=CARTESIAN_POINT('',(-2.7,2.1,-0.75));
#2250=CARTESIAN_POINT('',(-2.7,2.1,-1.25));
#2251=CARTESIAN_POINT('',(0.,0.,-1.25));
#2252=CARTESIAN_POINT('',(0.,0.2,-1.25));
#2253=CARTESIAN_POINT('',(0.55,0.2,-1.25));
#2254=CARTESIAN_POINT('',(0.3,0.2,-1.25));
#2255=CARTESIAN_POINT('',(0.3,0.649999999999997,-1.25));
#2256=CARTESIAN_POINT('',(0.3,0.843649167310374,-1.25));
#2257=CARTESIAN_POINT('',(0.3,0.843649167310374,-1.25));
#2258=CARTESIAN_POINT('',(-0.3,0.843649167310374,-1.25));
#2259=CARTESIAN_POINT('',(-0.3,0.,-1.25));
#2260=CARTESIAN_POINT('',(-0.3,0.2,-1.25));
#2261=CARTESIAN_POINT('',(0.,0.2,-1.25));
#2262=CARTESIAN_POINT('',(-0.55,0.2,-1.25));
#2263=CARTESIAN_POINT('',(-0.55,0.2,-1.25));
#2264=CARTESIAN_POINT('',(-0.55,0.,-1.25));
#2265=CARTESIAN_POINT('',(-2.7,0.,-1.25));
#2266=CARTESIAN_POINT('',(-1.2,0.,-1.25));
#2267=CARTESIAN_POINT('',(-1.2,0.2,-1.25));
#2268=CARTESIAN_POINT('',(-1.2,0.2,-1.25));
#2269=CARTESIAN_POINT('',(0.,0.2,-1.25));
#2270=CARTESIAN_POINT('',(-2.2,2.1,-1.25));
#2271=CARTESIAN_POINT('',(-2.2,2.1,-1.25));
#2272=CARTESIAN_POINT('',(-2.2,2.7,-1.25));
#2273=CARTESIAN_POINT('',(2.7,0.,-1.25));
#2274=CARTESIAN_POINT('',(2.7,0.2,-1.25));
#2275=CARTESIAN_POINT('',(0.,0.2,-1.25));
#2276=CARTESIAN_POINT('',(1.2,0.2,-1.25));
#2277=CARTESIAN_POINT('',(1.2,0.2,-1.25));
#2278=CARTESIAN_POINT('',(1.2,0.,-1.25));
#2279=CARTESIAN_POINT('',(-2.7,0.,-1.25));
#2280=CARTESIAN_POINT('',(0.549999999999999,0.,-1.25));
#2281=CARTESIAN_POINT('',(0.55,0.2,-1.25));
#2282=CARTESIAN_POINT('',(2.7,0.,1.25));
#2283=CARTESIAN_POINT('',(2.7,0.,1.25));
#2284=CARTESIAN_POINT('',(2.7,0.2,1.25));
#2285=CARTESIAN_POINT('',(2.7,2.1,1.25));
#2286=CARTESIAN_POINT('',(2.7,0.2,1.25));
#2287=CARTESIAN_POINT('',(2.7,2.7,0.75));
#2288=CARTESIAN_POINT('',(2.7,2.1,0.75));
#2289=CARTESIAN_POINT('',(2.7,2.1,1.25));
#2290=CARTESIAN_POINT('',(0.,0.,1.25));
#2291=CARTESIAN_POINT('',(-1.45,0.1,1.25));
#2292=CARTESIAN_POINT('',(-1.45,0.2,1.25));
#2293=CARTESIAN_POINT('',(-1.45,0.843649167310371,1.25));
#2294=CARTESIAN_POINT('',(0.,0.2,1.25));
#2295=CARTESIAN_POINT('',(-1.2,0.2,1.25));
#2296=CARTESIAN_POINT('',(-1.2,0.2,1.25));
#2297=CARTESIAN_POINT('',(-1.2,0.,1.25));
#2298=CARTESIAN_POINT('',(-2.7,0.,1.25));
#2299=CARTESIAN_POINT('',(-0.550000000000001,0.,1.25));
#2300=CARTESIAN_POINT('',(-0.55,0.2,1.25));
#2301=CARTESIAN_POINT('',(-0.55,0.2,1.25));
#2302=CARTESIAN_POINT('',(0.,0.2,1.25));
#2303=CARTESIAN_POINT('',(0.55,0.2,1.25));
#2304=CARTESIAN_POINT('',(0.55,0.2,1.25));
#2305=CARTESIAN_POINT('',(0.55,0.,1.25));
#2306=CARTESIAN_POINT('',(-2.7,0.,1.25));
#2307=CARTESIAN_POINT('',(1.2,0.,1.25));
#2308=CARTESIAN_POINT('',(1.2,0.2,1.25));
#2309=CARTESIAN_POINT('',(1.2,0.2,1.25));
#2310=CARTESIAN_POINT('',(0.,0.2,1.25));
#2311=CARTESIAN_POINT('',(1.45,0.2,1.25));
#2312=CARTESIAN_POINT('',(1.45,0.,1.25));
#2313=CARTESIAN_POINT('',(1.45,0.843649167310371,1.25));
#2314=CARTESIAN_POINT('',(2.05,0.843649167310371,1.25));
#2315=CARTESIAN_POINT('',(2.05,0.843649167310371,1.25));
#2316=CARTESIAN_POINT('',(2.05,0.1,1.25));
#2317=CARTESIAN_POINT('',(2.05,0.2,1.25));
#2318=CARTESIAN_POINT('',(0.,0.2,1.25));
#2319=CARTESIAN_POINT('',(2.2,2.1,1.25));
#2320=CARTESIAN_POINT('',(2.2,2.1,1.25));
#2321=CARTESIAN_POINT('',(2.2,2.7,1.25));
#2322=CARTESIAN_POINT('',(0.,0.2,1.25));
#2323=CARTESIAN_POINT('',(-2.05,0.2,1.25));
#2324=CARTESIAN_POINT('',(-2.05,0.,1.25));
#2325=CARTESIAN_POINT('',(-2.05,0.843649167310371,1.25));
#2326=CARTESIAN_POINT('',(-1.45,0.843649167310371,1.25));
#2327=CARTESIAN_POINT('',(-2.7,0.,1.25));
#2328=CARTESIAN_POINT('',(-0.549999999999999,0.,1.25));
#2329=CARTESIAN_POINT('',(-0.55,0.,-0.25));
#2330=CARTESIAN_POINT('',(-2.7,0.,-0.25));
#2331=CARTESIAN_POINT('',(0.55,0.,-0.25));
#2332=CARTESIAN_POINT('',(0.55,0.,1.25));
#2333=CARTESIAN_POINT('',(1.2,0.,1.25));
#2334=CARTESIAN_POINT('',(1.2,0.,-0.25));
#2335=CARTESIAN_POINT('',(-2.7,0.,-0.25));
#2336=CARTESIAN_POINT('',(2.2,0.,-0.25));
#2337=CARTESIAN_POINT('',(2.2,0.,1.25));
#2338=CARTESIAN_POINT('',(2.2,0.,0.25));
#2339=CARTESIAN_POINT('',(-2.7,0.,0.25));
#2340=CARTESIAN_POINT('',(1.2,0.,0.25));
#2341=CARTESIAN_POINT('',(1.2,0.,1.25));
#2342=CARTESIAN_POINT('',(0.55,0.,1.25));
#2343=CARTESIAN_POINT('',(0.55,0.,0.25));
#2344=CARTESIAN_POINT('',(-2.7,0.,0.25));
#2345=CARTESIAN_POINT('',(-0.55,0.,0.25));
#2346=CARTESIAN_POINT('',(-0.55,0.,1.25));
#2347=CARTESIAN_POINT('',(-1.2,0.,1.25));
#2348=CARTESIAN_POINT('',(-1.2,0.,0.25));
#2349=CARTESIAN_POINT('',(-2.7,0.,0.25));
#2350=CARTESIAN_POINT('',(-2.2,0.,0.25));
#2351=CARTESIAN_POINT('',(-2.2,0.,1.25));
#2352=CARTESIAN_POINT('',(-2.2,0.,-0.25));
#2353=CARTESIAN_POINT('',(-2.7,0.,-0.25));
#2354=CARTESIAN_POINT('',(-1.2,0.,-0.25));
#2355=CARTESIAN_POINT('',(-1.2,0.,1.25));
#2356=CARTESIAN_POINT('',(2.7,2.7,0.75));
#2357=CARTESIAN_POINT('',(2.7,2.1,0.75));
#2358=CARTESIAN_POINT('',(0.,2.1,0.));
#2359=CARTESIAN_POINT('',(-2.7,2.7,-0.75));
#2360=CARTESIAN_POINT('',(-2.7,2.1,-0.75));
#2361=CARTESIAN_POINT('',(0.,2.1,0.));
#2362=CARTESIAN_POINT('',(-1.2,0.2,-1.25));
#2363=CARTESIAN_POINT('',(-1.2,0.2,-0.25));
#2364=CARTESIAN_POINT('',(-1.2,0.2,-0.25));
#2365=CARTESIAN_POINT('',(-1.2,0.2,-1.25));
#2366=CARTESIAN_POINT('',(-1.2,0.2,-0.25));
#2367=CARTESIAN_POINT('',(-2.2,0.2,-0.25));
#2368=CARTESIAN_POINT('',(-2.2,0.2,-0.25));
#2369=CARTESIAN_POINT('',(-1.2,0.2,-0.25));
#2370=CARTESIAN_POINT('',(-2.2,0.2,0.25));
#2371=CARTESIAN_POINT('',(-1.2,0.2,0.25));
#2372=CARTESIAN_POINT('',(-1.2,0.2,0.25));
#2373=CARTESIAN_POINT('',(-2.2,0.2,0.25));
#2374=CARTESIAN_POINT('',(-2.2,0.2,0.25));
#2375=CARTESIAN_POINT('',(-2.2,0.2,0.25));
#2376=CARTESIAN_POINT('',(-1.2,0.2,0.25));
#2377=CARTESIAN_POINT('',(-1.2,0.2,0.25));
#2378=CARTESIAN_POINT('',(-2.2,0.2,-0.25));
#2379=CARTESIAN_POINT('',(-2.2,0.2,-0.25));
#2380=CARTESIAN_POINT('',(0.,0.2,0.));
#2381=CARTESIAN_POINT('',(0.,0.2,1.25));
#2382=CARTESIAN_POINT('',(-0.55,0.2,1.25));
#2383=CARTESIAN_POINT('',(-0.55,0.2,0.25));
#2384=CARTESIAN_POINT('',(-0.55,0.2,0.25));
#2385=CARTESIAN_POINT('',(-0.55,0.2,1.25));
#2386=CARTESIAN_POINT('',(-0.55,0.2,0.25));
#2387=CARTESIAN_POINT('',(0.55,0.2,0.25));
#2388=CARTESIAN_POINT('',(0.55,0.2,0.25));
#2389=CARTESIAN_POINT('',(-0.55,0.2,0.25));
#2390=CARTESIAN_POINT('',(0.55,0.2,0.25));
#2391=CARTESIAN_POINT('',(0.55,0.2,0.25));
#2392=CARTESIAN_POINT('',(0.,0.2,0.));
#2393=CARTESIAN_POINT('',(1.2,0.2,1.25));
#2394=CARTESIAN_POINT('',(1.2,0.2,0.25));
#2395=CARTESIAN_POINT('',(1.2,0.2,0.25));
#2396=CARTESIAN_POINT('',(1.2,0.2,1.25));
#2397=CARTESIAN_POINT('',(1.2,0.2,0.25));
#2398=CARTESIAN_POINT('',(2.2,0.2,0.25));
#2399=CARTESIAN_POINT('',(2.2,0.2,0.25));
#2400=CARTESIAN_POINT('',(1.2,0.2,0.25));
#2401=CARTESIAN_POINT('',(2.2,0.2,0.25));
#2402=CARTESIAN_POINT('',(2.2,0.2,-0.25));
#2403=CARTESIAN_POINT('',(2.2,0.2,-0.25));
#2404=CARTESIAN_POINT('',(2.2,0.2,0.25));
#2405=CARTESIAN_POINT('',(2.2,0.2,-0.25));
#2406=CARTESIAN_POINT('',(1.2,0.2,-0.25));
#2407=CARTESIAN_POINT('',(1.2,0.2,-0.25));
#2408=CARTESIAN_POINT('',(2.2,0.2,-0.25));
#2409=CARTESIAN_POINT('',(1.2,0.2,-0.25));
#2410=CARTESIAN_POINT('',(1.2,0.2,-0.25));
#2411=CARTESIAN_POINT('',(0.,0.2,0.));
#2412=CARTESIAN_POINT('',(0.,0.2,1.25));
#2413=CARTESIAN_POINT('',(0.,0.2,0.));
#2414=CARTESIAN_POINT('',(0.55,0.2,-1.25));
#2415=CARTESIAN_POINT('',(0.55,0.2,-0.25));
#2416=CARTESIAN_POINT('',(0.55,0.2,-0.25));
#2417=CARTESIAN_POINT('',(-0.55,0.2,-0.25));
#2418=CARTESIAN_POINT('',(-0.55,0.2,-0.25));
#2419=CARTESIAN_POINT('',(0.,0.2,-1.25));
#2420=CARTESIAN_POINT('',(-0.55,0.2,-0.25));
#2421=CARTESIAN_POINT('',(-0.55,0.2,-0.25));
#2422=CARTESIAN_POINT('',(0.55,0.2,-0.25));
#2423=CARTESIAN_POINT('',(0.55,0.2,-0.25));
#2424=CARTESIAN_POINT('',(0.55,0.2,-1.25));
#2425=CARTESIAN_POINT('',(1.5,2.4,0.45));
#2426=CARTESIAN_POINT('',(0.65,2.05,0.45));
#2427=CARTESIAN_POINT('',(0.65,2.05,0.45));
#2428=CARTESIAN_POINT('',(-0.65,2.05,0.45));
#2429=CARTESIAN_POINT('',(-0.65,2.05,0.45));
#2430=CARTESIAN_POINT('',(-0.65,1.60000000000002,0.45));
#2431=CARTESIAN_POINT('',(2.05,0.1,1.25));
#2432=CARTESIAN_POINT('',(1.45,0.1,1.25));
#2433=CARTESIAN_POINT('',(1.45,0.1,1.25));
#2434=CARTESIAN_POINT('',(2.05,0.1,1.25));
#2435=CARTESIAN_POINT('',(2.05,0.1,1.25));
#2436=CARTESIAN_POINT('',(2.05,0.1,1.25));
#2437=CARTESIAN_POINT('',(2.05,0.65,1.4));
#2438=CARTESIAN_POINT('',(1.45,0.65,1.4));
#2439=CARTESIAN_POINT('',(1.45,0.65,1.4));
#2440=CARTESIAN_POINT('',(1.45,0.1,1.4));
#2441=CARTESIAN_POINT('',(2.05,0.1,1.4));
#2442=CARTESIAN_POINT('',(2.05,0.1,1.4));
#2443=CARTESIAN_POINT('',(2.05,0.65,1.4));
#2444=CARTESIAN_POINT('',(2.05,0.65,1.4));
#2445=CARTESIAN_POINT('',(2.05,0.65,1.4));
#2446=CARTESIAN_POINT('',(2.05,0.1,1.2));
#2447=CARTESIAN_POINT('',(1.45,0.1,1.2));
#2448=CARTESIAN_POINT('',(1.45,-0.1,1.2));
#2449=CARTESIAN_POINT('',(2.05,-0.1,1.2));
#2450=CARTESIAN_POINT('',(2.05,-0.1,1.2));
#2451=CARTESIAN_POINT('',(2.05,0.1,1.2));
#2452=CARTESIAN_POINT('',(2.05,-0.1,1.2));
#2453=CARTESIAN_POINT('',(1.45,-0.1,1.2));
#2454=CARTESIAN_POINT('',(1.45,-0.1,0.55));
#2455=CARTESIAN_POINT('',(2.05,-0.1,0.55));
#2456=CARTESIAN_POINT('',(2.05,-0.1,0.55));
#2457=CARTESIAN_POINT('',(2.05,-0.1,1.2));
#2458=CARTESIAN_POINT('',(2.05,-0.1,0.55));
#2459=CARTESIAN_POINT('',(1.45,-0.1,0.55));
#2460=CARTESIAN_POINT('',(1.45,0.05,0.55));
#2461=CARTESIAN_POINT('',(2.05,0.05,0.55));
#2462=CARTESIAN_POINT('',(2.05,0.05,0.55));
#2463=CARTESIAN_POINT('',(2.05,-0.1,0.55));
#2464=CARTESIAN_POINT('',(2.05,0.05,0.55));
#2465=CARTESIAN_POINT('',(1.45,0.05,0.55));
#2466=CARTESIAN_POINT('',(1.45,0.05,1.2));
#2467=CARTESIAN_POINT('',(2.05,0.05,1.2));
#2468=CARTESIAN_POINT('',(2.05,0.05,1.2));
#2469=CARTESIAN_POINT('',(2.05,0.05,0.55));
#2470=CARTESIAN_POINT('',(2.05,0.0999999999999997,1.2));
#2471=CARTESIAN_POINT('',(1.45,0.0999999999999997,1.2));
#2472=CARTESIAN_POINT('',(2.05,0.0999999999999997,1.2));
#2473=CARTESIAN_POINT('',(2.05,0.65,1.2));
#2474=CARTESIAN_POINT('',(1.45,0.65,1.2));
#2475=CARTESIAN_POINT('',(2.05,0.65,1.2));
#2476=CARTESIAN_POINT('',(2.05,0.1,1.2));
#2477=CARTESIAN_POINT('',(1.45,0.1,1.2));
#2478=CARTESIAN_POINT('',(-1.45,0.1,1.25));
#2479=CARTESIAN_POINT('',(-2.05,0.1,1.25));
#2480=CARTESIAN_POINT('',(-2.05,0.1,1.25));
#2481=CARTESIAN_POINT('',(-1.45,0.1,1.25));
#2482=CARTESIAN_POINT('',(-1.45,0.1,1.25));
#2483=CARTESIAN_POINT('',(-1.45,0.1,1.25));
#2484=CARTESIAN_POINT('',(-1.45,0.65,1.4));
#2485=CARTESIAN_POINT('',(-2.05,0.65,1.4));
#2486=CARTESIAN_POINT('',(-2.05,0.65,1.4));
#2487=CARTESIAN_POINT('',(-2.05,0.1,1.4));
#2488=CARTESIAN_POINT('',(-1.45,0.1,1.4));
#2489=CARTESIAN_POINT('',(-1.45,0.1,1.4));
#2490=CARTESIAN_POINT('',(-1.45,0.65,1.4));
#2491=CARTESIAN_POINT('',(-1.45,0.65,1.4));
#2492=CARTESIAN_POINT('',(-1.45,0.65,1.4));
#2493=CARTESIAN_POINT('',(-1.45,0.1,1.2));
#2494=CARTESIAN_POINT('',(-2.05,0.1,1.2));
#2495=CARTESIAN_POINT('',(-2.05,-0.1,1.2));
#2496=CARTESIAN_POINT('',(-1.45,-0.1,1.2));
#2497=CARTESIAN_POINT('',(-1.45,-0.1,1.2));
#2498=CARTESIAN_POINT('',(-1.45,0.1,1.2));
#2499=CARTESIAN_POINT('',(-1.45,-0.1,1.2));
#2500=CARTESIAN_POINT('',(-2.05,-0.1,1.2));
#2501=CARTESIAN_POINT('',(-2.05,-0.1,0.55));
#2502=CARTESIAN_POINT('',(-1.45,-0.1,0.55));
#2503=CARTESIAN_POINT('',(-1.45,-0.1,0.55));
#2504=CARTESIAN_POINT('',(-1.45,-0.1,1.2));
#2505=CARTESIAN_POINT('',(-1.45,-0.1,0.55));
#2506=CARTESIAN_POINT('',(-2.05,-0.1,0.55));
#2507=CARTESIAN_POINT('',(-2.05,0.05,0.55));
#2508=CARTESIAN_POINT('',(-1.45,0.05,0.55));
#2509=CARTESIAN_POINT('',(-1.45,0.05,0.55));
#2510=CARTESIAN_POINT('',(-1.45,-0.1,0.55));
#2511=CARTESIAN_POINT('',(-1.45,0.05,0.55));
#2512=CARTESIAN_POINT('',(-2.05,0.05,0.55));
#2513=CARTESIAN_POINT('',(-2.05,0.05,1.2));
#2514=CARTESIAN_POINT('',(-1.45,0.05,1.2));
#2515=CARTESIAN_POINT('',(-1.45,0.05,1.2));
#2516=CARTESIAN_POINT('',(-1.45,0.05,0.55));
#2517=CARTESIAN_POINT('',(-1.45,0.0999999999999997,1.2));
#2518=CARTESIAN_POINT('',(-2.05,0.0999999999999997,1.2));
#2519=CARTESIAN_POINT('',(-1.45,0.0999999999999997,1.2));
#2520=CARTESIAN_POINT('',(-1.45,0.65,1.2));
#2521=CARTESIAN_POINT('',(-2.05,0.65,1.2));
#2522=CARTESIAN_POINT('',(-1.45,0.65,1.2));
#2523=CARTESIAN_POINT('',(-1.45,0.1,1.2));
#2524=CARTESIAN_POINT('',(-2.05,0.1,1.2));
#2525=CARTESIAN_POINT('',(0.3,0.650000000000002,-1.2));
#2526=CARTESIAN_POINT('',(-0.3,0.650000000000002,-1.2));
#2527=CARTESIAN_POINT('',(-0.3,0.649999999999997,-1.4));
#2528=CARTESIAN_POINT('',(0.3,0.650000000000002,-1.2));
#2529=CARTESIAN_POINT('',(0.3,0.649999999999997,-1.4));
#2530=CARTESIAN_POINT('',(0.3,0.649999999999997,-1.4));
#2531=CARTESIAN_POINT('',(0.3,0.649999999999997,-1.25));
#2532=CARTESIAN_POINT('',(0.3,0.649999999999997,-1.25));
#2533=CARTESIAN_POINT('',(0.3,0.100000000000003,-1.25));
#2534=CARTESIAN_POINT('',(-0.3,0.649999999999997,-1.25));
#2535=CARTESIAN_POINT('',(-0.3,0.100000000000003,-1.25));
#2536=CARTESIAN_POINT('',(0.3,0.100000000000003,-1.25));
#2537=CARTESIAN_POINT('',(0.3,0.650000000000006,-1.2));
#2538=CARTESIAN_POINT('',(0.3,0.0999999999999941,-1.2));
#2539=CARTESIAN_POINT('',(0.3,0.0499999999999944,-1.2));
#2540=CARTESIAN_POINT('',(0.3,0.0499999999999943,-1.2));
#2541=CARTESIAN_POINT('',(0.3,0.0499999999999943,-0.55));
#2542=CARTESIAN_POINT('',(0.3,0.0499999999999943,-0.55));
#2543=CARTESIAN_POINT('',(0.3,-0.100000000000003,-0.55));
#2544=CARTESIAN_POINT('',(0.3,-0.100000000000003,-0.55));
#2545=CARTESIAN_POINT('',(0.3,-0.100000000000003,-1.2));
#2546=CARTESIAN_POINT('',(0.3,0.0999999999999977,-1.2));
#2547=CARTESIAN_POINT('',(0.3,0.100000000000003,-1.4));
#2548=CARTESIAN_POINT('',(0.3,0.100000000000003,-1.4));
#2549=CARTESIAN_POINT('',(-0.3,0.650000000000006,-1.2));
#2550=CARTESIAN_POINT('',(-0.3,0.100000000000003,-1.4));
#2551=CARTESIAN_POINT('',(-0.3,0.100000000000003,-1.4));
#2552=CARTESIAN_POINT('',(-0.3,0.0999999999999977,-1.2));
#2553=CARTESIAN_POINT('',(-0.3,-0.100000000000003,-1.2));
#2554=CARTESIAN_POINT('',(-0.3,-0.100000000000003,-0.55));
#2555=CARTESIAN_POINT('',(-0.3,-0.100000000000003,-0.55));
#2556=CARTESIAN_POINT('',(-0.3,0.0499999999999943,-0.55));
#2557=CARTESIAN_POINT('',(-0.3,0.0499999999999943,-0.55));
#2558=CARTESIAN_POINT('',(-0.3,0.0499999999999943,-1.2));
#2559=CARTESIAN_POINT('',(-0.3,0.0499999999999944,-1.2));
#2560=CARTESIAN_POINT('',(-0.3,0.0999999999999941,-1.2));
#2561=CARTESIAN_POINT('',(0.3,0.0999999999999941,-1.2));
#2562=CARTESIAN_POINT('',(0.3,0.0499999999999944,-1.2));
#2563=CARTESIAN_POINT('',(0.3,0.0499999999999943,-1.2));
#2564=CARTESIAN_POINT('',(0.3,0.0499999999999943,-0.55));
#2565=CARTESIAN_POINT('',(0.3,0.0499999999999943,-0.55));
#2566=CARTESIAN_POINT('',(0.3,-0.100000000000003,-0.55));
#2567=CARTESIAN_POINT('',(0.3,-0.100000000000003,-0.55));
#2568=CARTESIAN_POINT('',(0.3,-0.100000000000003,-1.2));
#2569=CARTESIAN_POINT('',(0.3,0.0999999999999977,-1.2));
#2570=CARTESIAN_POINT('',(0.3,0.100000000000003,-1.4));
#2571=CARTESIAN_POINT('',(0.3,0.100000000000003,-1.4));
#2572=CARTESIAN_POINT('',(-1.075,2.38,0.85));
#2573=CARTESIAN_POINT('',(-1.075,2.38,0.85));
#2574=CARTESIAN_POINT('',(-0.875,2.38,0.85));
#2575=CARTESIAN_POINT('',(-1.075,2.38,0.85));
#2576=CARTESIAN_POINT('',(0.,-2.4,-2.93915231795365E-16));
#2577=CARTESIAN_POINT('',(-0.3,0.5,0.35));
#2578=CARTESIAN_POINT('',(-0.3,1.,-0.25));
#2579=CARTESIAN_POINT('',(-0.3,0.5,-0.25));
#2580=CARTESIAN_POINT('',(-0.3,0.,-0.25));
#2581=CARTESIAN_POINT('',(-0.3,0.,0.35));
#2582=CARTESIAN_POINT('',(-0.3,0.,0.25));
#2583=CARTESIAN_POINT('',(-0.3,1.,0.25));
#2584=CARTESIAN_POINT('',(-0.3,0.5,0.25));
#2585=CARTESIAN_POINT('',(-0.3,0.5,0.35));
#2586=CARTESIAN_POINT('',(-0.3,0.,0.35));
#2587=CARTESIAN_POINT('',(-0.2,0.,-0.25));
#2588=CARTESIAN_POINT('',(-0.2,0.,-0.35));
#2589=CARTESIAN_POINT('',(-0.3,0.,-0.35));
#2590=CARTESIAN_POINT('',(0.2,0.,-0.35));
#2591=CARTESIAN_POINT('',(0.2,0.,-0.25));
#2592=CARTESIAN_POINT('',(0.3,0.,-0.25));
#2593=CARTESIAN_POINT('',(0.3,0.,0.35));
#2594=CARTESIAN_POINT('',(0.3,0.,0.25));
#2595=CARTESIAN_POINT('',(0.2,0.,0.25));
#2596=CARTESIAN_POINT('',(0.2,0.,0.35));
#2597=CARTESIAN_POINT('',(-0.3,0.,0.35));
#2598=CARTESIAN_POINT('',(-0.2,0.,0.35));
#2599=CARTESIAN_POINT('',(-0.2,0.,0.25));
#2600=CARTESIAN_POINT('',(0.3,0.,0.35));
#2601=CARTESIAN_POINT('',(0.3,1.,-0.25));
#2602=CARTESIAN_POINT('',(0.3,0.5,-0.25));
#2603=CARTESIAN_POINT('',(0.3,0.5,0.35));
#2604=CARTESIAN_POINT('',(0.3,0.5,0.25));
#2605=CARTESIAN_POINT('',(0.3,1.,0.25));
#2606=CARTESIAN_POINT('',(-0.2,0.5,0.35));
#2607=CARTESIAN_POINT('',(0.2,1.,0.35));
#2608=CARTESIAN_POINT('',(0.2,0.5,0.35));
#2609=CARTESIAN_POINT('',(1.,0.5,0.35));
#2610=CARTESIAN_POINT('',(-0.2,0.5,0.35));
#2611=CARTESIAN_POINT('',(-0.2,1.,0.35));
#2612=CARTESIAN_POINT('',(-0.2,0.5,-0.35));
#2613=CARTESIAN_POINT('',(-0.2,1.,-0.35));
#2614=CARTESIAN_POINT('',(-0.2,0.5,-0.35));
#2615=CARTESIAN_POINT('',(1.,0.5,-0.35));
#2616=CARTESIAN_POINT('',(0.2,0.5,-0.35));
#2617=CARTESIAN_POINT('',(0.2,1.,-0.35));
#2618=CARTESIAN_POINT('',(0.2,0.6,0.35));
#2619=CARTESIAN_POINT('',(-0.2,0.6,0.35));
#2620=CARTESIAN_POINT('',(-0.2,0.6,0.25));
#2621=CARTESIAN_POINT('',(-0.2,0.6,-0.25));
#2622=CARTESIAN_POINT('',(1.,0.6,0.25));
#2623=CARTESIAN_POINT('',(0.2,0.6,0.25));
#2624=CARTESIAN_POINT('',(0.2,0.6,0.35));
#2625=CARTESIAN_POINT('',(0.2,0.6,-0.25));
#2626=CARTESIAN_POINT('',(1.,0.6,-0.25));
#2627=CARTESIAN_POINT('',(-0.2,0.5,0.35));
#2628=CARTESIAN_POINT('',(-0.2,0.5,-0.25));
#2629=CARTESIAN_POINT('',(-0.270710678118655,0.570710678118655,-0.320710678118655));
#2630=CARTESIAN_POINT('',(-0.2,0.5,-0.25));
#2631=CARTESIAN_POINT('',(-0.2,0.5,0.25));
#2632=CARTESIAN_POINT('',(-0.270710678118655,0.570710678118655,0.320710678118655));
#2633=CARTESIAN_POINT('',(-0.2,0.5,0.25));
#2634=CARTESIAN_POINT('',(0.2,0.5,0.35));
#2635=CARTESIAN_POINT('',(0.2,0.5,-0.25));
#2636=CARTESIAN_POINT('',(0.270710678118655,0.570710678118655,-0.320710678118655));
#2637=CARTESIAN_POINT('',(0.2,0.5,-0.25));
#2638=CARTESIAN_POINT('',(0.2,0.5,0.25));
#2639=CARTESIAN_POINT('',(0.270710678118655,0.570710678118655,0.320710678118655));
#2640=CARTESIAN_POINT('',(0.2,0.5,0.25));
#2641=CARTESIAN_POINT('',(1.,0.5,-0.25));
#2642=CARTESIAN_POINT('',(-0.2,0.5,-0.25));
#2643=CARTESIAN_POINT('',(0.2,0.5,-0.25));
#2644=CARTESIAN_POINT('',(1.,0.5,0.25));
#2645=CARTESIAN_POINT('',(0.2,0.5,0.25));
#2646=CARTESIAN_POINT('',(-0.2,0.5,0.25));
#2647=CARTESIAN_POINT('',(-0.2,1.,0.25));
#2648=CARTESIAN_POINT('',(0.2,1.,0.25));
#2649=CARTESIAN_POINT('',(0.2,1.,-0.25));
#2650=CARTESIAN_POINT('',(-0.2,1.,-0.25));
#2651=CARTESIAN_POINT('',(0.3,-0.6,-2.93915231795365E-16));
#2652=(
GEOMETRIC_REPRESENTATION_CONTEXT(3)
GLOBAL_UNCERTAINTY_ASSIGNED_CONTEXT((#2655))
GLOBAL_UNIT_ASSIGNED_CONTEXT((#2660,#2659,#2658))
REPRESENTATION_CONTEXT('CAS-120TA','TOP_LEVEL_ASSEMBLY_PART')
);
#2653=(
GEOMETRIC_REPRESENTATION_CONTEXT(3)
GLOBAL_UNCERTAINTY_ASSIGNED_CONTEXT((#2656))
GLOBAL_UNIT_ASSIGNED_CONTEXT((#2660,#2659,#2658))
REPRESENTATION_CONTEXT('CAS_c_12A','COMPONENT_PART')
);
#2654=(
GEOMETRIC_REPRESENTATION_CONTEXT(3)
GLOBAL_UNCERTAINTY_ASSIGNED_CONTEXT((#2657))
GLOBAL_UNIT_ASSIGNED_CONTEXT((#2660,#2659,#2658))
REPRESENTATION_CONTEXT('1 pole_s','COMPONENT_PART')
);
#2655=UNCERTAINTY_MEASURE_WITH_UNIT(LENGTH_MEASURE(1.E-5),#2660,
'DISTANCE_ACCURACY_VALUE','Maximum Tolerance applied to model');
#2656=UNCERTAINTY_MEASURE_WITH_UNIT(LENGTH_MEASURE(1.E-5),#2660,
'DISTANCE_ACCURACY_VALUE','Maximum Tolerance applied to model');
#2657=UNCERTAINTY_MEASURE_WITH_UNIT(LENGTH_MEASURE(1.E-5),#2660,
'DISTANCE_ACCURACY_VALUE','Maximum Tolerance applied to model');
#2658=(
NAMED_UNIT(*)
SI_UNIT($,.STERADIAN.)
SOLID_ANGLE_UNIT()
);
#2659=(
NAMED_UNIT(*)
PLANE_ANGLE_UNIT()
SI_UNIT($,.RADIAN.)
);
#2660=(
LENGTH_UNIT()
NAMED_UNIT(*)
SI_UNIT(.MILLI.,.METRE.)
);
#2661=PRODUCT_DEFINITION_SHAPE('','',#2666);
#2662=PRODUCT_DEFINITION_SHAPE('','',#2667);
#2663=PRODUCT_DEFINITION_SHAPE(' ','NAUO PRDDFN',#32);
#2664=PRODUCT_DEFINITION_SHAPE('','',#2668);
#2665=PRODUCT_DEFINITION_SHAPE(' ','NAUO PRDDFN',#33);
#2666=PRODUCT_DEFINITION('','',#2672,#2669);
#2667=PRODUCT_DEFINITION('','',#2673,#2670);
#2668=PRODUCT_DEFINITION('','',#2674,#2671);
#2669=DESIGN_CONTEXT('',#2688,'design');
#2670=DESIGN_CONTEXT('',#2688,'design');
#2671=DESIGN_CONTEXT('',#2688,'design');
#2672=PRODUCT_DEFINITION_FORMATION_WITH_SPECIFIED_SOURCE('','',#2678,
 .NOT_KNOWN.);
#2673=PRODUCT_DEFINITION_FORMATION_WITH_SPECIFIED_SOURCE('','',#2679,
 .NOT_KNOWN.);
#2674=PRODUCT_DEFINITION_FORMATION_WITH_SPECIFIED_SOURCE('','',#2680,
 .NOT_KNOWN.);
#2675=PRODUCT_RELATED_PRODUCT_CATEGORY('','',(#2678));
#2676=PRODUCT_RELATED_PRODUCT_CATEGORY('','',(#2679));
#2677=PRODUCT_RELATED_PRODUCT_CATEGORY('','',(#2680));
#2678=PRODUCT('CAS-120TA','CAS-120TA','CAS-120TA',(#2684));
#2679=PRODUCT('CAS_c_12A','CAS_c_12A','CAS_c_12A',(#2685));
#2680=PRODUCT('1 pole_s','1 pole_s','1 pole_s',(#2686));
#2681=PRODUCT_CATEGORY('','');
#2682=PRODUCT_CATEGORY('','');
#2683=PRODUCT_CATEGORY('','');
#2684=MECHANICAL_CONTEXT('',#2688,'mechanical');
#2685=MECHANICAL_CONTEXT('',#2688,'mechanical');
#2686=MECHANICAL_CONTEXT('',#2688,'mechanical');
#2687=APPLICATION_PROTOCOL_DEFINITION('international standard',
'config_control_design',2010,#2688);
#2688=APPLICATION_CONTEXT(
'configuration controlled 3D designs of mechanical parts and assemblie
s');
ENDSEC;
END-ISO-10303-21;
