ISO-10303-21;
HEADER;
FILE_DESCRIPTION(('STEP AP214'),'1');
FILE_NAME('CON14_2X7_DUK_FTSH_SAI','2026-04-29T11:56:06',(''),(''),'','','');
FILE_SCHEMA(('AUTOMOTIVE_DESIGN'));
ENDSEC;
DATA;
#1=SHAPE_DEFINITION_REPRESENTATION(#2,#3);
#2=PRODUCT_DEFINITION_SHAPE('',$,#4);
#3=SHAPE_REPRESENTATION('',(#188,#4404,#8621,#8623,#9991,#9993,#11361,#11363,#12731,#12733,#14101,#14103,#15471,#15473,#16841,#16843,#18211,#18213,#19581,#19583,#20951,#20953,#22321,#22323,#23691,#23693,#25061,#25063,#26431,#26433,#19),#11);
#4=PRODUCT_DEFINITION('design','example product_definition',#6,#5);
#5=PRODUCT_DEFINITION_CONTEXT('3D Mechanical Parts',#10,'design');
#6=PRODUCT_DEFINITION_FORMATION('1.0','first version',#8);
#7=APPLICATION_PROTOCOL_DEFINITION('international standard','automotive_design',2003,#10);
#8=PRODUCT('product','part','',(#9));
#9=PRODUCT_CONTEXT('3D Mechanical Parts',#10,'mechanical');
#10=APPLICATION_CONTEXT('Core Data for Automotive Mechanical Design Process');
#11=(GEOMETRIC_REPRESENTATION_CONTEXT(3) GLOBAL_UNCERTAINTY_ASSIGNED_CONTEXT((#12)) GLOBAL_UNIT_ASSIGNED_CONTEXT((#13,#14,#18)) REPRESENTATION_CONTEXT('ID1','3D'));
#12=UNCERTAINTY_MEASURE_WITH_UNIT(LENGTH_MEASURE(1.E-005),#13,'DISTANCE_ACCURACY_VALUE','Maximum model space distance between geometric entities at asserted connectivities');
#13=(LENGTH_UNIT() NAMED_UNIT(*) SI_UNIT(.MILLI.,.METRE.));
#14=(CONVERSION_BASED_UNIT('degree',#16) NAMED_UNIT(#15) PLANE_ANGLE_UNIT());
#15=DIMENSIONAL_EXPONENTS(0.,0.,0.,0.,0.,0.,0.);
#16=MEASURE_WITH_UNIT(PLANE_ANGLE_MEASURE(0.01745329252),#17);
#17=(NAMED_UNIT(*) PLANE_ANGLE_UNIT() SI_UNIT($,.RADIAN.));
#18=(NAMED_UNIT(*) SI_UNIT($,.STERADIAN.) SOLID_ANGLE_UNIT());
#19=AXIS2_PLACEMENT_3D('',#20,#21,#22);
#20=CARTESIAN_POINT('',(0.0,0.0,0.0));
#21=DIRECTION('',(0.0,0.0,1.0));
#22=DIRECTION('',(1.0,0.0,0.0));
#25=MECHANICAL_DESIGN_GEOMETRIC_PRESENTATION_REPRESENTATION($,(#190,#239,#288,#337,#386,#435,#484,#533,#582,#631,#680,#729,#778,#827,#876,#925,#974,#1023,#1072,#1121,#1170,#1219,#1268,#1317,#1366,#1415,#1464,#1513,#1562,#1611,#1660,#1709,#1758,#1807,#1856,#1905,#1954,#2003,#2052,#2101,#2150,#2199,#2248,#2297,#2346,#2395,#2444,#2493,#2542,#2591,#2640,#2689,#2738,#2787,#2836,#2885,#2934,#2983,#3032,#3081,#3130,#3179,#3228,#3277,#3326,#3375,#3424,#3473,#3522,#3571,#3620,#3669,#3718,#3767,#3816,#3865,#3914,#3963,#4012,#4061,#4110,#4159,#4208,#4257,#4306,#4355,#4406,#4455,#4504,#4553,#4602,#4651,#4700,#4749,#4798,#4847,#4896,#4945,#4994,#5043,#5092,#5141,#5190,#5239,#5288,#5337,#5386,#5435,#5484,#5533,#5582,#5631,#5680,#5729,#5778,#5827,#5876,#5925,#5974,#6023,#6072,#6121,#6170,#6219,#6268,#6317,#6366,#6415,#6464,#6513,#6562,#6611,#6660,#6709,#6758,#6807,#6856,#6905,#6954,#7003,#7052,#7101,#7150,#7199,#7248,#7297,#7346,#7395,#7444,#7493,#7542,#7591,#7640,#7689,#7738,#7787,#7836,#7885,#7934,#7983,#8032,#8081,#8130,#8179,#8228,#8277,#8326,#8375,#8424,#8473,#8522,#8571,#8625,#8674,#8723,#8772,#8821,#8870,#8919,#8968,#9017,#9066,#9115,#9164,#9213,#9262,#9360,#9458,#9507,#9556,#9605,#9654,#9703,#9754,#9805,#9898,#9995,#10044,#10093,#10142,#10191,#10240,#10289,#10338,#10387,#10436,#10485,#10534,#10583,#10632,#10730,#10828,#10877,#10926,#10975,#11024,#11073,#11124,#11175,#11268,#11365,#11414,#11463,#11512,#11561,#11610,#11659,#11708,#11757,#11806,#11855,#11904,#11953,#12002,#12100,#12198,#12247,#12296,#12345,#12394,#12443,#12494,#12545,#12638,#12735,#12784,#12833,#12882,#12931,#12980,#13029,#13078,#13127,#13176,#13225,#13274,#13323,#13372,#13470,#13568,#13617,#13666,#13715,#13764,#13813,#13864,#13915,#14008,#14105,#14154,#14203,#14252,#14301,#14350,#14399,#14448,#14497,#14546,#14595,#14644,#14693,#14742,#14840,#14938,#14987,#15036,#15085,#15134,#15183,#15234,#15285,#15378,#15475,#15524,#15573,#15622,#15671,#15720,#15769,#15818,#15867,#15916,#15965,#16014,#16063,#16112,#16210,#16308,#16357,#16406,#16455,#16504,#16553,#16604,#16655,#16748,#16845,#16894,#16943,#16992,#17041,#17090,#17139,#17188,#17237,#17286,#17335,#17384,#17433,#17482,#17580,#17678,#17727,#17776,#17825,#17874,#17923,#17974,#18025,#18118,#18215,#18264,#18313,#18362,#18411,#18460,#18509,#18558,#18607,#18656,#18705,#18754,#18803,#18852,#18950,#19048,#19097,#19146,#19195,#19244,#19293,#19344,#19395,#19488,#19585,#19634,#19683,#19732,#19781,#19830,#19879,#19928,#19977,#20026,#20075,#20124,#20173,#20222,#20320,#20418,#20467,#20516,#20565,#20614,#20663,#20714,#20765,#20858,#20955,#21004,#21053,#21102,#21151,#21200,#21249,#21298,#21347,#21396,#21445,#21494,#21543,#21592,#21690,#21788,#21837,#21886,#21935,#21984,#22033,#22084,#22135,#22228,#22325,#22374,#22423,#22472,#22521,#22570,#22619,#22668,#22717,#22766,#22815,#22864,#22913,#22962,#23060,#23158,#23207,#23256,#23305,#23354,#23403,#23454,#23505,#23598,#23695,#23744,#23793,#23842,#23891,#23940,#23989,#24038,#24087,#24136,#24185,#24234,#24283,#24332,#24430,#24528,#24577,#24626,#24675,#24724,#24773,#24824,#24875,#24968,#25065,#25114,#25163,#25212,#25261,#25310,#25359,#25408,#25457,#25506,#25555,#25604,#25653,#25702,#25800,#25898,#25947,#25996,#26045,#26094,#26143,#26194,#26245,#26338,#26435,#26484,#26533,#26582,#26631,#26680,#26729,#26778,#26827,#26876,#26925,#26974,#27023,#27072,#27170,#27268,#27317,#27366,#27415,#27464,#27513,#27564,#27615,#27708),#11);
#26=PRODUCT_CATEGORY_RELATIONSHIP('','',#27,#28);
#27=PRODUCT_CATEGORY('part','');
#28=PRODUCT_RELATED_PRODUCT_CATEGORY('','',(#8));
#34=PRESENTATION_STYLE_ASSIGNMENT((#35,#40));
#35=SURFACE_STYLE_USAGE(.BOTH.,#36);
#36=SURFACE_SIDE_STYLE('',(#37));
#37=SURFACE_STYLE_FILL_AREA(#38);
#38=FILL_AREA_STYLE('',(#39));
#39=FILL_AREA_STYLE_COLOUR('',#41);
#40=CURVE_STYLE('',#42,POSITIVE_LENGTH_MEASURE(0.1),#41);
#41=COLOUR_RGB('Gold',0.843,0.686,0.0);
#42=DRAUGHTING_PRE_DEFINED_CURVE_FONT('continuous');
#43=PRESENTATION_STYLE_ASSIGNMENT((#44,#49));
#44=SURFACE_STYLE_USAGE(.BOTH.,#45);
#45=SURFACE_SIDE_STYLE('',(#46));
#46=SURFACE_STYLE_FILL_AREA(#47);
#47=FILL_AREA_STYLE('',(#48));
#48=FILL_AREA_STYLE_COLOUR('',#50);
#49=CURVE_STYLE('',#51,POSITIVE_LENGTH_MEASURE(0.1),#50);
#50=COLOUR_RGB('Black',0.196,0.196,0.196);
#51=DRAUGHTING_PRE_DEFINED_CURVE_FONT('continuous');
#52=PRESENTATION_STYLE_ASSIGNMENT((#53,#58));
#53=SURFACE_STYLE_USAGE(.BOTH.,#54);
#54=SURFACE_SIDE_STYLE('',(#55));
#55=SURFACE_STYLE_FILL_AREA(#56);
#56=FILL_AREA_STYLE('',(#57));
#57=FILL_AREA_STYLE_COLOUR('',#59);
#58=CURVE_STYLE('',#60,POSITIVE_LENGTH_MEASURE(0.1),#59);
#59=COLOUR_RGB('Pin1',0.588,0.588,0.588);
#60=DRAUGHTING_PRE_DEFINED_CURVE_FONT('continuous');
#61=PRESENTATION_STYLE_ASSIGNMENT((#62,#67));
#62=SURFACE_STYLE_USAGE(.BOTH.,#63);
#63=SURFACE_SIDE_STYLE('',(#64));
#64=SURFACE_STYLE_FILL_AREA(#65);
#65=FILL_AREA_STYLE('',(#66));
#66=FILL_AREA_STYLE_COLOUR('',#68);
#67=CURVE_STYLE('',#69,POSITIVE_LENGTH_MEASURE(0.1),#68);
#68=COLOUR_RGB('HeatTab',0.588,0.588,0.588);
#69=DRAUGHTING_PRE_DEFINED_CURVE_FONT('continuous');
#70=PRESENTATION_STYLE_ASSIGNMENT((#71,#76));
#71=SURFACE_STYLE_USAGE(.BOTH.,#72);
#72=SURFACE_SIDE_STYLE('',(#73));
#73=SURFACE_STYLE_FILL_AREA(#74);
#74=FILL_AREA_STYLE('',(#75));
#75=FILL_AREA_STYLE_COLOUR('',#77);
#76=CURVE_STYLE('',#78,POSITIVE_LENGTH_MEASURE(0.1),#77);
#77=COLOUR_RGB('Aluminum',0.725,0.725,0.725);
#78=DRAUGHTING_PRE_DEFINED_CURVE_FONT('continuous');
#79=PRESENTATION_STYLE_ASSIGNMENT((#80,#85));
#80=SURFACE_STYLE_USAGE(.BOTH.,#81);
#81=SURFACE_SIDE_STYLE('',(#82));
#82=SURFACE_STYLE_FILL_AREA(#83);
#83=FILL_AREA_STYLE('',(#84));
#84=FILL_AREA_STYLE_COLOUR('',#86);
#85=CURVE_STYLE('',#87,POSITIVE_LENGTH_MEASURE(0.1),#86);
#86=COLOUR_RGB('Brown',0.459,0.345,0.176);
#87=DRAUGHTING_PRE_DEFINED_CURVE_FONT('continuous');
#88=PRESENTATION_STYLE_ASSIGNMENT((#89,#94));
#89=SURFACE_STYLE_USAGE(.BOTH.,#90);
#90=SURFACE_SIDE_STYLE('',(#91));
#91=SURFACE_STYLE_FILL_AREA(#92);
#92=FILL_AREA_STYLE('',(#93));
#93=FILL_AREA_STYLE_COLOUR('',#95);
#94=CURVE_STYLE('',#96,POSITIVE_LENGTH_MEASURE(0.1),#95);
#95=COLOUR_RGB('Tan',0.784,0.686,0.51);
#96=DRAUGHTING_PRE_DEFINED_CURVE_FONT('continuous');
#97=PRESENTATION_STYLE_ASSIGNMENT((#98,#103));
#98=SURFACE_STYLE_USAGE(.BOTH.,#99);
#99=SURFACE_SIDE_STYLE('',(#100));
#100=SURFACE_STYLE_FILL_AREA(#101);
#101=FILL_AREA_STYLE('',(#102));
#102=FILL_AREA_STYLE_COLOUR('',#104);
#103=CURVE_STYLE('',#105,POSITIVE_LENGTH_MEASURE(0.1),#104);
#104=COLOUR_RGB('Gray',0.431,0.431,0.431);
#105=DRAUGHTING_PRE_DEFINED_CURVE_FONT('continuous');
#106=PRESENTATION_STYLE_ASSIGNMENT((#107,#112));
#107=SURFACE_STYLE_USAGE(.BOTH.,#108);
#108=SURFACE_SIDE_STYLE('',(#109));
#109=SURFACE_STYLE_FILL_AREA(#110);
#110=FILL_AREA_STYLE('',(#111));
#111=FILL_AREA_STYLE_COLOUR('',#113);
#112=CURVE_STYLE('',#114,POSITIVE_LENGTH_MEASURE(0.1),#113);
#113=COLOUR_RGB('Red',0.6,0.0,0.0);
#114=DRAUGHTING_PRE_DEFINED_CURVE_FONT('continuous');
#115=PRESENTATION_STYLE_ASSIGNMENT((#116,#121));
#116=SURFACE_STYLE_USAGE(.BOTH.,#117);
#117=SURFACE_SIDE_STYLE('',(#118));
#118=SURFACE_STYLE_FILL_AREA(#119);
#119=FILL_AREA_STYLE('',(#120));
#120=FILL_AREA_STYLE_COLOUR('',#122);
#121=CURVE_STYLE('',#123,POSITIVE_LENGTH_MEASURE(0.1),#122);
#122=COLOUR_RGB('Blue',0.157,0.157,0.588);
#123=DRAUGHTING_PRE_DEFINED_CURVE_FONT('continuous');
#124=PRESENTATION_STYLE_ASSIGNMENT((#125,#130));
#125=SURFACE_STYLE_USAGE(.BOTH.,#126);
#126=SURFACE_SIDE_STYLE('',(#127));
#127=SURFACE_STYLE_FILL_AREA(#128);
#128=FILL_AREA_STYLE('',(#129));
#129=FILL_AREA_STYLE_COLOUR('',#131);
#130=CURVE_STYLE('',#132,POSITIVE_LENGTH_MEASURE(0.1),#131);
#131=COLOUR_RGB('Maroon',0.294,0.0,0.0);
#132=DRAUGHTING_PRE_DEFINED_CURVE_FONT('continuous');
#133=PRESENTATION_STYLE_ASSIGNMENT((#134,#139));
#134=SURFACE_STYLE_USAGE(.BOTH.,#135);
#135=SURFACE_SIDE_STYLE('',(#136));
#136=SURFACE_STYLE_FILL_AREA(#137);
#137=FILL_AREA_STYLE('',(#138));
#138=FILL_AREA_STYLE_COLOUR('',#140);
#139=CURVE_STYLE('',#141,POSITIVE_LENGTH_MEASURE(0.1),#140);
#140=COLOUR_RGB('Green',0.0,0.294,0.0);
#141=DRAUGHTING_PRE_DEFINED_CURVE_FONT('continuous');
#142=PRESENTATION_STYLE_ASSIGNMENT((#143,#148));
#143=SURFACE_STYLE_USAGE(.BOTH.,#144);
#144=SURFACE_SIDE_STYLE('',(#145));
#145=SURFACE_STYLE_FILL_AREA(#146);
#146=FILL_AREA_STYLE('',(#147));
#147=FILL_AREA_STYLE_COLOUR('',#149);
#148=CURVE_STYLE('',#150,POSITIVE_LENGTH_MEASURE(0.1),#149);
#149=COLOUR_RGB('Pin1Wrap',0.98,0.706,0.176);
#150=DRAUGHTING_PRE_DEFINED_CURVE_FONT('continuous');
#151=PRESENTATION_STYLE_ASSIGNMENT((#152,#157));
#152=SURFACE_STYLE_USAGE(.BOTH.,#153);
#153=SURFACE_SIDE_STYLE('',(#154));
#154=SURFACE_STYLE_FILL_AREA(#155);
#155=FILL_AREA_STYLE('',(#156));
#156=FILL_AREA_STYLE_COLOUR('',#158);
#157=CURVE_STYLE('',#159,POSITIVE_LENGTH_MEASURE(0.1),#158);
#158=COLOUR_RGB('Pin1Rad',0.588,0.588,0.588);
#159=DRAUGHTING_PRE_DEFINED_CURVE_FONT('continuous');
#160=PRESENTATION_STYLE_ASSIGNMENT((#161,#166));
#161=SURFACE_STYLE_USAGE(.BOTH.,#162);
#162=SURFACE_SIDE_STYLE('',(#163));
#163=SURFACE_STYLE_FILL_AREA(#164);
#164=FILL_AREA_STYLE('',(#165));
#165=FILL_AREA_STYLE_COLOUR('',#167);
#166=CURVE_STYLE('',#168,POSITIVE_LENGTH_MEASURE(0.1),#167);
#167=COLOUR_RGB('Pin1Axial',0.98,0.706,0.176);
#168=DRAUGHTING_PRE_DEFINED_CURVE_FONT('continuous');
#169=PRESENTATION_STYLE_ASSIGNMENT((#170,#175));
#170=SURFACE_STYLE_USAGE(.BOTH.,#171);
#171=SURFACE_SIDE_STYLE('',(#172));
#172=SURFACE_STYLE_FILL_AREA(#173);
#173=FILL_AREA_STYLE('',(#174));
#174=FILL_AREA_STYLE_COLOUR('',#176);
#175=CURVE_STYLE('',#177,POSITIVE_LENGTH_MEASURE(0.1),#176);
#176=COLOUR_RGB('Pin1Tant',0.459,0.345,0.176);
#177=DRAUGHTING_PRE_DEFINED_CURVE_FONT('continuous');
#178=PRESENTATION_STYLE_ASSIGNMENT((#179,#184));
#179=SURFACE_STYLE_USAGE(.BOTH.,#180);
#180=SURFACE_SIDE_STYLE('',(#181));
#181=SURFACE_STYLE_FILL_AREA(#182);
#182=FILL_AREA_STYLE('',(#183));
#183=FILL_AREA_STYLE_COLOUR('',#185);
#184=CURVE_STYLE('',#186,POSITIVE_LENGTH_MEASURE(0.1),#185);
#185=COLOUR_RGB('Shroud',0.235,0.235,0.235);
#186=DRAUGHTING_PRE_DEFINED_CURVE_FONT('continuous');
#188=MANIFOLD_SOLID_BREP($,#189);
#189=CLOSED_SHELL('',(#191,#240,#289,#338,#387,#436,#485,#534,#583,#632,#681,#730,#779,#828,#877,#926,#975,#1024,#1073,#1122,#1171,#1220,#1269,#1318,#1367,#1416,#1465,#1514,#1563,#1612,#1661,#1710,#1759,#1808,#1857,#1906,#1955,#2004,#2053,#2102,#2151,#2200,#2249,#2298,#2347,#2396,#2445,#2494,#2543,#2592,#2641,#2690,#2739,#2788,#2837,#2886,#2935,#2984,#3033,#3082,#3131,#3180,#3229,#3278,#3327,#3376,#3425,#3474,#3523,#3572,#3621,#3670,#3719,#3768,#3817,#3866,#3915,#3964,#4013,#4062,#4111,#4160,#4209,#4258,#4307,#4356));
#190=STYLED_ITEM('',(#43),#191);
#191=ADVANCED_FACE('',(#197),#192,.T.);
#192=PLANE('',#193);
#193=AXIS2_PLACEMENT_3D('',#194,#195,#196);
#194=CARTESIAN_POINT('',(4.445,0.102,2.256));
#195=DIRECTION('',(0.646,0.0,0.763));
#196=DIRECTION('',(0.,0.,1.));
#197=FACE_OUTER_BOUND('',#198,.T.);
#198=EDGE_LOOP('',(#199,#209,#219,#229));
#202=CARTESIAN_POINT('',(4.445,2.438,2.256));
#201=VERTEX_POINT('',#202);
#204=CARTESIAN_POINT('',(4.445,0.102,2.256));
#203=VERTEX_POINT('',#204);
#200=EDGE_CURVE('',#201,#203,#205,.T.);
#205=LINE('',#202,#207);
#207=VECTOR('',#208,2.3367873);
#208=DIRECTION('',(0.0,-1.0,0.0));
#199=ORIENTED_EDGE('',*,*,#200,.F.);
#212=CARTESIAN_POINT('',(4.229,2.54,2.438));
#211=VERTEX_POINT('',#212);
#210=EDGE_CURVE('',#211,#201,#215,.T.);
#215=LINE('',#212,#217);
#217=VECTOR('',#218,0.300631024464617);
#218=DIRECTION('',(0.718,-0.338,-0.608));
#209=ORIENTED_EDGE('',*,*,#210,.F.);
#222=CARTESIAN_POINT('',(4.229,0.0,2.438));
#221=VERTEX_POINT('',#222);
#220=EDGE_CURVE('',#221,#211,#225,.T.);
#225=LINE('',#222,#227);
#227=VECTOR('',#228,2.54);
#228=DIRECTION('',(0.0,1.0,0.0));
#219=ORIENTED_EDGE('',*,*,#220,.F.);
#230=EDGE_CURVE('',#203,#221,#235,.T.);
#235=LINE('',#204,#237);
#237=VECTOR('',#238,0.300631024464617);
#238=DIRECTION('',(-0.718,-0.338,0.608));
#229=ORIENTED_EDGE('',*,*,#230,.F.);
#239=STYLED_ITEM('',(#43),#240);
#240=ADVANCED_FACE('',(#246),#241,.T.);
#241=PLANE('',#242);
#242=AXIS2_PLACEMENT_3D('',#243,#244,#245);
#243=CARTESIAN_POINT('',(3.391,0.0,2.438));
#244=DIRECTION('',(0.0,0.0,1.0));
#245=DIRECTION('',(0.,1.,0.));
#246=FACE_OUTER_BOUND('',#247,.T.);
#247=EDGE_LOOP('',(#248,#258,#268,#278));
#253=CARTESIAN_POINT('',(3.391,0.0,2.438));
#252=VERTEX_POINT('',#253);
#249=EDGE_CURVE('',#221,#252,#254,.T.);
#254=LINE('',#222,#256);
#256=VECTOR('',#257,0.8382127);
#257=DIRECTION('',(-1.0,0.0,0.0));
#248=ORIENTED_EDGE('',*,*,#249,.F.);
#258=ORIENTED_EDGE('',*,*,#220,.T.);
#271=CARTESIAN_POINT('',(3.391,2.54,2.438));
#270=VERTEX_POINT('',#271);
#269=EDGE_CURVE('',#270,#211,#274,.T.);
#274=LINE('',#271,#276);
#276=VECTOR('',#277,0.8382127);
#277=DIRECTION('',(1.0,0.0,0.0));
#268=ORIENTED_EDGE('',*,*,#269,.F.);
#279=EDGE_CURVE('',#252,#270,#284,.T.);
#284=LINE('',#253,#286);
#286=VECTOR('',#287,2.54);
#287=DIRECTION('',(0.0,1.0,0.0));
#278=ORIENTED_EDGE('',*,*,#279,.F.);
#288=STYLED_ITEM('',(#43),#289);
#289=ADVANCED_FACE('',(#295),#290,.T.);
#290=PLANE('',#291);
#291=AXIS2_PLACEMENT_3D('',#292,#293,#294);
#292=CARTESIAN_POINT('',(3.175,0.102,2.256));
#293=DIRECTION('',(-0.646,0.0,0.763));
#294=DIRECTION('',(0.,0.,1.));
#295=FACE_OUTER_BOUND('',#296,.T.);
#296=EDGE_LOOP('',(#297,#307,#317,#327));
#302=CARTESIAN_POINT('',(3.175,0.102,2.256));
#301=VERTEX_POINT('',#302);
#298=EDGE_CURVE('',#252,#301,#303,.T.);
#303=LINE('',#253,#305);
#305=VECTOR('',#306,0.300631024464617);
#306=DIRECTION('',(-0.718,0.338,-0.608));
#297=ORIENTED_EDGE('',*,*,#298,.F.);
#307=ORIENTED_EDGE('',*,*,#279,.T.);
#320=CARTESIAN_POINT('',(3.175,2.438,2.256));
#319=VERTEX_POINT('',#320);
#318=EDGE_CURVE('',#319,#270,#323,.T.);
#323=LINE('',#320,#325);
#325=VECTOR('',#326,0.300631024464617);
#326=DIRECTION('',(0.718,0.338,0.608));
#317=ORIENTED_EDGE('',*,*,#318,.F.);
#328=EDGE_CURVE('',#301,#319,#333,.T.);
#333=LINE('',#302,#335);
#335=VECTOR('',#336,2.3367873);
#336=DIRECTION('',(0.0,1.0,0.0));
#327=ORIENTED_EDGE('',*,*,#328,.F.);
#337=STYLED_ITEM('',(#43),#338);
#338=ADVANCED_FACE('',(#344),#339,.T.);
#339=PLANE('',#340);
#340=AXIS2_PLACEMENT_3D('',#341,#342,#343);
#341=CARTESIAN_POINT('',(4.445,0.102,1.067));
#342=DIRECTION('',(1.0,0.0,0.0));
#343=DIRECTION('',(0.,0.,1.));
#344=FACE_OUTER_BOUND('',#345,.T.);
#345=EDGE_LOOP('',(#346,#356,#366,#376));
#349=CARTESIAN_POINT('',(4.445,2.438,1.067));
#348=VERTEX_POINT('',#349);
#351=CARTESIAN_POINT('',(4.445,0.102,1.067));
#350=VERTEX_POINT('',#351);
#347=EDGE_CURVE('',#348,#350,#352,.T.);
#352=LINE('',#349,#354);
#354=VECTOR('',#355,2.3367873);
#355=DIRECTION('',(0.0,-1.0,0.0));
#346=ORIENTED_EDGE('',*,*,#347,.F.);
#357=EDGE_CURVE('',#201,#348,#362,.T.);
#362=LINE('',#202,#364);
#364=VECTOR('',#365,1.18872);
#365=DIRECTION('',(0.0,0.0,-1.0));
#356=ORIENTED_EDGE('',*,*,#357,.F.);
#366=ORIENTED_EDGE('',*,*,#200,.T.);
#377=EDGE_CURVE('',#350,#203,#382,.T.);
#382=LINE('',#351,#384);
#384=VECTOR('',#385,1.18872);
#385=DIRECTION('',(0.0,0.0,1.0));
#376=ORIENTED_EDGE('',*,*,#377,.F.);
#386=STYLED_ITEM('',(#43),#387);
#387=ADVANCED_FACE('',(#393),#388,.T.);
#388=PLANE('',#389);
#389=AXIS2_PLACEMENT_3D('',#390,#391,#392);
#390=CARTESIAN_POINT('',(4.445,2.438,1.067));
#391=DIRECTION('',(0.426,0.905,0.0));
#392=DIRECTION('',(0.,0.,1.));
#393=FACE_OUTER_BOUND('',#394,.T.);
#394=EDGE_LOOP('',(#395,#405,#415,#425));
#398=CARTESIAN_POINT('',(4.229,2.54,0.61));
#397=VERTEX_POINT('',#398);
#396=EDGE_CURVE('',#397,#348,#401,.T.);
#401=LINE('',#398,#403);
#403=VECTOR('',#404,0.515718681521859);
#404=DIRECTION('',(0.419,-0.197,0.887));
#395=ORIENTED_EDGE('',*,*,#396,.F.);
#406=EDGE_CURVE('',#211,#397,#411,.T.);
#411=LINE('',#212,#413);
#413=VECTOR('',#414,1.8288);
#414=DIRECTION('',(0.0,0.0,-1.0));
#405=ORIENTED_EDGE('',*,*,#406,.F.);
#415=ORIENTED_EDGE('',*,*,#210,.T.);
#425=ORIENTED_EDGE('',*,*,#357,.T.);
#435=STYLED_ITEM('',(#43),#436);
#436=ADVANCED_FACE('',(#442),#437,.T.);
#437=PLANE('',#438);
#438=AXIS2_PLACEMENT_3D('',#439,#440,#441);
#439=CARTESIAN_POINT('',(4.229,2.54,0.61));
#440=DIRECTION('',(0.0,1.0,0.0));
#441=DIRECTION('',(0.,0.,1.));
#442=FACE_OUTER_BOUND('',#443,.T.);
#443=EDGE_LOOP('',(#444,#454,#464,#474));
#447=CARTESIAN_POINT('',(3.391,2.54,0.61));
#446=VERTEX_POINT('',#447);
#445=EDGE_CURVE('',#446,#397,#450,.T.);
#450=LINE('',#447,#452);
#452=VECTOR('',#453,0.8382127);
#453=DIRECTION('',(1.0,0.0,0.0));
#444=ORIENTED_EDGE('',*,*,#445,.F.);
#455=EDGE_CURVE('',#270,#446,#460,.T.);
#460=LINE('',#271,#462);
#462=VECTOR('',#463,1.8288);
#463=DIRECTION('',(0.0,0.0,-1.0));
#454=ORIENTED_EDGE('',*,*,#455,.F.);
#464=ORIENTED_EDGE('',*,*,#269,.T.);
#474=ORIENTED_EDGE('',*,*,#406,.T.);
#484=STYLED_ITEM('',(#43),#485);
#485=ADVANCED_FACE('',(#491),#486,.T.);
#486=PLANE('',#487);
#487=AXIS2_PLACEMENT_3D('',#488,#489,#490);
#488=CARTESIAN_POINT('',(3.391,2.54,0.61));
#489=DIRECTION('',(-0.426,0.905,0.0));
#490=DIRECTION('',(0.,0.,1.));
#491=FACE_OUTER_BOUND('',#492,.T.);
#492=EDGE_LOOP('',(#493,#503,#513,#523));
#496=CARTESIAN_POINT('',(3.175,2.438,1.067));
#495=VERTEX_POINT('',#496);
#494=EDGE_CURVE('',#495,#446,#499,.T.);
#499=LINE('',#496,#501);
#501=VECTOR('',#502,0.515718681521859);
#502=DIRECTION('',(0.419,0.197,-0.887));
#493=ORIENTED_EDGE('',*,*,#494,.F.);
#504=EDGE_CURVE('',#319,#495,#509,.T.);
#509=LINE('',#320,#511);
#511=VECTOR('',#512,1.18872);
#512=DIRECTION('',(0.0,0.0,-1.0));
#503=ORIENTED_EDGE('',*,*,#504,.F.);
#513=ORIENTED_EDGE('',*,*,#318,.T.);
#523=ORIENTED_EDGE('',*,*,#455,.T.);
#533=STYLED_ITEM('',(#43),#534);
#534=ADVANCED_FACE('',(#540),#535,.T.);
#535=PLANE('',#536);
#536=AXIS2_PLACEMENT_3D('',#537,#538,#539);
#537=CARTESIAN_POINT('',(3.175,0.102,1.067));
#538=DIRECTION('',(-0.426,-0.905,0.0));
#539=DIRECTION('',(0.,0.,1.));
#540=FACE_OUTER_BOUND('',#541,.T.);
#541=EDGE_LOOP('',(#542,#552,#562,#572));
#545=CARTESIAN_POINT('',(3.391,0.0,0.61));
#544=VERTEX_POINT('',#545);
#547=CARTESIAN_POINT('',(3.175,0.102,1.067));
#546=VERTEX_POINT('',#547);
#543=EDGE_CURVE('',#544,#546,#548,.T.);
#548=LINE('',#545,#550);
#550=VECTOR('',#551,0.515718681521859);
#551=DIRECTION('',(-0.419,0.197,0.887));
#542=ORIENTED_EDGE('',*,*,#543,.F.);
#553=EDGE_CURVE('',#252,#544,#558,.T.);
#558=LINE('',#253,#560);
#560=VECTOR('',#561,1.8288);
#561=DIRECTION('',(0.0,0.0,-1.0));
#552=ORIENTED_EDGE('',*,*,#553,.F.);
#562=ORIENTED_EDGE('',*,*,#298,.T.);
#573=EDGE_CURVE('',#546,#301,#578,.T.);
#578=LINE('',#547,#580);
#580=VECTOR('',#581,1.18872);
#581=DIRECTION('',(0.0,0.0,1.0));
#572=ORIENTED_EDGE('',*,*,#573,.F.);
#582=STYLED_ITEM('',(#43),#583);
#583=ADVANCED_FACE('',(#589),#584,.T.);
#584=PLANE('',#585);
#585=AXIS2_PLACEMENT_3D('',#586,#587,#588);
#586=CARTESIAN_POINT('',(3.391,0.0,0.61));
#587=DIRECTION('',(0.0,-1.0,0.0));
#588=DIRECTION('',(0.,0.,1.));
#589=FACE_OUTER_BOUND('',#590,.T.);
#590=EDGE_LOOP('',(#591,#601,#611,#621));
#594=CARTESIAN_POINT('',(4.229,0.0,0.61));
#593=VERTEX_POINT('',#594);
#592=EDGE_CURVE('',#593,#544,#597,.T.);
#597=LINE('',#594,#599);
#599=VECTOR('',#600,0.8382127);
#600=DIRECTION('',(-1.0,0.0,0.0));
#591=ORIENTED_EDGE('',*,*,#592,.F.);
#602=EDGE_CURVE('',#221,#593,#607,.T.);
#607=LINE('',#222,#609);
#609=VECTOR('',#610,1.8288);
#610=DIRECTION('',(0.0,0.0,-1.0));
#601=ORIENTED_EDGE('',*,*,#602,.F.);
#611=ORIENTED_EDGE('',*,*,#249,.T.);
#621=ORIENTED_EDGE('',*,*,#553,.T.);
#631=STYLED_ITEM('',(#43),#632);
#632=ADVANCED_FACE('',(#638),#633,.T.);
#633=PLANE('',#634);
#634=AXIS2_PLACEMENT_3D('',#635,#636,#637);
#635=CARTESIAN_POINT('',(4.229,0.0,0.61));
#636=DIRECTION('',(0.426,-0.905,0.0));
#637=DIRECTION('',(0.,0.,1.));
#638=FACE_OUTER_BOUND('',#639,.T.);
#639=EDGE_LOOP('',(#640,#650,#660,#670));
#641=EDGE_CURVE('',#350,#593,#646,.T.);
#646=LINE('',#351,#648);
#648=VECTOR('',#649,0.515718681521859);
#649=DIRECTION('',(-0.419,-0.197,-0.887));
#640=ORIENTED_EDGE('',*,*,#641,.F.);
#650=ORIENTED_EDGE('',*,*,#377,.T.);
#660=ORIENTED_EDGE('',*,*,#230,.T.);
#670=ORIENTED_EDGE('',*,*,#602,.T.);
#680=STYLED_ITEM('',(#43),#681);
#681=ADVANCED_FACE('',(#687),#682,.T.);
#682=PLANE('',#683);
#683=AXIS2_PLACEMENT_3D('',#684,#685,#686);
#684=CARTESIAN_POINT('',(4.229,0.0,0.61));
#685=DIRECTION('',(0.904,0.0,-0.427));
#686=DIRECTION('',(0.,0.,1.));
#687=FACE_OUTER_BOUND('',#688,.T.);
#688=EDGE_LOOP('',(#689,#699,#709,#719));
#690=EDGE_CURVE('',#397,#593,#695,.T.);
#695=LINE('',#398,#697);
#697=VECTOR('',#698,2.54);
#698=DIRECTION('',(0.0,-1.0,0.0));
#689=ORIENTED_EDGE('',*,*,#690,.F.);
#699=ORIENTED_EDGE('',*,*,#396,.T.);
#709=ORIENTED_EDGE('',*,*,#347,.T.);
#719=ORIENTED_EDGE('',*,*,#641,.T.);
#729=STYLED_ITEM('',(#43),#730);
#730=ADVANCED_FACE('',(#736),#731,.T.);
#731=PLANE('',#732);
#732=AXIS2_PLACEMENT_3D('',#733,#734,#735);
#733=CARTESIAN_POINT('',(3.391,2.54,0.61));
#734=DIRECTION('',(0.0,0.0,-1.0));
#735=DIRECTION('',(0.,1.,0.));
#736=FACE_OUTER_BOUND('',#737,.T.);
#737=EDGE_LOOP('',(#738,#748,#758,#768));
#738=ORIENTED_EDGE('',*,*,#445,.T.);
#748=ORIENTED_EDGE('',*,*,#690,.T.);
#758=ORIENTED_EDGE('',*,*,#592,.T.);
#769=EDGE_CURVE('',#446,#544,#774,.T.);
#774=LINE('',#447,#776);
#776=VECTOR('',#777,2.54);
#777=DIRECTION('',(0.0,-1.0,0.0));
#768=ORIENTED_EDGE('',*,*,#769,.F.);
#778=STYLED_ITEM('',(#43),#779);
#779=ADVANCED_FACE('',(#785),#780,.T.);
#780=PLANE('',#781);
#781=AXIS2_PLACEMENT_3D('',#782,#783,#784);
#782=CARTESIAN_POINT('',(3.391,2.54,0.61));
#783=DIRECTION('',(-0.904,0.0,-0.427));
#784=DIRECTION('',(0.,0.,1.));
#785=FACE_OUTER_BOUND('',#786,.T.);
#786=EDGE_LOOP('',(#787,#797,#807,#817));
#787=ORIENTED_EDGE('',*,*,#769,.T.);
#797=ORIENTED_EDGE('',*,*,#543,.T.);
#808=EDGE_CURVE('',#495,#546,#813,.T.);
#813=LINE('',#496,#815);
#815=VECTOR('',#816,2.3367873);
#816=DIRECTION('',(0.0,-1.0,0.0));
#807=ORIENTED_EDGE('',*,*,#808,.F.);
#817=ORIENTED_EDGE('',*,*,#494,.T.);
#827=STYLED_ITEM('',(#43),#828);
#828=ADVANCED_FACE('',(#834),#829,.T.);
#829=PLANE('',#830);
#830=AXIS2_PLACEMENT_3D('',#831,#832,#833);
#831=CARTESIAN_POINT('',(3.175,0.102,2.256));
#832=DIRECTION('',(0.646,0.0,0.763));
#833=DIRECTION('',(0.,0.,1.));
#834=FACE_OUTER_BOUND('',#835,.T.);
#835=EDGE_LOOP('',(#836,#846,#856,#866));
#836=ORIENTED_EDGE('',*,*,#328,.T.);
#849=CARTESIAN_POINT('',(2.959,2.54,2.438));
#848=VERTEX_POINT('',#849);
#847=EDGE_CURVE('',#848,#319,#852,.T.);
#852=LINE('',#849,#854);
#854=VECTOR('',#855,0.300631024464617);
#855=DIRECTION('',(0.718,-0.338,-0.608));
#846=ORIENTED_EDGE('',*,*,#847,.F.);
#859=CARTESIAN_POINT('',(2.959,0.0,2.438));
#858=VERTEX_POINT('',#859);
#857=EDGE_CURVE('',#858,#848,#862,.T.);
#862=LINE('',#859,#864);
#864=VECTOR('',#865,2.54);
#865=DIRECTION('',(0.0,1.0,0.0));
#856=ORIENTED_EDGE('',*,*,#857,.F.);
#867=EDGE_CURVE('',#301,#858,#872,.T.);
#872=LINE('',#302,#874);
#874=VECTOR('',#875,0.300631024464617);
#875=DIRECTION('',(-0.718,-0.338,0.608));
#866=ORIENTED_EDGE('',*,*,#867,.F.);
#876=STYLED_ITEM('',(#43),#877);
#877=ADVANCED_FACE('',(#883),#878,.T.);
#878=PLANE('',#879);
#879=AXIS2_PLACEMENT_3D('',#880,#881,#882);
#880=CARTESIAN_POINT('',(2.121,0.0,2.438));
#881=DIRECTION('',(0.0,0.0,1.0));
#882=DIRECTION('',(0.,1.,0.));
#883=FACE_OUTER_BOUND('',#884,.T.);
#884=EDGE_LOOP('',(#885,#895,#905,#915));
#890=CARTESIAN_POINT('',(2.121,0.0,2.438));
#889=VERTEX_POINT('',#890);
#886=EDGE_CURVE('',#858,#889,#891,.T.);
#891=LINE('',#859,#893);
#893=VECTOR('',#894,0.8382127);
#894=DIRECTION('',(-1.0,0.0,0.0));
#885=ORIENTED_EDGE('',*,*,#886,.F.);
#895=ORIENTED_EDGE('',*,*,#857,.T.);
#908=CARTESIAN_POINT('',(2.121,2.54,2.438));
#907=VERTEX_POINT('',#908);
#906=EDGE_CURVE('',#907,#848,#911,.T.);
#911=LINE('',#908,#913);
#913=VECTOR('',#914,0.8382127);
#914=DIRECTION('',(1.0,0.0,0.0));
#905=ORIENTED_EDGE('',*,*,#906,.F.);
#916=EDGE_CURVE('',#889,#907,#921,.T.);
#921=LINE('',#890,#923);
#923=VECTOR('',#924,2.54);
#924=DIRECTION('',(0.0,1.0,0.0));
#915=ORIENTED_EDGE('',*,*,#916,.F.);
#925=STYLED_ITEM('',(#43),#926);
#926=ADVANCED_FACE('',(#932),#927,.T.);
#927=PLANE('',#928);
#928=AXIS2_PLACEMENT_3D('',#929,#930,#931);
#929=CARTESIAN_POINT('',(1.905,0.102,2.256));
#930=DIRECTION('',(-0.646,0.0,0.763));
#931=DIRECTION('',(0.,0.,1.));
#932=FACE_OUTER_BOUND('',#933,.T.);
#933=EDGE_LOOP('',(#934,#944,#954,#964));
#939=CARTESIAN_POINT('',(1.905,0.102,2.256));
#938=VERTEX_POINT('',#939);
#935=EDGE_CURVE('',#889,#938,#940,.T.);
#940=LINE('',#890,#942);
#942=VECTOR('',#943,0.300631024464617);
#943=DIRECTION('',(-0.718,0.338,-0.608));
#934=ORIENTED_EDGE('',*,*,#935,.F.);
#944=ORIENTED_EDGE('',*,*,#916,.T.);
#957=CARTESIAN_POINT('',(1.905,2.438,2.256));
#956=VERTEX_POINT('',#957);
#955=EDGE_CURVE('',#956,#907,#960,.T.);
#960=LINE('',#957,#962);
#962=VECTOR('',#963,0.300631024464617);
#963=DIRECTION('',(0.718,0.338,0.608));
#954=ORIENTED_EDGE('',*,*,#955,.F.);
#965=EDGE_CURVE('',#938,#956,#970,.T.);
#970=LINE('',#939,#972);
#972=VECTOR('',#973,2.3367873);
#973=DIRECTION('',(0.0,1.0,0.0));
#964=ORIENTED_EDGE('',*,*,#965,.F.);
#974=STYLED_ITEM('',(#43),#975);
#975=ADVANCED_FACE('',(#981),#976,.T.);
#976=PLANE('',#977);
#977=AXIS2_PLACEMENT_3D('',#978,#979,#980);
#978=CARTESIAN_POINT('',(3.175,2.438,1.067));
#979=DIRECTION('',(0.426,0.905,0.0));
#980=DIRECTION('',(0.,0.,1.));
#981=FACE_OUTER_BOUND('',#982,.T.);
#982=EDGE_LOOP('',(#983,#993,#1003,#1013));
#986=CARTESIAN_POINT('',(2.959,2.54,0.61));
#985=VERTEX_POINT('',#986);
#984=EDGE_CURVE('',#985,#495,#989,.T.);
#989=LINE('',#986,#991);
#991=VECTOR('',#992,0.515718681521859);
#992=DIRECTION('',(0.419,-0.197,0.887));
#983=ORIENTED_EDGE('',*,*,#984,.F.);
#994=EDGE_CURVE('',#848,#985,#999,.T.);
#999=LINE('',#849,#1001);
#1001=VECTOR('',#1002,1.8288);
#1002=DIRECTION('',(0.0,0.0,-1.0));
#993=ORIENTED_EDGE('',*,*,#994,.F.);
#1003=ORIENTED_EDGE('',*,*,#847,.T.);
#1013=ORIENTED_EDGE('',*,*,#504,.T.);
#1023=STYLED_ITEM('',(#43),#1024);
#1024=ADVANCED_FACE('',(#1030),#1025,.T.);
#1025=PLANE('',#1026);
#1026=AXIS2_PLACEMENT_3D('',#1027,#1028,#1029);
#1027=CARTESIAN_POINT('',(2.959,2.54,0.61));
#1028=DIRECTION('',(0.0,1.0,0.0));
#1029=DIRECTION('',(0.,0.,1.));
#1030=FACE_OUTER_BOUND('',#1031,.T.);
#1031=EDGE_LOOP('',(#1032,#1042,#1052,#1062));
#1035=CARTESIAN_POINT('',(2.121,2.54,0.61));
#1034=VERTEX_POINT('',#1035);
#1033=EDGE_CURVE('',#1034,#985,#1038,.T.);
#1038=LINE('',#1035,#1040);
#1040=VECTOR('',#1041,0.8382127);
#1041=DIRECTION('',(1.0,0.0,0.0));
#1032=ORIENTED_EDGE('',*,*,#1033,.F.);
#1043=EDGE_CURVE('',#907,#1034,#1048,.T.);
#1048=LINE('',#908,#1050);
#1050=VECTOR('',#1051,1.8288);
#1051=DIRECTION('',(0.0,0.0,-1.0));
#1042=ORIENTED_EDGE('',*,*,#1043,.F.);
#1052=ORIENTED_EDGE('',*,*,#906,.T.);
#1062=ORIENTED_EDGE('',*,*,#994,.T.);
#1072=STYLED_ITEM('',(#43),#1073);
#1073=ADVANCED_FACE('',(#1079),#1074,.T.);
#1074=PLANE('',#1075);
#1075=AXIS2_PLACEMENT_3D('',#1076,#1077,#1078);
#1076=CARTESIAN_POINT('',(2.121,2.54,0.61));
#1077=DIRECTION('',(-0.426,0.905,0.0));
#1078=DIRECTION('',(0.,0.,1.));
#1079=FACE_OUTER_BOUND('',#1080,.T.);
#1080=EDGE_LOOP('',(#1081,#1091,#1101,#1111));
#1084=CARTESIAN_POINT('',(1.905,2.438,1.067));
#1083=VERTEX_POINT('',#1084);
#1082=EDGE_CURVE('',#1083,#1034,#1087,.T.);
#1087=LINE('',#1084,#1089);
#1089=VECTOR('',#1090,0.515718681521859);
#1090=DIRECTION('',(0.419,0.197,-0.887));
#1081=ORIENTED_EDGE('',*,*,#1082,.F.);
#1092=EDGE_CURVE('',#956,#1083,#1097,.T.);
#1097=LINE('',#957,#1099);
#1099=VECTOR('',#1100,1.18872);
#1100=DIRECTION('',(0.0,0.0,-1.0));
#1091=ORIENTED_EDGE('',*,*,#1092,.F.);
#1101=ORIENTED_EDGE('',*,*,#955,.T.);
#1111=ORIENTED_EDGE('',*,*,#1043,.T.);
#1121=STYLED_ITEM('',(#43),#1122);
#1122=ADVANCED_FACE('',(#1128),#1123,.T.);
#1123=PLANE('',#1124);
#1124=AXIS2_PLACEMENT_3D('',#1125,#1126,#1127);
#1125=CARTESIAN_POINT('',(1.905,0.102,1.067));
#1126=DIRECTION('',(-0.426,-0.905,0.0));
#1127=DIRECTION('',(0.,0.,1.));
#1128=FACE_OUTER_BOUND('',#1129,.T.);
#1129=EDGE_LOOP('',(#1130,#1140,#1150,#1160));
#1133=CARTESIAN_POINT('',(2.121,0.0,0.61));
#1132=VERTEX_POINT('',#1133);
#1135=CARTESIAN_POINT('',(1.905,0.102,1.067));
#1134=VERTEX_POINT('',#1135);
#1131=EDGE_CURVE('',#1132,#1134,#1136,.T.);
#1136=LINE('',#1133,#1138);
#1138=VECTOR('',#1139,0.515718681521859);
#1139=DIRECTION('',(-0.419,0.197,0.887));
#1130=ORIENTED_EDGE('',*,*,#1131,.F.);
#1141=EDGE_CURVE('',#889,#1132,#1146,.T.);
#1146=LINE('',#890,#1148);
#1148=VECTOR('',#1149,1.8288);
#1149=DIRECTION('',(0.0,0.0,-1.0));
#1140=ORIENTED_EDGE('',*,*,#1141,.F.);
#1150=ORIENTED_EDGE('',*,*,#935,.T.);
#1161=EDGE_CURVE('',#1134,#938,#1166,.T.);
#1166=LINE('',#1135,#1168);
#1168=VECTOR('',#1169,1.18872);
#1169=DIRECTION('',(0.0,0.0,1.0));
#1160=ORIENTED_EDGE('',*,*,#1161,.F.);
#1170=STYLED_ITEM('',(#43),#1171);
#1171=ADVANCED_FACE('',(#1177),#1172,.T.);
#1172=PLANE('',#1173);
#1173=AXIS2_PLACEMENT_3D('',#1174,#1175,#1176);
#1174=CARTESIAN_POINT('',(2.121,0.0,0.61));
#1175=DIRECTION('',(0.0,-1.0,0.0));
#1176=DIRECTION('',(0.,0.,1.));
#1177=FACE_OUTER_BOUND('',#1178,.T.);
#1178=EDGE_LOOP('',(#1179,#1189,#1199,#1209));
#1182=CARTESIAN_POINT('',(2.959,0.0,0.61));
#1181=VERTEX_POINT('',#1182);
#1180=EDGE_CURVE('',#1181,#1132,#1185,.T.);
#1185=LINE('',#1182,#1187);
#1187=VECTOR('',#1188,0.8382127);
#1188=DIRECTION('',(-1.0,0.0,0.0));
#1179=ORIENTED_EDGE('',*,*,#1180,.F.);
#1190=EDGE_CURVE('',#858,#1181,#1195,.T.);
#1195=LINE('',#859,#1197);
#1197=VECTOR('',#1198,1.8288);
#1198=DIRECTION('',(0.0,0.0,-1.0));
#1189=ORIENTED_EDGE('',*,*,#1190,.F.);
#1199=ORIENTED_EDGE('',*,*,#886,.T.);
#1209=ORIENTED_EDGE('',*,*,#1141,.T.);
#1219=STYLED_ITEM('',(#43),#1220);
#1220=ADVANCED_FACE('',(#1226),#1221,.T.);
#1221=PLANE('',#1222);
#1222=AXIS2_PLACEMENT_3D('',#1223,#1224,#1225);
#1223=CARTESIAN_POINT('',(2.959,0.0,0.61));
#1224=DIRECTION('',(0.426,-0.905,0.0));
#1225=DIRECTION('',(0.,0.,1.));
#1226=FACE_OUTER_BOUND('',#1227,.T.);
#1227=EDGE_LOOP('',(#1228,#1238,#1248,#1258));
#1229=EDGE_CURVE('',#546,#1181,#1234,.T.);
#1234=LINE('',#547,#1236);
#1236=VECTOR('',#1237,0.515718681521859);
#1237=DIRECTION('',(-0.419,-0.197,-0.887));
#1228=ORIENTED_EDGE('',*,*,#1229,.F.);
#1238=ORIENTED_EDGE('',*,*,#573,.T.);
#1248=ORIENTED_EDGE('',*,*,#867,.T.);
#1258=ORIENTED_EDGE('',*,*,#1190,.T.);
#1268=STYLED_ITEM('',(#43),#1269);
#1269=ADVANCED_FACE('',(#1275),#1270,.T.);
#1270=PLANE('',#1271);
#1271=AXIS2_PLACEMENT_3D('',#1272,#1273,#1274);
#1272=CARTESIAN_POINT('',(2.959,0.0,0.61));
#1273=DIRECTION('',(0.904,0.0,-0.427));
#1274=DIRECTION('',(0.,0.,1.));
#1275=FACE_OUTER_BOUND('',#1276,.T.);
#1276=EDGE_LOOP('',(#1277,#1287,#1297,#1307));
#1278=EDGE_CURVE('',#985,#1181,#1283,.T.);
#1283=LINE('',#986,#1285);
#1285=VECTOR('',#1286,2.54);
#1286=DIRECTION('',(0.0,-1.0,0.0));
#1277=ORIENTED_EDGE('',*,*,#1278,.F.);
#1287=ORIENTED_EDGE('',*,*,#984,.T.);
#1297=ORIENTED_EDGE('',*,*,#808,.T.);
#1307=ORIENTED_EDGE('',*,*,#1229,.T.);
#1317=STYLED_ITEM('',(#43),#1318);
#1318=ADVANCED_FACE('',(#1324),#1319,.T.);
#1319=PLANE('',#1320);
#1320=AXIS2_PLACEMENT_3D('',#1321,#1322,#1323);
#1321=CARTESIAN_POINT('',(2.121,0.0,0.61));
#1322=DIRECTION('',(0.0,0.0,-1.0));
#1323=DIRECTION('',(0.,1.,0.));
#1324=FACE_OUTER_BOUND('',#1325,.T.);
#1325=EDGE_LOOP('',(#1326,#1336,#1346,#1356));
#1327=EDGE_CURVE('',#1034,#1132,#1332,.T.);
#1332=LINE('',#1035,#1334);
#1334=VECTOR('',#1335,2.54);
#1335=DIRECTION('',(0.0,-1.0,0.0));
#1326=ORIENTED_EDGE('',*,*,#1327,.F.);
#1336=ORIENTED_EDGE('',*,*,#1033,.T.);
#1346=ORIENTED_EDGE('',*,*,#1278,.T.);
#1356=ORIENTED_EDGE('',*,*,#1180,.T.);
#1366=STYLED_ITEM('',(#43),#1367);
#1367=ADVANCED_FACE('',(#1373),#1368,.T.);
#1368=PLANE('',#1369);
#1369=AXIS2_PLACEMENT_3D('',#1370,#1371,#1372);
#1370=CARTESIAN_POINT('',(1.905,0.102,1.067));
#1371=DIRECTION('',(-0.904,0.0,-0.427));
#1372=DIRECTION('',(0.,0.,1.));
#1373=FACE_OUTER_BOUND('',#1374,.T.);
#1374=EDGE_LOOP('',(#1375,#1385,#1395,#1405));
#1376=EDGE_CURVE('',#1083,#1134,#1381,.T.);
#1381=LINE('',#1084,#1383);
#1383=VECTOR('',#1384,2.3367873);
#1384=DIRECTION('',(0.0,-1.0,0.0));
#1375=ORIENTED_EDGE('',*,*,#1376,.F.);
#1385=ORIENTED_EDGE('',*,*,#1082,.T.);
#1395=ORIENTED_EDGE('',*,*,#1327,.T.);
#1405=ORIENTED_EDGE('',*,*,#1131,.T.);
#1415=STYLED_ITEM('',(#43),#1416);
#1416=ADVANCED_FACE('',(#1422),#1417,.T.);
#1417=PLANE('',#1418);
#1418=AXIS2_PLACEMENT_3D('',#1419,#1420,#1421);
#1419=CARTESIAN_POINT('',(1.905,0.102,2.256));
#1420=DIRECTION('',(0.646,0.0,0.763));
#1421=DIRECTION('',(0.,0.,1.));
#1422=FACE_OUTER_BOUND('',#1423,.T.);
#1423=EDGE_LOOP('',(#1424,#1434,#1444,#1454));
#1424=ORIENTED_EDGE('',*,*,#965,.T.);
#1437=CARTESIAN_POINT('',(1.689,2.54,2.438));
#1436=VERTEX_POINT('',#1437);
#1435=EDGE_CURVE('',#1436,#956,#1440,.T.);
#1440=LINE('',#1437,#1442);
#1442=VECTOR('',#1443,0.300631024464617);
#1443=DIRECTION('',(0.718,-0.338,-0.608));
#1434=ORIENTED_EDGE('',*,*,#1435,.F.);
#1447=CARTESIAN_POINT('',(1.689,0.0,2.438));
#1446=VERTEX_POINT('',#1447);
#1445=EDGE_CURVE('',#1446,#1436,#1450,.T.);
#1450=LINE('',#1447,#1452);
#1452=VECTOR('',#1453,2.54);
#1453=DIRECTION('',(0.0,1.0,0.0));
#1444=ORIENTED_EDGE('',*,*,#1445,.F.);
#1455=EDGE_CURVE('',#938,#1446,#1460,.T.);
#1460=LINE('',#939,#1462);
#1462=VECTOR('',#1463,0.300631024464617);
#1463=DIRECTION('',(-0.718,-0.338,0.608));
#1454=ORIENTED_EDGE('',*,*,#1455,.F.);
#1464=STYLED_ITEM('',(#43),#1465);
#1465=ADVANCED_FACE('',(#1471),#1466,.T.);
#1466=PLANE('',#1467);
#1467=AXIS2_PLACEMENT_3D('',#1468,#1469,#1470);
#1468=CARTESIAN_POINT('',(0.851,0.0,2.438));
#1469=DIRECTION('',(0.0,0.0,1.0));
#1470=DIRECTION('',(0.,1.,0.));
#1471=FACE_OUTER_BOUND('',#1472,.T.);
#1472=EDGE_LOOP('',(#1473,#1483,#1493,#1503));
#1478=CARTESIAN_POINT('',(0.851,0.0,2.438));
#1477=VERTEX_POINT('',#1478);
#1474=EDGE_CURVE('',#1446,#1477,#1479,.T.);
#1479=LINE('',#1447,#1481);
#1481=VECTOR('',#1482,0.8382127);
#1482=DIRECTION('',(-1.0,0.0,0.0));
#1473=ORIENTED_EDGE('',*,*,#1474,.F.);
#1483=ORIENTED_EDGE('',*,*,#1445,.T.);
#1496=CARTESIAN_POINT('',(0.851,2.54,2.438));
#1495=VERTEX_POINT('',#1496);
#1494=EDGE_CURVE('',#1495,#1436,#1499,.T.);
#1499=LINE('',#1496,#1501);
#1501=VECTOR('',#1502,0.8382127);
#1502=DIRECTION('',(1.0,0.0,0.0));
#1493=ORIENTED_EDGE('',*,*,#1494,.F.);
#1504=EDGE_CURVE('',#1477,#1495,#1509,.T.);
#1509=LINE('',#1478,#1511);
#1511=VECTOR('',#1512,2.54);
#1512=DIRECTION('',(0.0,1.0,0.0));
#1503=ORIENTED_EDGE('',*,*,#1504,.F.);
#1513=STYLED_ITEM('',(#43),#1514);
#1514=ADVANCED_FACE('',(#1520),#1515,.T.);
#1515=PLANE('',#1516);
#1516=AXIS2_PLACEMENT_3D('',#1517,#1518,#1519);
#1517=CARTESIAN_POINT('',(0.635,0.102,2.256));
#1518=DIRECTION('',(-0.646,0.0,0.763));
#1519=DIRECTION('',(0.,0.,1.));
#1520=FACE_OUTER_BOUND('',#1521,.T.);
#1521=EDGE_LOOP('',(#1522,#1532,#1542,#1552));
#1527=CARTESIAN_POINT('',(0.635,0.102,2.256));
#1526=VERTEX_POINT('',#1527);
#1523=EDGE_CURVE('',#1477,#1526,#1528,.T.);
#1528=LINE('',#1478,#1530);
#1530=VECTOR('',#1531,0.300631024464617);
#1531=DIRECTION('',(-0.718,0.338,-0.608));
#1522=ORIENTED_EDGE('',*,*,#1523,.F.);
#1532=ORIENTED_EDGE('',*,*,#1504,.T.);
#1545=CARTESIAN_POINT('',(0.635,2.438,2.256));
#1544=VERTEX_POINT('',#1545);
#1543=EDGE_CURVE('',#1544,#1495,#1548,.T.);
#1548=LINE('',#1545,#1550);
#1550=VECTOR('',#1551,0.300631024464617);
#1551=DIRECTION('',(0.718,0.338,0.608));
#1542=ORIENTED_EDGE('',*,*,#1543,.F.);
#1553=EDGE_CURVE('',#1526,#1544,#1558,.T.);
#1558=LINE('',#1527,#1560);
#1560=VECTOR('',#1561,2.3367873);
#1561=DIRECTION('',(0.0,1.0,0.0));
#1552=ORIENTED_EDGE('',*,*,#1553,.F.);
#1562=STYLED_ITEM('',(#43),#1563);
#1563=ADVANCED_FACE('',(#1569),#1564,.T.);
#1564=PLANE('',#1565);
#1565=AXIS2_PLACEMENT_3D('',#1566,#1567,#1568);
#1566=CARTESIAN_POINT('',(1.905,2.438,1.067));
#1567=DIRECTION('',(0.426,0.905,0.0));
#1568=DIRECTION('',(0.,0.,1.));
#1569=FACE_OUTER_BOUND('',#1570,.T.);
#1570=EDGE_LOOP('',(#1571,#1581,#1591,#1601));
#1574=CARTESIAN_POINT('',(1.689,2.54,0.61));
#1573=VERTEX_POINT('',#1574);
#1572=EDGE_CURVE('',#1573,#1083,#1577,.T.);
#1577=LINE('',#1574,#1579);
#1579=VECTOR('',#1580,0.515718681521859);
#1580=DIRECTION('',(0.419,-0.197,0.887));
#1571=ORIENTED_EDGE('',*,*,#1572,.F.);
#1582=EDGE_CURVE('',#1436,#1573,#1587,.T.);
#1587=LINE('',#1437,#1589);
#1589=VECTOR('',#1590,1.8288);
#1590=DIRECTION('',(0.0,0.0,-1.0));
#1581=ORIENTED_EDGE('',*,*,#1582,.F.);
#1591=ORIENTED_EDGE('',*,*,#1435,.T.);
#1601=ORIENTED_EDGE('',*,*,#1092,.T.);
#1611=STYLED_ITEM('',(#43),#1612);
#1612=ADVANCED_FACE('',(#1618),#1613,.T.);
#1613=PLANE('',#1614);
#1614=AXIS2_PLACEMENT_3D('',#1615,#1616,#1617);
#1615=CARTESIAN_POINT('',(1.689,2.54,0.61));
#1616=DIRECTION('',(0.0,1.0,0.0));
#1617=DIRECTION('',(0.,0.,1.));
#1618=FACE_OUTER_BOUND('',#1619,.T.);
#1619=EDGE_LOOP('',(#1620,#1630,#1640,#1650));
#1623=CARTESIAN_POINT('',(0.851,2.54,0.61));
#1622=VERTEX_POINT('',#1623);
#1621=EDGE_CURVE('',#1622,#1573,#1626,.T.);
#1626=LINE('',#1623,#1628);
#1628=VECTOR('',#1629,0.8382127);
#1629=DIRECTION('',(1.0,0.0,0.0));
#1620=ORIENTED_EDGE('',*,*,#1621,.F.);
#1631=EDGE_CURVE('',#1495,#1622,#1636,.T.);
#1636=LINE('',#1496,#1638);
#1638=VECTOR('',#1639,1.8288);
#1639=DIRECTION('',(0.0,0.0,-1.0));
#1630=ORIENTED_EDGE('',*,*,#1631,.F.);
#1640=ORIENTED_EDGE('',*,*,#1494,.T.);
#1650=ORIENTED_EDGE('',*,*,#1582,.T.);
#1660=STYLED_ITEM('',(#43),#1661);
#1661=ADVANCED_FACE('',(#1667),#1662,.T.);
#1662=PLANE('',#1663);
#1663=AXIS2_PLACEMENT_3D('',#1664,#1665,#1666);
#1664=CARTESIAN_POINT('',(0.851,2.54,0.61));
#1665=DIRECTION('',(-0.426,0.905,0.0));
#1666=DIRECTION('',(0.,0.,1.));
#1667=FACE_OUTER_BOUND('',#1668,.T.);
#1668=EDGE_LOOP('',(#1669,#1679,#1689,#1699));
#1672=CARTESIAN_POINT('',(0.635,2.438,1.067));
#1671=VERTEX_POINT('',#1672);
#1670=EDGE_CURVE('',#1671,#1622,#1675,.T.);
#1675=LINE('',#1672,#1677);
#1677=VECTOR('',#1678,0.515718681521859);
#1678=DIRECTION('',(0.419,0.197,-0.887));
#1669=ORIENTED_EDGE('',*,*,#1670,.F.);
#1680=EDGE_CURVE('',#1544,#1671,#1685,.T.);
#1685=LINE('',#1545,#1687);
#1687=VECTOR('',#1688,1.18872);
#1688=DIRECTION('',(0.0,0.0,-1.0));
#1679=ORIENTED_EDGE('',*,*,#1680,.F.);
#1689=ORIENTED_EDGE('',*,*,#1543,.T.);
#1699=ORIENTED_EDGE('',*,*,#1631,.T.);
#1709=STYLED_ITEM('',(#43),#1710);
#1710=ADVANCED_FACE('',(#1716),#1711,.T.);
#1711=PLANE('',#1712);
#1712=AXIS2_PLACEMENT_3D('',#1713,#1714,#1715);
#1713=CARTESIAN_POINT('',(0.635,0.102,1.067));
#1714=DIRECTION('',(-0.426,-0.905,0.0));
#1715=DIRECTION('',(0.,0.,1.));
#1716=FACE_OUTER_BOUND('',#1717,.T.);
#1717=EDGE_LOOP('',(#1718,#1728,#1738,#1748));
#1721=CARTESIAN_POINT('',(0.851,0.0,0.61));
#1720=VERTEX_POINT('',#1721);
#1723=CARTESIAN_POINT('',(0.635,0.102,1.067));
#1722=VERTEX_POINT('',#1723);
#1719=EDGE_CURVE('',#1720,#1722,#1724,.T.);
#1724=LINE('',#1721,#1726);
#1726=VECTOR('',#1727,0.515718681521859);
#1727=DIRECTION('',(-0.419,0.197,0.887));
#1718=ORIENTED_EDGE('',*,*,#1719,.F.);
#1729=EDGE_CURVE('',#1477,#1720,#1734,.T.);
#1734=LINE('',#1478,#1736);
#1736=VECTOR('',#1737,1.8288);
#1737=DIRECTION('',(0.0,0.0,-1.0));
#1728=ORIENTED_EDGE('',*,*,#1729,.F.);
#1738=ORIENTED_EDGE('',*,*,#1523,.T.);
#1749=EDGE_CURVE('',#1722,#1526,#1754,.T.);
#1754=LINE('',#1723,#1756);
#1756=VECTOR('',#1757,1.18872);
#1757=DIRECTION('',(0.0,0.0,1.0));
#1748=ORIENTED_EDGE('',*,*,#1749,.F.);
#1758=STYLED_ITEM('',(#43),#1759);
#1759=ADVANCED_FACE('',(#1765),#1760,.T.);
#1760=PLANE('',#1761);
#1761=AXIS2_PLACEMENT_3D('',#1762,#1763,#1764);
#1762=CARTESIAN_POINT('',(0.851,0.0,0.61));
#1763=DIRECTION('',(0.0,-1.0,0.0));
#1764=DIRECTION('',(0.,0.,1.));
#1765=FACE_OUTER_BOUND('',#1766,.T.);
#1766=EDGE_LOOP('',(#1767,#1777,#1787,#1797));
#1770=CARTESIAN_POINT('',(1.689,0.0,0.61));
#1769=VERTEX_POINT('',#1770);
#1768=EDGE_CURVE('',#1769,#1720,#1773,.T.);
#1773=LINE('',#1770,#1775);
#1775=VECTOR('',#1776,0.8382127);
#1776=DIRECTION('',(-1.0,0.0,0.0));
#1767=ORIENTED_EDGE('',*,*,#1768,.F.);
#1778=EDGE_CURVE('',#1446,#1769,#1783,.T.);
#1783=LINE('',#1447,#1785);
#1785=VECTOR('',#1786,1.8288);
#1786=DIRECTION('',(0.0,0.0,-1.0));
#1777=ORIENTED_EDGE('',*,*,#1778,.F.);
#1787=ORIENTED_EDGE('',*,*,#1474,.T.);
#1797=ORIENTED_EDGE('',*,*,#1729,.T.);
#1807=STYLED_ITEM('',(#43),#1808);
#1808=ADVANCED_FACE('',(#1814),#1809,.T.);
#1809=PLANE('',#1810);
#1810=AXIS2_PLACEMENT_3D('',#1811,#1812,#1813);
#1811=CARTESIAN_POINT('',(1.689,0.0,0.61));
#1812=DIRECTION('',(0.426,-0.905,0.0));
#1813=DIRECTION('',(0.,0.,1.));
#1814=FACE_OUTER_BOUND('',#1815,.T.);
#1815=EDGE_LOOP('',(#1816,#1826,#1836,#1846));
#1817=EDGE_CURVE('',#1134,#1769,#1822,.T.);
#1822=LINE('',#1135,#1824);
#1824=VECTOR('',#1825,0.515718681521859);
#1825=DIRECTION('',(-0.419,-0.197,-0.887));
#1816=ORIENTED_EDGE('',*,*,#1817,.F.);
#1826=ORIENTED_EDGE('',*,*,#1161,.T.);
#1836=ORIENTED_EDGE('',*,*,#1455,.T.);
#1846=ORIENTED_EDGE('',*,*,#1778,.T.);
#1856=STYLED_ITEM('',(#43),#1857);
#1857=ADVANCED_FACE('',(#1863),#1858,.T.);
#1858=PLANE('',#1859);
#1859=AXIS2_PLACEMENT_3D('',#1860,#1861,#1862);
#1860=CARTESIAN_POINT('',(1.689,0.0,0.61));
#1861=DIRECTION('',(0.904,0.0,-0.427));
#1862=DIRECTION('',(0.,0.,1.));
#1863=FACE_OUTER_BOUND('',#1864,.T.);
#1864=EDGE_LOOP('',(#1865,#1875,#1885,#1895));
#1866=EDGE_CURVE('',#1573,#1769,#1871,.T.);
#1871=LINE('',#1574,#1873);
#1873=VECTOR('',#1874,2.54);
#1874=DIRECTION('',(0.0,-1.0,0.0));
#1865=ORIENTED_EDGE('',*,*,#1866,.F.);
#1875=ORIENTED_EDGE('',*,*,#1572,.T.);
#1885=ORIENTED_EDGE('',*,*,#1376,.T.);
#1895=ORIENTED_EDGE('',*,*,#1817,.T.);
#1905=STYLED_ITEM('',(#43),#1906);
#1906=ADVANCED_FACE('',(#1912),#1907,.T.);
#1907=PLANE('',#1908);
#1908=AXIS2_PLACEMENT_3D('',#1909,#1910,#1911);
#1909=CARTESIAN_POINT('',(0.851,2.54,0.61));
#1910=DIRECTION('',(0.0,0.0,-1.0));
#1911=DIRECTION('',(0.,1.,0.));
#1912=FACE_OUTER_BOUND('',#1913,.T.);
#1913=EDGE_LOOP('',(#1914,#1924,#1934,#1944));
#1914=ORIENTED_EDGE('',*,*,#1621,.T.);
#1924=ORIENTED_EDGE('',*,*,#1866,.T.);
#1934=ORIENTED_EDGE('',*,*,#1768,.T.);
#1945=EDGE_CURVE('',#1622,#1720,#1950,.T.);
#1950=LINE('',#1623,#1952);
#1952=VECTOR('',#1953,2.54);
#1953=DIRECTION('',(0.0,-1.0,0.0));
#1944=ORIENTED_EDGE('',*,*,#1945,.F.);
#1954=STYLED_ITEM('',(#43),#1955);
#1955=ADVANCED_FACE('',(#1961),#1956,.T.);
#1956=PLANE('',#1957);
#1957=AXIS2_PLACEMENT_3D('',#1958,#1959,#1960);
#1958=CARTESIAN_POINT('',(0.851,2.54,0.61));
#1959=DIRECTION('',(-0.904,0.0,-0.427));
#1960=DIRECTION('',(0.,0.,1.));
#1961=FACE_OUTER_BOUND('',#1962,.T.);
#1962=EDGE_LOOP('',(#1963,#1973,#1983,#1993));
#1963=ORIENTED_EDGE('',*,*,#1945,.T.);
#1973=ORIENTED_EDGE('',*,*,#1719,.T.);
#1984=EDGE_CURVE('',#1671,#1722,#1989,.T.);
#1989=LINE('',#1672,#1991);
#1991=VECTOR('',#1992,2.3367873);
#1992=DIRECTION('',(0.0,-1.0,0.0));
#1983=ORIENTED_EDGE('',*,*,#1984,.F.);
#1993=ORIENTED_EDGE('',*,*,#1670,.T.);
#2003=STYLED_ITEM('',(#43),#2004);
#2004=ADVANCED_FACE('',(#2010),#2005,.T.);
#2005=PLANE('',#2006);
#2006=AXIS2_PLACEMENT_3D('',#2007,#2008,#2009);
#2007=CARTESIAN_POINT('',(0.635,0.102,2.256));
#2008=DIRECTION('',(0.646,0.0,0.763));
#2009=DIRECTION('',(0.,0.,1.));
#2010=FACE_OUTER_BOUND('',#2011,.T.);
#2011=EDGE_LOOP('',(#2012,#2022,#2032,#2042));
#2012=ORIENTED_EDGE('',*,*,#1553,.T.);
#2025=CARTESIAN_POINT('',(0.419,2.54,2.438));
#2024=VERTEX_POINT('',#2025);
#2023=EDGE_CURVE('',#2024,#1544,#2028,.T.);
#2028=LINE('',#2025,#2030);
#2030=VECTOR('',#2031,0.300631024464617);
#2031=DIRECTION('',(0.718,-0.338,-0.608));
#2022=ORIENTED_EDGE('',*,*,#2023,.F.);
#2035=CARTESIAN_POINT('',(0.419,0.0,2.438));
#2034=VERTEX_POINT('',#2035);
#2033=EDGE_CURVE('',#2034,#2024,#2038,.T.);
#2038=LINE('',#2035,#2040);
#2040=VECTOR('',#2041,2.54);
#2041=DIRECTION('',(0.0,1.0,0.0));
#2032=ORIENTED_EDGE('',*,*,#2033,.F.);
#2043=EDGE_CURVE('',#1526,#2034,#2048,.T.);
#2048=LINE('',#1527,#2050);
#2050=VECTOR('',#2051,0.300631024464617);
#2051=DIRECTION('',(-0.718,-0.338,0.608));
#2042=ORIENTED_EDGE('',*,*,#2043,.F.);
#2052=STYLED_ITEM('',(#43),#2053);
#2053=ADVANCED_FACE('',(#2059),#2054,.T.);
#2054=PLANE('',#2055);
#2055=AXIS2_PLACEMENT_3D('',#2056,#2057,#2058);
#2056=CARTESIAN_POINT('',(-0.419,0.0,2.438));
#2057=DIRECTION('',(0.0,0.0,1.0));
#2058=DIRECTION('',(0.,1.,0.));
#2059=FACE_OUTER_BOUND('',#2060,.T.);
#2060=EDGE_LOOP('',(#2061,#2071,#2081,#2091));
#2066=CARTESIAN_POINT('',(-0.419,0.0,2.438));
#2065=VERTEX_POINT('',#2066);
#2062=EDGE_CURVE('',#2034,#2065,#2067,.T.);
#2067=LINE('',#2035,#2069);
#2069=VECTOR('',#2070,0.8382127);
#2070=DIRECTION('',(-1.0,0.0,0.0));
#2061=ORIENTED_EDGE('',*,*,#2062,.F.);
#2071=ORIENTED_EDGE('',*,*,#2033,.T.);
#2084=CARTESIAN_POINT('',(-0.419,2.54,2.438));
#2083=VERTEX_POINT('',#2084);
#2082=EDGE_CURVE('',#2083,#2024,#2087,.T.);
#2087=LINE('',#2084,#2089);
#2089=VECTOR('',#2090,0.8382127);
#2090=DIRECTION('',(1.0,0.0,0.0));
#2081=ORIENTED_EDGE('',*,*,#2082,.F.);
#2092=EDGE_CURVE('',#2065,#2083,#2097,.T.);
#2097=LINE('',#2066,#2099);
#2099=VECTOR('',#2100,2.54);
#2100=DIRECTION('',(0.0,1.0,0.0));
#2091=ORIENTED_EDGE('',*,*,#2092,.F.);
#2101=STYLED_ITEM('',(#43),#2102);
#2102=ADVANCED_FACE('',(#2108),#2103,.T.);
#2103=PLANE('',#2104);
#2104=AXIS2_PLACEMENT_3D('',#2105,#2106,#2107);
#2105=CARTESIAN_POINT('',(-0.635,0.102,2.256));
#2106=DIRECTION('',(-0.646,0.0,0.763));
#2107=DIRECTION('',(0.,0.,1.));
#2108=FACE_OUTER_BOUND('',#2109,.T.);
#2109=EDGE_LOOP('',(#2110,#2120,#2130,#2140));
#2115=CARTESIAN_POINT('',(-0.635,0.102,2.256));
#2114=VERTEX_POINT('',#2115);
#2111=EDGE_CURVE('',#2065,#2114,#2116,.T.);
#2116=LINE('',#2066,#2118);
#2118=VECTOR('',#2119,0.300631024464617);
#2119=DIRECTION('',(-0.718,0.338,-0.608));
#2110=ORIENTED_EDGE('',*,*,#2111,.F.);
#2120=ORIENTED_EDGE('',*,*,#2092,.T.);
#2133=CARTESIAN_POINT('',(-0.635,2.438,2.256));
#2132=VERTEX_POINT('',#2133);
#2131=EDGE_CURVE('',#2132,#2083,#2136,.T.);
#2136=LINE('',#2133,#2138);
#2138=VECTOR('',#2139,0.300631024464617);
#2139=DIRECTION('',(0.718,0.338,0.608));
#2130=ORIENTED_EDGE('',*,*,#2131,.F.);
#2141=EDGE_CURVE('',#2114,#2132,#2146,.T.);
#2146=LINE('',#2115,#2148);
#2148=VECTOR('',#2149,2.3367873);
#2149=DIRECTION('',(0.0,1.0,0.0));
#2140=ORIENTED_EDGE('',*,*,#2141,.F.);
#2150=STYLED_ITEM('',(#43),#2151);
#2151=ADVANCED_FACE('',(#2157),#2152,.T.);
#2152=PLANE('',#2153);
#2153=AXIS2_PLACEMENT_3D('',#2154,#2155,#2156);
#2154=CARTESIAN_POINT('',(0.635,2.438,1.067));
#2155=DIRECTION('',(0.426,0.905,0.0));
#2156=DIRECTION('',(0.,0.,1.));
#2157=FACE_OUTER_BOUND('',#2158,.T.);
#2158=EDGE_LOOP('',(#2159,#2169,#2179,#2189));
#2162=CARTESIAN_POINT('',(0.419,2.54,0.61));
#2161=VERTEX_POINT('',#2162);
#2160=EDGE_CURVE('',#2161,#1671,#2165,.T.);
#2165=LINE('',#2162,#2167);
#2167=VECTOR('',#2168,0.515718681521859);
#2168=DIRECTION('',(0.419,-0.197,0.887));
#2159=ORIENTED_EDGE('',*,*,#2160,.F.);
#2170=EDGE_CURVE('',#2024,#2161,#2175,.T.);
#2175=LINE('',#2025,#2177);
#2177=VECTOR('',#2178,1.8288);
#2178=DIRECTION('',(0.0,0.0,-1.0));
#2169=ORIENTED_EDGE('',*,*,#2170,.F.);
#2179=ORIENTED_EDGE('',*,*,#2023,.T.);
#2189=ORIENTED_EDGE('',*,*,#1680,.T.);
#2199=STYLED_ITEM('',(#43),#2200);
#2200=ADVANCED_FACE('',(#2206),#2201,.T.);
#2201=PLANE('',#2202);
#2202=AXIS2_PLACEMENT_3D('',#2203,#2204,#2205);
#2203=CARTESIAN_POINT('',(0.419,2.54,0.61));
#2204=DIRECTION('',(0.0,1.0,0.0));
#2205=DIRECTION('',(0.,0.,1.));
#2206=FACE_OUTER_BOUND('',#2207,.T.);
#2207=EDGE_LOOP('',(#2208,#2218,#2228,#2238));
#2211=CARTESIAN_POINT('',(-0.419,2.54,0.61));
#2210=VERTEX_POINT('',#2211);
#2209=EDGE_CURVE('',#2210,#2161,#2214,.T.);
#2214=LINE('',#2211,#2216);
#2216=VECTOR('',#2217,0.8382127);
#2217=DIRECTION('',(1.0,0.0,0.0));
#2208=ORIENTED_EDGE('',*,*,#2209,.F.);
#2219=EDGE_CURVE('',#2083,#2210,#2224,.T.);
#2224=LINE('',#2084,#2226);
#2226=VECTOR('',#2227,1.8288);
#2227=DIRECTION('',(0.0,0.0,-1.0));
#2218=ORIENTED_EDGE('',*,*,#2219,.F.);
#2228=ORIENTED_EDGE('',*,*,#2082,.T.);
#2238=ORIENTED_EDGE('',*,*,#2170,.T.);
#2248=STYLED_ITEM('',(#43),#2249);
#2249=ADVANCED_FACE('',(#2255),#2250,.T.);
#2250=PLANE('',#2251);
#2251=AXIS2_PLACEMENT_3D('',#2252,#2253,#2254);
#2252=CARTESIAN_POINT('',(-0.419,2.54,0.61));
#2253=DIRECTION('',(-0.426,0.905,0.0));
#2254=DIRECTION('',(0.,0.,1.));
#2255=FACE_OUTER_BOUND('',#2256,.T.);
#2256=EDGE_LOOP('',(#2257,#2267,#2277,#2287));
#2260=CARTESIAN_POINT('',(-0.635,2.438,1.067));
#2259=VERTEX_POINT('',#2260);
#2258=EDGE_CURVE('',#2259,#2210,#2263,.T.);
#2263=LINE('',#2260,#2265);
#2265=VECTOR('',#2266,0.515718681521859);
#2266=DIRECTION('',(0.419,0.197,-0.887));
#2257=ORIENTED_EDGE('',*,*,#2258,.F.);
#2268=EDGE_CURVE('',#2132,#2259,#2273,.T.);
#2273=LINE('',#2133,#2275);
#2275=VECTOR('',#2276,1.18872);
#2276=DIRECTION('',(0.0,0.0,-1.0));
#2267=ORIENTED_EDGE('',*,*,#2268,.F.);
#2277=ORIENTED_EDGE('',*,*,#2131,.T.);
#2287=ORIENTED_EDGE('',*,*,#2219,.T.);
#2297=STYLED_ITEM('',(#43),#2298);
#2298=ADVANCED_FACE('',(#2304),#2299,.T.);
#2299=PLANE('',#2300);
#2300=AXIS2_PLACEMENT_3D('',#2301,#2302,#2303);
#2301=CARTESIAN_POINT('',(-0.635,0.102,1.067));
#2302=DIRECTION('',(-0.426,-0.905,0.0));
#2303=DIRECTION('',(0.,0.,1.));
#2304=FACE_OUTER_BOUND('',#2305,.T.);
#2305=EDGE_LOOP('',(#2306,#2316,#2326,#2336));
#2309=CARTESIAN_POINT('',(-0.419,0.0,0.61));
#2308=VERTEX_POINT('',#2309);
#2311=CARTESIAN_POINT('',(-0.635,0.102,1.067));
#2310=VERTEX_POINT('',#2311);
#2307=EDGE_CURVE('',#2308,#2310,#2312,.T.);
#2312=LINE('',#2309,#2314);
#2314=VECTOR('',#2315,0.515718681521859);
#2315=DIRECTION('',(-0.419,0.197,0.887));
#2306=ORIENTED_EDGE('',*,*,#2307,.F.);
#2317=EDGE_CURVE('',#2065,#2308,#2322,.T.);
#2322=LINE('',#2066,#2324);
#2324=VECTOR('',#2325,1.8288);
#2325=DIRECTION('',(0.0,0.0,-1.0));
#2316=ORIENTED_EDGE('',*,*,#2317,.F.);
#2326=ORIENTED_EDGE('',*,*,#2111,.T.);
#2337=EDGE_CURVE('',#2310,#2114,#2342,.T.);
#2342=LINE('',#2311,#2344);
#2344=VECTOR('',#2345,1.18872);
#2345=DIRECTION('',(0.0,0.0,1.0));
#2336=ORIENTED_EDGE('',*,*,#2337,.F.);
#2346=STYLED_ITEM('',(#43),#2347);
#2347=ADVANCED_FACE('',(#2353),#2348,.T.);
#2348=PLANE('',#2349);
#2349=AXIS2_PLACEMENT_3D('',#2350,#2351,#2352);
#2350=CARTESIAN_POINT('',(-0.419,0.0,0.61));
#2351=DIRECTION('',(0.0,-1.0,0.0));
#2352=DIRECTION('',(0.,0.,1.));
#2353=FACE_OUTER_BOUND('',#2354,.T.);
#2354=EDGE_LOOP('',(#2355,#2365,#2375,#2385));
#2358=CARTESIAN_POINT('',(0.419,0.0,0.61));
#2357=VERTEX_POINT('',#2358);
#2356=EDGE_CURVE('',#2357,#2308,#2361,.T.);
#2361=LINE('',#2358,#2363);
#2363=VECTOR('',#2364,0.8382127);
#2364=DIRECTION('',(-1.0,0.0,0.0));
#2355=ORIENTED_EDGE('',*,*,#2356,.F.);
#2366=EDGE_CURVE('',#2034,#2357,#2371,.T.);
#2371=LINE('',#2035,#2373);
#2373=VECTOR('',#2374,1.8288);
#2374=DIRECTION('',(0.0,0.0,-1.0));
#2365=ORIENTED_EDGE('',*,*,#2366,.F.);
#2375=ORIENTED_EDGE('',*,*,#2062,.T.);
#2385=ORIENTED_EDGE('',*,*,#2317,.T.);
#2395=STYLED_ITEM('',(#43),#2396);
#2396=ADVANCED_FACE('',(#2402),#2397,.T.);
#2397=PLANE('',#2398);
#2398=AXIS2_PLACEMENT_3D('',#2399,#2400,#2401);
#2399=CARTESIAN_POINT('',(0.419,0.0,0.61));
#2400=DIRECTION('',(0.426,-0.905,0.0));
#2401=DIRECTION('',(0.,0.,1.));
#2402=FACE_OUTER_BOUND('',#2403,.T.);
#2403=EDGE_LOOP('',(#2404,#2414,#2424,#2434));
#2405=EDGE_CURVE('',#1722,#2357,#2410,.T.);
#2410=LINE('',#1723,#2412);
#2412=VECTOR('',#2413,0.515718681521859);
#2413=DIRECTION('',(-0.419,-0.197,-0.887));
#2404=ORIENTED_EDGE('',*,*,#2405,.F.);
#2414=ORIENTED_EDGE('',*,*,#1749,.T.);
#2424=ORIENTED_EDGE('',*,*,#2043,.T.);
#2434=ORIENTED_EDGE('',*,*,#2366,.T.);
#2444=STYLED_ITEM('',(#43),#2445);
#2445=ADVANCED_FACE('',(#2451),#2446,.T.);
#2446=PLANE('',#2447);
#2447=AXIS2_PLACEMENT_3D('',#2448,#2449,#2450);
#2448=CARTESIAN_POINT('',(0.419,0.0,0.61));
#2449=DIRECTION('',(0.904,0.0,-0.427));
#2450=DIRECTION('',(0.,0.,1.));
#2451=FACE_OUTER_BOUND('',#2452,.T.);
#2452=EDGE_LOOP('',(#2453,#2463,#2473,#2483));
#2454=EDGE_CURVE('',#2161,#2357,#2459,.T.);
#2459=LINE('',#2162,#2461);
#2461=VECTOR('',#2462,2.54);
#2462=DIRECTION('',(0.0,-1.0,0.0));
#2453=ORIENTED_EDGE('',*,*,#2454,.F.);
#2463=ORIENTED_EDGE('',*,*,#2160,.T.);
#2473=ORIENTED_EDGE('',*,*,#1984,.T.);
#2483=ORIENTED_EDGE('',*,*,#2405,.T.);
#2493=STYLED_ITEM('',(#43),#2494);
#2494=ADVANCED_FACE('',(#2500),#2495,.T.);
#2495=PLANE('',#2496);
#2496=AXIS2_PLACEMENT_3D('',#2497,#2498,#2499);
#2497=CARTESIAN_POINT('',(-0.419,2.54,0.61));
#2498=DIRECTION('',(0.0,0.0,-1.0));
#2499=DIRECTION('',(0.,1.,0.));
#2500=FACE_OUTER_BOUND('',#2501,.T.);
#2501=EDGE_LOOP('',(#2502,#2512,#2522,#2532));
#2502=ORIENTED_EDGE('',*,*,#2209,.T.);
#2512=ORIENTED_EDGE('',*,*,#2454,.T.);
#2522=ORIENTED_EDGE('',*,*,#2356,.T.);
#2533=EDGE_CURVE('',#2210,#2308,#2538,.T.);
#2538=LINE('',#2211,#2540);
#2540=VECTOR('',#2541,2.54);
#2541=DIRECTION('',(0.0,-1.0,0.0));
#2532=ORIENTED_EDGE('',*,*,#2533,.F.);
#2542=STYLED_ITEM('',(#43),#2543);
#2543=ADVANCED_FACE('',(#2549),#2544,.T.);
#2544=PLANE('',#2545);
#2545=AXIS2_PLACEMENT_3D('',#2546,#2547,#2548);
#2546=CARTESIAN_POINT('',(-0.419,2.54,0.61));
#2547=DIRECTION('',(-0.904,0.0,-0.427));
#2548=DIRECTION('',(0.,0.,1.));
#2549=FACE_OUTER_BOUND('',#2550,.T.);
#2550=EDGE_LOOP('',(#2551,#2561,#2571,#2581));
#2551=ORIENTED_EDGE('',*,*,#2533,.T.);
#2561=ORIENTED_EDGE('',*,*,#2307,.T.);
#2572=EDGE_CURVE('',#2259,#2310,#2577,.T.);
#2577=LINE('',#2260,#2579);
#2579=VECTOR('',#2580,2.3367873);
#2580=DIRECTION('',(0.0,-1.0,0.0));
#2571=ORIENTED_EDGE('',*,*,#2572,.F.);
#2581=ORIENTED_EDGE('',*,*,#2258,.T.);
#2591=STYLED_ITEM('',(#43),#2592);
#2592=ADVANCED_FACE('',(#2598),#2593,.T.);
#2593=PLANE('',#2594);
#2594=AXIS2_PLACEMENT_3D('',#2595,#2596,#2597);
#2595=CARTESIAN_POINT('',(-0.635,0.102,2.256));
#2596=DIRECTION('',(0.646,0.0,0.763));
#2597=DIRECTION('',(0.,0.,1.));
#2598=FACE_OUTER_BOUND('',#2599,.T.);
#2599=EDGE_LOOP('',(#2600,#2610,#2620,#2630));
#2600=ORIENTED_EDGE('',*,*,#2141,.T.);
#2613=CARTESIAN_POINT('',(-0.851,2.54,2.438));
#2612=VERTEX_POINT('',#2613);
#2611=EDGE_CURVE('',#2612,#2132,#2616,.T.);
#2616=LINE('',#2613,#2618);
#2618=VECTOR('',#2619,0.300631024464617);
#2619=DIRECTION('',(0.718,-0.338,-0.608));
#2610=ORIENTED_EDGE('',*,*,#2611,.F.);
#2623=CARTESIAN_POINT('',(-0.851,0.0,2.438));
#2622=VERTEX_POINT('',#2623);
#2621=EDGE_CURVE('',#2622,#2612,#2626,.T.);
#2626=LINE('',#2623,#2628);
#2628=VECTOR('',#2629,2.54);
#2629=DIRECTION('',(0.0,1.0,0.0));
#2620=ORIENTED_EDGE('',*,*,#2621,.F.);
#2631=EDGE_CURVE('',#2114,#2622,#2636,.T.);
#2636=LINE('',#2115,#2638);
#2638=VECTOR('',#2639,0.300631024464617);
#2639=DIRECTION('',(-0.718,-0.338,0.608));
#2630=ORIENTED_EDGE('',*,*,#2631,.F.);
#2640=STYLED_ITEM('',(#43),#2641);
#2641=ADVANCED_FACE('',(#2647),#2642,.T.);
#2642=PLANE('',#2643);
#2643=AXIS2_PLACEMENT_3D('',#2644,#2645,#2646);
#2644=CARTESIAN_POINT('',(-1.689,0.0,2.438));
#2645=DIRECTION('',(0.0,0.0,1.0));
#2646=DIRECTION('',(0.,1.,0.));
#2647=FACE_OUTER_BOUND('',#2648,.T.);
#2648=EDGE_LOOP('',(#2649,#2659,#2669,#2679));
#2654=CARTESIAN_POINT('',(-1.689,0.0,2.438));
#2653=VERTEX_POINT('',#2654);
#2650=EDGE_CURVE('',#2622,#2653,#2655,.T.);
#2655=LINE('',#2623,#2657);
#2657=VECTOR('',#2658,0.8382127);
#2658=DIRECTION('',(-1.0,0.0,0.0));
#2649=ORIENTED_EDGE('',*,*,#2650,.F.);
#2659=ORIENTED_EDGE('',*,*,#2621,.T.);
#2672=CARTESIAN_POINT('',(-1.689,2.54,2.438));
#2671=VERTEX_POINT('',#2672);
#2670=EDGE_CURVE('',#2671,#2612,#2675,.T.);
#2675=LINE('',#2672,#2677);
#2677=VECTOR('',#2678,0.8382127);
#2678=DIRECTION('',(1.0,0.0,0.0));
#2669=ORIENTED_EDGE('',*,*,#2670,.F.);
#2680=EDGE_CURVE('',#2653,#2671,#2685,.T.);
#2685=LINE('',#2654,#2687);
#2687=VECTOR('',#2688,2.54);
#2688=DIRECTION('',(0.0,1.0,0.0));
#2679=ORIENTED_EDGE('',*,*,#2680,.F.);
#2689=STYLED_ITEM('',(#43),#2690);
#2690=ADVANCED_FACE('',(#2696),#2691,.T.);
#2691=PLANE('',#2692);
#2692=AXIS2_PLACEMENT_3D('',#2693,#2694,#2695);
#2693=CARTESIAN_POINT('',(-1.905,0.102,2.256));
#2694=DIRECTION('',(-0.646,0.0,0.763));
#2695=DIRECTION('',(0.,0.,1.));
#2696=FACE_OUTER_BOUND('',#2697,.T.);
#2697=EDGE_LOOP('',(#2698,#2708,#2718,#2728));
#2703=CARTESIAN_POINT('',(-1.905,0.102,2.256));
#2702=VERTEX_POINT('',#2703);
#2699=EDGE_CURVE('',#2653,#2702,#2704,.T.);
#2704=LINE('',#2654,#2706);
#2706=VECTOR('',#2707,0.300631024464617);
#2707=DIRECTION('',(-0.718,0.338,-0.608));
#2698=ORIENTED_EDGE('',*,*,#2699,.F.);
#2708=ORIENTED_EDGE('',*,*,#2680,.T.);
#2721=CARTESIAN_POINT('',(-1.905,2.438,2.256));
#2720=VERTEX_POINT('',#2721);
#2719=EDGE_CURVE('',#2720,#2671,#2724,.T.);
#2724=LINE('',#2721,#2726);
#2726=VECTOR('',#2727,0.300631024464617);
#2727=DIRECTION('',(0.718,0.338,0.608));
#2718=ORIENTED_EDGE('',*,*,#2719,.F.);
#2729=EDGE_CURVE('',#2702,#2720,#2734,.T.);
#2734=LINE('',#2703,#2736);
#2736=VECTOR('',#2737,2.3367873);
#2737=DIRECTION('',(0.0,1.0,0.0));
#2728=ORIENTED_EDGE('',*,*,#2729,.F.);
#2738=STYLED_ITEM('',(#43),#2739);
#2739=ADVANCED_FACE('',(#2745),#2740,.T.);
#2740=PLANE('',#2741);
#2741=AXIS2_PLACEMENT_3D('',#2742,#2743,#2744);
#2742=CARTESIAN_POINT('',(-0.635,2.438,1.067));
#2743=DIRECTION('',(0.426,0.905,0.0));
#2744=DIRECTION('',(0.,0.,1.));
#2745=FACE_OUTER_BOUND('',#2746,.T.);
#2746=EDGE_LOOP('',(#2747,#2757,#2767,#2777));
#2750=CARTESIAN_POINT('',(-0.851,2.54,0.61));
#2749=VERTEX_POINT('',#2750);
#2748=EDGE_CURVE('',#2749,#2259,#2753,.T.);
#2753=LINE('',#2750,#2755);
#2755=VECTOR('',#2756,0.515718681521859);
#2756=DIRECTION('',(0.419,-0.197,0.887));
#2747=ORIENTED_EDGE('',*,*,#2748,.F.);
#2758=EDGE_CURVE('',#2612,#2749,#2763,.T.);
#2763=LINE('',#2613,#2765);
#2765=VECTOR('',#2766,1.8288);
#2766=DIRECTION('',(0.0,0.0,-1.0));
#2757=ORIENTED_EDGE('',*,*,#2758,.F.);
#2767=ORIENTED_EDGE('',*,*,#2611,.T.);
#2777=ORIENTED_EDGE('',*,*,#2268,.T.);
#2787=STYLED_ITEM('',(#43),#2788);
#2788=ADVANCED_FACE('',(#2794),#2789,.T.);
#2789=PLANE('',#2790);
#2790=AXIS2_PLACEMENT_3D('',#2791,#2792,#2793);
#2791=CARTESIAN_POINT('',(-0.851,2.54,0.61));
#2792=DIRECTION('',(0.0,1.0,0.0));
#2793=DIRECTION('',(0.,0.,1.));
#2794=FACE_OUTER_BOUND('',#2795,.T.);
#2795=EDGE_LOOP('',(#2796,#2806,#2816,#2826));
#2799=CARTESIAN_POINT('',(-1.689,2.54,0.61));
#2798=VERTEX_POINT('',#2799);
#2797=EDGE_CURVE('',#2798,#2749,#2802,.T.);
#2802=LINE('',#2799,#2804);
#2804=VECTOR('',#2805,0.8382127);
#2805=DIRECTION('',(1.0,0.0,0.0));
#2796=ORIENTED_EDGE('',*,*,#2797,.F.);
#2807=EDGE_CURVE('',#2671,#2798,#2812,.T.);
#2812=LINE('',#2672,#2814);
#2814=VECTOR('',#2815,1.8288);
#2815=DIRECTION('',(0.0,0.0,-1.0));
#2806=ORIENTED_EDGE('',*,*,#2807,.F.);
#2816=ORIENTED_EDGE('',*,*,#2670,.T.);
#2826=ORIENTED_EDGE('',*,*,#2758,.T.);
#2836=STYLED_ITEM('',(#43),#2837);
#2837=ADVANCED_FACE('',(#2843),#2838,.T.);
#2838=PLANE('',#2839);
#2839=AXIS2_PLACEMENT_3D('',#2840,#2841,#2842);
#2840=CARTESIAN_POINT('',(-1.689,2.54,0.61));
#2841=DIRECTION('',(-0.426,0.905,0.0));
#2842=DIRECTION('',(0.,0.,1.));
#2843=FACE_OUTER_BOUND('',#2844,.T.);
#2844=EDGE_LOOP('',(#2845,#2855,#2865,#2875));
#2848=CARTESIAN_POINT('',(-1.905,2.438,1.067));
#2847=VERTEX_POINT('',#2848);
#2846=EDGE_CURVE('',#2847,#2798,#2851,.T.);
#2851=LINE('',#2848,#2853);
#2853=VECTOR('',#2854,0.515718681521859);
#2854=DIRECTION('',(0.419,0.197,-0.887));
#2845=ORIENTED_EDGE('',*,*,#2846,.F.);
#2856=EDGE_CURVE('',#2720,#2847,#2861,.T.);
#2861=LINE('',#2721,#2863);
#2863=VECTOR('',#2864,1.18872);
#2864=DIRECTION('',(0.0,0.0,-1.0));
#2855=ORIENTED_EDGE('',*,*,#2856,.F.);
#2865=ORIENTED_EDGE('',*,*,#2719,.T.);
#2875=ORIENTED_EDGE('',*,*,#2807,.T.);
#2885=STYLED_ITEM('',(#43),#2886);
#2886=ADVANCED_FACE('',(#2892),#2887,.T.);
#2887=PLANE('',#2888);
#2888=AXIS2_PLACEMENT_3D('',#2889,#2890,#2891);
#2889=CARTESIAN_POINT('',(-1.905,0.102,1.067));
#2890=DIRECTION('',(-0.426,-0.905,0.0));
#2891=DIRECTION('',(0.,0.,1.));
#2892=FACE_OUTER_BOUND('',#2893,.T.);
#2893=EDGE_LOOP('',(#2894,#2904,#2914,#2924));
#2897=CARTESIAN_POINT('',(-1.689,0.0,0.61));
#2896=VERTEX_POINT('',#2897);
#2899=CARTESIAN_POINT('',(-1.905,0.102,1.067));
#2898=VERTEX_POINT('',#2899);
#2895=EDGE_CURVE('',#2896,#2898,#2900,.T.);
#2900=LINE('',#2897,#2902);
#2902=VECTOR('',#2903,0.515718681521859);
#2903=DIRECTION('',(-0.419,0.197,0.887));
#2894=ORIENTED_EDGE('',*,*,#2895,.F.);
#2905=EDGE_CURVE('',#2653,#2896,#2910,.T.);
#2910=LINE('',#2654,#2912);
#2912=VECTOR('',#2913,1.8288);
#2913=DIRECTION('',(0.0,0.0,-1.0));
#2904=ORIENTED_EDGE('',*,*,#2905,.F.);
#2914=ORIENTED_EDGE('',*,*,#2699,.T.);
#2925=EDGE_CURVE('',#2898,#2702,#2930,.T.);
#2930=LINE('',#2899,#2932);
#2932=VECTOR('',#2933,1.18872);
#2933=DIRECTION('',(0.0,0.0,1.0));
#2924=ORIENTED_EDGE('',*,*,#2925,.F.);
#2934=STYLED_ITEM('',(#43),#2935);
#2935=ADVANCED_FACE('',(#2941),#2936,.T.);
#2936=PLANE('',#2937);
#2937=AXIS2_PLACEMENT_3D('',#2938,#2939,#2940);
#2938=CARTESIAN_POINT('',(-1.689,0.0,0.61));
#2939=DIRECTION('',(0.0,-1.0,0.0));
#2940=DIRECTION('',(0.,0.,1.));
#2941=FACE_OUTER_BOUND('',#2942,.T.);
#2942=EDGE_LOOP('',(#2943,#2953,#2963,#2973));
#2946=CARTESIAN_POINT('',(-0.851,0.0,0.61));
#2945=VERTEX_POINT('',#2946);
#2944=EDGE_CURVE('',#2945,#2896,#2949,.T.);
#2949=LINE('',#2946,#2951);
#2951=VECTOR('',#2952,0.8382127);
#2952=DIRECTION('',(-1.0,0.0,0.0));
#2943=ORIENTED_EDGE('',*,*,#2944,.F.);
#2954=EDGE_CURVE('',#2622,#2945,#2959,.T.);
#2959=LINE('',#2623,#2961);
#2961=VECTOR('',#2962,1.8288);
#2962=DIRECTION('',(0.0,0.0,-1.0));
#2953=ORIENTED_EDGE('',*,*,#2954,.F.);
#2963=ORIENTED_EDGE('',*,*,#2650,.T.);
#2973=ORIENTED_EDGE('',*,*,#2905,.T.);
#2983=STYLED_ITEM('',(#43),#2984);
#2984=ADVANCED_FACE('',(#2990),#2985,.T.);
#2985=PLANE('',#2986);
#2986=AXIS2_PLACEMENT_3D('',#2987,#2988,#2989);
#2987=CARTESIAN_POINT('',(-0.851,0.0,0.61));
#2988=DIRECTION('',(0.426,-0.905,0.0));
#2989=DIRECTION('',(0.,0.,1.));
#2990=FACE_OUTER_BOUND('',#2991,.T.);
#2991=EDGE_LOOP('',(#2992,#3002,#3012,#3022));
#2993=EDGE_CURVE('',#2310,#2945,#2998,.T.);
#2998=LINE('',#2311,#3000);
#3000=VECTOR('',#3001,0.515718681521859);
#3001=DIRECTION('',(-0.419,-0.197,-0.887));
#2992=ORIENTED_EDGE('',*,*,#2993,.F.);
#3002=ORIENTED_EDGE('',*,*,#2337,.T.);
#3012=ORIENTED_EDGE('',*,*,#2631,.T.);
#3022=ORIENTED_EDGE('',*,*,#2954,.T.);
#3032=STYLED_ITEM('',(#43),#3033);
#3033=ADVANCED_FACE('',(#3039),#3034,.T.);
#3034=PLANE('',#3035);
#3035=AXIS2_PLACEMENT_3D('',#3036,#3037,#3038);
#3036=CARTESIAN_POINT('',(-0.851,0.0,0.61));
#3037=DIRECTION('',(0.904,0.0,-0.427));
#3038=DIRECTION('',(0.,0.,1.));
#3039=FACE_OUTER_BOUND('',#3040,.T.);
#3040=EDGE_LOOP('',(#3041,#3051,#3061,#3071));
#3042=EDGE_CURVE('',#2749,#2945,#3047,.T.);
#3047=LINE('',#2750,#3049);
#3049=VECTOR('',#3050,2.54);
#3050=DIRECTION('',(0.0,-1.0,0.0));
#3041=ORIENTED_EDGE('',*,*,#3042,.F.);
#3051=ORIENTED_EDGE('',*,*,#2748,.T.);
#3061=ORIENTED_EDGE('',*,*,#2572,.T.);
#3071=ORIENTED_EDGE('',*,*,#2993,.T.);
#3081=STYLED_ITEM('',(#43),#3082);
#3082=ADVANCED_FACE('',(#3088),#3083,.T.);
#3083=PLANE('',#3084);
#3084=AXIS2_PLACEMENT_3D('',#3085,#3086,#3087);
#3085=CARTESIAN_POINT('',(-1.689,2.54,0.61));
#3086=DIRECTION('',(0.0,0.0,-1.0));
#3087=DIRECTION('',(0.,1.,0.));
#3088=FACE_OUTER_BOUND('',#3089,.T.);
#3089=EDGE_LOOP('',(#3090,#3100,#3110,#3120));
#3090=ORIENTED_EDGE('',*,*,#2797,.T.);
#3100=ORIENTED_EDGE('',*,*,#3042,.T.);
#3110=ORIENTED_EDGE('',*,*,#2944,.T.);
#3121=EDGE_CURVE('',#2798,#2896,#3126,.T.);
#3126=LINE('',#2799,#3128);
#3128=VECTOR('',#3129,2.54);
#3129=DIRECTION('',(0.0,-1.0,0.0));
#3120=ORIENTED_EDGE('',*,*,#3121,.F.);
#3130=STYLED_ITEM('',(#43),#3131);
#3131=ADVANCED_FACE('',(#3137),#3132,.T.);
#3132=PLANE('',#3133);
#3133=AXIS2_PLACEMENT_3D('',#3134,#3135,#3136);
#3134=CARTESIAN_POINT('',(-1.689,2.54,0.61));
#3135=DIRECTION('',(-0.904,0.0,-0.427));
#3136=DIRECTION('',(0.,0.,1.));
#3137=FACE_OUTER_BOUND('',#3138,.T.);
#3138=EDGE_LOOP('',(#3139,#3149,#3159,#3169));
#3139=ORIENTED_EDGE('',*,*,#3121,.T.);
#3149=ORIENTED_EDGE('',*,*,#2895,.T.);
#3160=EDGE_CURVE('',#2847,#2898,#3165,.T.);
#3165=LINE('',#2848,#3167);
#3167=VECTOR('',#3168,2.3367873);
#3168=DIRECTION('',(0.0,-1.0,0.0));
#3159=ORIENTED_EDGE('',*,*,#3160,.F.);
#3169=ORIENTED_EDGE('',*,*,#2846,.T.);
#3179=STYLED_ITEM('',(#43),#3180);
#3180=ADVANCED_FACE('',(#3186),#3181,.T.);
#3181=PLANE('',#3182);
#3182=AXIS2_PLACEMENT_3D('',#3183,#3184,#3185);
#3183=CARTESIAN_POINT('',(-1.905,0.102,2.256));
#3184=DIRECTION('',(0.646,0.0,0.763));
#3185=DIRECTION('',(0.,0.,1.));
#3186=FACE_OUTER_BOUND('',#3187,.T.);
#3187=EDGE_LOOP('',(#3188,#3198,#3208,#3218));
#3188=ORIENTED_EDGE('',*,*,#2729,.T.);
#3201=CARTESIAN_POINT('',(-2.121,2.54,2.438));
#3200=VERTEX_POINT('',#3201);
#3199=EDGE_CURVE('',#3200,#2720,#3204,.T.);
#3204=LINE('',#3201,#3206);
#3206=VECTOR('',#3207,0.300631024464617);
#3207=DIRECTION('',(0.718,-0.338,-0.608));
#3198=ORIENTED_EDGE('',*,*,#3199,.F.);
#3211=CARTESIAN_POINT('',(-2.121,0.0,2.438));
#3210=VERTEX_POINT('',#3211);
#3209=EDGE_CURVE('',#3210,#3200,#3214,.T.);
#3214=LINE('',#3211,#3216);
#3216=VECTOR('',#3217,2.54);
#3217=DIRECTION('',(0.0,1.0,0.0));
#3208=ORIENTED_EDGE('',*,*,#3209,.F.);
#3219=EDGE_CURVE('',#2702,#3210,#3224,.T.);
#3224=LINE('',#2703,#3226);
#3226=VECTOR('',#3227,0.300631024464617);
#3227=DIRECTION('',(-0.718,-0.338,0.608));
#3218=ORIENTED_EDGE('',*,*,#3219,.F.);
#3228=STYLED_ITEM('',(#43),#3229);
#3229=ADVANCED_FACE('',(#3235),#3230,.T.);
#3230=PLANE('',#3231);
#3231=AXIS2_PLACEMENT_3D('',#3232,#3233,#3234);
#3232=CARTESIAN_POINT('',(-2.959,0.0,2.438));
#3233=DIRECTION('',(0.0,0.0,1.0));
#3234=DIRECTION('',(0.,1.,0.));
#3235=FACE_OUTER_BOUND('',#3236,.T.);
#3236=EDGE_LOOP('',(#3237,#3247,#3257,#3267));
#3242=CARTESIAN_POINT('',(-2.959,0.0,2.438));
#3241=VERTEX_POINT('',#3242);
#3238=EDGE_CURVE('',#3210,#3241,#3243,.T.);
#3243=LINE('',#3211,#3245);
#3245=VECTOR('',#3246,0.8382127);
#3246=DIRECTION('',(-1.0,0.0,0.0));
#3237=ORIENTED_EDGE('',*,*,#3238,.F.);
#3247=ORIENTED_EDGE('',*,*,#3209,.T.);
#3260=CARTESIAN_POINT('',(-2.959,2.54,2.438));
#3259=VERTEX_POINT('',#3260);
#3258=EDGE_CURVE('',#3259,#3200,#3263,.T.);
#3263=LINE('',#3260,#3265);
#3265=VECTOR('',#3266,0.8382127);
#3266=DIRECTION('',(1.0,0.0,0.0));
#3257=ORIENTED_EDGE('',*,*,#3258,.F.);
#3268=EDGE_CURVE('',#3241,#3259,#3273,.T.);
#3273=LINE('',#3242,#3275);
#3275=VECTOR('',#3276,2.54);
#3276=DIRECTION('',(0.0,1.0,0.0));
#3267=ORIENTED_EDGE('',*,*,#3268,.F.);
#3277=STYLED_ITEM('',(#43),#3278);
#3278=ADVANCED_FACE('',(#3284),#3279,.T.);
#3279=PLANE('',#3280);
#3280=AXIS2_PLACEMENT_3D('',#3281,#3282,#3283);
#3281=CARTESIAN_POINT('',(-3.175,0.102,2.256));
#3282=DIRECTION('',(-0.646,0.0,0.763));
#3283=DIRECTION('',(0.,0.,1.));
#3284=FACE_OUTER_BOUND('',#3285,.T.);
#3285=EDGE_LOOP('',(#3286,#3296,#3306,#3316));
#3291=CARTESIAN_POINT('',(-3.175,0.102,2.256));
#3290=VERTEX_POINT('',#3291);
#3287=EDGE_CURVE('',#3241,#3290,#3292,.T.);
#3292=LINE('',#3242,#3294);
#3294=VECTOR('',#3295,0.300631024464617);
#3295=DIRECTION('',(-0.718,0.338,-0.608));
#3286=ORIENTED_EDGE('',*,*,#3287,.F.);
#3296=ORIENTED_EDGE('',*,*,#3268,.T.);
#3309=CARTESIAN_POINT('',(-3.175,2.438,2.256));
#3308=VERTEX_POINT('',#3309);
#3307=EDGE_CURVE('',#3308,#3259,#3312,.T.);
#3312=LINE('',#3309,#3314);
#3314=VECTOR('',#3315,0.300631024464617);
#3315=DIRECTION('',(0.718,0.338,0.608));
#3306=ORIENTED_EDGE('',*,*,#3307,.F.);
#3317=EDGE_CURVE('',#3290,#3308,#3322,.T.);
#3322=LINE('',#3291,#3324);
#3324=VECTOR('',#3325,2.3367873);
#3325=DIRECTION('',(0.0,1.0,0.0));
#3316=ORIENTED_EDGE('',*,*,#3317,.F.);
#3326=STYLED_ITEM('',(#43),#3327);
#3327=ADVANCED_FACE('',(#3333),#3328,.T.);
#3328=PLANE('',#3329);
#3329=AXIS2_PLACEMENT_3D('',#3330,#3331,#3332);
#3330=CARTESIAN_POINT('',(-1.905,2.438,1.067));
#3331=DIRECTION('',(0.426,0.905,0.0));
#3332=DIRECTION('',(0.,0.,1.));
#3333=FACE_OUTER_BOUND('',#3334,.T.);
#3334=EDGE_LOOP('',(#3335,#3345,#3355,#3365));
#3338=CARTESIAN_POINT('',(-2.121,2.54,0.61));
#3337=VERTEX_POINT('',#3338);
#3336=EDGE_CURVE('',#3337,#2847,#3341,.T.);
#3341=LINE('',#3338,#3343);
#3343=VECTOR('',#3344,0.515718681521859);
#3344=DIRECTION('',(0.419,-0.197,0.887));
#3335=ORIENTED_EDGE('',*,*,#3336,.F.);
#3346=EDGE_CURVE('',#3200,#3337,#3351,.T.);
#3351=LINE('',#3201,#3353);
#3353=VECTOR('',#3354,1.8288);
#3354=DIRECTION('',(0.0,0.0,-1.0));
#3345=ORIENTED_EDGE('',*,*,#3346,.F.);
#3355=ORIENTED_EDGE('',*,*,#3199,.T.);
#3365=ORIENTED_EDGE('',*,*,#2856,.T.);
#3375=STYLED_ITEM('',(#43),#3376);
#3376=ADVANCED_FACE('',(#3382),#3377,.T.);
#3377=PLANE('',#3378);
#3378=AXIS2_PLACEMENT_3D('',#3379,#3380,#3381);
#3379=CARTESIAN_POINT('',(-2.121,2.54,0.61));
#3380=DIRECTION('',(0.0,1.0,0.0));
#3381=DIRECTION('',(0.,0.,1.));
#3382=FACE_OUTER_BOUND('',#3383,.T.);
#3383=EDGE_LOOP('',(#3384,#3394,#3404,#3414));
#3387=CARTESIAN_POINT('',(-2.959,2.54,0.61));
#3386=VERTEX_POINT('',#3387);
#3385=EDGE_CURVE('',#3386,#3337,#3390,.T.);
#3390=LINE('',#3387,#3392);
#3392=VECTOR('',#3393,0.8382127);
#3393=DIRECTION('',(1.0,0.0,0.0));
#3384=ORIENTED_EDGE('',*,*,#3385,.F.);
#3395=EDGE_CURVE('',#3259,#3386,#3400,.T.);
#3400=LINE('',#3260,#3402);
#3402=VECTOR('',#3403,1.8288);
#3403=DIRECTION('',(0.0,0.0,-1.0));
#3394=ORIENTED_EDGE('',*,*,#3395,.F.);
#3404=ORIENTED_EDGE('',*,*,#3258,.T.);
#3414=ORIENTED_EDGE('',*,*,#3346,.T.);
#3424=STYLED_ITEM('',(#43),#3425);
#3425=ADVANCED_FACE('',(#3431),#3426,.T.);
#3426=PLANE('',#3427);
#3427=AXIS2_PLACEMENT_3D('',#3428,#3429,#3430);
#3428=CARTESIAN_POINT('',(-2.959,2.54,0.61));
#3429=DIRECTION('',(-0.426,0.905,0.0));
#3430=DIRECTION('',(0.,0.,1.));
#3431=FACE_OUTER_BOUND('',#3432,.T.);
#3432=EDGE_LOOP('',(#3433,#3443,#3453,#3463));
#3436=CARTESIAN_POINT('',(-3.175,2.438,1.067));
#3435=VERTEX_POINT('',#3436);
#3434=EDGE_CURVE('',#3435,#3386,#3439,.T.);
#3439=LINE('',#3436,#3441);
#3441=VECTOR('',#3442,0.515718681521859);
#3442=DIRECTION('',(0.419,0.197,-0.887));
#3433=ORIENTED_EDGE('',*,*,#3434,.F.);
#3444=EDGE_CURVE('',#3308,#3435,#3449,.T.);
#3449=LINE('',#3309,#3451);
#3451=VECTOR('',#3452,1.18872);
#3452=DIRECTION('',(0.0,0.0,-1.0));
#3443=ORIENTED_EDGE('',*,*,#3444,.F.);
#3453=ORIENTED_EDGE('',*,*,#3307,.T.);
#3463=ORIENTED_EDGE('',*,*,#3395,.T.);
#3473=STYLED_ITEM('',(#43),#3474);
#3474=ADVANCED_FACE('',(#3480),#3475,.T.);
#3475=PLANE('',#3476);
#3476=AXIS2_PLACEMENT_3D('',#3477,#3478,#3479);
#3477=CARTESIAN_POINT('',(-3.175,0.102,1.067));
#3478=DIRECTION('',(-0.426,-0.905,0.0));
#3479=DIRECTION('',(0.,0.,1.));
#3480=FACE_OUTER_BOUND('',#3481,.T.);
#3481=EDGE_LOOP('',(#3482,#3492,#3502,#3512));
#3485=CARTESIAN_POINT('',(-2.959,0.0,0.61));
#3484=VERTEX_POINT('',#3485);
#3487=CARTESIAN_POINT('',(-3.175,0.102,1.067));
#3486=VERTEX_POINT('',#3487);
#3483=EDGE_CURVE('',#3484,#3486,#3488,.T.);
#3488=LINE('',#3485,#3490);
#3490=VECTOR('',#3491,0.515718681521859);
#3491=DIRECTION('',(-0.419,0.197,0.887));
#3482=ORIENTED_EDGE('',*,*,#3483,.F.);
#3493=EDGE_CURVE('',#3241,#3484,#3498,.T.);
#3498=LINE('',#3242,#3500);
#3500=VECTOR('',#3501,1.8288);
#3501=DIRECTION('',(0.0,0.0,-1.0));
#3492=ORIENTED_EDGE('',*,*,#3493,.F.);
#3502=ORIENTED_EDGE('',*,*,#3287,.T.);
#3513=EDGE_CURVE('',#3486,#3290,#3518,.T.);
#3518=LINE('',#3487,#3520);
#3520=VECTOR('',#3521,1.18872);
#3521=DIRECTION('',(0.0,0.0,1.0));
#3512=ORIENTED_EDGE('',*,*,#3513,.F.);
#3522=STYLED_ITEM('',(#43),#3523);
#3523=ADVANCED_FACE('',(#3529),#3524,.T.);
#3524=PLANE('',#3525);
#3525=AXIS2_PLACEMENT_3D('',#3526,#3527,#3528);
#3526=CARTESIAN_POINT('',(-2.959,0.0,0.61));
#3527=DIRECTION('',(0.0,-1.0,0.0));
#3528=DIRECTION('',(0.,0.,1.));
#3529=FACE_OUTER_BOUND('',#3530,.T.);
#3530=EDGE_LOOP('',(#3531,#3541,#3551,#3561));
#3534=CARTESIAN_POINT('',(-2.121,0.0,0.61));
#3533=VERTEX_POINT('',#3534);
#3532=EDGE_CURVE('',#3533,#3484,#3537,.T.);
#3537=LINE('',#3534,#3539);
#3539=VECTOR('',#3540,0.8382127);
#3540=DIRECTION('',(-1.0,0.0,0.0));
#3531=ORIENTED_EDGE('',*,*,#3532,.F.);
#3542=EDGE_CURVE('',#3210,#3533,#3547,.T.);
#3547=LINE('',#3211,#3549);
#3549=VECTOR('',#3550,1.8288);
#3550=DIRECTION('',(0.0,0.0,-1.0));
#3541=ORIENTED_EDGE('',*,*,#3542,.F.);
#3551=ORIENTED_EDGE('',*,*,#3238,.T.);
#3561=ORIENTED_EDGE('',*,*,#3493,.T.);
#3571=STYLED_ITEM('',(#43),#3572);
#3572=ADVANCED_FACE('',(#3578),#3573,.T.);
#3573=PLANE('',#3574);
#3574=AXIS2_PLACEMENT_3D('',#3575,#3576,#3577);
#3575=CARTESIAN_POINT('',(-2.121,0.0,0.61));
#3576=DIRECTION('',(0.426,-0.905,0.0));
#3577=DIRECTION('',(0.,0.,1.));
#3578=FACE_OUTER_BOUND('',#3579,.T.);
#3579=EDGE_LOOP('',(#3580,#3590,#3600,#3610));
#3581=EDGE_CURVE('',#2898,#3533,#3586,.T.);
#3586=LINE('',#2899,#3588);
#3588=VECTOR('',#3589,0.515718681521859);
#3589=DIRECTION('',(-0.419,-0.197,-0.887));
#3580=ORIENTED_EDGE('',*,*,#3581,.F.);
#3590=ORIENTED_EDGE('',*,*,#2925,.T.);
#3600=ORIENTED_EDGE('',*,*,#3219,.T.);
#3610=ORIENTED_EDGE('',*,*,#3542,.T.);
#3620=STYLED_ITEM('',(#43),#3621);
#3621=ADVANCED_FACE('',(#3627),#3622,.T.);
#3622=PLANE('',#3623);
#3623=AXIS2_PLACEMENT_3D('',#3624,#3625,#3626);
#3624=CARTESIAN_POINT('',(-2.121,0.0,0.61));
#3625=DIRECTION('',(0.904,0.0,-0.427));
#3626=DIRECTION('',(0.,0.,1.));
#3627=FACE_OUTER_BOUND('',#3628,.T.);
#3628=EDGE_LOOP('',(#3629,#3639,#3649,#3659));
#3630=EDGE_CURVE('',#3337,#3533,#3635,.T.);
#3635=LINE('',#3338,#3637);
#3637=VECTOR('',#3638,2.54);
#3638=DIRECTION('',(0.0,-1.0,0.0));
#3629=ORIENTED_EDGE('',*,*,#3630,.F.);
#3639=ORIENTED_EDGE('',*,*,#3336,.T.);
#3649=ORIENTED_EDGE('',*,*,#3160,.T.);
#3659=ORIENTED_EDGE('',*,*,#3581,.T.);
#3669=STYLED_ITEM('',(#43),#3670);
#3670=ADVANCED_FACE('',(#3676),#3671,.T.);
#3671=PLANE('',#3672);
#3672=AXIS2_PLACEMENT_3D('',#3673,#3674,#3675);
#3673=CARTESIAN_POINT('',(-2.959,2.54,0.61));
#3674=DIRECTION('',(0.0,0.0,-1.0));
#3675=DIRECTION('',(0.,1.,0.));
#3676=FACE_OUTER_BOUND('',#3677,.T.);
#3677=EDGE_LOOP('',(#3678,#3688,#3698,#3708));
#3678=ORIENTED_EDGE('',*,*,#3385,.T.);
#3688=ORIENTED_EDGE('',*,*,#3630,.T.);
#3698=ORIENTED_EDGE('',*,*,#3532,.T.);
#3709=EDGE_CURVE('',#3386,#3484,#3714,.T.);
#3714=LINE('',#3387,#3716);
#3716=VECTOR('',#3717,2.54);
#3717=DIRECTION('',(0.0,-1.0,0.0));
#3708=ORIENTED_EDGE('',*,*,#3709,.F.);
#3718=STYLED_ITEM('',(#43),#3719);
#3719=ADVANCED_FACE('',(#3725),#3720,.T.);
#3720=PLANE('',#3721);
#3721=AXIS2_PLACEMENT_3D('',#3722,#3723,#3724);
#3722=CARTESIAN_POINT('',(-2.959,2.54,0.61));
#3723=DIRECTION('',(-0.904,0.0,-0.427));
#3724=DIRECTION('',(0.,0.,1.));
#3725=FACE_OUTER_BOUND('',#3726,.T.);
#3726=EDGE_LOOP('',(#3727,#3737,#3747,#3757));
#3727=ORIENTED_EDGE('',*,*,#3709,.T.);
#3737=ORIENTED_EDGE('',*,*,#3483,.T.);
#3748=EDGE_CURVE('',#3435,#3486,#3753,.T.);
#3753=LINE('',#3436,#3755);
#3755=VECTOR('',#3756,2.3367873);
#3756=DIRECTION('',(0.0,-1.0,0.0));
#3747=ORIENTED_EDGE('',*,*,#3748,.F.);
#3757=ORIENTED_EDGE('',*,*,#3434,.T.);
#3767=STYLED_ITEM('',(#43),#3768);
#3768=ADVANCED_FACE('',(#3774),#3769,.T.);
#3769=PLANE('',#3770);
#3770=AXIS2_PLACEMENT_3D('',#3771,#3772,#3773);
#3771=CARTESIAN_POINT('',(-3.175,0.102,2.256));
#3772=DIRECTION('',(0.646,0.0,0.763));
#3773=DIRECTION('',(0.,0.,1.));
#3774=FACE_OUTER_BOUND('',#3775,.T.);
#3775=EDGE_LOOP('',(#3776,#3786,#3796,#3806));
#3776=ORIENTED_EDGE('',*,*,#3317,.T.);
#3789=CARTESIAN_POINT('',(-3.391,2.54,2.438));
#3788=VERTEX_POINT('',#3789);
#3787=EDGE_CURVE('',#3788,#3308,#3792,.T.);
#3792=LINE('',#3789,#3794);
#3794=VECTOR('',#3795,0.300631024464617);
#3795=DIRECTION('',(0.718,-0.338,-0.608));
#3786=ORIENTED_EDGE('',*,*,#3787,.F.);
#3799=CARTESIAN_POINT('',(-3.391,0.0,2.438));
#3798=VERTEX_POINT('',#3799);
#3797=EDGE_CURVE('',#3798,#3788,#3802,.T.);
#3802=LINE('',#3799,#3804);
#3804=VECTOR('',#3805,2.54);
#3805=DIRECTION('',(0.0,1.0,0.0));
#3796=ORIENTED_EDGE('',*,*,#3797,.F.);
#3807=EDGE_CURVE('',#3290,#3798,#3812,.T.);
#3812=LINE('',#3291,#3814);
#3814=VECTOR('',#3815,0.300631024464617);
#3815=DIRECTION('',(-0.718,-0.338,0.608));
#3806=ORIENTED_EDGE('',*,*,#3807,.F.);
#3816=STYLED_ITEM('',(#43),#3817);
#3817=ADVANCED_FACE('',(#3823),#3818,.T.);
#3818=PLANE('',#3819);
#3819=AXIS2_PLACEMENT_3D('',#3820,#3821,#3822);
#3820=CARTESIAN_POINT('',(-4.229,0.0,2.438));
#3821=DIRECTION('',(0.0,0.0,1.0));
#3822=DIRECTION('',(0.,1.,0.));
#3823=FACE_OUTER_BOUND('',#3824,.T.);
#3824=EDGE_LOOP('',(#3825,#3835,#3845,#3855));
#3830=CARTESIAN_POINT('',(-4.229,0.0,2.438));
#3829=VERTEX_POINT('',#3830);
#3826=EDGE_CURVE('',#3798,#3829,#3831,.T.);
#3831=LINE('',#3799,#3833);
#3833=VECTOR('',#3834,0.8382127);
#3834=DIRECTION('',(-1.0,0.0,0.0));
#3825=ORIENTED_EDGE('',*,*,#3826,.F.);
#3835=ORIENTED_EDGE('',*,*,#3797,.T.);
#3848=CARTESIAN_POINT('',(-4.229,2.54,2.438));
#3847=VERTEX_POINT('',#3848);
#3846=EDGE_CURVE('',#3847,#3788,#3851,.T.);
#3851=LINE('',#3848,#3853);
#3853=VECTOR('',#3854,0.8382127);
#3854=DIRECTION('',(1.0,0.0,0.0));
#3845=ORIENTED_EDGE('',*,*,#3846,.F.);
#3856=EDGE_CURVE('',#3829,#3847,#3861,.T.);
#3861=LINE('',#3830,#3863);
#3863=VECTOR('',#3864,2.54);
#3864=DIRECTION('',(0.0,1.0,0.0));
#3855=ORIENTED_EDGE('',*,*,#3856,.F.);
#3865=STYLED_ITEM('',(#43),#3866);
#3866=ADVANCED_FACE('',(#3872),#3867,.T.);
#3867=PLANE('',#3868);
#3868=AXIS2_PLACEMENT_3D('',#3869,#3870,#3871);
#3869=CARTESIAN_POINT('',(-4.445,0.102,2.256));
#3870=DIRECTION('',(-0.646,0.0,0.763));
#3871=DIRECTION('',(0.,0.,1.));
#3872=FACE_OUTER_BOUND('',#3873,.T.);
#3873=EDGE_LOOP('',(#3874,#3884,#3894,#3904));
#3879=CARTESIAN_POINT('',(-4.445,0.102,2.256));
#3878=VERTEX_POINT('',#3879);
#3875=EDGE_CURVE('',#3829,#3878,#3880,.T.);
#3880=LINE('',#3830,#3882);
#3882=VECTOR('',#3883,0.300631024464617);
#3883=DIRECTION('',(-0.718,0.338,-0.608));
#3874=ORIENTED_EDGE('',*,*,#3875,.F.);
#3884=ORIENTED_EDGE('',*,*,#3856,.T.);
#3897=CARTESIAN_POINT('',(-4.445,2.438,2.256));
#3896=VERTEX_POINT('',#3897);
#3895=EDGE_CURVE('',#3896,#3847,#3900,.T.);
#3900=LINE('',#3897,#3902);
#3902=VECTOR('',#3903,0.300631024464617);
#3903=DIRECTION('',(0.718,0.338,0.608));
#3894=ORIENTED_EDGE('',*,*,#3895,.F.);
#3905=EDGE_CURVE('',#3878,#3896,#3910,.T.);
#3910=LINE('',#3879,#3912);
#3912=VECTOR('',#3913,2.3367873);
#3913=DIRECTION('',(0.0,1.0,0.0));
#3904=ORIENTED_EDGE('',*,*,#3905,.F.);
#3914=STYLED_ITEM('',(#43),#3915);
#3915=ADVANCED_FACE('',(#3921),#3916,.T.);
#3916=PLANE('',#3917);
#3917=AXIS2_PLACEMENT_3D('',#3918,#3919,#3920);
#3918=CARTESIAN_POINT('',(-3.175,2.438,1.067));
#3919=DIRECTION('',(0.426,0.905,0.0));
#3920=DIRECTION('',(0.,0.,1.));
#3921=FACE_OUTER_BOUND('',#3922,.T.);
#3922=EDGE_LOOP('',(#3923,#3933,#3943,#3953));
#3926=CARTESIAN_POINT('',(-3.391,2.54,0.61));
#3925=VERTEX_POINT('',#3926);
#3924=EDGE_CURVE('',#3925,#3435,#3929,.T.);
#3929=LINE('',#3926,#3931);
#3931=VECTOR('',#3932,0.515718681521859);
#3932=DIRECTION('',(0.419,-0.197,0.887));
#3923=ORIENTED_EDGE('',*,*,#3924,.F.);
#3934=EDGE_CURVE('',#3788,#3925,#3939,.T.);
#3939=LINE('',#3789,#3941);
#3941=VECTOR('',#3942,1.8288);
#3942=DIRECTION('',(0.0,0.0,-1.0));
#3933=ORIENTED_EDGE('',*,*,#3934,.F.);
#3943=ORIENTED_EDGE('',*,*,#3787,.T.);
#3953=ORIENTED_EDGE('',*,*,#3444,.T.);
#3963=STYLED_ITEM('',(#43),#3964);
#3964=ADVANCED_FACE('',(#3970),#3965,.T.);
#3965=PLANE('',#3966);
#3966=AXIS2_PLACEMENT_3D('',#3967,#3968,#3969);
#3967=CARTESIAN_POINT('',(-3.391,2.54,0.61));
#3968=DIRECTION('',(0.0,1.0,0.0));
#3969=DIRECTION('',(0.,0.,1.));
#3970=FACE_OUTER_BOUND('',#3971,.T.);
#3971=EDGE_LOOP('',(#3972,#3982,#3992,#4002));
#3975=CARTESIAN_POINT('',(-4.229,2.54,0.61));
#3974=VERTEX_POINT('',#3975);
#3973=EDGE_CURVE('',#3974,#3925,#3978,.T.);
#3978=LINE('',#3975,#3980);
#3980=VECTOR('',#3981,0.8382127);
#3981=DIRECTION('',(1.0,0.0,0.0));
#3972=ORIENTED_EDGE('',*,*,#3973,.F.);
#3983=EDGE_CURVE('',#3847,#3974,#3988,.T.);
#3988=LINE('',#3848,#3990);
#3990=VECTOR('',#3991,1.8288);
#3991=DIRECTION('',(0.0,0.0,-1.0));
#3982=ORIENTED_EDGE('',*,*,#3983,.F.);
#3992=ORIENTED_EDGE('',*,*,#3846,.T.);
#4002=ORIENTED_EDGE('',*,*,#3934,.T.);
#4012=STYLED_ITEM('',(#43),#4013);
#4013=ADVANCED_FACE('',(#4019),#4014,.T.);
#4014=PLANE('',#4015);
#4015=AXIS2_PLACEMENT_3D('',#4016,#4017,#4018);
#4016=CARTESIAN_POINT('',(-4.229,2.54,0.61));
#4017=DIRECTION('',(-0.426,0.905,0.0));
#4018=DIRECTION('',(0.,0.,1.));
#4019=FACE_OUTER_BOUND('',#4020,.T.);
#4020=EDGE_LOOP('',(#4021,#4031,#4041,#4051));
#4024=CARTESIAN_POINT('',(-4.445,2.438,1.067));
#4023=VERTEX_POINT('',#4024);
#4022=EDGE_CURVE('',#4023,#3974,#4027,.T.);
#4027=LINE('',#4024,#4029);
#4029=VECTOR('',#4030,0.515718681521859);
#4030=DIRECTION('',(0.419,0.197,-0.887));
#4021=ORIENTED_EDGE('',*,*,#4022,.F.);
#4032=EDGE_CURVE('',#3896,#4023,#4037,.T.);
#4037=LINE('',#3897,#4039);
#4039=VECTOR('',#4040,1.18872);
#4040=DIRECTION('',(0.0,0.0,-1.0));
#4031=ORIENTED_EDGE('',*,*,#4032,.F.);
#4041=ORIENTED_EDGE('',*,*,#3895,.T.);
#4051=ORIENTED_EDGE('',*,*,#3983,.T.);
#4061=STYLED_ITEM('',(#43),#4062);
#4062=ADVANCED_FACE('',(#4068),#4063,.T.);
#4063=PLANE('',#4064);
#4064=AXIS2_PLACEMENT_3D('',#4065,#4066,#4067);
#4065=CARTESIAN_POINT('',(-4.445,0.102,1.067));
#4066=DIRECTION('',(-0.426,-0.905,0.0));
#4067=DIRECTION('',(0.,0.,1.));
#4068=FACE_OUTER_BOUND('',#4069,.T.);
#4069=EDGE_LOOP('',(#4070,#4080,#4090,#4100));
#4073=CARTESIAN_POINT('',(-4.229,0.0,0.61));
#4072=VERTEX_POINT('',#4073);
#4075=CARTESIAN_POINT('',(-4.445,0.102,1.067));
#4074=VERTEX_POINT('',#4075);
#4071=EDGE_CURVE('',#4072,#4074,#4076,.T.);
#4076=LINE('',#4073,#4078);
#4078=VECTOR('',#4079,0.515718681521859);
#4079=DIRECTION('',(-0.419,0.197,0.887));
#4070=ORIENTED_EDGE('',*,*,#4071,.F.);
#4081=EDGE_CURVE('',#3829,#4072,#4086,.T.);
#4086=LINE('',#3830,#4088);
#4088=VECTOR('',#4089,1.8288);
#4089=DIRECTION('',(0.0,0.0,-1.0));
#4080=ORIENTED_EDGE('',*,*,#4081,.F.);
#4090=ORIENTED_EDGE('',*,*,#3875,.T.);
#4101=EDGE_CURVE('',#4074,#3878,#4106,.T.);
#4106=LINE('',#4075,#4108);
#4108=VECTOR('',#4109,1.18872);
#4109=DIRECTION('',(0.0,0.0,1.0));
#4100=ORIENTED_EDGE('',*,*,#4101,.F.);
#4110=STYLED_ITEM('',(#43),#4111);
#4111=ADVANCED_FACE('',(#4117),#4112,.T.);
#4112=PLANE('',#4113);
#4113=AXIS2_PLACEMENT_3D('',#4114,#4115,#4116);
#4114=CARTESIAN_POINT('',(-4.229,0.0,0.61));
#4115=DIRECTION('',(0.0,-1.0,0.0));
#4116=DIRECTION('',(0.,0.,1.));
#4117=FACE_OUTER_BOUND('',#4118,.T.);
#4118=EDGE_LOOP('',(#4119,#4129,#4139,#4149));
#4122=CARTESIAN_POINT('',(-3.391,0.0,0.61));
#4121=VERTEX_POINT('',#4122);
#4120=EDGE_CURVE('',#4121,#4072,#4125,.T.);
#4125=LINE('',#4122,#4127);
#4127=VECTOR('',#4128,0.8382127);
#4128=DIRECTION('',(-1.0,0.0,0.0));
#4119=ORIENTED_EDGE('',*,*,#4120,.F.);
#4130=EDGE_CURVE('',#3798,#4121,#4135,.T.);
#4135=LINE('',#3799,#4137);
#4137=VECTOR('',#4138,1.8288);
#4138=DIRECTION('',(0.0,0.0,-1.0));
#4129=ORIENTED_EDGE('',*,*,#4130,.F.);
#4139=ORIENTED_EDGE('',*,*,#3826,.T.);
#4149=ORIENTED_EDGE('',*,*,#4081,.T.);
#4159=STYLED_ITEM('',(#43),#4160);
#4160=ADVANCED_FACE('',(#4166),#4161,.T.);
#4161=PLANE('',#4162);
#4162=AXIS2_PLACEMENT_3D('',#4163,#4164,#4165);
#4163=CARTESIAN_POINT('',(-3.391,0.0,0.61));
#4164=DIRECTION('',(0.426,-0.905,0.0));
#4165=DIRECTION('',(0.,0.,1.));
#4166=FACE_OUTER_BOUND('',#4167,.T.);
#4167=EDGE_LOOP('',(#4168,#4178,#4188,#4198));
#4169=EDGE_CURVE('',#3486,#4121,#4174,.T.);
#4174=LINE('',#3487,#4176);
#4176=VECTOR('',#4177,0.515718681521859);
#4177=DIRECTION('',(-0.419,-0.197,-0.887));
#4168=ORIENTED_EDGE('',*,*,#4169,.F.);
#4178=ORIENTED_EDGE('',*,*,#3513,.T.);
#4188=ORIENTED_EDGE('',*,*,#3807,.T.);
#4198=ORIENTED_EDGE('',*,*,#4130,.T.);
#4208=STYLED_ITEM('',(#43),#4209);
#4209=ADVANCED_FACE('',(#4215),#4210,.T.);
#4210=PLANE('',#4211);
#4211=AXIS2_PLACEMENT_3D('',#4212,#4213,#4214);
#4212=CARTESIAN_POINT('',(-3.391,0.0,0.61));
#4213=DIRECTION('',(0.904,0.0,-0.427));
#4214=DIRECTION('',(0.,0.,1.));
#4215=FACE_OUTER_BOUND('',#4216,.T.);
#4216=EDGE_LOOP('',(#4217,#4227,#4237,#4247));
#4218=EDGE_CURVE('',#3925,#4121,#4223,.T.);
#4223=LINE('',#3926,#4225);
#4225=VECTOR('',#4226,2.54);
#4226=DIRECTION('',(0.0,-1.0,0.0));
#4217=ORIENTED_EDGE('',*,*,#4218,.F.);
#4227=ORIENTED_EDGE('',*,*,#3924,.T.);
#4237=ORIENTED_EDGE('',*,*,#3748,.T.);
#4247=ORIENTED_EDGE('',*,*,#4169,.T.);
#4257=STYLED_ITEM('',(#43),#4258);
#4258=ADVANCED_FACE('',(#4264),#4259,.T.);
#4259=PLANE('',#4260);
#4260=AXIS2_PLACEMENT_3D('',#4261,#4262,#4263);
#4261=CARTESIAN_POINT('',(-4.229,2.54,0.61));
#4262=DIRECTION('',(0.0,0.0,-1.0));
#4263=DIRECTION('',(0.,1.,0.));
#4264=FACE_OUTER_BOUND('',#4265,.T.);
#4265=EDGE_LOOP('',(#4266,#4276,#4286,#4296));
#4266=ORIENTED_EDGE('',*,*,#3973,.T.);
#4276=ORIENTED_EDGE('',*,*,#4218,.T.);
#4286=ORIENTED_EDGE('',*,*,#4120,.T.);
#4297=EDGE_CURVE('',#3974,#4072,#4302,.T.);
#4302=LINE('',#3975,#4304);
#4304=VECTOR('',#4305,2.54);
#4305=DIRECTION('',(0.0,-1.0,0.0));
#4296=ORIENTED_EDGE('',*,*,#4297,.F.);
#4306=STYLED_ITEM('',(#43),#4307);
#4307=ADVANCED_FACE('',(#4313),#4308,.T.);
#4308=PLANE('',#4309);
#4309=AXIS2_PLACEMENT_3D('',#4310,#4311,#4312);
#4310=CARTESIAN_POINT('',(-4.229,2.54,0.61));
#4311=DIRECTION('',(-0.904,0.0,-0.427));
#4312=DIRECTION('',(0.,0.,1.));
#4313=FACE_OUTER_BOUND('',#4314,.T.);
#4314=EDGE_LOOP('',(#4315,#4325,#4335,#4345));
#4315=ORIENTED_EDGE('',*,*,#4297,.T.);
#4325=ORIENTED_EDGE('',*,*,#4071,.T.);
#4336=EDGE_CURVE('',#4023,#4074,#4341,.T.);
#4341=LINE('',#4024,#4343);
#4343=VECTOR('',#4344,2.3367873);
#4344=DIRECTION('',(0.0,-1.0,0.0));
#4335=ORIENTED_EDGE('',*,*,#4336,.F.);
#4345=ORIENTED_EDGE('',*,*,#4022,.T.);
#4355=STYLED_ITEM('',(#43),#4356);
#4356=ADVANCED_FACE('',(#4362),#4357,.T.);
#4357=PLANE('',#4358);
#4358=AXIS2_PLACEMENT_3D('',#4359,#4360,#4361);
#4359=CARTESIAN_POINT('',(-4.445,2.438,1.067));
#4360=DIRECTION('',(-1.0,0.0,0.0));
#4361=DIRECTION('',(0.,0.,1.));
#4362=FACE_OUTER_BOUND('',#4363,.T.);
#4363=EDGE_LOOP('',(#4364,#4374,#4384,#4394));
#4364=ORIENTED_EDGE('',*,*,#4336,.T.);
#4374=ORIENTED_EDGE('',*,*,#4101,.T.);
#4384=ORIENTED_EDGE('',*,*,#3905,.T.);
#4394=ORIENTED_EDGE('',*,*,#4032,.T.);
#4404=MANIFOLD_SOLID_BREP($,#4405);
#4405=CLOSED_SHELL('',(#4407,#4456,#4505,#4554,#4603,#4652,#4701,#4750,#4799,#4848,#4897,#4946,#4995,#5044,#5093,#5142,#5191,#5240,#5289,#5338,#5387,#5436,#5485,#5534,#5583,#5632,#5681,#5730,#5779,#5828,#5877,#5926,#5975,#6024,#6073,#6122,#6171,#6220,#6269,#6318,#6367,#6416,#6465,#6514,#6563,#6612,#6661,#6710,#6759,#6808,#6857,#6906,#6955,#7004,#7053,#7102,#7151,#7200,#7249,#7298,#7347,#7396,#7445,#7494,#7543,#7592,#7641,#7690,#7739,#7788,#7837,#7886,#7935,#7984,#8033,#8082,#8131,#8180,#8229,#8278,#8327,#8376,#8425,#8474,#8523,#8572));
#4406=STYLED_ITEM('',(#43),#4407);
#4407=ADVANCED_FACE('',(#4413),#4408,.T.);
#4408=PLANE('',#4409);
#4409=AXIS2_PLACEMENT_3D('',#4410,#4411,#4412);
#4410=CARTESIAN_POINT('',(4.445,-2.438,2.256));
#4411=DIRECTION('',(0.646,0.0,0.763));
#4412=DIRECTION('',(0.,0.,1.));
#4413=FACE_OUTER_BOUND('',#4414,.T.);
#4414=EDGE_LOOP('',(#4415,#4425,#4435,#4445));
#4418=CARTESIAN_POINT('',(4.445,-0.102,2.256));
#4417=VERTEX_POINT('',#4418);
#4420=CARTESIAN_POINT('',(4.445,-2.438,2.256));
#4419=VERTEX_POINT('',#4420);
#4416=EDGE_CURVE('',#4417,#4419,#4421,.T.);
#4421=LINE('',#4418,#4423);
#4423=VECTOR('',#4424,2.3367873);
#4424=DIRECTION('',(0.0,-1.0,0.0));
#4415=ORIENTED_EDGE('',*,*,#4416,.F.);
#4428=CARTESIAN_POINT('',(4.229,0.0,2.438));
#4427=VERTEX_POINT('',#4428);
#4426=EDGE_CURVE('',#4427,#4417,#4431,.T.);
#4431=LINE('',#4428,#4433);
#4433=VECTOR('',#4434,0.300631024464617);
#4434=DIRECTION('',(0.718,-0.338,-0.608));
#4425=ORIENTED_EDGE('',*,*,#4426,.F.);
#4438=CARTESIAN_POINT('',(4.229,-2.54,2.438));
#4437=VERTEX_POINT('',#4438);
#4436=EDGE_CURVE('',#4437,#4427,#4441,.T.);
#4441=LINE('',#4438,#4443);
#4443=VECTOR('',#4444,2.54);
#4444=DIRECTION('',(0.0,1.0,0.0));
#4435=ORIENTED_EDGE('',*,*,#4436,.F.);
#4446=EDGE_CURVE('',#4419,#4437,#4451,.T.);
#4451=LINE('',#4420,#4453);
#4453=VECTOR('',#4454,0.300631024464617);
#4454=DIRECTION('',(-0.718,-0.338,0.608));
#4445=ORIENTED_EDGE('',*,*,#4446,.F.);
#4455=STYLED_ITEM('',(#43),#4456);
#4456=ADVANCED_FACE('',(#4462),#4457,.T.);
#4457=PLANE('',#4458);
#4458=AXIS2_PLACEMENT_3D('',#4459,#4460,#4461);
#4459=CARTESIAN_POINT('',(3.391,-2.54,2.438));
#4460=DIRECTION('',(0.0,0.0,1.0));
#4461=DIRECTION('',(0.,1.,0.));
#4462=FACE_OUTER_BOUND('',#4463,.T.);
#4463=EDGE_LOOP('',(#4464,#4474,#4484,#4494));
#4469=CARTESIAN_POINT('',(3.391,-2.54,2.438));
#4468=VERTEX_POINT('',#4469);
#4465=EDGE_CURVE('',#4437,#4468,#4470,.T.);
#4470=LINE('',#4438,#4472);
#4472=VECTOR('',#4473,0.8382127);
#4473=DIRECTION('',(-1.0,0.0,0.0));
#4464=ORIENTED_EDGE('',*,*,#4465,.F.);
#4474=ORIENTED_EDGE('',*,*,#4436,.T.);
#4487=CARTESIAN_POINT('',(3.391,0.0,2.438));
#4486=VERTEX_POINT('',#4487);
#4485=EDGE_CURVE('',#4486,#4427,#4490,.T.);
#4490=LINE('',#4487,#4492);
#4492=VECTOR('',#4493,0.8382127);
#4493=DIRECTION('',(1.0,0.0,0.0));
#4484=ORIENTED_EDGE('',*,*,#4485,.F.);
#4495=EDGE_CURVE('',#4468,#4486,#4500,.T.);
#4500=LINE('',#4469,#4502);
#4502=VECTOR('',#4503,2.54);
#4503=DIRECTION('',(0.0,1.0,0.0));
#4494=ORIENTED_EDGE('',*,*,#4495,.F.);
#4504=STYLED_ITEM('',(#43),#4505);
#4505=ADVANCED_FACE('',(#4511),#4506,.T.);
#4506=PLANE('',#4507);
#4507=AXIS2_PLACEMENT_3D('',#4508,#4509,#4510);
#4508=CARTESIAN_POINT('',(3.175,-2.438,2.256));
#4509=DIRECTION('',(-0.646,0.0,0.763));
#4510=DIRECTION('',(0.,0.,1.));
#4511=FACE_OUTER_BOUND('',#4512,.T.);
#4512=EDGE_LOOP('',(#4513,#4523,#4533,#4543));
#4518=CARTESIAN_POINT('',(3.175,-2.438,2.256));
#4517=VERTEX_POINT('',#4518);
#4514=EDGE_CURVE('',#4468,#4517,#4519,.T.);
#4519=LINE('',#4469,#4521);
#4521=VECTOR('',#4522,0.300631024464617);
#4522=DIRECTION('',(-0.718,0.338,-0.608));
#4513=ORIENTED_EDGE('',*,*,#4514,.F.);
#4523=ORIENTED_EDGE('',*,*,#4495,.T.);
#4536=CARTESIAN_POINT('',(3.175,-0.102,2.256));
#4535=VERTEX_POINT('',#4536);
#4534=EDGE_CURVE('',#4535,#4486,#4539,.T.);
#4539=LINE('',#4536,#4541);
#4541=VECTOR('',#4542,0.300631024464617);
#4542=DIRECTION('',(0.718,0.338,0.608));
#4533=ORIENTED_EDGE('',*,*,#4534,.F.);
#4544=EDGE_CURVE('',#4517,#4535,#4549,.T.);
#4549=LINE('',#4518,#4551);
#4551=VECTOR('',#4552,2.3367873);
#4552=DIRECTION('',(0.0,1.0,0.0));
#4543=ORIENTED_EDGE('',*,*,#4544,.F.);
#4553=STYLED_ITEM('',(#43),#4554);
#4554=ADVANCED_FACE('',(#4560),#4555,.T.);
#4555=PLANE('',#4556);
#4556=AXIS2_PLACEMENT_3D('',#4557,#4558,#4559);
#4557=CARTESIAN_POINT('',(4.445,-2.438,1.067));
#4558=DIRECTION('',(1.0,0.0,0.0));
#4559=DIRECTION('',(0.,0.,1.));
#4560=FACE_OUTER_BOUND('',#4561,.T.);
#4561=EDGE_LOOP('',(#4562,#4572,#4582,#4592));
#4565=CARTESIAN_POINT('',(4.445,-0.102,1.067));
#4564=VERTEX_POINT('',#4565);
#4567=CARTESIAN_POINT('',(4.445,-2.438,1.067));
#4566=VERTEX_POINT('',#4567);
#4563=EDGE_CURVE('',#4564,#4566,#4568,.T.);
#4568=LINE('',#4565,#4570);
#4570=VECTOR('',#4571,2.3367873);
#4571=DIRECTION('',(0.0,-1.0,0.0));
#4562=ORIENTED_EDGE('',*,*,#4563,.F.);
#4573=EDGE_CURVE('',#4417,#4564,#4578,.T.);
#4578=LINE('',#4418,#4580);
#4580=VECTOR('',#4581,1.18872);
#4581=DIRECTION('',(0.0,0.0,-1.0));
#4572=ORIENTED_EDGE('',*,*,#4573,.F.);
#4582=ORIENTED_EDGE('',*,*,#4416,.T.);
#4593=EDGE_CURVE('',#4566,#4419,#4598,.T.);
#4598=LINE('',#4567,#4600);
#4600=VECTOR('',#4601,1.18872);
#4601=DIRECTION('',(0.0,0.0,1.0));
#4592=ORIENTED_EDGE('',*,*,#4593,.F.);
#4602=STYLED_ITEM('',(#43),#4603);
#4603=ADVANCED_FACE('',(#4609),#4604,.T.);
#4604=PLANE('',#4605);
#4605=AXIS2_PLACEMENT_3D('',#4606,#4607,#4608);
#4606=CARTESIAN_POINT('',(4.445,-0.102,1.067));
#4607=DIRECTION('',(0.426,0.905,0.0));
#4608=DIRECTION('',(0.,0.,1.));
#4609=FACE_OUTER_BOUND('',#4610,.T.);
#4610=EDGE_LOOP('',(#4611,#4621,#4631,#4641));
#4614=CARTESIAN_POINT('',(4.229,0.0,0.61));
#4613=VERTEX_POINT('',#4614);
#4612=EDGE_CURVE('',#4613,#4564,#4617,.T.);
#4617=LINE('',#4614,#4619);
#4619=VECTOR('',#4620,0.515718681521859);
#4620=DIRECTION('',(0.419,-0.197,0.887));
#4611=ORIENTED_EDGE('',*,*,#4612,.F.);
#4622=EDGE_CURVE('',#4427,#4613,#4627,.T.);
#4627=LINE('',#4428,#4629);
#4629=VECTOR('',#4630,1.8288);
#4630=DIRECTION('',(0.0,0.0,-1.0));
#4621=ORIENTED_EDGE('',*,*,#4622,.F.);
#4631=ORIENTED_EDGE('',*,*,#4426,.T.);
#4641=ORIENTED_EDGE('',*,*,#4573,.T.);
#4651=STYLED_ITEM('',(#43),#4652);
#4652=ADVANCED_FACE('',(#4658),#4653,.T.);
#4653=PLANE('',#4654);
#4654=AXIS2_PLACEMENT_3D('',#4655,#4656,#4657);
#4655=CARTESIAN_POINT('',(4.229,0.0,0.61));
#4656=DIRECTION('',(0.0,1.0,0.0));
#4657=DIRECTION('',(0.,0.,1.));
#4658=FACE_OUTER_BOUND('',#4659,.T.);
#4659=EDGE_LOOP('',(#4660,#4670,#4680,#4690));
#4663=CARTESIAN_POINT('',(3.391,0.0,0.61));
#4662=VERTEX_POINT('',#4663);
#4661=EDGE_CURVE('',#4662,#4613,#4666,.T.);
#4666=LINE('',#4663,#4668);
#4668=VECTOR('',#4669,0.8382127);
#4669=DIRECTION('',(1.0,0.0,0.0));
#4660=ORIENTED_EDGE('',*,*,#4661,.F.);
#4671=EDGE_CURVE('',#4486,#4662,#4676,.T.);
#4676=LINE('',#4487,#4678);
#4678=VECTOR('',#4679,1.8288);
#4679=DIRECTION('',(0.0,0.0,-1.0));
#4670=ORIENTED_EDGE('',*,*,#4671,.F.);
#4680=ORIENTED_EDGE('',*,*,#4485,.T.);
#4690=ORIENTED_EDGE('',*,*,#4622,.T.);
#4700=STYLED_ITEM('',(#43),#4701);
#4701=ADVANCED_FACE('',(#4707),#4702,.T.);
#4702=PLANE('',#4703);
#4703=AXIS2_PLACEMENT_3D('',#4704,#4705,#4706);
#4704=CARTESIAN_POINT('',(3.391,0.0,0.61));
#4705=DIRECTION('',(-0.426,0.905,0.0));
#4706=DIRECTION('',(0.,0.,1.));
#4707=FACE_OUTER_BOUND('',#4708,.T.);
#4708=EDGE_LOOP('',(#4709,#4719,#4729,#4739));
#4712=CARTESIAN_POINT('',(3.175,-0.102,1.067));
#4711=VERTEX_POINT('',#4712);
#4710=EDGE_CURVE('',#4711,#4662,#4715,.T.);
#4715=LINE('',#4712,#4717);
#4717=VECTOR('',#4718,0.515718681521859);
#4718=DIRECTION('',(0.419,0.197,-0.887));
#4709=ORIENTED_EDGE('',*,*,#4710,.F.);
#4720=EDGE_CURVE('',#4535,#4711,#4725,.T.);
#4725=LINE('',#4536,#4727);
#4727=VECTOR('',#4728,1.18872);
#4728=DIRECTION('',(0.0,0.0,-1.0));
#4719=ORIENTED_EDGE('',*,*,#4720,.F.);
#4729=ORIENTED_EDGE('',*,*,#4534,.T.);
#4739=ORIENTED_EDGE('',*,*,#4671,.T.);
#4749=STYLED_ITEM('',(#43),#4750);
#4750=ADVANCED_FACE('',(#4756),#4751,.T.);
#4751=PLANE('',#4752);
#4752=AXIS2_PLACEMENT_3D('',#4753,#4754,#4755);
#4753=CARTESIAN_POINT('',(3.175,-2.438,1.067));
#4754=DIRECTION('',(-0.426,-0.905,0.0));
#4755=DIRECTION('',(0.,0.,1.));
#4756=FACE_OUTER_BOUND('',#4757,.T.);
#4757=EDGE_LOOP('',(#4758,#4768,#4778,#4788));
#4761=CARTESIAN_POINT('',(3.391,-2.54,0.61));
#4760=VERTEX_POINT('',#4761);
#4763=CARTESIAN_POINT('',(3.175,-2.438,1.067));
#4762=VERTEX_POINT('',#4763);
#4759=EDGE_CURVE('',#4760,#4762,#4764,.T.);
#4764=LINE('',#4761,#4766);
#4766=VECTOR('',#4767,0.515718681521859);
#4767=DIRECTION('',(-0.419,0.197,0.887));
#4758=ORIENTED_EDGE('',*,*,#4759,.F.);
#4769=EDGE_CURVE('',#4468,#4760,#4774,.T.);
#4774=LINE('',#4469,#4776);
#4776=VECTOR('',#4777,1.8288);
#4777=DIRECTION('',(0.0,0.0,-1.0));
#4768=ORIENTED_EDGE('',*,*,#4769,.F.);
#4778=ORIENTED_EDGE('',*,*,#4514,.T.);
#4789=EDGE_CURVE('',#4762,#4517,#4794,.T.);
#4794=LINE('',#4763,#4796);
#4796=VECTOR('',#4797,1.18872);
#4797=DIRECTION('',(0.0,0.0,1.0));
#4788=ORIENTED_EDGE('',*,*,#4789,.F.);
#4798=STYLED_ITEM('',(#43),#4799);
#4799=ADVANCED_FACE('',(#4805),#4800,.T.);
#4800=PLANE('',#4801);
#4801=AXIS2_PLACEMENT_3D('',#4802,#4803,#4804);
#4802=CARTESIAN_POINT('',(3.391,-2.54,0.61));
#4803=DIRECTION('',(0.0,-1.0,0.0));
#4804=DIRECTION('',(0.,0.,1.));
#4805=FACE_OUTER_BOUND('',#4806,.T.);
#4806=EDGE_LOOP('',(#4807,#4817,#4827,#4837));
#4810=CARTESIAN_POINT('',(4.229,-2.54,0.61));
#4809=VERTEX_POINT('',#4810);
#4808=EDGE_CURVE('',#4809,#4760,#4813,.T.);
#4813=LINE('',#4810,#4815);
#4815=VECTOR('',#4816,0.8382127);
#4816=DIRECTION('',(-1.0,0.0,0.0));
#4807=ORIENTED_EDGE('',*,*,#4808,.F.);
#4818=EDGE_CURVE('',#4437,#4809,#4823,.T.);
#4823=LINE('',#4438,#4825);
#4825=VECTOR('',#4826,1.8288);
#4826=DIRECTION('',(0.0,0.0,-1.0));
#4817=ORIENTED_EDGE('',*,*,#4818,.F.);
#4827=ORIENTED_EDGE('',*,*,#4465,.T.);
#4837=ORIENTED_EDGE('',*,*,#4769,.T.);
#4847=STYLED_ITEM('',(#43),#4848);
#4848=ADVANCED_FACE('',(#4854),#4849,.T.);
#4849=PLANE('',#4850);
#4850=AXIS2_PLACEMENT_3D('',#4851,#4852,#4853);
#4851=CARTESIAN_POINT('',(4.229,-2.54,0.61));
#4852=DIRECTION('',(0.426,-0.905,0.0));
#4853=DIRECTION('',(0.,0.,1.));
#4854=FACE_OUTER_BOUND('',#4855,.T.);
#4855=EDGE_LOOP('',(#4856,#4866,#4876,#4886));
#4857=EDGE_CURVE('',#4566,#4809,#4862,.T.);
#4862=LINE('',#4567,#4864);
#4864=VECTOR('',#4865,0.515718681521859);
#4865=DIRECTION('',(-0.419,-0.197,-0.887));
#4856=ORIENTED_EDGE('',*,*,#4857,.F.);
#4866=ORIENTED_EDGE('',*,*,#4593,.T.);
#4876=ORIENTED_EDGE('',*,*,#4446,.T.);
#4886=ORIENTED_EDGE('',*,*,#4818,.T.);
#4896=STYLED_ITEM('',(#43),#4897);
#4897=ADVANCED_FACE('',(#4903),#4898,.T.);
#4898=PLANE('',#4899);
#4899=AXIS2_PLACEMENT_3D('',#4900,#4901,#4902);
#4900=CARTESIAN_POINT('',(4.229,-2.54,0.61));
#4901=DIRECTION('',(0.904,0.0,-0.427));
#4902=DIRECTION('',(0.,0.,1.));
#4903=FACE_OUTER_BOUND('',#4904,.T.);
#4904=EDGE_LOOP('',(#4905,#4915,#4925,#4935));
#4906=EDGE_CURVE('',#4613,#4809,#4911,.T.);
#4911=LINE('',#4614,#4913);
#4913=VECTOR('',#4914,2.54);
#4914=DIRECTION('',(0.0,-1.0,0.0));
#4905=ORIENTED_EDGE('',*,*,#4906,.F.);
#4915=ORIENTED_EDGE('',*,*,#4612,.T.);
#4925=ORIENTED_EDGE('',*,*,#4563,.T.);
#4935=ORIENTED_EDGE('',*,*,#4857,.T.);
#4945=STYLED_ITEM('',(#43),#4946);
#4946=ADVANCED_FACE('',(#4952),#4947,.T.);
#4947=PLANE('',#4948);
#4948=AXIS2_PLACEMENT_3D('',#4949,#4950,#4951);
#4949=CARTESIAN_POINT('',(3.391,0.0,0.61));
#4950=DIRECTION('',(0.0,0.0,-1.0));
#4951=DIRECTION('',(0.,1.,0.));
#4952=FACE_OUTER_BOUND('',#4953,.T.);
#4953=EDGE_LOOP('',(#4954,#4964,#4974,#4984));
#4954=ORIENTED_EDGE('',*,*,#4661,.T.);
#4964=ORIENTED_EDGE('',*,*,#4906,.T.);
#4974=ORIENTED_EDGE('',*,*,#4808,.T.);
#4985=EDGE_CURVE('',#4662,#4760,#4990,.T.);
#4990=LINE('',#4663,#4992);
#4992=VECTOR('',#4993,2.54);
#4993=DIRECTION('',(0.0,-1.0,0.0));
#4984=ORIENTED_EDGE('',*,*,#4985,.F.);
#4994=STYLED_ITEM('',(#43),#4995);
#4995=ADVANCED_FACE('',(#5001),#4996,.T.);
#4996=PLANE('',#4997);
#4997=AXIS2_PLACEMENT_3D('',#4998,#4999,#5000);
#4998=CARTESIAN_POINT('',(3.391,0.0,0.61));
#4999=DIRECTION('',(-0.904,0.0,-0.427));
#5000=DIRECTION('',(0.,0.,1.));
#5001=FACE_OUTER_BOUND('',#5002,.T.);
#5002=EDGE_LOOP('',(#5003,#5013,#5023,#5033));
#5003=ORIENTED_EDGE('',*,*,#4985,.T.);
#5013=ORIENTED_EDGE('',*,*,#4759,.T.);
#5024=EDGE_CURVE('',#4711,#4762,#5029,.T.);
#5029=LINE('',#4712,#5031);
#5031=VECTOR('',#5032,2.3367873);
#5032=DIRECTION('',(0.0,-1.0,0.0));
#5023=ORIENTED_EDGE('',*,*,#5024,.F.);
#5033=ORIENTED_EDGE('',*,*,#4710,.T.);
#5043=STYLED_ITEM('',(#43),#5044);
#5044=ADVANCED_FACE('',(#5050),#5045,.T.);
#5045=PLANE('',#5046);
#5046=AXIS2_PLACEMENT_3D('',#5047,#5048,#5049);
#5047=CARTESIAN_POINT('',(3.175,-2.438,2.256));
#5048=DIRECTION('',(0.646,0.0,0.763));
#5049=DIRECTION('',(0.,0.,1.));
#5050=FACE_OUTER_BOUND('',#5051,.T.);
#5051=EDGE_LOOP('',(#5052,#5062,#5072,#5082));
#5052=ORIENTED_EDGE('',*,*,#4544,.T.);
#5065=CARTESIAN_POINT('',(2.959,0.0,2.438));
#5064=VERTEX_POINT('',#5065);
#5063=EDGE_CURVE('',#5064,#4535,#5068,.T.);
#5068=LINE('',#5065,#5070);
#5070=VECTOR('',#5071,0.300631024464617);
#5071=DIRECTION('',(0.718,-0.338,-0.608));
#5062=ORIENTED_EDGE('',*,*,#5063,.F.);
#5075=CARTESIAN_POINT('',(2.959,-2.54,2.438));
#5074=VERTEX_POINT('',#5075);
#5073=EDGE_CURVE('',#5074,#5064,#5078,.T.);
#5078=LINE('',#5075,#5080);
#5080=VECTOR('',#5081,2.54);
#5081=DIRECTION('',(0.0,1.0,0.0));
#5072=ORIENTED_EDGE('',*,*,#5073,.F.);
#5083=EDGE_CURVE('',#4517,#5074,#5088,.T.);
#5088=LINE('',#4518,#5090);
#5090=VECTOR('',#5091,0.300631024464617);
#5091=DIRECTION('',(-0.718,-0.338,0.608));
#5082=ORIENTED_EDGE('',*,*,#5083,.F.);
#5092=STYLED_ITEM('',(#43),#5093);
#5093=ADVANCED_FACE('',(#5099),#5094,.T.);
#5094=PLANE('',#5095);
#5095=AXIS2_PLACEMENT_3D('',#5096,#5097,#5098);
#5096=CARTESIAN_POINT('',(2.121,-2.54,2.438));
#5097=DIRECTION('',(0.0,0.0,1.0));
#5098=DIRECTION('',(0.,1.,0.));
#5099=FACE_OUTER_BOUND('',#5100,.T.);
#5100=EDGE_LOOP('',(#5101,#5111,#5121,#5131));
#5106=CARTESIAN_POINT('',(2.121,-2.54,2.438));
#5105=VERTEX_POINT('',#5106);
#5102=EDGE_CURVE('',#5074,#5105,#5107,.T.);
#5107=LINE('',#5075,#5109);
#5109=VECTOR('',#5110,0.8382127);
#5110=DIRECTION('',(-1.0,0.0,0.0));
#5101=ORIENTED_EDGE('',*,*,#5102,.F.);
#5111=ORIENTED_EDGE('',*,*,#5073,.T.);
#5124=CARTESIAN_POINT('',(2.121,0.0,2.438));
#5123=VERTEX_POINT('',#5124);
#5122=EDGE_CURVE('',#5123,#5064,#5127,.T.);
#5127=LINE('',#5124,#5129);
#5129=VECTOR('',#5130,0.8382127);
#5130=DIRECTION('',(1.0,0.0,0.0));
#5121=ORIENTED_EDGE('',*,*,#5122,.F.);
#5132=EDGE_CURVE('',#5105,#5123,#5137,.T.);
#5137=LINE('',#5106,#5139);
#5139=VECTOR('',#5140,2.54);
#5140=DIRECTION('',(0.0,1.0,0.0));
#5131=ORIENTED_EDGE('',*,*,#5132,.F.);
#5141=STYLED_ITEM('',(#43),#5142);
#5142=ADVANCED_FACE('',(#5148),#5143,.T.);
#5143=PLANE('',#5144);
#5144=AXIS2_PLACEMENT_3D('',#5145,#5146,#5147);
#5145=CARTESIAN_POINT('',(1.905,-2.438,2.256));
#5146=DIRECTION('',(-0.646,0.0,0.763));
#5147=DIRECTION('',(0.,0.,1.));
#5148=FACE_OUTER_BOUND('',#5149,.T.);
#5149=EDGE_LOOP('',(#5150,#5160,#5170,#5180));
#5155=CARTESIAN_POINT('',(1.905,-2.438,2.256));
#5154=VERTEX_POINT('',#5155);
#5151=EDGE_CURVE('',#5105,#5154,#5156,.T.);
#5156=LINE('',#5106,#5158);
#5158=VECTOR('',#5159,0.300631024464617);
#5159=DIRECTION('',(-0.718,0.338,-0.608));
#5150=ORIENTED_EDGE('',*,*,#5151,.F.);
#5160=ORIENTED_EDGE('',*,*,#5132,.T.);
#5173=CARTESIAN_POINT('',(1.905,-0.102,2.256));
#5172=VERTEX_POINT('',#5173);
#5171=EDGE_CURVE('',#5172,#5123,#5176,.T.);
#5176=LINE('',#5173,#5178);
#5178=VECTOR('',#5179,0.300631024464617);
#5179=DIRECTION('',(0.718,0.338,0.608));
#5170=ORIENTED_EDGE('',*,*,#5171,.F.);
#5181=EDGE_CURVE('',#5154,#5172,#5186,.T.);
#5186=LINE('',#5155,#5188);
#5188=VECTOR('',#5189,2.3367873);
#5189=DIRECTION('',(0.0,1.0,0.0));
#5180=ORIENTED_EDGE('',*,*,#5181,.F.);
#5190=STYLED_ITEM('',(#43),#5191);
#5191=ADVANCED_FACE('',(#5197),#5192,.T.);
#5192=PLANE('',#5193);
#5193=AXIS2_PLACEMENT_3D('',#5194,#5195,#5196);
#5194=CARTESIAN_POINT('',(3.175,-0.102,1.067));
#5195=DIRECTION('',(0.426,0.905,0.0));
#5196=DIRECTION('',(0.,0.,1.));
#5197=FACE_OUTER_BOUND('',#5198,.T.);
#5198=EDGE_LOOP('',(#5199,#5209,#5219,#5229));
#5202=CARTESIAN_POINT('',(2.959,0.0,0.61));
#5201=VERTEX_POINT('',#5202);
#5200=EDGE_CURVE('',#5201,#4711,#5205,.T.);
#5205=LINE('',#5202,#5207);
#5207=VECTOR('',#5208,0.515718681521859);
#5208=DIRECTION('',(0.419,-0.197,0.887));
#5199=ORIENTED_EDGE('',*,*,#5200,.F.);
#5210=EDGE_CURVE('',#5064,#5201,#5215,.T.);
#5215=LINE('',#5065,#5217);
#5217=VECTOR('',#5218,1.8288);
#5218=DIRECTION('',(0.0,0.0,-1.0));
#5209=ORIENTED_EDGE('',*,*,#5210,.F.);
#5219=ORIENTED_EDGE('',*,*,#5063,.T.);
#5229=ORIENTED_EDGE('',*,*,#4720,.T.);
#5239=STYLED_ITEM('',(#43),#5240);
#5240=ADVANCED_FACE('',(#5246),#5241,.T.);
#5241=PLANE('',#5242);
#5242=AXIS2_PLACEMENT_3D('',#5243,#5244,#5245);
#5243=CARTESIAN_POINT('',(2.959,0.0,0.61));
#5244=DIRECTION('',(0.0,1.0,0.0));
#5245=DIRECTION('',(0.,0.,1.));
#5246=FACE_OUTER_BOUND('',#5247,.T.);
#5247=EDGE_LOOP('',(#5248,#5258,#5268,#5278));
#5251=CARTESIAN_POINT('',(2.121,0.0,0.61));
#5250=VERTEX_POINT('',#5251);
#5249=EDGE_CURVE('',#5250,#5201,#5254,.T.);
#5254=LINE('',#5251,#5256);
#5256=VECTOR('',#5257,0.8382127);
#5257=DIRECTION('',(1.0,0.0,0.0));
#5248=ORIENTED_EDGE('',*,*,#5249,.F.);
#5259=EDGE_CURVE('',#5123,#5250,#5264,.T.);
#5264=LINE('',#5124,#5266);
#5266=VECTOR('',#5267,1.8288);
#5267=DIRECTION('',(0.0,0.0,-1.0));
#5258=ORIENTED_EDGE('',*,*,#5259,.F.);
#5268=ORIENTED_EDGE('',*,*,#5122,.T.);
#5278=ORIENTED_EDGE('',*,*,#5210,.T.);
#5288=STYLED_ITEM('',(#43),#5289);
#5289=ADVANCED_FACE('',(#5295),#5290,.T.);
#5290=PLANE('',#5291);
#5291=AXIS2_PLACEMENT_3D('',#5292,#5293,#5294);
#5292=CARTESIAN_POINT('',(2.121,0.0,0.61));
#5293=DIRECTION('',(-0.426,0.905,0.0));
#5294=DIRECTION('',(0.,0.,1.));
#5295=FACE_OUTER_BOUND('',#5296,.T.);
#5296=EDGE_LOOP('',(#5297,#5307,#5317,#5327));
#5300=CARTESIAN_POINT('',(1.905,-0.102,1.067));
#5299=VERTEX_POINT('',#5300);
#5298=EDGE_CURVE('',#5299,#5250,#5303,.T.);
#5303=LINE('',#5300,#5305);
#5305=VECTOR('',#5306,0.515718681521859);
#5306=DIRECTION('',(0.419,0.197,-0.887));
#5297=ORIENTED_EDGE('',*,*,#5298,.F.);
#5308=EDGE_CURVE('',#5172,#5299,#5313,.T.);
#5313=LINE('',#5173,#5315);
#5315=VECTOR('',#5316,1.18872);
#5316=DIRECTION('',(0.0,0.0,-1.0));
#5307=ORIENTED_EDGE('',*,*,#5308,.F.);
#5317=ORIENTED_EDGE('',*,*,#5171,.T.);
#5327=ORIENTED_EDGE('',*,*,#5259,.T.);
#5337=STYLED_ITEM('',(#43),#5338);
#5338=ADVANCED_FACE('',(#5344),#5339,.T.);
#5339=PLANE('',#5340);
#5340=AXIS2_PLACEMENT_3D('',#5341,#5342,#5343);
#5341=CARTESIAN_POINT('',(1.905,-2.438,1.067));
#5342=DIRECTION('',(-0.426,-0.905,0.0));
#5343=DIRECTION('',(0.,0.,1.));
#5344=FACE_OUTER_BOUND('',#5345,.T.);
#5345=EDGE_LOOP('',(#5346,#5356,#5366,#5376));
#5349=CARTESIAN_POINT('',(2.121,-2.54,0.61));
#5348=VERTEX_POINT('',#5349);
#5351=CARTESIAN_POINT('',(1.905,-2.438,1.067));
#5350=VERTEX_POINT('',#5351);
#5347=EDGE_CURVE('',#5348,#5350,#5352,.T.);
#5352=LINE('',#5349,#5354);
#5354=VECTOR('',#5355,0.515718681521859);
#5355=DIRECTION('',(-0.419,0.197,0.887));
#5346=ORIENTED_EDGE('',*,*,#5347,.F.);
#5357=EDGE_CURVE('',#5105,#5348,#5362,.T.);
#5362=LINE('',#5106,#5364);
#5364=VECTOR('',#5365,1.8288);
#5365=DIRECTION('',(0.0,0.0,-1.0));
#5356=ORIENTED_EDGE('',*,*,#5357,.F.);
#5366=ORIENTED_EDGE('',*,*,#5151,.T.);
#5377=EDGE_CURVE('',#5350,#5154,#5382,.T.);
#5382=LINE('',#5351,#5384);
#5384=VECTOR('',#5385,1.18872);
#5385=DIRECTION('',(0.0,0.0,1.0));
#5376=ORIENTED_EDGE('',*,*,#5377,.F.);
#5386=STYLED_ITEM('',(#43),#5387);
#5387=ADVANCED_FACE('',(#5393),#5388,.T.);
#5388=PLANE('',#5389);
#5389=AXIS2_PLACEMENT_3D('',#5390,#5391,#5392);
#5390=CARTESIAN_POINT('',(2.121,-2.54,0.61));
#5391=DIRECTION('',(0.0,-1.0,0.0));
#5392=DIRECTION('',(0.,0.,1.));
#5393=FACE_OUTER_BOUND('',#5394,.T.);
#5394=EDGE_LOOP('',(#5395,#5405,#5415,#5425));
#5398=CARTESIAN_POINT('',(2.959,-2.54,0.61));
#5397=VERTEX_POINT('',#5398);
#5396=EDGE_CURVE('',#5397,#5348,#5401,.T.);
#5401=LINE('',#5398,#5403);
#5403=VECTOR('',#5404,0.8382127);
#5404=DIRECTION('',(-1.0,0.0,0.0));
#5395=ORIENTED_EDGE('',*,*,#5396,.F.);
#5406=EDGE_CURVE('',#5074,#5397,#5411,.T.);
#5411=LINE('',#5075,#5413);
#5413=VECTOR('',#5414,1.8288);
#5414=DIRECTION('',(0.0,0.0,-1.0));
#5405=ORIENTED_EDGE('',*,*,#5406,.F.);
#5415=ORIENTED_EDGE('',*,*,#5102,.T.);
#5425=ORIENTED_EDGE('',*,*,#5357,.T.);
#5435=STYLED_ITEM('',(#43),#5436);
#5436=ADVANCED_FACE('',(#5442),#5437,.T.);
#5437=PLANE('',#5438);
#5438=AXIS2_PLACEMENT_3D('',#5439,#5440,#5441);
#5439=CARTESIAN_POINT('',(2.959,-2.54,0.61));
#5440=DIRECTION('',(0.426,-0.905,0.0));
#5441=DIRECTION('',(0.,0.,1.));
#5442=FACE_OUTER_BOUND('',#5443,.T.);
#5443=EDGE_LOOP('',(#5444,#5454,#5464,#5474));
#5445=EDGE_CURVE('',#4762,#5397,#5450,.T.);
#5450=LINE('',#4763,#5452);
#5452=VECTOR('',#5453,0.515718681521859);
#5453=DIRECTION('',(-0.419,-0.197,-0.887));
#5444=ORIENTED_EDGE('',*,*,#5445,.F.);
#5454=ORIENTED_EDGE('',*,*,#4789,.T.);
#5464=ORIENTED_EDGE('',*,*,#5083,.T.);
#5474=ORIENTED_EDGE('',*,*,#5406,.T.);
#5484=STYLED_ITEM('',(#43),#5485);
#5485=ADVANCED_FACE('',(#5491),#5486,.T.);
#5486=PLANE('',#5487);
#5487=AXIS2_PLACEMENT_3D('',#5488,#5489,#5490);
#5488=CARTESIAN_POINT('',(2.959,-2.54,0.61));
#5489=DIRECTION('',(0.904,0.0,-0.427));
#5490=DIRECTION('',(0.,0.,1.));
#5491=FACE_OUTER_BOUND('',#5492,.T.);
#5492=EDGE_LOOP('',(#5493,#5503,#5513,#5523));
#5494=EDGE_CURVE('',#5201,#5397,#5499,.T.);
#5499=LINE('',#5202,#5501);
#5501=VECTOR('',#5502,2.54);
#5502=DIRECTION('',(0.0,-1.0,0.0));
#5493=ORIENTED_EDGE('',*,*,#5494,.F.);
#5503=ORIENTED_EDGE('',*,*,#5200,.T.);
#5513=ORIENTED_EDGE('',*,*,#5024,.T.);
#5523=ORIENTED_EDGE('',*,*,#5445,.T.);
#5533=STYLED_ITEM('',(#43),#5534);
#5534=ADVANCED_FACE('',(#5540),#5535,.T.);
#5535=PLANE('',#5536);
#5536=AXIS2_PLACEMENT_3D('',#5537,#5538,#5539);
#5537=CARTESIAN_POINT('',(2.121,-2.54,0.61));
#5538=DIRECTION('',(0.0,0.0,-1.0));
#5539=DIRECTION('',(0.,1.,0.));
#5540=FACE_OUTER_BOUND('',#5541,.T.);
#5541=EDGE_LOOP('',(#5542,#5552,#5562,#5572));
#5543=EDGE_CURVE('',#5250,#5348,#5548,.T.);
#5548=LINE('',#5251,#5550);
#5550=VECTOR('',#5551,2.54);
#5551=DIRECTION('',(0.0,-1.0,0.0));
#5542=ORIENTED_EDGE('',*,*,#5543,.F.);
#5552=ORIENTED_EDGE('',*,*,#5249,.T.);
#5562=ORIENTED_EDGE('',*,*,#5494,.T.);
#5572=ORIENTED_EDGE('',*,*,#5396,.T.);
#5582=STYLED_ITEM('',(#43),#5583);
#5583=ADVANCED_FACE('',(#5589),#5584,.T.);
#5584=PLANE('',#5585);
#5585=AXIS2_PLACEMENT_3D('',#5586,#5587,#5588);
#5586=CARTESIAN_POINT('',(1.905,-2.438,1.067));
#5587=DIRECTION('',(-0.904,0.0,-0.427));
#5588=DIRECTION('',(0.,0.,1.));
#5589=FACE_OUTER_BOUND('',#5590,.T.);
#5590=EDGE_LOOP('',(#5591,#5601,#5611,#5621));
#5592=EDGE_CURVE('',#5299,#5350,#5597,.T.);
#5597=LINE('',#5300,#5599);
#5599=VECTOR('',#5600,2.3367873);
#5600=DIRECTION('',(0.0,-1.0,0.0));
#5591=ORIENTED_EDGE('',*,*,#5592,.F.);
#5601=ORIENTED_EDGE('',*,*,#5298,.T.);
#5611=ORIENTED_EDGE('',*,*,#5543,.T.);
#5621=ORIENTED_EDGE('',*,*,#5347,.T.);
#5631=STYLED_ITEM('',(#43),#5632);
#5632=ADVANCED_FACE('',(#5638),#5633,.T.);
#5633=PLANE('',#5634);
#5634=AXIS2_PLACEMENT_3D('',#5635,#5636,#5637);
#5635=CARTESIAN_POINT('',(1.905,-2.438,2.256));
#5636=DIRECTION('',(0.646,0.0,0.763));
#5637=DIRECTION('',(0.,0.,1.));
#5638=FACE_OUTER_BOUND('',#5639,.T.);
#5639=EDGE_LOOP('',(#5640,#5650,#5660,#5670));
#5640=ORIENTED_EDGE('',*,*,#5181,.T.);
#5653=CARTESIAN_POINT('',(1.689,0.0,2.438));
#5652=VERTEX_POINT('',#5653);
#5651=EDGE_CURVE('',#5652,#5172,#5656,.T.);
#5656=LINE('',#5653,#5658);
#5658=VECTOR('',#5659,0.300631024464617);
#5659=DIRECTION('',(0.718,-0.338,-0.608));
#5650=ORIENTED_EDGE('',*,*,#5651,.F.);
#5663=CARTESIAN_POINT('',(1.689,-2.54,2.438));
#5662=VERTEX_POINT('',#5663);
#5661=EDGE_CURVE('',#5662,#5652,#5666,.T.);
#5666=LINE('',#5663,#5668);
#5668=VECTOR('',#5669,2.54);
#5669=DIRECTION('',(0.0,1.0,0.0));
#5660=ORIENTED_EDGE('',*,*,#5661,.F.);
#5671=EDGE_CURVE('',#5154,#5662,#5676,.T.);
#5676=LINE('',#5155,#5678);
#5678=VECTOR('',#5679,0.300631024464617);
#5679=DIRECTION('',(-0.718,-0.338,0.608));
#5670=ORIENTED_EDGE('',*,*,#5671,.F.);
#5680=STYLED_ITEM('',(#43),#5681);
#5681=ADVANCED_FACE('',(#5687),#5682,.T.);
#5682=PLANE('',#5683);
#5683=AXIS2_PLACEMENT_3D('',#5684,#5685,#5686);
#5684=CARTESIAN_POINT('',(0.851,-2.54,2.438));
#5685=DIRECTION('',(0.0,0.0,1.0));
#5686=DIRECTION('',(0.,1.,0.));
#5687=FACE_OUTER_BOUND('',#5688,.T.);
#5688=EDGE_LOOP('',(#5689,#5699,#5709,#5719));
#5694=CARTESIAN_POINT('',(0.851,-2.54,2.438));
#5693=VERTEX_POINT('',#5694);
#5690=EDGE_CURVE('',#5662,#5693,#5695,.T.);
#5695=LINE('',#5663,#5697);
#5697=VECTOR('',#5698,0.8382127);
#5698=DIRECTION('',(-1.0,0.0,0.0));
#5689=ORIENTED_EDGE('',*,*,#5690,.F.);
#5699=ORIENTED_EDGE('',*,*,#5661,.T.);
#5712=CARTESIAN_POINT('',(0.851,0.0,2.438));
#5711=VERTEX_POINT('',#5712);
#5710=EDGE_CURVE('',#5711,#5652,#5715,.T.);
#5715=LINE('',#5712,#5717);
#5717=VECTOR('',#5718,0.8382127);
#5718=DIRECTION('',(1.0,0.0,0.0));
#5709=ORIENTED_EDGE('',*,*,#5710,.F.);
#5720=EDGE_CURVE('',#5693,#5711,#5725,.T.);
#5725=LINE('',#5694,#5727);
#5727=VECTOR('',#5728,2.54);
#5728=DIRECTION('',(0.0,1.0,0.0));
#5719=ORIENTED_EDGE('',*,*,#5720,.F.);
#5729=STYLED_ITEM('',(#43),#5730);
#5730=ADVANCED_FACE('',(#5736),#5731,.T.);
#5731=PLANE('',#5732);
#5732=AXIS2_PLACEMENT_3D('',#5733,#5734,#5735);
#5733=CARTESIAN_POINT('',(0.635,-2.438,2.256));
#5734=DIRECTION('',(-0.646,0.0,0.763));
#5735=DIRECTION('',(0.,0.,1.));
#5736=FACE_OUTER_BOUND('',#5737,.T.);
#5737=EDGE_LOOP('',(#5738,#5748,#5758,#5768));
#5743=CARTESIAN_POINT('',(0.635,-2.438,2.256));
#5742=VERTEX_POINT('',#5743);
#5739=EDGE_CURVE('',#5693,#5742,#5744,.T.);
#5744=LINE('',#5694,#5746);
#5746=VECTOR('',#5747,0.300631024464617);
#5747=DIRECTION('',(-0.718,0.338,-0.608));
#5738=ORIENTED_EDGE('',*,*,#5739,.F.);
#5748=ORIENTED_EDGE('',*,*,#5720,.T.);
#5761=CARTESIAN_POINT('',(0.635,-0.102,2.256));
#5760=VERTEX_POINT('',#5761);
#5759=EDGE_CURVE('',#5760,#5711,#5764,.T.);
#5764=LINE('',#5761,#5766);
#5766=VECTOR('',#5767,0.300631024464617);
#5767=DIRECTION('',(0.718,0.338,0.608));
#5758=ORIENTED_EDGE('',*,*,#5759,.F.);
#5769=EDGE_CURVE('',#5742,#5760,#5774,.T.);
#5774=LINE('',#5743,#5776);
#5776=VECTOR('',#5777,2.3367873);
#5777=DIRECTION('',(0.0,1.0,0.0));
#5768=ORIENTED_EDGE('',*,*,#5769,.F.);
#5778=STYLED_ITEM('',(#43),#5779);
#5779=ADVANCED_FACE('',(#5785),#5780,.T.);
#5780=PLANE('',#5781);
#5781=AXIS2_PLACEMENT_3D('',#5782,#5783,#5784);
#5782=CARTESIAN_POINT('',(1.905,-0.102,1.067));
#5783=DIRECTION('',(0.426,0.905,0.0));
#5784=DIRECTION('',(0.,0.,1.));
#5785=FACE_OUTER_BOUND('',#5786,.T.);
#5786=EDGE_LOOP('',(#5787,#5797,#5807,#5817));
#5790=CARTESIAN_POINT('',(1.689,0.0,0.61));
#5789=VERTEX_POINT('',#5790);
#5788=EDGE_CURVE('',#5789,#5299,#5793,.T.);
#5793=LINE('',#5790,#5795);
#5795=VECTOR('',#5796,0.515718681521859);
#5796=DIRECTION('',(0.419,-0.197,0.887));
#5787=ORIENTED_EDGE('',*,*,#5788,.F.);
#5798=EDGE_CURVE('',#5652,#5789,#5803,.T.);
#5803=LINE('',#5653,#5805);
#5805=VECTOR('',#5806,1.8288);
#5806=DIRECTION('',(0.0,0.0,-1.0));
#5797=ORIENTED_EDGE('',*,*,#5798,.F.);
#5807=ORIENTED_EDGE('',*,*,#5651,.T.);
#5817=ORIENTED_EDGE('',*,*,#5308,.T.);
#5827=STYLED_ITEM('',(#43),#5828);
#5828=ADVANCED_FACE('',(#5834),#5829,.T.);
#5829=PLANE('',#5830);
#5830=AXIS2_PLACEMENT_3D('',#5831,#5832,#5833);
#5831=CARTESIAN_POINT('',(1.689,0.0,0.61));
#5832=DIRECTION('',(0.0,1.0,0.0));
#5833=DIRECTION('',(0.,0.,1.));
#5834=FACE_OUTER_BOUND('',#5835,.T.);
#5835=EDGE_LOOP('',(#5836,#5846,#5856,#5866));
#5839=CARTESIAN_POINT('',(0.851,0.0,0.61));
#5838=VERTEX_POINT('',#5839);
#5837=EDGE_CURVE('',#5838,#5789,#5842,.T.);
#5842=LINE('',#5839,#5844);
#5844=VECTOR('',#5845,0.8382127);
#5845=DIRECTION('',(1.0,0.0,0.0));
#5836=ORIENTED_EDGE('',*,*,#5837,.F.);
#5847=EDGE_CURVE('',#5711,#5838,#5852,.T.);
#5852=LINE('',#5712,#5854);
#5854=VECTOR('',#5855,1.8288);
#5855=DIRECTION('',(0.0,0.0,-1.0));
#5846=ORIENTED_EDGE('',*,*,#5847,.F.);
#5856=ORIENTED_EDGE('',*,*,#5710,.T.);
#5866=ORIENTED_EDGE('',*,*,#5798,.T.);
#5876=STYLED_ITEM('',(#43),#5877);
#5877=ADVANCED_FACE('',(#5883),#5878,.T.);
#5878=PLANE('',#5879);
#5879=AXIS2_PLACEMENT_3D('',#5880,#5881,#5882);
#5880=CARTESIAN_POINT('',(0.851,0.0,0.61));
#5881=DIRECTION('',(-0.426,0.905,0.0));
#5882=DIRECTION('',(0.,0.,1.));
#5883=FACE_OUTER_BOUND('',#5884,.T.);
#5884=EDGE_LOOP('',(#5885,#5895,#5905,#5915));
#5888=CARTESIAN_POINT('',(0.635,-0.102,1.067));
#5887=VERTEX_POINT('',#5888);
#5886=EDGE_CURVE('',#5887,#5838,#5891,.T.);
#5891=LINE('',#5888,#5893);
#5893=VECTOR('',#5894,0.515718681521859);
#5894=DIRECTION('',(0.419,0.197,-0.887));
#5885=ORIENTED_EDGE('',*,*,#5886,.F.);
#5896=EDGE_CURVE('',#5760,#5887,#5901,.T.);
#5901=LINE('',#5761,#5903);
#5903=VECTOR('',#5904,1.18872);
#5904=DIRECTION('',(0.0,0.0,-1.0));
#5895=ORIENTED_EDGE('',*,*,#5896,.F.);
#5905=ORIENTED_EDGE('',*,*,#5759,.T.);
#5915=ORIENTED_EDGE('',*,*,#5847,.T.);
#5925=STYLED_ITEM('',(#43),#5926);
#5926=ADVANCED_FACE('',(#5932),#5927,.T.);
#5927=PLANE('',#5928);
#5928=AXIS2_PLACEMENT_3D('',#5929,#5930,#5931);
#5929=CARTESIAN_POINT('',(0.635,-2.438,1.067));
#5930=DIRECTION('',(-0.426,-0.905,0.0));
#5931=DIRECTION('',(0.,0.,1.));
#5932=FACE_OUTER_BOUND('',#5933,.T.);
#5933=EDGE_LOOP('',(#5934,#5944,#5954,#5964));
#5937=CARTESIAN_POINT('',(0.851,-2.54,0.61));
#5936=VERTEX_POINT('',#5937);
#5939=CARTESIAN_POINT('',(0.635,-2.438,1.067));
#5938=VERTEX_POINT('',#5939);
#5935=EDGE_CURVE('',#5936,#5938,#5940,.T.);
#5940=LINE('',#5937,#5942);
#5942=VECTOR('',#5943,0.515718681521859);
#5943=DIRECTION('',(-0.419,0.197,0.887));
#5934=ORIENTED_EDGE('',*,*,#5935,.F.);
#5945=EDGE_CURVE('',#5693,#5936,#5950,.T.);
#5950=LINE('',#5694,#5952);
#5952=VECTOR('',#5953,1.8288);
#5953=DIRECTION('',(0.0,0.0,-1.0));
#5944=ORIENTED_EDGE('',*,*,#5945,.F.);
#5954=ORIENTED_EDGE('',*,*,#5739,.T.);
#5965=EDGE_CURVE('',#5938,#5742,#5970,.T.);
#5970=LINE('',#5939,#5972);
#5972=VECTOR('',#5973,1.18872);
#5973=DIRECTION('',(0.0,0.0,1.0));
#5964=ORIENTED_EDGE('',*,*,#5965,.F.);
#5974=STYLED_ITEM('',(#43),#5975);
#5975=ADVANCED_FACE('',(#5981),#5976,.T.);
#5976=PLANE('',#5977);
#5977=AXIS2_PLACEMENT_3D('',#5978,#5979,#5980);
#5978=CARTESIAN_POINT('',(0.851,-2.54,0.61));
#5979=DIRECTION('',(0.0,-1.0,0.0));
#5980=DIRECTION('',(0.,0.,1.));
#5981=FACE_OUTER_BOUND('',#5982,.T.);
#5982=EDGE_LOOP('',(#5983,#5993,#6003,#6013));
#5986=CARTESIAN_POINT('',(1.689,-2.54,0.61));
#5985=VERTEX_POINT('',#5986);
#5984=EDGE_CURVE('',#5985,#5936,#5989,.T.);
#5989=LINE('',#5986,#5991);
#5991=VECTOR('',#5992,0.8382127);
#5992=DIRECTION('',(-1.0,0.0,0.0));
#5983=ORIENTED_EDGE('',*,*,#5984,.F.);
#5994=EDGE_CURVE('',#5662,#5985,#5999,.T.);
#5999=LINE('',#5663,#6001);
#6001=VECTOR('',#6002,1.8288);
#6002=DIRECTION('',(0.0,0.0,-1.0));
#5993=ORIENTED_EDGE('',*,*,#5994,.F.);
#6003=ORIENTED_EDGE('',*,*,#5690,.T.);
#6013=ORIENTED_EDGE('',*,*,#5945,.T.);
#6023=STYLED_ITEM('',(#43),#6024);
#6024=ADVANCED_FACE('',(#6030),#6025,.T.);
#6025=PLANE('',#6026);
#6026=AXIS2_PLACEMENT_3D('',#6027,#6028,#6029);
#6027=CARTESIAN_POINT('',(1.689,-2.54,0.61));
#6028=DIRECTION('',(0.426,-0.905,0.0));
#6029=DIRECTION('',(0.,0.,1.));
#6030=FACE_OUTER_BOUND('',#6031,.T.);
#6031=EDGE_LOOP('',(#6032,#6042,#6052,#6062));
#6033=EDGE_CURVE('',#5350,#5985,#6038,.T.);
#6038=LINE('',#5351,#6040);
#6040=VECTOR('',#6041,0.515718681521859);
#6041=DIRECTION('',(-0.419,-0.197,-0.887));
#6032=ORIENTED_EDGE('',*,*,#6033,.F.);
#6042=ORIENTED_EDGE('',*,*,#5377,.T.);
#6052=ORIENTED_EDGE('',*,*,#5671,.T.);
#6062=ORIENTED_EDGE('',*,*,#5994,.T.);
#6072=STYLED_ITEM('',(#43),#6073);
#6073=ADVANCED_FACE('',(#6079),#6074,.T.);
#6074=PLANE('',#6075);
#6075=AXIS2_PLACEMENT_3D('',#6076,#6077,#6078);
#6076=CARTESIAN_POINT('',(1.689,-2.54,0.61));
#6077=DIRECTION('',(0.904,0.0,-0.427));
#6078=DIRECTION('',(0.,0.,1.));
#6079=FACE_OUTER_BOUND('',#6080,.T.);
#6080=EDGE_LOOP('',(#6081,#6091,#6101,#6111));
#6082=EDGE_CURVE('',#5789,#5985,#6087,.T.);
#6087=LINE('',#5790,#6089);
#6089=VECTOR('',#6090,2.54);
#6090=DIRECTION('',(0.0,-1.0,0.0));
#6081=ORIENTED_EDGE('',*,*,#6082,.F.);
#6091=ORIENTED_EDGE('',*,*,#5788,.T.);
#6101=ORIENTED_EDGE('',*,*,#5592,.T.);
#6111=ORIENTED_EDGE('',*,*,#6033,.T.);
#6121=STYLED_ITEM('',(#43),#6122);
#6122=ADVANCED_FACE('',(#6128),#6123,.T.);
#6123=PLANE('',#6124);
#6124=AXIS2_PLACEMENT_3D('',#6125,#6126,#6127);
#6125=CARTESIAN_POINT('',(0.851,0.0,0.61));
#6126=DIRECTION('',(0.0,0.0,-1.0));
#6127=DIRECTION('',(0.,1.,0.));
#6128=FACE_OUTER_BOUND('',#6129,.T.);
#6129=EDGE_LOOP('',(#6130,#6140,#6150,#6160));
#6130=ORIENTED_EDGE('',*,*,#5837,.T.);
#6140=ORIENTED_EDGE('',*,*,#6082,.T.);
#6150=ORIENTED_EDGE('',*,*,#5984,.T.);
#6161=EDGE_CURVE('',#5838,#5936,#6166,.T.);
#6166=LINE('',#5839,#6168);
#6168=VECTOR('',#6169,2.54);
#6169=DIRECTION('',(0.0,-1.0,0.0));
#6160=ORIENTED_EDGE('',*,*,#6161,.F.);
#6170=STYLED_ITEM('',(#43),#6171);
#6171=ADVANCED_FACE('',(#6177),#6172,.T.);
#6172=PLANE('',#6173);
#6173=AXIS2_PLACEMENT_3D('',#6174,#6175,#6176);
#6174=CARTESIAN_POINT('',(0.851,0.0,0.61));
#6175=DIRECTION('',(-0.904,0.0,-0.427));
#6176=DIRECTION('',(0.,0.,1.));
#6177=FACE_OUTER_BOUND('',#6178,.T.);
#6178=EDGE_LOOP('',(#6179,#6189,#6199,#6209));
#6179=ORIENTED_EDGE('',*,*,#6161,.T.);
#6189=ORIENTED_EDGE('',*,*,#5935,.T.);
#6200=EDGE_CURVE('',#5887,#5938,#6205,.T.);
#6205=LINE('',#5888,#6207);
#6207=VECTOR('',#6208,2.3367873);
#6208=DIRECTION('',(0.0,-1.0,0.0));
#6199=ORIENTED_EDGE('',*,*,#6200,.F.);
#6209=ORIENTED_EDGE('',*,*,#5886,.T.);
#6219=STYLED_ITEM('',(#43),#6220);
#6220=ADVANCED_FACE('',(#6226),#6221,.T.);
#6221=PLANE('',#6222);
#6222=AXIS2_PLACEMENT_3D('',#6223,#6224,#6225);
#6223=CARTESIAN_POINT('',(0.635,-2.438,2.256));
#6224=DIRECTION('',(0.646,0.0,0.763));
#6225=DIRECTION('',(0.,0.,1.));
#6226=FACE_OUTER_BOUND('',#6227,.T.);
#6227=EDGE_LOOP('',(#6228,#6238,#6248,#6258));
#6228=ORIENTED_EDGE('',*,*,#5769,.T.);
#6241=CARTESIAN_POINT('',(0.419,0.0,2.438));
#6240=VERTEX_POINT('',#6241);
#6239=EDGE_CURVE('',#6240,#5760,#6244,.T.);
#6244=LINE('',#6241,#6246);
#6246=VECTOR('',#6247,0.300631024464617);
#6247=DIRECTION('',(0.718,-0.338,-0.608));
#6238=ORIENTED_EDGE('',*,*,#6239,.F.);
#6251=CARTESIAN_POINT('',(0.419,-2.54,2.438));
#6250=VERTEX_POINT('',#6251);
#6249=EDGE_CURVE('',#6250,#6240,#6254,.T.);
#6254=LINE('',#6251,#6256);
#6256=VECTOR('',#6257,2.54);
#6257=DIRECTION('',(0.0,1.0,0.0));
#6248=ORIENTED_EDGE('',*,*,#6249,.F.);
#6259=EDGE_CURVE('',#5742,#6250,#6264,.T.);
#6264=LINE('',#5743,#6266);
#6266=VECTOR('',#6267,0.300631024464617);
#6267=DIRECTION('',(-0.718,-0.338,0.608));
#6258=ORIENTED_EDGE('',*,*,#6259,.F.);
#6268=STYLED_ITEM('',(#43),#6269);
#6269=ADVANCED_FACE('',(#6275),#6270,.T.);
#6270=PLANE('',#6271);
#6271=AXIS2_PLACEMENT_3D('',#6272,#6273,#6274);
#6272=CARTESIAN_POINT('',(-0.419,-2.54,2.438));
#6273=DIRECTION('',(0.0,0.0,1.0));
#6274=DIRECTION('',(0.,1.,0.));
#6275=FACE_OUTER_BOUND('',#6276,.T.);
#6276=EDGE_LOOP('',(#6277,#6287,#6297,#6307));
#6282=CARTESIAN_POINT('',(-0.419,-2.54,2.438));
#6281=VERTEX_POINT('',#6282);
#6278=EDGE_CURVE('',#6250,#6281,#6283,.T.);
#6283=LINE('',#6251,#6285);
#6285=VECTOR('',#6286,0.8382127);
#6286=DIRECTION('',(-1.0,0.0,0.0));
#6277=ORIENTED_EDGE('',*,*,#6278,.F.);
#6287=ORIENTED_EDGE('',*,*,#6249,.T.);
#6300=CARTESIAN_POINT('',(-0.419,0.0,2.438));
#6299=VERTEX_POINT('',#6300);
#6298=EDGE_CURVE('',#6299,#6240,#6303,.T.);
#6303=LINE('',#6300,#6305);
#6305=VECTOR('',#6306,0.8382127);
#6306=DIRECTION('',(1.0,0.0,0.0));
#6297=ORIENTED_EDGE('',*,*,#6298,.F.);
#6308=EDGE_CURVE('',#6281,#6299,#6313,.T.);
#6313=LINE('',#6282,#6315);
#6315=VECTOR('',#6316,2.54);
#6316=DIRECTION('',(0.0,1.0,0.0));
#6307=ORIENTED_EDGE('',*,*,#6308,.F.);
#6317=STYLED_ITEM('',(#43),#6318);
#6318=ADVANCED_FACE('',(#6324),#6319,.T.);
#6319=PLANE('',#6320);
#6320=AXIS2_PLACEMENT_3D('',#6321,#6322,#6323);
#6321=CARTESIAN_POINT('',(-0.635,-2.438,2.256));
#6322=DIRECTION('',(-0.646,0.0,0.763));
#6323=DIRECTION('',(0.,0.,1.));
#6324=FACE_OUTER_BOUND('',#6325,.T.);
#6325=EDGE_LOOP('',(#6326,#6336,#6346,#6356));
#6331=CARTESIAN_POINT('',(-0.635,-2.438,2.256));
#6330=VERTEX_POINT('',#6331);
#6327=EDGE_CURVE('',#6281,#6330,#6332,.T.);
#6332=LINE('',#6282,#6334);
#6334=VECTOR('',#6335,0.300631024464617);
#6335=DIRECTION('',(-0.718,0.338,-0.608));
#6326=ORIENTED_EDGE('',*,*,#6327,.F.);
#6336=ORIENTED_EDGE('',*,*,#6308,.T.);
#6349=CARTESIAN_POINT('',(-0.635,-0.102,2.256));
#6348=VERTEX_POINT('',#6349);
#6347=EDGE_CURVE('',#6348,#6299,#6352,.T.);
#6352=LINE('',#6349,#6354);
#6354=VECTOR('',#6355,0.300631024464617);
#6355=DIRECTION('',(0.718,0.338,0.608));
#6346=ORIENTED_EDGE('',*,*,#6347,.F.);
#6357=EDGE_CURVE('',#6330,#6348,#6362,.T.);
#6362=LINE('',#6331,#6364);
#6364=VECTOR('',#6365,2.3367873);
#6365=DIRECTION('',(0.0,1.0,0.0));
#6356=ORIENTED_EDGE('',*,*,#6357,.F.);
#6366=STYLED_ITEM('',(#43),#6367);
#6367=ADVANCED_FACE('',(#6373),#6368,.T.);
#6368=PLANE('',#6369);
#6369=AXIS2_PLACEMENT_3D('',#6370,#6371,#6372);
#6370=CARTESIAN_POINT('',(0.635,-0.102,1.067));
#6371=DIRECTION('',(0.426,0.905,0.0));
#6372=DIRECTION('',(0.,0.,1.));
#6373=FACE_OUTER_BOUND('',#6374,.T.);
#6374=EDGE_LOOP('',(#6375,#6385,#6395,#6405));
#6378=CARTESIAN_POINT('',(0.419,0.0,0.61));
#6377=VERTEX_POINT('',#6378);
#6376=EDGE_CURVE('',#6377,#5887,#6381,.T.);
#6381=LINE('',#6378,#6383);
#6383=VECTOR('',#6384,0.515718681521859);
#6384=DIRECTION('',(0.419,-0.197,0.887));
#6375=ORIENTED_EDGE('',*,*,#6376,.F.);
#6386=EDGE_CURVE('',#6240,#6377,#6391,.T.);
#6391=LINE('',#6241,#6393);
#6393=VECTOR('',#6394,1.8288);
#6394=DIRECTION('',(0.0,0.0,-1.0));
#6385=ORIENTED_EDGE('',*,*,#6386,.F.);
#6395=ORIENTED_EDGE('',*,*,#6239,.T.);
#6405=ORIENTED_EDGE('',*,*,#5896,.T.);
#6415=STYLED_ITEM('',(#43),#6416);
#6416=ADVANCED_FACE('',(#6422),#6417,.T.);
#6417=PLANE('',#6418);
#6418=AXIS2_PLACEMENT_3D('',#6419,#6420,#6421);
#6419=CARTESIAN_POINT('',(0.419,0.0,0.61));
#6420=DIRECTION('',(0.0,1.0,0.0));
#6421=DIRECTION('',(0.,0.,1.));
#6422=FACE_OUTER_BOUND('',#6423,.T.);
#6423=EDGE_LOOP('',(#6424,#6434,#6444,#6454));
#6427=CARTESIAN_POINT('',(-0.419,0.0,0.61));
#6426=VERTEX_POINT('',#6427);
#6425=EDGE_CURVE('',#6426,#6377,#6430,.T.);
#6430=LINE('',#6427,#6432);
#6432=VECTOR('',#6433,0.8382127);
#6433=DIRECTION('',(1.0,0.0,0.0));
#6424=ORIENTED_EDGE('',*,*,#6425,.F.);
#6435=EDGE_CURVE('',#6299,#6426,#6440,.T.);
#6440=LINE('',#6300,#6442);
#6442=VECTOR('',#6443,1.8288);
#6443=DIRECTION('',(0.0,0.0,-1.0));
#6434=ORIENTED_EDGE('',*,*,#6435,.F.);
#6444=ORIENTED_EDGE('',*,*,#6298,.T.);
#6454=ORIENTED_EDGE('',*,*,#6386,.T.);
#6464=STYLED_ITEM('',(#43),#6465);
#6465=ADVANCED_FACE('',(#6471),#6466,.T.);
#6466=PLANE('',#6467);
#6467=AXIS2_PLACEMENT_3D('',#6468,#6469,#6470);
#6468=CARTESIAN_POINT('',(-0.419,0.0,0.61));
#6469=DIRECTION('',(-0.426,0.905,0.0));
#6470=DIRECTION('',(0.,0.,1.));
#6471=FACE_OUTER_BOUND('',#6472,.T.);
#6472=EDGE_LOOP('',(#6473,#6483,#6493,#6503));
#6476=CARTESIAN_POINT('',(-0.635,-0.102,1.067));
#6475=VERTEX_POINT('',#6476);
#6474=EDGE_CURVE('',#6475,#6426,#6479,.T.);
#6479=LINE('',#6476,#6481);
#6481=VECTOR('',#6482,0.515718681521859);
#6482=DIRECTION('',(0.419,0.197,-0.887));
#6473=ORIENTED_EDGE('',*,*,#6474,.F.);
#6484=EDGE_CURVE('',#6348,#6475,#6489,.T.);
#6489=LINE('',#6349,#6491);
#6491=VECTOR('',#6492,1.18872);
#6492=DIRECTION('',(0.0,0.0,-1.0));
#6483=ORIENTED_EDGE('',*,*,#6484,.F.);
#6493=ORIENTED_EDGE('',*,*,#6347,.T.);
#6503=ORIENTED_EDGE('',*,*,#6435,.T.);
#6513=STYLED_ITEM('',(#43),#6514);
#6514=ADVANCED_FACE('',(#6520),#6515,.T.);
#6515=PLANE('',#6516);
#6516=AXIS2_PLACEMENT_3D('',#6517,#6518,#6519);
#6517=CARTESIAN_POINT('',(-0.635,-2.438,1.067));
#6518=DIRECTION('',(-0.426,-0.905,0.0));
#6519=DIRECTION('',(0.,0.,1.));
#6520=FACE_OUTER_BOUND('',#6521,.T.);
#6521=EDGE_LOOP('',(#6522,#6532,#6542,#6552));
#6525=CARTESIAN_POINT('',(-0.419,-2.54,0.61));
#6524=VERTEX_POINT('',#6525);
#6527=CARTESIAN_POINT('',(-0.635,-2.438,1.067));
#6526=VERTEX_POINT('',#6527);
#6523=EDGE_CURVE('',#6524,#6526,#6528,.T.);
#6528=LINE('',#6525,#6530);
#6530=VECTOR('',#6531,0.515718681521859);
#6531=DIRECTION('',(-0.419,0.197,0.887));
#6522=ORIENTED_EDGE('',*,*,#6523,.F.);
#6533=EDGE_CURVE('',#6281,#6524,#6538,.T.);
#6538=LINE('',#6282,#6540);
#6540=VECTOR('',#6541,1.8288);
#6541=DIRECTION('',(0.0,0.0,-1.0));
#6532=ORIENTED_EDGE('',*,*,#6533,.F.);
#6542=ORIENTED_EDGE('',*,*,#6327,.T.);
#6553=EDGE_CURVE('',#6526,#6330,#6558,.T.);
#6558=LINE('',#6527,#6560);
#6560=VECTOR('',#6561,1.18872);
#6561=DIRECTION('',(0.0,0.0,1.0));
#6552=ORIENTED_EDGE('',*,*,#6553,.F.);
#6562=STYLED_ITEM('',(#43),#6563);
#6563=ADVANCED_FACE('',(#6569),#6564,.T.);
#6564=PLANE('',#6565);
#6565=AXIS2_PLACEMENT_3D('',#6566,#6567,#6568);
#6566=CARTESIAN_POINT('',(-0.419,-2.54,0.61));
#6567=DIRECTION('',(0.0,-1.0,0.0));
#6568=DIRECTION('',(0.,0.,1.));
#6569=FACE_OUTER_BOUND('',#6570,.T.);
#6570=EDGE_LOOP('',(#6571,#6581,#6591,#6601));
#6574=CARTESIAN_POINT('',(0.419,-2.54,0.61));
#6573=VERTEX_POINT('',#6574);
#6572=EDGE_CURVE('',#6573,#6524,#6577,.T.);
#6577=LINE('',#6574,#6579);
#6579=VECTOR('',#6580,0.8382127);
#6580=DIRECTION('',(-1.0,0.0,0.0));
#6571=ORIENTED_EDGE('',*,*,#6572,.F.);
#6582=EDGE_CURVE('',#6250,#6573,#6587,.T.);
#6587=LINE('',#6251,#6589);
#6589=VECTOR('',#6590,1.8288);
#6590=DIRECTION('',(0.0,0.0,-1.0));
#6581=ORIENTED_EDGE('',*,*,#6582,.F.);
#6591=ORIENTED_EDGE('',*,*,#6278,.T.);
#6601=ORIENTED_EDGE('',*,*,#6533,.T.);
#6611=STYLED_ITEM('',(#43),#6612);
#6612=ADVANCED_FACE('',(#6618),#6613,.T.);
#6613=PLANE('',#6614);
#6614=AXIS2_PLACEMENT_3D('',#6615,#6616,#6617);
#6615=CARTESIAN_POINT('',(0.419,-2.54,0.61));
#6616=DIRECTION('',(0.426,-0.905,0.0));
#6617=DIRECTION('',(0.,0.,1.));
#6618=FACE_OUTER_BOUND('',#6619,.T.);
#6619=EDGE_LOOP('',(#6620,#6630,#6640,#6650));
#6621=EDGE_CURVE('',#5938,#6573,#6626,.T.);
#6626=LINE('',#5939,#6628);
#6628=VECTOR('',#6629,0.515718681521859);
#6629=DIRECTION('',(-0.419,-0.197,-0.887));
#6620=ORIENTED_EDGE('',*,*,#6621,.F.);
#6630=ORIENTED_EDGE('',*,*,#5965,.T.);
#6640=ORIENTED_EDGE('',*,*,#6259,.T.);
#6650=ORIENTED_EDGE('',*,*,#6582,.T.);
#6660=STYLED_ITEM('',(#43),#6661);
#6661=ADVANCED_FACE('',(#6667),#6662,.T.);
#6662=PLANE('',#6663);
#6663=AXIS2_PLACEMENT_3D('',#6664,#6665,#6666);
#6664=CARTESIAN_POINT('',(0.419,-2.54,0.61));
#6665=DIRECTION('',(0.904,0.0,-0.427));
#6666=DIRECTION('',(0.,0.,1.));
#6667=FACE_OUTER_BOUND('',#6668,.T.);
#6668=EDGE_LOOP('',(#6669,#6679,#6689,#6699));
#6670=EDGE_CURVE('',#6377,#6573,#6675,.T.);
#6675=LINE('',#6378,#6677);
#6677=VECTOR('',#6678,2.54);
#6678=DIRECTION('',(0.0,-1.0,0.0));
#6669=ORIENTED_EDGE('',*,*,#6670,.F.);
#6679=ORIENTED_EDGE('',*,*,#6376,.T.);
#6689=ORIENTED_EDGE('',*,*,#6200,.T.);
#6699=ORIENTED_EDGE('',*,*,#6621,.T.);
#6709=STYLED_ITEM('',(#43),#6710);
#6710=ADVANCED_FACE('',(#6716),#6711,.T.);
#6711=PLANE('',#6712);
#6712=AXIS2_PLACEMENT_3D('',#6713,#6714,#6715);
#6713=CARTESIAN_POINT('',(-0.419,0.0,0.61));
#6714=DIRECTION('',(0.0,0.0,-1.0));
#6715=DIRECTION('',(0.,1.,0.));
#6716=FACE_OUTER_BOUND('',#6717,.T.);
#6717=EDGE_LOOP('',(#6718,#6728,#6738,#6748));
#6718=ORIENTED_EDGE('',*,*,#6425,.T.);
#6728=ORIENTED_EDGE('',*,*,#6670,.T.);
#6738=ORIENTED_EDGE('',*,*,#6572,.T.);
#6749=EDGE_CURVE('',#6426,#6524,#6754,.T.);
#6754=LINE('',#6427,#6756);
#6756=VECTOR('',#6757,2.54);
#6757=DIRECTION('',(0.0,-1.0,0.0));
#6748=ORIENTED_EDGE('',*,*,#6749,.F.);
#6758=STYLED_ITEM('',(#43),#6759);
#6759=ADVANCED_FACE('',(#6765),#6760,.T.);
#6760=PLANE('',#6761);
#6761=AXIS2_PLACEMENT_3D('',#6762,#6763,#6764);
#6762=CARTESIAN_POINT('',(-0.419,0.0,0.61));
#6763=DIRECTION('',(-0.904,0.0,-0.427));
#6764=DIRECTION('',(0.,0.,1.));
#6765=FACE_OUTER_BOUND('',#6766,.T.);
#6766=EDGE_LOOP('',(#6767,#6777,#6787,#6797));
#6767=ORIENTED_EDGE('',*,*,#6749,.T.);
#6777=ORIENTED_EDGE('',*,*,#6523,.T.);
#6788=EDGE_CURVE('',#6475,#6526,#6793,.T.);
#6793=LINE('',#6476,#6795);
#6795=VECTOR('',#6796,2.3367873);
#6796=DIRECTION('',(0.0,-1.0,0.0));
#6787=ORIENTED_EDGE('',*,*,#6788,.F.);
#6797=ORIENTED_EDGE('',*,*,#6474,.T.);
#6807=STYLED_ITEM('',(#43),#6808);
#6808=ADVANCED_FACE('',(#6814),#6809,.T.);
#6809=PLANE('',#6810);
#6810=AXIS2_PLACEMENT_3D('',#6811,#6812,#6813);
#6811=CARTESIAN_POINT('',(-0.635,-2.438,2.256));
#6812=DIRECTION('',(0.646,0.0,0.763));
#6813=DIRECTION('',(0.,0.,1.));
#6814=FACE_OUTER_BOUND('',#6815,.T.);
#6815=EDGE_LOOP('',(#6816,#6826,#6836,#6846));
#6816=ORIENTED_EDGE('',*,*,#6357,.T.);
#6829=CARTESIAN_POINT('',(-0.851,0.0,2.438));
#6828=VERTEX_POINT('',#6829);
#6827=EDGE_CURVE('',#6828,#6348,#6832,.T.);
#6832=LINE('',#6829,#6834);
#6834=VECTOR('',#6835,0.300631024464617);
#6835=DIRECTION('',(0.718,-0.338,-0.608));
#6826=ORIENTED_EDGE('',*,*,#6827,.F.);
#6839=CARTESIAN_POINT('',(-0.851,-2.54,2.438));
#6838=VERTEX_POINT('',#6839);
#6837=EDGE_CURVE('',#6838,#6828,#6842,.T.);
#6842=LINE('',#6839,#6844);
#6844=VECTOR('',#6845,2.54);
#6845=DIRECTION('',(0.0,1.0,0.0));
#6836=ORIENTED_EDGE('',*,*,#6837,.F.);
#6847=EDGE_CURVE('',#6330,#6838,#6852,.T.);
#6852=LINE('',#6331,#6854);
#6854=VECTOR('',#6855,0.300631024464617);
#6855=DIRECTION('',(-0.718,-0.338,0.608));
#6846=ORIENTED_EDGE('',*,*,#6847,.F.);
#6856=STYLED_ITEM('',(#43),#6857);
#6857=ADVANCED_FACE('',(#6863),#6858,.T.);
#6858=PLANE('',#6859);
#6859=AXIS2_PLACEMENT_3D('',#6860,#6861,#6862);
#6860=CARTESIAN_POINT('',(-1.689,-2.54,2.438));
#6861=DIRECTION('',(0.0,0.0,1.0));
#6862=DIRECTION('',(0.,1.,0.));
#6863=FACE_OUTER_BOUND('',#6864,.T.);
#6864=EDGE_LOOP('',(#6865,#6875,#6885,#6895));
#6870=CARTESIAN_POINT('',(-1.689,-2.54,2.438));
#6869=VERTEX_POINT('',#6870);
#6866=EDGE_CURVE('',#6838,#6869,#6871,.T.);
#6871=LINE('',#6839,#6873);
#6873=VECTOR('',#6874,0.8382127);
#6874=DIRECTION('',(-1.0,0.0,0.0));
#6865=ORIENTED_EDGE('',*,*,#6866,.F.);
#6875=ORIENTED_EDGE('',*,*,#6837,.T.);
#6888=CARTESIAN_POINT('',(-1.689,0.0,2.438));
#6887=VERTEX_POINT('',#6888);
#6886=EDGE_CURVE('',#6887,#6828,#6891,.T.);
#6891=LINE('',#6888,#6893);
#6893=VECTOR('',#6894,0.8382127);
#6894=DIRECTION('',(1.0,0.0,0.0));
#6885=ORIENTED_EDGE('',*,*,#6886,.F.);
#6896=EDGE_CURVE('',#6869,#6887,#6901,.T.);
#6901=LINE('',#6870,#6903);
#6903=VECTOR('',#6904,2.54);
#6904=DIRECTION('',(0.0,1.0,0.0));
#6895=ORIENTED_EDGE('',*,*,#6896,.F.);
#6905=STYLED_ITEM('',(#43),#6906);
#6906=ADVANCED_FACE('',(#6912),#6907,.T.);
#6907=PLANE('',#6908);
#6908=AXIS2_PLACEMENT_3D('',#6909,#6910,#6911);
#6909=CARTESIAN_POINT('',(-1.905,-2.438,2.256));
#6910=DIRECTION('',(-0.646,0.0,0.763));
#6911=DIRECTION('',(0.,0.,1.));
#6912=FACE_OUTER_BOUND('',#6913,.T.);
#6913=EDGE_LOOP('',(#6914,#6924,#6934,#6944));
#6919=CARTESIAN_POINT('',(-1.905,-2.438,2.256));
#6918=VERTEX_POINT('',#6919);
#6915=EDGE_CURVE('',#6869,#6918,#6920,.T.);
#6920=LINE('',#6870,#6922);
#6922=VECTOR('',#6923,0.300631024464617);
#6923=DIRECTION('',(-0.718,0.338,-0.608));
#6914=ORIENTED_EDGE('',*,*,#6915,.F.);
#6924=ORIENTED_EDGE('',*,*,#6896,.T.);
#6937=CARTESIAN_POINT('',(-1.905,-0.102,2.256));
#6936=VERTEX_POINT('',#6937);
#6935=EDGE_CURVE('',#6936,#6887,#6940,.T.);
#6940=LINE('',#6937,#6942);
#6942=VECTOR('',#6943,0.300631024464617);
#6943=DIRECTION('',(0.718,0.338,0.608));
#6934=ORIENTED_EDGE('',*,*,#6935,.F.);
#6945=EDGE_CURVE('',#6918,#6936,#6950,.T.);
#6950=LINE('',#6919,#6952);
#6952=VECTOR('',#6953,2.3367873);
#6953=DIRECTION('',(0.0,1.0,0.0));
#6944=ORIENTED_EDGE('',*,*,#6945,.F.);
#6954=STYLED_ITEM('',(#43),#6955);
#6955=ADVANCED_FACE('',(#6961),#6956,.T.);
#6956=PLANE('',#6957);
#6957=AXIS2_PLACEMENT_3D('',#6958,#6959,#6960);
#6958=CARTESIAN_POINT('',(-0.635,-0.102,1.067));
#6959=DIRECTION('',(0.426,0.905,0.0));
#6960=DIRECTION('',(0.,0.,1.));
#6961=FACE_OUTER_BOUND('',#6962,.T.);
#6962=EDGE_LOOP('',(#6963,#6973,#6983,#6993));
#6966=CARTESIAN_POINT('',(-0.851,0.0,0.61));
#6965=VERTEX_POINT('',#6966);
#6964=EDGE_CURVE('',#6965,#6475,#6969,.T.);
#6969=LINE('',#6966,#6971);
#6971=VECTOR('',#6972,0.515718681521859);
#6972=DIRECTION('',(0.419,-0.197,0.887));
#6963=ORIENTED_EDGE('',*,*,#6964,.F.);
#6974=EDGE_CURVE('',#6828,#6965,#6979,.T.);
#6979=LINE('',#6829,#6981);
#6981=VECTOR('',#6982,1.8288);
#6982=DIRECTION('',(0.0,0.0,-1.0));
#6973=ORIENTED_EDGE('',*,*,#6974,.F.);
#6983=ORIENTED_EDGE('',*,*,#6827,.T.);
#6993=ORIENTED_EDGE('',*,*,#6484,.T.);
#7003=STYLED_ITEM('',(#43),#7004);
#7004=ADVANCED_FACE('',(#7010),#7005,.T.);
#7005=PLANE('',#7006);
#7006=AXIS2_PLACEMENT_3D('',#7007,#7008,#7009);
#7007=CARTESIAN_POINT('',(-0.851,0.0,0.61));
#7008=DIRECTION('',(0.0,1.0,0.0));
#7009=DIRECTION('',(0.,0.,1.));
#7010=FACE_OUTER_BOUND('',#7011,.T.);
#7011=EDGE_LOOP('',(#7012,#7022,#7032,#7042));
#7015=CARTESIAN_POINT('',(-1.689,0.0,0.61));
#7014=VERTEX_POINT('',#7015);
#7013=EDGE_CURVE('',#7014,#6965,#7018,.T.);
#7018=LINE('',#7015,#7020);
#7020=VECTOR('',#7021,0.8382127);
#7021=DIRECTION('',(1.0,0.0,0.0));
#7012=ORIENTED_EDGE('',*,*,#7013,.F.);
#7023=EDGE_CURVE('',#6887,#7014,#7028,.T.);
#7028=LINE('',#6888,#7030);
#7030=VECTOR('',#7031,1.8288);
#7031=DIRECTION('',(0.0,0.0,-1.0));
#7022=ORIENTED_EDGE('',*,*,#7023,.F.);
#7032=ORIENTED_EDGE('',*,*,#6886,.T.);
#7042=ORIENTED_EDGE('',*,*,#6974,.T.);
#7052=STYLED_ITEM('',(#43),#7053);
#7053=ADVANCED_FACE('',(#7059),#7054,.T.);
#7054=PLANE('',#7055);
#7055=AXIS2_PLACEMENT_3D('',#7056,#7057,#7058);
#7056=CARTESIAN_POINT('',(-1.689,0.0,0.61));
#7057=DIRECTION('',(-0.426,0.905,0.0));
#7058=DIRECTION('',(0.,0.,1.));
#7059=FACE_OUTER_BOUND('',#7060,.T.);
#7060=EDGE_LOOP('',(#7061,#7071,#7081,#7091));
#7064=CARTESIAN_POINT('',(-1.905,-0.102,1.067));
#7063=VERTEX_POINT('',#7064);
#7062=EDGE_CURVE('',#7063,#7014,#7067,.T.);
#7067=LINE('',#7064,#7069);
#7069=VECTOR('',#7070,0.515718681521859);
#7070=DIRECTION('',(0.419,0.197,-0.887));
#7061=ORIENTED_EDGE('',*,*,#7062,.F.);
#7072=EDGE_CURVE('',#6936,#7063,#7077,.T.);
#7077=LINE('',#6937,#7079);
#7079=VECTOR('',#7080,1.18872);
#7080=DIRECTION('',(0.0,0.0,-1.0));
#7071=ORIENTED_EDGE('',*,*,#7072,.F.);
#7081=ORIENTED_EDGE('',*,*,#6935,.T.);
#7091=ORIENTED_EDGE('',*,*,#7023,.T.);
#7101=STYLED_ITEM('',(#43),#7102);
#7102=ADVANCED_FACE('',(#7108),#7103,.T.);
#7103=PLANE('',#7104);
#7104=AXIS2_PLACEMENT_3D('',#7105,#7106,#7107);
#7105=CARTESIAN_POINT('',(-1.905,-2.438,1.067));
#7106=DIRECTION('',(-0.426,-0.905,0.0));
#7107=DIRECTION('',(0.,0.,1.));
#7108=FACE_OUTER_BOUND('',#7109,.T.);
#7109=EDGE_LOOP('',(#7110,#7120,#7130,#7140));
#7113=CARTESIAN_POINT('',(-1.689,-2.54,0.61));
#7112=VERTEX_POINT('',#7113);
#7115=CARTESIAN_POINT('',(-1.905,-2.438,1.067));
#7114=VERTEX_POINT('',#7115);
#7111=EDGE_CURVE('',#7112,#7114,#7116,.T.);
#7116=LINE('',#7113,#7118);
#7118=VECTOR('',#7119,0.515718681521859);
#7119=DIRECTION('',(-0.419,0.197,0.887));
#7110=ORIENTED_EDGE('',*,*,#7111,.F.);
#7121=EDGE_CURVE('',#6869,#7112,#7126,.T.);
#7126=LINE('',#6870,#7128);
#7128=VECTOR('',#7129,1.8288);
#7129=DIRECTION('',(0.0,0.0,-1.0));
#7120=ORIENTED_EDGE('',*,*,#7121,.F.);
#7130=ORIENTED_EDGE('',*,*,#6915,.T.);
#7141=EDGE_CURVE('',#7114,#6918,#7146,.T.);
#7146=LINE('',#7115,#7148);
#7148=VECTOR('',#7149,1.18872);
#7149=DIRECTION('',(0.0,0.0,1.0));
#7140=ORIENTED_EDGE('',*,*,#7141,.F.);
#7150=STYLED_ITEM('',(#43),#7151);
#7151=ADVANCED_FACE('',(#7157),#7152,.T.);
#7152=PLANE('',#7153);
#7153=AXIS2_PLACEMENT_3D('',#7154,#7155,#7156);
#7154=CARTESIAN_POINT('',(-1.689,-2.54,0.61));
#7155=DIRECTION('',(0.0,-1.0,0.0));
#7156=DIRECTION('',(0.,0.,1.));
#7157=FACE_OUTER_BOUND('',#7158,.T.);
#7158=EDGE_LOOP('',(#7159,#7169,#7179,#7189));
#7162=CARTESIAN_POINT('',(-0.851,-2.54,0.61));
#7161=VERTEX_POINT('',#7162);
#7160=EDGE_CURVE('',#7161,#7112,#7165,.T.);
#7165=LINE('',#7162,#7167);
#7167=VECTOR('',#7168,0.8382127);
#7168=DIRECTION('',(-1.0,0.0,0.0));
#7159=ORIENTED_EDGE('',*,*,#7160,.F.);
#7170=EDGE_CURVE('',#6838,#7161,#7175,.T.);
#7175=LINE('',#6839,#7177);
#7177=VECTOR('',#7178,1.8288);
#7178=DIRECTION('',(0.0,0.0,-1.0));
#7169=ORIENTED_EDGE('',*,*,#7170,.F.);
#7179=ORIENTED_EDGE('',*,*,#6866,.T.);
#7189=ORIENTED_EDGE('',*,*,#7121,.T.);
#7199=STYLED_ITEM('',(#43),#7200);
#7200=ADVANCED_FACE('',(#7206),#7201,.T.);
#7201=PLANE('',#7202);
#7202=AXIS2_PLACEMENT_3D('',#7203,#7204,#7205);
#7203=CARTESIAN_POINT('',(-0.851,-2.54,0.61));
#7204=DIRECTION('',(0.426,-0.905,0.0));
#7205=DIRECTION('',(0.,0.,1.));
#7206=FACE_OUTER_BOUND('',#7207,.T.);
#7207=EDGE_LOOP('',(#7208,#7218,#7228,#7238));
#7209=EDGE_CURVE('',#6526,#7161,#7214,.T.);
#7214=LINE('',#6527,#7216);
#7216=VECTOR('',#7217,0.515718681521859);
#7217=DIRECTION('',(-0.419,-0.197,-0.887));
#7208=ORIENTED_EDGE('',*,*,#7209,.F.);
#7218=ORIENTED_EDGE('',*,*,#6553,.T.);
#7228=ORIENTED_EDGE('',*,*,#6847,.T.);
#7238=ORIENTED_EDGE('',*,*,#7170,.T.);
#7248=STYLED_ITEM('',(#43),#7249);
#7249=ADVANCED_FACE('',(#7255),#7250,.T.);
#7250=PLANE('',#7251);
#7251=AXIS2_PLACEMENT_3D('',#7252,#7253,#7254);
#7252=CARTESIAN_POINT('',(-0.851,-2.54,0.61));
#7253=DIRECTION('',(0.904,0.0,-0.427));
#7254=DIRECTION('',(0.,0.,1.));
#7255=FACE_OUTER_BOUND('',#7256,.T.);
#7256=EDGE_LOOP('',(#7257,#7267,#7277,#7287));
#7258=EDGE_CURVE('',#6965,#7161,#7263,.T.);
#7263=LINE('',#6966,#7265);
#7265=VECTOR('',#7266,2.54);
#7266=DIRECTION('',(0.0,-1.0,0.0));
#7257=ORIENTED_EDGE('',*,*,#7258,.F.);
#7267=ORIENTED_EDGE('',*,*,#6964,.T.);
#7277=ORIENTED_EDGE('',*,*,#6788,.T.);
#7287=ORIENTED_EDGE('',*,*,#7209,.T.);
#7297=STYLED_ITEM('',(#43),#7298);
#7298=ADVANCED_FACE('',(#7304),#7299,.T.);
#7299=PLANE('',#7300);
#7300=AXIS2_PLACEMENT_3D('',#7301,#7302,#7303);
#7301=CARTESIAN_POINT('',(-1.689,0.0,0.61));
#7302=DIRECTION('',(0.0,0.0,-1.0));
#7303=DIRECTION('',(0.,1.,0.));
#7304=FACE_OUTER_BOUND('',#7305,.T.);
#7305=EDGE_LOOP('',(#7306,#7316,#7326,#7336));
#7306=ORIENTED_EDGE('',*,*,#7013,.T.);
#7316=ORIENTED_EDGE('',*,*,#7258,.T.);
#7326=ORIENTED_EDGE('',*,*,#7160,.T.);
#7337=EDGE_CURVE('',#7014,#7112,#7342,.T.);
#7342=LINE('',#7015,#7344);
#7344=VECTOR('',#7345,2.54);
#7345=DIRECTION('',(0.0,-1.0,0.0));
#7336=ORIENTED_EDGE('',*,*,#7337,.F.);
#7346=STYLED_ITEM('',(#43),#7347);
#7347=ADVANCED_FACE('',(#7353),#7348,.T.);
#7348=PLANE('',#7349);
#7349=AXIS2_PLACEMENT_3D('',#7350,#7351,#7352);
#7350=CARTESIAN_POINT('',(-1.689,0.0,0.61));
#7351=DIRECTION('',(-0.904,0.0,-0.427));
#7352=DIRECTION('',(0.,0.,1.));
#7353=FACE_OUTER_BOUND('',#7354,.T.);
#7354=EDGE_LOOP('',(#7355,#7365,#7375,#7385));
#7355=ORIENTED_EDGE('',*,*,#7337,.T.);
#7365=ORIENTED_EDGE('',*,*,#7111,.T.);
#7376=EDGE_CURVE('',#7063,#7114,#7381,.T.);
#7381=LINE('',#7064,#7383);
#7383=VECTOR('',#7384,2.3367873);
#7384=DIRECTION('',(0.0,-1.0,0.0));
#7375=ORIENTED_EDGE('',*,*,#7376,.F.);
#7385=ORIENTED_EDGE('',*,*,#7062,.T.);
#7395=STYLED_ITEM('',(#43),#7396);
#7396=ADVANCED_FACE('',(#7402),#7397,.T.);
#7397=PLANE('',#7398);
#7398=AXIS2_PLACEMENT_3D('',#7399,#7400,#7401);
#7399=CARTESIAN_POINT('',(-1.905,-2.438,2.256));
#7400=DIRECTION('',(0.646,0.0,0.763));
#7401=DIRECTION('',(0.,0.,1.));
#7402=FACE_OUTER_BOUND('',#7403,.T.);
#7403=EDGE_LOOP('',(#7404,#7414,#7424,#7434));
#7404=ORIENTED_EDGE('',*,*,#6945,.T.);
#7417=CARTESIAN_POINT('',(-2.121,0.0,2.438));
#7416=VERTEX_POINT('',#7417);
#7415=EDGE_CURVE('',#7416,#6936,#7420,.T.);
#7420=LINE('',#7417,#7422);
#7422=VECTOR('',#7423,0.300631024464617);
#7423=DIRECTION('',(0.718,-0.338,-0.608));
#7414=ORIENTED_EDGE('',*,*,#7415,.F.);
#7427=CARTESIAN_POINT('',(-2.121,-2.54,2.438));
#7426=VERTEX_POINT('',#7427);
#7425=EDGE_CURVE('',#7426,#7416,#7430,.T.);
#7430=LINE('',#7427,#7432);
#7432=VECTOR('',#7433,2.54);
#7433=DIRECTION('',(0.0,1.0,0.0));
#7424=ORIENTED_EDGE('',*,*,#7425,.F.);
#7435=EDGE_CURVE('',#6918,#7426,#7440,.T.);
#7440=LINE('',#6919,#7442);
#7442=VECTOR('',#7443,0.300631024464617);
#7443=DIRECTION('',(-0.718,-0.338,0.608));
#7434=ORIENTED_EDGE('',*,*,#7435,.F.);
#7444=STYLED_ITEM('',(#43),#7445);
#7445=ADVANCED_FACE('',(#7451),#7446,.T.);
#7446=PLANE('',#7447);
#7447=AXIS2_PLACEMENT_3D('',#7448,#7449,#7450);
#7448=CARTESIAN_POINT('',(-2.959,-2.54,2.438));
#7449=DIRECTION('',(0.0,0.0,1.0));
#7450=DIRECTION('',(0.,1.,0.));
#7451=FACE_OUTER_BOUND('',#7452,.T.);
#7452=EDGE_LOOP('',(#7453,#7463,#7473,#7483));
#7458=CARTESIAN_POINT('',(-2.959,-2.54,2.438));
#7457=VERTEX_POINT('',#7458);
#7454=EDGE_CURVE('',#7426,#7457,#7459,.T.);
#7459=LINE('',#7427,#7461);
#7461=VECTOR('',#7462,0.8382127);
#7462=DIRECTION('',(-1.0,0.0,0.0));
#7453=ORIENTED_EDGE('',*,*,#7454,.F.);
#7463=ORIENTED_EDGE('',*,*,#7425,.T.);
#7476=CARTESIAN_POINT('',(-2.959,0.0,2.438));
#7475=VERTEX_POINT('',#7476);
#7474=EDGE_CURVE('',#7475,#7416,#7479,.T.);
#7479=LINE('',#7476,#7481);
#7481=VECTOR('',#7482,0.8382127);
#7482=DIRECTION('',(1.0,0.0,0.0));
#7473=ORIENTED_EDGE('',*,*,#7474,.F.);
#7484=EDGE_CURVE('',#7457,#7475,#7489,.T.);
#7489=LINE('',#7458,#7491);
#7491=VECTOR('',#7492,2.54);
#7492=DIRECTION('',(0.0,1.0,0.0));
#7483=ORIENTED_EDGE('',*,*,#7484,.F.);
#7493=STYLED_ITEM('',(#43),#7494);
#7494=ADVANCED_FACE('',(#7500),#7495,.T.);
#7495=PLANE('',#7496);
#7496=AXIS2_PLACEMENT_3D('',#7497,#7498,#7499);
#7497=CARTESIAN_POINT('',(-3.175,-2.438,2.256));
#7498=DIRECTION('',(-0.646,0.0,0.763));
#7499=DIRECTION('',(0.,0.,1.));
#7500=FACE_OUTER_BOUND('',#7501,.T.);
#7501=EDGE_LOOP('',(#7502,#7512,#7522,#7532));
#7507=CARTESIAN_POINT('',(-3.175,-2.438,2.256));
#7506=VERTEX_POINT('',#7507);
#7503=EDGE_CURVE('',#7457,#7506,#7508,.T.);
#7508=LINE('',#7458,#7510);
#7510=VECTOR('',#7511,0.300631024464617);
#7511=DIRECTION('',(-0.718,0.338,-0.608));
#7502=ORIENTED_EDGE('',*,*,#7503,.F.);
#7512=ORIENTED_EDGE('',*,*,#7484,.T.);
#7525=CARTESIAN_POINT('',(-3.175,-0.102,2.256));
#7524=VERTEX_POINT('',#7525);
#7523=EDGE_CURVE('',#7524,#7475,#7528,.T.);
#7528=LINE('',#7525,#7530);
#7530=VECTOR('',#7531,0.300631024464617);
#7531=DIRECTION('',(0.718,0.338,0.608));
#7522=ORIENTED_EDGE('',*,*,#7523,.F.);
#7533=EDGE_CURVE('',#7506,#7524,#7538,.T.);
#7538=LINE('',#7507,#7540);
#7540=VECTOR('',#7541,2.3367873);
#7541=DIRECTION('',(0.0,1.0,0.0));
#7532=ORIENTED_EDGE('',*,*,#7533,.F.);
#7542=STYLED_ITEM('',(#43),#7543);
#7543=ADVANCED_FACE('',(#7549),#7544,.T.);
#7544=PLANE('',#7545);
#7545=AXIS2_PLACEMENT_3D('',#7546,#7547,#7548);
#7546=CARTESIAN_POINT('',(-1.905,-0.102,1.067));
#7547=DIRECTION('',(0.426,0.905,0.0));
#7548=DIRECTION('',(0.,0.,1.));
#7549=FACE_OUTER_BOUND('',#7550,.T.);
#7550=EDGE_LOOP('',(#7551,#7561,#7571,#7581));
#7554=CARTESIAN_POINT('',(-2.121,0.0,0.61));
#7553=VERTEX_POINT('',#7554);
#7552=EDGE_CURVE('',#7553,#7063,#7557,.T.);
#7557=LINE('',#7554,#7559);
#7559=VECTOR('',#7560,0.515718681521859);
#7560=DIRECTION('',(0.419,-0.197,0.887));
#7551=ORIENTED_EDGE('',*,*,#7552,.F.);
#7562=EDGE_CURVE('',#7416,#7553,#7567,.T.);
#7567=LINE('',#7417,#7569);
#7569=VECTOR('',#7570,1.8288);
#7570=DIRECTION('',(0.0,0.0,-1.0));
#7561=ORIENTED_EDGE('',*,*,#7562,.F.);
#7571=ORIENTED_EDGE('',*,*,#7415,.T.);
#7581=ORIENTED_EDGE('',*,*,#7072,.T.);
#7591=STYLED_ITEM('',(#43),#7592);
#7592=ADVANCED_FACE('',(#7598),#7593,.T.);
#7593=PLANE('',#7594);
#7594=AXIS2_PLACEMENT_3D('',#7595,#7596,#7597);
#7595=CARTESIAN_POINT('',(-2.121,0.0,0.61));
#7596=DIRECTION('',(0.0,1.0,0.0));
#7597=DIRECTION('',(0.,0.,1.));
#7598=FACE_OUTER_BOUND('',#7599,.T.);
#7599=EDGE_LOOP('',(#7600,#7610,#7620,#7630));
#7603=CARTESIAN_POINT('',(-2.959,0.0,0.61));
#7602=VERTEX_POINT('',#7603);
#7601=EDGE_CURVE('',#7602,#7553,#7606,.T.);
#7606=LINE('',#7603,#7608);
#7608=VECTOR('',#7609,0.8382127);
#7609=DIRECTION('',(1.0,0.0,0.0));
#7600=ORIENTED_EDGE('',*,*,#7601,.F.);
#7611=EDGE_CURVE('',#7475,#7602,#7616,.T.);
#7616=LINE('',#7476,#7618);
#7618=VECTOR('',#7619,1.8288);
#7619=DIRECTION('',(0.0,0.0,-1.0));
#7610=ORIENTED_EDGE('',*,*,#7611,.F.);
#7620=ORIENTED_EDGE('',*,*,#7474,.T.);
#7630=ORIENTED_EDGE('',*,*,#7562,.T.);
#7640=STYLED_ITEM('',(#43),#7641);
#7641=ADVANCED_FACE('',(#7647),#7642,.T.);
#7642=PLANE('',#7643);
#7643=AXIS2_PLACEMENT_3D('',#7644,#7645,#7646);
#7644=CARTESIAN_POINT('',(-2.959,0.0,0.61));
#7645=DIRECTION('',(-0.426,0.905,0.0));
#7646=DIRECTION('',(0.,0.,1.));
#7647=FACE_OUTER_BOUND('',#7648,.T.);
#7648=EDGE_LOOP('',(#7649,#7659,#7669,#7679));
#7652=CARTESIAN_POINT('',(-3.175,-0.102,1.067));
#7651=VERTEX_POINT('',#7652);
#7650=EDGE_CURVE('',#7651,#7602,#7655,.T.);
#7655=LINE('',#7652,#7657);
#7657=VECTOR('',#7658,0.515718681521859);
#7658=DIRECTION('',(0.419,0.197,-0.887));
#7649=ORIENTED_EDGE('',*,*,#7650,.F.);
#7660=EDGE_CURVE('',#7524,#7651,#7665,.T.);
#7665=LINE('',#7525,#7667);
#7667=VECTOR('',#7668,1.18872);
#7668=DIRECTION('',(0.0,0.0,-1.0));
#7659=ORIENTED_EDGE('',*,*,#7660,.F.);
#7669=ORIENTED_EDGE('',*,*,#7523,.T.);
#7679=ORIENTED_EDGE('',*,*,#7611,.T.);
#7689=STYLED_ITEM('',(#43),#7690);
#7690=ADVANCED_FACE('',(#7696),#7691,.T.);
#7691=PLANE('',#7692);
#7692=AXIS2_PLACEMENT_3D('',#7693,#7694,#7695);
#7693=CARTESIAN_POINT('',(-3.175,-2.438,1.067));
#7694=DIRECTION('',(-0.426,-0.905,0.0));
#7695=DIRECTION('',(0.,0.,1.));
#7696=FACE_OUTER_BOUND('',#7697,.T.);
#7697=EDGE_LOOP('',(#7698,#7708,#7718,#7728));
#7701=CARTESIAN_POINT('',(-2.959,-2.54,0.61));
#7700=VERTEX_POINT('',#7701);
#7703=CARTESIAN_POINT('',(-3.175,-2.438,1.067));
#7702=VERTEX_POINT('',#7703);
#7699=EDGE_CURVE('',#7700,#7702,#7704,.T.);
#7704=LINE('',#7701,#7706);
#7706=VECTOR('',#7707,0.515718681521859);
#7707=DIRECTION('',(-0.419,0.197,0.887));
#7698=ORIENTED_EDGE('',*,*,#7699,.F.);
#7709=EDGE_CURVE('',#7457,#7700,#7714,.T.);
#7714=LINE('',#7458,#7716);
#7716=VECTOR('',#7717,1.8288);
#7717=DIRECTION('',(0.0,0.0,-1.0));
#7708=ORIENTED_EDGE('',*,*,#7709,.F.);
#7718=ORIENTED_EDGE('',*,*,#7503,.T.);
#7729=EDGE_CURVE('',#7702,#7506,#7734,.T.);
#7734=LINE('',#7703,#7736);
#7736=VECTOR('',#7737,1.18872);
#7737=DIRECTION('',(0.0,0.0,1.0));
#7728=ORIENTED_EDGE('',*,*,#7729,.F.);
#7738=STYLED_ITEM('',(#43),#7739);
#7739=ADVANCED_FACE('',(#7745),#7740,.T.);
#7740=PLANE('',#7741);
#7741=AXIS2_PLACEMENT_3D('',#7742,#7743,#7744);
#7742=CARTESIAN_POINT('',(-2.959,-2.54,0.61));
#7743=DIRECTION('',(0.0,-1.0,0.0));
#7744=DIRECTION('',(0.,0.,1.));
#7745=FACE_OUTER_BOUND('',#7746,.T.);
#7746=EDGE_LOOP('',(#7747,#7757,#7767,#7777));
#7750=CARTESIAN_POINT('',(-2.121,-2.54,0.61));
#7749=VERTEX_POINT('',#7750);
#7748=EDGE_CURVE('',#7749,#7700,#7753,.T.);
#7753=LINE('',#7750,#7755);
#7755=VECTOR('',#7756,0.8382127);
#7756=DIRECTION('',(-1.0,0.0,0.0));
#7747=ORIENTED_EDGE('',*,*,#7748,.F.);
#7758=EDGE_CURVE('',#7426,#7749,#7763,.T.);
#7763=LINE('',#7427,#7765);
#7765=VECTOR('',#7766,1.8288);
#7766=DIRECTION('',(0.0,0.0,-1.0));
#7757=ORIENTED_EDGE('',*,*,#7758,.F.);
#7767=ORIENTED_EDGE('',*,*,#7454,.T.);
#7777=ORIENTED_EDGE('',*,*,#7709,.T.);
#7787=STYLED_ITEM('',(#43),#7788);
#7788=ADVANCED_FACE('',(#7794),#7789,.T.);
#7789=PLANE('',#7790);
#7790=AXIS2_PLACEMENT_3D('',#7791,#7792,#7793);
#7791=CARTESIAN_POINT('',(-2.121,-2.54,0.61));
#7792=DIRECTION('',(0.426,-0.905,0.0));
#7793=DIRECTION('',(0.,0.,1.));
#7794=FACE_OUTER_BOUND('',#7795,.T.);
#7795=EDGE_LOOP('',(#7796,#7806,#7816,#7826));
#7797=EDGE_CURVE('',#7114,#7749,#7802,.T.);
#7802=LINE('',#7115,#7804);
#7804=VECTOR('',#7805,0.515718681521859);
#7805=DIRECTION('',(-0.419,-0.197,-0.887));
#7796=ORIENTED_EDGE('',*,*,#7797,.F.);
#7806=ORIENTED_EDGE('',*,*,#7141,.T.);
#7816=ORIENTED_EDGE('',*,*,#7435,.T.);
#7826=ORIENTED_EDGE('',*,*,#7758,.T.);
#7836=STYLED_ITEM('',(#43),#7837);
#7837=ADVANCED_FACE('',(#7843),#7838,.T.);
#7838=PLANE('',#7839);
#7839=AXIS2_PLACEMENT_3D('',#7840,#7841,#7842);
#7840=CARTESIAN_POINT('',(-2.121,-2.54,0.61));
#7841=DIRECTION('',(0.904,0.0,-0.427));
#7842=DIRECTION('',(0.,0.,1.));
#7843=FACE_OUTER_BOUND('',#7844,.T.);
#7844=EDGE_LOOP('',(#7845,#7855,#7865,#7875));
#7846=EDGE_CURVE('',#7553,#7749,#7851,.T.);
#7851=LINE('',#7554,#7853);
#7853=VECTOR('',#7854,2.54);
#7854=DIRECTION('',(0.0,-1.0,0.0));
#7845=ORIENTED_EDGE('',*,*,#7846,.F.);
#7855=ORIENTED_EDGE('',*,*,#7552,.T.);
#7865=ORIENTED_EDGE('',*,*,#7376,.T.);
#7875=ORIENTED_EDGE('',*,*,#7797,.T.);
#7885=STYLED_ITEM('',(#43),#7886);
#7886=ADVANCED_FACE('',(#7892),#7887,.T.);
#7887=PLANE('',#7888);
#7888=AXIS2_PLACEMENT_3D('',#7889,#7890,#7891);
#7889=CARTESIAN_POINT('',(-2.959,0.0,0.61));
#7890=DIRECTION('',(0.0,0.0,-1.0));
#7891=DIRECTION('',(0.,1.,0.));
#7892=FACE_OUTER_BOUND('',#7893,.T.);
#7893=EDGE_LOOP('',(#7894,#7904,#7914,#7924));
#7894=ORIENTED_EDGE('',*,*,#7601,.T.);
#7904=ORIENTED_EDGE('',*,*,#7846,.T.);
#7914=ORIENTED_EDGE('',*,*,#7748,.T.);
#7925=EDGE_CURVE('',#7602,#7700,#7930,.T.);
#7930=LINE('',#7603,#7932);
#7932=VECTOR('',#7933,2.54);
#7933=DIRECTION('',(0.0,-1.0,0.0));
#7924=ORIENTED_EDGE('',*,*,#7925,.F.);
#7934=STYLED_ITEM('',(#43),#7935);
#7935=ADVANCED_FACE('',(#7941),#7936,.T.);
#7936=PLANE('',#7937);
#7937=AXIS2_PLACEMENT_3D('',#7938,#7939,#7940);
#7938=CARTESIAN_POINT('',(-2.959,0.0,0.61));
#7939=DIRECTION('',(-0.904,0.0,-0.427));
#7940=DIRECTION('',(0.,0.,1.));
#7941=FACE_OUTER_BOUND('',#7942,.T.);
#7942=EDGE_LOOP('',(#7943,#7953,#7963,#7973));
#7943=ORIENTED_EDGE('',*,*,#7925,.T.);
#7953=ORIENTED_EDGE('',*,*,#7699,.T.);
#7964=EDGE_CURVE('',#7651,#7702,#7969,.T.);
#7969=LINE('',#7652,#7971);
#7971=VECTOR('',#7972,2.3367873);
#7972=DIRECTION('',(0.0,-1.0,0.0));
#7963=ORIENTED_EDGE('',*,*,#7964,.F.);
#7973=ORIENTED_EDGE('',*,*,#7650,.T.);
#7983=STYLED_ITEM('',(#43),#7984);
#7984=ADVANCED_FACE('',(#7990),#7985,.T.);
#7985=PLANE('',#7986);
#7986=AXIS2_PLACEMENT_3D('',#7987,#7988,#7989);
#7987=CARTESIAN_POINT('',(-3.175,-2.438,2.256));
#7988=DIRECTION('',(0.646,0.0,0.763));
#7989=DIRECTION('',(0.,0.,1.));
#7990=FACE_OUTER_BOUND('',#7991,.T.);
#7991=EDGE_LOOP('',(#7992,#8002,#8012,#8022));
#7992=ORIENTED_EDGE('',*,*,#7533,.T.);
#8005=CARTESIAN_POINT('',(-3.391,0.0,2.438));
#8004=VERTEX_POINT('',#8005);
#8003=EDGE_CURVE('',#8004,#7524,#8008,.T.);
#8008=LINE('',#8005,#8010);
#8010=VECTOR('',#8011,0.300631024464617);
#8011=DIRECTION('',(0.718,-0.338,-0.608));
#8002=ORIENTED_EDGE('',*,*,#8003,.F.);
#8015=CARTESIAN_POINT('',(-3.391,-2.54,2.438));
#8014=VERTEX_POINT('',#8015);
#8013=EDGE_CURVE('',#8014,#8004,#8018,.T.);
#8018=LINE('',#8015,#8020);
#8020=VECTOR('',#8021,2.54);
#8021=DIRECTION('',(0.0,1.0,0.0));
#8012=ORIENTED_EDGE('',*,*,#8013,.F.);
#8023=EDGE_CURVE('',#7506,#8014,#8028,.T.);
#8028=LINE('',#7507,#8030);
#8030=VECTOR('',#8031,0.300631024464617);
#8031=DIRECTION('',(-0.718,-0.338,0.608));
#8022=ORIENTED_EDGE('',*,*,#8023,.F.);
#8032=STYLED_ITEM('',(#43),#8033);
#8033=ADVANCED_FACE('',(#8039),#8034,.T.);
#8034=PLANE('',#8035);
#8035=AXIS2_PLACEMENT_3D('',#8036,#8037,#8038);
#8036=CARTESIAN_POINT('',(-4.229,-2.54,2.438));
#8037=DIRECTION('',(0.0,0.0,1.0));
#8038=DIRECTION('',(0.,1.,0.));
#8039=FACE_OUTER_BOUND('',#8040,.T.);
#8040=EDGE_LOOP('',(#8041,#8051,#8061,#8071));
#8046=CARTESIAN_POINT('',(-4.229,-2.54,2.438));
#8045=VERTEX_POINT('',#8046);
#8042=EDGE_CURVE('',#8014,#8045,#8047,.T.);
#8047=LINE('',#8015,#8049);
#8049=VECTOR('',#8050,0.8382127);
#8050=DIRECTION('',(-1.0,0.0,0.0));
#8041=ORIENTED_EDGE('',*,*,#8042,.F.);
#8051=ORIENTED_EDGE('',*,*,#8013,.T.);
#8064=CARTESIAN_POINT('',(-4.229,0.0,2.438));
#8063=VERTEX_POINT('',#8064);
#8062=EDGE_CURVE('',#8063,#8004,#8067,.T.);
#8067=LINE('',#8064,#8069);
#8069=VECTOR('',#8070,0.8382127);
#8070=DIRECTION('',(1.0,0.0,0.0));
#8061=ORIENTED_EDGE('',*,*,#8062,.F.);
#8072=EDGE_CURVE('',#8045,#8063,#8077,.T.);
#8077=LINE('',#8046,#8079);
#8079=VECTOR('',#8080,2.54);
#8080=DIRECTION('',(0.0,1.0,0.0));
#8071=ORIENTED_EDGE('',*,*,#8072,.F.);
#8081=STYLED_ITEM('',(#43),#8082);
#8082=ADVANCED_FACE('',(#8088),#8083,.T.);
#8083=PLANE('',#8084);
#8084=AXIS2_PLACEMENT_3D('',#8085,#8086,#8087);
#8085=CARTESIAN_POINT('',(-4.445,-2.438,2.256));
#8086=DIRECTION('',(-0.646,0.0,0.763));
#8087=DIRECTION('',(0.,0.,1.));
#8088=FACE_OUTER_BOUND('',#8089,.T.);
#8089=EDGE_LOOP('',(#8090,#8100,#8110,#8120));
#8095=CARTESIAN_POINT('',(-4.445,-2.438,2.256));
#8094=VERTEX_POINT('',#8095);
#8091=EDGE_CURVE('',#8045,#8094,#8096,.T.);
#8096=LINE('',#8046,#8098);
#8098=VECTOR('',#8099,0.300631024464617);
#8099=DIRECTION('',(-0.718,0.338,-0.608));
#8090=ORIENTED_EDGE('',*,*,#8091,.F.);
#8100=ORIENTED_EDGE('',*,*,#8072,.T.);
#8113=CARTESIAN_POINT('',(-4.445,-0.102,2.256));
#8112=VERTEX_POINT('',#8113);
#8111=EDGE_CURVE('',#8112,#8063,#8116,.T.);
#8116=LINE('',#8113,#8118);
#8118=VECTOR('',#8119,0.300631024464617);
#8119=DIRECTION('',(0.718,0.338,0.608));
#8110=ORIENTED_EDGE('',*,*,#8111,.F.);
#8121=EDGE_CURVE('',#8094,#8112,#8126,.T.);
#8126=LINE('',#8095,#8128);
#8128=VECTOR('',#8129,2.3367873);
#8129=DIRECTION('',(0.0,1.0,0.0));
#8120=ORIENTED_EDGE('',*,*,#8121,.F.);
#8130=STYLED_ITEM('',(#43),#8131);
#8131=ADVANCED_FACE('',(#8137),#8132,.T.);
#8132=PLANE('',#8133);
#8133=AXIS2_PLACEMENT_3D('',#8134,#8135,#8136);
#8134=CARTESIAN_POINT('',(-3.175,-0.102,1.067));
#8135=DIRECTION('',(0.426,0.905,0.0));
#8136=DIRECTION('',(0.,0.,1.));
#8137=FACE_OUTER_BOUND('',#8138,.T.);
#8138=EDGE_LOOP('',(#8139,#8149,#8159,#8169));
#8142=CARTESIAN_POINT('',(-3.391,0.0,0.61));
#8141=VERTEX_POINT('',#8142);
#8140=EDGE_CURVE('',#8141,#7651,#8145,.T.);
#8145=LINE('',#8142,#8147);
#8147=VECTOR('',#8148,0.515718681521859);
#8148=DIRECTION('',(0.419,-0.197,0.887));
#8139=ORIENTED_EDGE('',*,*,#8140,.F.);
#8150=EDGE_CURVE('',#8004,#8141,#8155,.T.);
#8155=LINE('',#8005,#8157);
#8157=VECTOR('',#8158,1.8288);
#8158=DIRECTION('',(0.0,0.0,-1.0));
#8149=ORIENTED_EDGE('',*,*,#8150,.F.);
#8159=ORIENTED_EDGE('',*,*,#8003,.T.);
#8169=ORIENTED_EDGE('',*,*,#7660,.T.);
#8179=STYLED_ITEM('',(#43),#8180);
#8180=ADVANCED_FACE('',(#8186),#8181,.T.);
#8181=PLANE('',#8182);
#8182=AXIS2_PLACEMENT_3D('',#8183,#8184,#8185);
#8183=CARTESIAN_POINT('',(-3.391,0.0,0.61));
#8184=DIRECTION('',(0.0,1.0,0.0));
#8185=DIRECTION('',(0.,0.,1.));
#8186=FACE_OUTER_BOUND('',#8187,.T.);
#8187=EDGE_LOOP('',(#8188,#8198,#8208,#8218));
#8191=CARTESIAN_POINT('',(-4.229,0.0,0.61));
#8190=VERTEX_POINT('',#8191);
#8189=EDGE_CURVE('',#8190,#8141,#8194,.T.);
#8194=LINE('',#8191,#8196);
#8196=VECTOR('',#8197,0.8382127);
#8197=DIRECTION('',(1.0,0.0,0.0));
#8188=ORIENTED_EDGE('',*,*,#8189,.F.);
#8199=EDGE_CURVE('',#8063,#8190,#8204,.T.);
#8204=LINE('',#8064,#8206);
#8206=VECTOR('',#8207,1.8288);
#8207=DIRECTION('',(0.0,0.0,-1.0));
#8198=ORIENTED_EDGE('',*,*,#8199,.F.);
#8208=ORIENTED_EDGE('',*,*,#8062,.T.);
#8218=ORIENTED_EDGE('',*,*,#8150,.T.);
#8228=STYLED_ITEM('',(#43),#8229);
#8229=ADVANCED_FACE('',(#8235),#8230,.T.);
#8230=PLANE('',#8231);
#8231=AXIS2_PLACEMENT_3D('',#8232,#8233,#8234);
#8232=CARTESIAN_POINT('',(-4.229,0.0,0.61));
#8233=DIRECTION('',(-0.426,0.905,0.0));
#8234=DIRECTION('',(0.,0.,1.));
#8235=FACE_OUTER_BOUND('',#8236,.T.);
#8236=EDGE_LOOP('',(#8237,#8247,#8257,#8267));
#8240=CARTESIAN_POINT('',(-4.445,-0.102,1.067));
#8239=VERTEX_POINT('',#8240);
#8238=EDGE_CURVE('',#8239,#8190,#8243,.T.);
#8243=LINE('',#8240,#8245);
#8245=VECTOR('',#8246,0.515718681521859);
#8246=DIRECTION('',(0.419,0.197,-0.887));
#8237=ORIENTED_EDGE('',*,*,#8238,.F.);
#8248=EDGE_CURVE('',#8112,#8239,#8253,.T.);
#8253=LINE('',#8113,#8255);
#8255=VECTOR('',#8256,1.18872);
#8256=DIRECTION('',(0.0,0.0,-1.0));
#8247=ORIENTED_EDGE('',*,*,#8248,.F.);
#8257=ORIENTED_EDGE('',*,*,#8111,.T.);
#8267=ORIENTED_EDGE('',*,*,#8199,.T.);
#8277=STYLED_ITEM('',(#43),#8278);
#8278=ADVANCED_FACE('',(#8284),#8279,.T.);
#8279=PLANE('',#8280);
#8280=AXIS2_PLACEMENT_3D('',#8281,#8282,#8283);
#8281=CARTESIAN_POINT('',(-4.445,-2.438,1.067));
#8282=DIRECTION('',(-0.426,-0.905,0.0));
#8283=DIRECTION('',(0.,0.,1.));
#8284=FACE_OUTER_BOUND('',#8285,.T.);
#8285=EDGE_LOOP('',(#8286,#8296,#8306,#8316));
#8289=CARTESIAN_POINT('',(-4.229,-2.54,0.61));
#8288=VERTEX_POINT('',#8289);
#8291=CARTESIAN_POINT('',(-4.445,-2.438,1.067));
#8290=VERTEX_POINT('',#8291);
#8287=EDGE_CURVE('',#8288,#8290,#8292,.T.);
#8292=LINE('',#8289,#8294);
#8294=VECTOR('',#8295,0.515718681521859);
#8295=DIRECTION('',(-0.419,0.197,0.887));
#8286=ORIENTED_EDGE('',*,*,#8287,.F.);
#8297=EDGE_CURVE('',#8045,#8288,#8302,.T.);
#8302=LINE('',#8046,#8304);
#8304=VECTOR('',#8305,1.8288);
#8305=DIRECTION('',(0.0,0.0,-1.0));
#8296=ORIENTED_EDGE('',*,*,#8297,.F.);
#8306=ORIENTED_EDGE('',*,*,#8091,.T.);
#8317=EDGE_CURVE('',#8290,#8094,#8322,.T.);
#8322=LINE('',#8291,#8324);
#8324=VECTOR('',#8325,1.18872);
#8325=DIRECTION('',(0.0,0.0,1.0));
#8316=ORIENTED_EDGE('',*,*,#8317,.F.);
#8326=STYLED_ITEM('',(#43),#8327);
#8327=ADVANCED_FACE('',(#8333),#8328,.T.);
#8328=PLANE('',#8329);
#8329=AXIS2_PLACEMENT_3D('',#8330,#8331,#8332);
#8330=CARTESIAN_POINT('',(-4.229,-2.54,0.61));
#8331=DIRECTION('',(0.0,-1.0,0.0));
#8332=DIRECTION('',(0.,0.,1.));
#8333=FACE_OUTER_BOUND('',#8334,.T.);
#8334=EDGE_LOOP('',(#8335,#8345,#8355,#8365));
#8338=CARTESIAN_POINT('',(-3.391,-2.54,0.61));
#8337=VERTEX_POINT('',#8338);
#8336=EDGE_CURVE('',#8337,#8288,#8341,.T.);
#8341=LINE('',#8338,#8343);
#8343=VECTOR('',#8344,0.8382127);
#8344=DIRECTION('',(-1.0,0.0,0.0));
#8335=ORIENTED_EDGE('',*,*,#8336,.F.);
#8346=EDGE_CURVE('',#8014,#8337,#8351,.T.);
#8351=LINE('',#8015,#8353);
#8353=VECTOR('',#8354,1.8288);
#8354=DIRECTION('',(0.0,0.0,-1.0));
#8345=ORIENTED_EDGE('',*,*,#8346,.F.);
#8355=ORIENTED_EDGE('',*,*,#8042,.T.);
#8365=ORIENTED_EDGE('',*,*,#8297,.T.);
#8375=STYLED_ITEM('',(#43),#8376);
#8376=ADVANCED_FACE('',(#8382),#8377,.T.);
#8377=PLANE('',#8378);
#8378=AXIS2_PLACEMENT_3D('',#8379,#8380,#8381);
#8379=CARTESIAN_POINT('',(-3.391,-2.54,0.61));
#8380=DIRECTION('',(0.426,-0.905,0.0));
#8381=DIRECTION('',(0.,0.,1.));
#8382=FACE_OUTER_BOUND('',#8383,.T.);
#8383=EDGE_LOOP('',(#8384,#8394,#8404,#8414));
#8385=EDGE_CURVE('',#7702,#8337,#8390,.T.);
#8390=LINE('',#7703,#8392);
#8392=VECTOR('',#8393,0.515718681521859);
#8393=DIRECTION('',(-0.419,-0.197,-0.887));
#8384=ORIENTED_EDGE('',*,*,#8385,.F.);
#8394=ORIENTED_EDGE('',*,*,#7729,.T.);
#8404=ORIENTED_EDGE('',*,*,#8023,.T.);
#8414=ORIENTED_EDGE('',*,*,#8346,.T.);
#8424=STYLED_ITEM('',(#43),#8425);
#8425=ADVANCED_FACE('',(#8431),#8426,.T.);
#8426=PLANE('',#8427);
#8427=AXIS2_PLACEMENT_3D('',#8428,#8429,#8430);
#8428=CARTESIAN_POINT('',(-3.391,-2.54,0.61));
#8429=DIRECTION('',(0.904,0.0,-0.427));
#8430=DIRECTION('',(0.,0.,1.));
#8431=FACE_OUTER_BOUND('',#8432,.T.);
#8432=EDGE_LOOP('',(#8433,#8443,#8453,#8463));
#8434=EDGE_CURVE('',#8141,#8337,#8439,.T.);
#8439=LINE('',#8142,#8441);
#8441=VECTOR('',#8442,2.54);
#8442=DIRECTION('',(0.0,-1.0,0.0));
#8433=ORIENTED_EDGE('',*,*,#8434,.F.);
#8443=ORIENTED_EDGE('',*,*,#8140,.T.);
#8453=ORIENTED_EDGE('',*,*,#7964,.T.);
#8463=ORIENTED_EDGE('',*,*,#8385,.T.);
#8473=STYLED_ITEM('',(#43),#8474);
#8474=ADVANCED_FACE('',(#8480),#8475,.T.);
#8475=PLANE('',#8476);
#8476=AXIS2_PLACEMENT_3D('',#8477,#8478,#8479);
#8477=CARTESIAN_POINT('',(-4.229,0.0,0.61));
#8478=DIRECTION('',(0.0,0.0,-1.0));
#8479=DIRECTION('',(0.,1.,0.));
#8480=FACE_OUTER_BOUND('',#8481,.T.);
#8481=EDGE_LOOP('',(#8482,#8492,#8502,#8512));
#8482=ORIENTED_EDGE('',*,*,#8189,.T.);
#8492=ORIENTED_EDGE('',*,*,#8434,.T.);
#8502=ORIENTED_EDGE('',*,*,#8336,.T.);
#8513=EDGE_CURVE('',#8190,#8288,#8518,.T.);
#8518=LINE('',#8191,#8520);
#8520=VECTOR('',#8521,2.54);
#8521=DIRECTION('',(0.0,-1.0,0.0));
#8512=ORIENTED_EDGE('',*,*,#8513,.F.);
#8522=STYLED_ITEM('',(#43),#8523);
#8523=ADVANCED_FACE('',(#8529),#8524,.T.);
#8524=PLANE('',#8525);
#8525=AXIS2_PLACEMENT_3D('',#8526,#8527,#8528);
#8526=CARTESIAN_POINT('',(-4.229,0.0,0.61));
#8527=DIRECTION('',(-0.904,0.0,-0.427));
#8528=DIRECTION('',(0.,0.,1.));
#8529=FACE_OUTER_BOUND('',#8530,.T.);
#8530=EDGE_LOOP('',(#8531,#8541,#8551,#8561));
#8531=ORIENTED_EDGE('',*,*,#8513,.T.);
#8541=ORIENTED_EDGE('',*,*,#8287,.T.);
#8552=EDGE_CURVE('',#8239,#8290,#8557,.T.);
#8557=LINE('',#8240,#8559);
#8559=VECTOR('',#8560,2.3367873);
#8560=DIRECTION('',(0.0,-1.0,0.0));
#8551=ORIENTED_EDGE('',*,*,#8552,.F.);
#8561=ORIENTED_EDGE('',*,*,#8238,.T.);
#8571=STYLED_ITEM('',(#43),#8572);
#8572=ADVANCED_FACE('',(#8578),#8573,.T.);
#8573=PLANE('',#8574);
#8574=AXIS2_PLACEMENT_3D('',#8575,#8576,#8577);
#8575=CARTESIAN_POINT('',(-4.445,-0.102,1.067));
#8576=DIRECTION('',(-1.0,0.0,0.0));
#8577=DIRECTION('',(0.,0.,1.));
#8578=FACE_OUTER_BOUND('',#8579,.T.);
#8579=EDGE_LOOP('',(#8580,#8590,#8600,#8610));
#8580=ORIENTED_EDGE('',*,*,#8552,.T.);
#8590=ORIENTED_EDGE('',*,*,#8317,.T.);
#8600=ORIENTED_EDGE('',*,*,#8121,.T.);
#8610=ORIENTED_EDGE('',*,*,#8248,.T.);
#8621=MANIFOLD_SOLID_BREP($,#8622);
#8622=CLOSED_SHELL('',(#8626,#8675,#8724,#8773,#8822,#8871,#8920,#8969,#9018,#9067));
#8623=MANIFOLD_SOLID_BREP($,#8624);
#8624=CLOSED_SHELL('',(#9116,#9165,#9214,#9263,#9361,#9459,#9508,#9557,#9606,#9655,#9704,#9755,#9806,#9899));
#8625=STYLED_ITEM('',(#34),#8626);
#8626=ADVANCED_FACE('',(#8632),#8627,.T.);
#8627=PLANE('',#8628);
#8628=AXIS2_PLACEMENT_3D('',#8629,#8630,#8631);
#8629=CARTESIAN_POINT('',(3.912,1.245,5.969));
#8630=DIRECTION('',(0.0,0.0,1.0));
#8631=DIRECTION('',(0.,1.,0.));
#8632=FACE_OUTER_BOUND('',#8633,.T.);
#8633=EDGE_LOOP('',(#8634,#8644,#8654,#8664));
#8637=CARTESIAN_POINT('',(3.912,1.448,5.969));
#8636=VERTEX_POINT('',#8637);
#8639=CARTESIAN_POINT('',(3.912,1.245,5.969));
#8638=VERTEX_POINT('',#8639);
#8635=EDGE_CURVE('',#8636,#8638,#8640,.T.);
#8640=LINE('',#8637,#8642);
#8642=VECTOR('',#8643,0.203199997275109);
#8643=DIRECTION('',(0.0,-1.0,0.0));
#8634=ORIENTED_EDGE('',*,*,#8635,.F.);
#8647=CARTESIAN_POINT('',(3.708,1.448,5.969));
#8646=VERTEX_POINT('',#8647);
#8645=EDGE_CURVE('',#8646,#8636,#8650,.T.);
#8650=LINE('',#8647,#8652);
#8652=VECTOR('',#8653,0.203200008169614);
#8653=DIRECTION('',(1.0,0.0,0.0));
#8644=ORIENTED_EDGE('',*,*,#8645,.F.);
#8657=CARTESIAN_POINT('',(3.708,1.245,5.969));
#8656=VERTEX_POINT('',#8657);
#8655=EDGE_CURVE('',#8656,#8646,#8660,.T.);
#8660=LINE('',#8657,#8662);
#8662=VECTOR('',#8663,0.203199997275109);
#8663=DIRECTION('',(0.0,1.0,0.0));
#8654=ORIENTED_EDGE('',*,*,#8655,.F.);
#8665=EDGE_CURVE('',#8638,#8656,#8670,.T.);
#8670=LINE('',#8639,#8672);
#8672=VECTOR('',#8673,0.203199997280168);
#8673=DIRECTION('',(-1.0,0.0,0.0));
#8664=ORIENTED_EDGE('',*,*,#8665,.F.);
#8674=STYLED_ITEM('',(#34),#8675);
#8675=ADVANCED_FACE('',(#8681),#8676,.T.);
#8676=PLANE('',#8677);
#8677=AXIS2_PLACEMENT_3D('',#8678,#8679,#8680);
#8678=CARTESIAN_POINT('',(4.013,1.549,5.867));
#8679=DIRECTION('',(0.0,0.707,0.707));
#8680=DIRECTION('',(0.,0.,1.));
#8681=FACE_OUTER_BOUND('',#8682,.T.);
#8682=EDGE_LOOP('',(#8683,#8693,#8703,#8713));
#8686=CARTESIAN_POINT('',(3.607,1.549,5.867));
#8685=VERTEX_POINT('',#8686);
#8688=CARTESIAN_POINT('',(4.013,1.549,5.867));
#8687=VERTEX_POINT('',#8688);
#8684=EDGE_CURVE('',#8685,#8687,#8689,.T.);
#8689=LINE('',#8686,#8691);
#8691=VECTOR('',#8692,0.406400016339227);
#8692=DIRECTION('',(1.0,0.0,0.0));
#8683=ORIENTED_EDGE('',*,*,#8684,.F.);
#8694=EDGE_CURVE('',#8646,#8685,#8699,.T.);
#8699=LINE('',#8647,#8701);
#8701=VECTOR('',#8702,0.175976362048998);
#8702=DIRECTION('',(-0.577,0.577,-0.577));
#8693=ORIENTED_EDGE('',*,*,#8694,.F.);
#8703=ORIENTED_EDGE('',*,*,#8645,.T.);
#8714=EDGE_CURVE('',#8687,#8636,#8719,.T.);
#8719=LINE('',#8688,#8721);
#8721=VECTOR('',#8722,0.175976362048998);
#8722=DIRECTION('',(-0.577,-0.577,0.577));
#8713=ORIENTED_EDGE('',*,*,#8714,.F.);
#8723=STYLED_ITEM('',(#34),#8724);
#8724=ADVANCED_FACE('',(#8730),#8725,.T.);
#8725=PLANE('',#8726);
#8726=AXIS2_PLACEMENT_3D('',#8727,#8728,#8729);
#8727=CARTESIAN_POINT('',(3.607,1.549,5.867));
#8728=DIRECTION('',(-0.707,0.0,0.707));
#8729=DIRECTION('',(0.,0.,1.));
#8730=FACE_OUTER_BOUND('',#8731,.T.);
#8731=EDGE_LOOP('',(#8732,#8742,#8752,#8762));
#8735=CARTESIAN_POINT('',(3.607,1.143,5.867));
#8734=VERTEX_POINT('',#8735);
#8733=EDGE_CURVE('',#8734,#8685,#8738,.T.);
#8738=LINE('',#8735,#8740);
#8740=VECTOR('',#8741,0.406399994550218);
#8741=DIRECTION('',(0.0,1.0,0.0));
#8732=ORIENTED_EDGE('',*,*,#8733,.F.);
#8743=EDGE_CURVE('',#8656,#8734,#8748,.T.);
#8748=LINE('',#8657,#8750);
#8750=VECTOR('',#8751,0.175976362048998);
#8751=DIRECTION('',(-0.577,-0.577,-0.577));
#8742=ORIENTED_EDGE('',*,*,#8743,.F.);
#8752=ORIENTED_EDGE('',*,*,#8655,.T.);
#8762=ORIENTED_EDGE('',*,*,#8694,.T.);
#8772=STYLED_ITEM('',(#34),#8773);
#8773=ADVANCED_FACE('',(#8779),#8774,.T.);
#8774=PLANE('',#8775);
#8775=AXIS2_PLACEMENT_3D('',#8776,#8777,#8778);
#8776=CARTESIAN_POINT('',(3.607,1.143,5.867));
#8777=DIRECTION('',(0.0,-0.707,0.707));
#8778=DIRECTION('',(0.,0.,1.));
#8779=FACE_OUTER_BOUND('',#8780,.T.);
#8780=EDGE_LOOP('',(#8781,#8791,#8801,#8811));
#8784=CARTESIAN_POINT('',(4.013,1.143,5.867));
#8783=VERTEX_POINT('',#8784);
#8782=EDGE_CURVE('',#8783,#8734,#8787,.T.);
#8787=LINE('',#8784,#8789);
#8789=VECTOR('',#8790,0.406399994560337);
#8790=DIRECTION('',(-1.0,0.0,0.0));
#8781=ORIENTED_EDGE('',*,*,#8782,.F.);
#8792=EDGE_CURVE('',#8638,#8783,#8797,.T.);
#8797=LINE('',#8639,#8799);
#8799=VECTOR('',#8800,0.175976362048998);
#8800=DIRECTION('',(0.577,-0.577,-0.577));
#8791=ORIENTED_EDGE('',*,*,#8792,.F.);
#8801=ORIENTED_EDGE('',*,*,#8665,.T.);
#8811=ORIENTED_EDGE('',*,*,#8743,.T.);
#8821=STYLED_ITEM('',(#34),#8822);
#8822=ADVANCED_FACE('',(#8828),#8823,.T.);
#8823=PLANE('',#8824);
#8824=AXIS2_PLACEMENT_3D('',#8825,#8826,#8827);
#8825=CARTESIAN_POINT('',(4.013,1.143,5.867));
#8826=DIRECTION('',(0.707,0.0,0.707));
#8827=DIRECTION('',(0.,0.,1.));
#8828=FACE_OUTER_BOUND('',#8829,.T.);
#8829=EDGE_LOOP('',(#8830,#8840,#8850,#8860));
#8831=EDGE_CURVE('',#8687,#8783,#8836,.T.);
#8836=LINE('',#8688,#8838);
#8838=VECTOR('',#8839,0.406399994550218);
#8839=DIRECTION('',(0.0,-1.0,0.0));
#8830=ORIENTED_EDGE('',*,*,#8831,.F.);
#8840=ORIENTED_EDGE('',*,*,#8714,.T.);
#8850=ORIENTED_EDGE('',*,*,#8635,.T.);
#8860=ORIENTED_EDGE('',*,*,#8792,.T.);
#8870=STYLED_ITEM('',(#34),#8871);
#8871=ADVANCED_FACE('',(#8877),#8872,.T.);
#8872=PLANE('',#8873);
#8873=AXIS2_PLACEMENT_3D('',#8874,#8875,#8876);
#8874=CARTESIAN_POINT('',(4.013,1.549,2.438));
#8875=DIRECTION('',(0.0,1.0,0.0));
#8876=DIRECTION('',(0.,0.,1.));
#8877=FACE_OUTER_BOUND('',#8878,.T.);
#8878=EDGE_LOOP('',(#8879,#8889,#8899,#8909));
#8882=CARTESIAN_POINT('',(3.607,1.549,2.438));
#8881=VERTEX_POINT('',#8882);
#8884=CARTESIAN_POINT('',(4.013,1.549,2.438));
#8883=VERTEX_POINT('',#8884);
#8880=EDGE_CURVE('',#8881,#8883,#8885,.T.);
#8885=LINE('',#8882,#8887);
#8887=VECTOR('',#8888,0.406400016339227);
#8888=DIRECTION('',(1.0,0.0,0.0));
#8879=ORIENTED_EDGE('',*,*,#8880,.F.);
#8890=EDGE_CURVE('',#8685,#8881,#8895,.T.);
#8895=LINE('',#8686,#8897);
#8897=VECTOR('',#8898,3.4290254);
#8898=DIRECTION('',(0.0,0.0,-1.0));
#8889=ORIENTED_EDGE('',*,*,#8890,.F.);
#8899=ORIENTED_EDGE('',*,*,#8684,.T.);
#8910=EDGE_CURVE('',#8883,#8687,#8915,.T.);
#8915=LINE('',#8884,#8917);
#8917=VECTOR('',#8918,3.4290254);
#8918=DIRECTION('',(0.0,0.0,1.0));
#8909=ORIENTED_EDGE('',*,*,#8910,.F.);
#8919=STYLED_ITEM('',(#34),#8920);
#8920=ADVANCED_FACE('',(#8926),#8921,.T.);
#8921=PLANE('',#8922);
#8922=AXIS2_PLACEMENT_3D('',#8923,#8924,#8925);
#8923=CARTESIAN_POINT('',(3.607,1.549,2.438));
#8924=DIRECTION('',(-1.0,0.0,0.0));
#8925=DIRECTION('',(0.,0.,1.));
#8926=FACE_OUTER_BOUND('',#8927,.T.);
#8927=EDGE_LOOP('',(#8928,#8938,#8948,#8958));
#8931=CARTESIAN_POINT('',(3.607,1.143,2.438));
#8930=VERTEX_POINT('',#8931);
#8929=EDGE_CURVE('',#8930,#8881,#8934,.T.);
#8934=LINE('',#8931,#8936);
#8936=VECTOR('',#8937,0.406399994550218);
#8937=DIRECTION('',(0.0,1.0,0.0));
#8928=ORIENTED_EDGE('',*,*,#8929,.F.);
#8939=EDGE_CURVE('',#8734,#8930,#8944,.T.);
#8944=LINE('',#8735,#8946);
#8946=VECTOR('',#8947,3.4290254);
#8947=DIRECTION('',(0.0,0.0,-1.0));
#8938=ORIENTED_EDGE('',*,*,#8939,.F.);
#8948=ORIENTED_EDGE('',*,*,#8733,.T.);
#8958=ORIENTED_EDGE('',*,*,#8890,.T.);
#8968=STYLED_ITEM('',(#34),#8969);
#8969=ADVANCED_FACE('',(#8975),#8970,.T.);
#8970=PLANE('',#8971);
#8971=AXIS2_PLACEMENT_3D('',#8972,#8973,#8974);
#8972=CARTESIAN_POINT('',(3.607,1.143,2.438));
#8973=DIRECTION('',(0.0,-1.0,0.0));
#8974=DIRECTION('',(0.,0.,1.));
#8975=FACE_OUTER_BOUND('',#8976,.T.);
#8976=EDGE_LOOP('',(#8977,#8987,#8997,#9007));
#8980=CARTESIAN_POINT('',(4.013,1.143,2.438));
#8979=VERTEX_POINT('',#8980);
#8978=EDGE_CURVE('',#8979,#8930,#8983,.T.);
#8983=LINE('',#8980,#8985);
#8985=VECTOR('',#8986,0.406399994560337);
#8986=DIRECTION('',(-1.0,0.0,0.0));
#8977=ORIENTED_EDGE('',*,*,#8978,.F.);
#8988=EDGE_CURVE('',#8783,#8979,#8993,.T.);
#8993=LINE('',#8784,#8995);
#8995=VECTOR('',#8996,3.4290254);
#8996=DIRECTION('',(0.0,0.0,-1.0));
#8987=ORIENTED_EDGE('',*,*,#8988,.F.);
#8997=ORIENTED_EDGE('',*,*,#8782,.T.);
#9007=ORIENTED_EDGE('',*,*,#8939,.T.);
#9017=STYLED_ITEM('',(#34),#9018);
#9018=ADVANCED_FACE('',(#9024),#9019,.T.);
#9019=PLANE('',#9020);
#9020=AXIS2_PLACEMENT_3D('',#9021,#9022,#9023);
#9021=CARTESIAN_POINT('',(4.013,1.143,2.438));
#9022=DIRECTION('',(1.0,0.0,0.0));
#9023=DIRECTION('',(0.,0.,1.));
#9024=FACE_OUTER_BOUND('',#9025,.T.);
#9025=EDGE_LOOP('',(#9026,#9036,#9046,#9056));
#9027=EDGE_CURVE('',#8883,#8979,#9032,.T.);
#9032=LINE('',#8884,#9034);
#9034=VECTOR('',#9035,0.406399994550218);
#9035=DIRECTION('',(0.0,-1.0,0.0));
#9026=ORIENTED_EDGE('',*,*,#9027,.F.);
#9036=ORIENTED_EDGE('',*,*,#8910,.T.);
#9046=ORIENTED_EDGE('',*,*,#8831,.T.);
#9056=ORIENTED_EDGE('',*,*,#8988,.T.);
#9066=STYLED_ITEM('',(#34),#9067);
#9067=ADVANCED_FACE('',(#9073),#9068,.T.);
#9068=PLANE('',#9069);
#9069=AXIS2_PLACEMENT_3D('',#9070,#9071,#9072);
#9070=CARTESIAN_POINT('',(3.607,1.143,2.438));
#9071=DIRECTION('',(0.0,0.0,-1.0));
#9072=DIRECTION('',(0.,1.,0.));
#9073=FACE_OUTER_BOUND('',#9074,.T.);
#9074=EDGE_LOOP('',(#9075,#9085,#9095,#9105));
#9075=ORIENTED_EDGE('',*,*,#8929,.T.);
#9085=ORIENTED_EDGE('',*,*,#8880,.T.);
#9095=ORIENTED_EDGE('',*,*,#9027,.T.);
#9105=ORIENTED_EDGE('',*,*,#8978,.T.);
#9115=STYLED_ITEM('',(#34),#9116);
#9116=ADVANCED_FACE('',(#9122),#9117,.T.);
#9117=PLANE('',#9118);
#9118=AXIS2_PLACEMENT_3D('',#9119,#9120,#9121);
#9119=CARTESIAN_POINT('',(4.013,1.143,0.61));
#9120=DIRECTION('',(0.0,0.0,1.0));
#9121=DIRECTION('',(0.,1.,0.));
#9122=FACE_OUTER_BOUND('',#9123,.T.);
#9123=EDGE_LOOP('',(#9124,#9134,#9144,#9154));
#9127=CARTESIAN_POINT('',(4.013,1.549,0.61));
#9126=VERTEX_POINT('',#9127);
#9129=CARTESIAN_POINT('',(4.013,1.143,0.61));
#9128=VERTEX_POINT('',#9129);
#9125=EDGE_CURVE('',#9126,#9128,#9130,.T.);
#9130=LINE('',#9127,#9132);
#9132=VECTOR('',#9133,0.406399994550218);
#9133=DIRECTION('',(0.0,-1.0,0.0));
#9124=ORIENTED_EDGE('',*,*,#9125,.F.);
#9137=CARTESIAN_POINT('',(3.607,1.549,0.61));
#9136=VERTEX_POINT('',#9137);
#9135=EDGE_CURVE('',#9136,#9126,#9140,.T.);
#9140=LINE('',#9137,#9142);
#9142=VECTOR('',#9143,0.406400016339227);
#9143=DIRECTION('',(1.0,0.0,0.0));
#9134=ORIENTED_EDGE('',*,*,#9135,.F.);
#9147=CARTESIAN_POINT('',(3.607,1.143,0.61));
#9146=VERTEX_POINT('',#9147);
#9145=EDGE_CURVE('',#9146,#9136,#9150,.T.);
#9150=LINE('',#9147,#9152);
#9152=VECTOR('',#9153,0.406399994550218);
#9153=DIRECTION('',(0.0,1.0,0.0));
#9144=ORIENTED_EDGE('',*,*,#9145,.F.);
#9155=EDGE_CURVE('',#9128,#9146,#9160,.T.);
#9160=LINE('',#9129,#9162);
#9162=VECTOR('',#9163,0.406399994560337);
#9163=DIRECTION('',(-1.0,0.0,0.0));
#9154=ORIENTED_EDGE('',*,*,#9155,.F.);
#9164=STYLED_ITEM('',(#34),#9165);
#9165=ADVANCED_FACE('',(#9171),#9166,.T.);
#9166=PLANE('',#9167);
#9167=AXIS2_PLACEMENT_3D('',#9168,#9169,#9170);
#9168=CARTESIAN_POINT('',(4.013,1.549,0.508));
#9169=DIRECTION('',(0.0,1.0,0.0));
#9170=DIRECTION('',(0.,0.,1.));
#9171=FACE_OUTER_BOUND('',#9172,.T.);
#9172=EDGE_LOOP('',(#9173,#9183,#9193,#9203));
#9176=CARTESIAN_POINT('',(3.607,1.549,0.508));
#9175=VERTEX_POINT('',#9176);
#9178=CARTESIAN_POINT('',(4.013,1.549,0.508));
#9177=VERTEX_POINT('',#9178);
#9174=EDGE_CURVE('',#9175,#9177,#9179,.T.);
#9179=LINE('',#9176,#9181);
#9181=VECTOR('',#9182,0.406400016339227);
#9182=DIRECTION('',(1.0,0.0,0.0));
#9173=ORIENTED_EDGE('',*,*,#9174,.F.);
#9184=EDGE_CURVE('',#9136,#9175,#9189,.T.);
#9189=LINE('',#9137,#9191);
#9191=VECTOR('',#9192,0.10159365);
#9192=DIRECTION('',(0.0,0.0,-1.0));
#9183=ORIENTED_EDGE('',*,*,#9184,.F.);
#9193=ORIENTED_EDGE('',*,*,#9135,.T.);
#9204=EDGE_CURVE('',#9177,#9126,#9209,.T.);
#9209=LINE('',#9178,#9211);
#9211=VECTOR('',#9212,0.10159365);
#9212=DIRECTION('',(0.0,0.0,1.0));
#9203=ORIENTED_EDGE('',*,*,#9204,.F.);
#9213=STYLED_ITEM('',(#34),#9214);
#9214=ADVANCED_FACE('',(#9220),#9215,.T.);
#9215=PLANE('',#9216);
#9216=AXIS2_PLACEMENT_3D('',#9217,#9218,#9219);
#9217=CARTESIAN_POINT('',(3.607,1.143,0.508));
#9218=DIRECTION('',(0.0,-1.0,0.0));
#9219=DIRECTION('',(0.,0.,1.));
#9220=FACE_OUTER_BOUND('',#9221,.T.);
#9221=EDGE_LOOP('',(#9222,#9232,#9242,#9252));
#9225=CARTESIAN_POINT('',(4.013,1.143,0.508));
#9224=VERTEX_POINT('',#9225);
#9227=CARTESIAN_POINT('',(3.607,1.143,0.508));
#9226=VERTEX_POINT('',#9227);
#9223=EDGE_CURVE('',#9224,#9226,#9228,.T.);
#9228=LINE('',#9225,#9230);
#9230=VECTOR('',#9231,0.406399994560337);
#9231=DIRECTION('',(-1.0,0.0,0.0));
#9222=ORIENTED_EDGE('',*,*,#9223,.F.);
#9233=EDGE_CURVE('',#9128,#9224,#9238,.T.);
#9238=LINE('',#9129,#9240);
#9240=VECTOR('',#9241,0.10159365);
#9241=DIRECTION('',(0.0,0.0,-1.0));
#9232=ORIENTED_EDGE('',*,*,#9233,.F.);
#9242=ORIENTED_EDGE('',*,*,#9155,.T.);
#9253=EDGE_CURVE('',#9226,#9146,#9258,.T.);
#9258=LINE('',#9227,#9260);
#9260=VECTOR('',#9261,0.10159365);
#9261=DIRECTION('',(0.0,0.0,1.0));
#9252=ORIENTED_EDGE('',*,*,#9253,.F.);
#9262=STYLED_ITEM('',(#34),#9263);
#9263=ADVANCED_FACE('',(#9269),#9264,.T.);
#9264=PLANE('',#9265);
#9265=AXIS2_PLACEMENT_3D('',#9266,#9267,#9268);
#9266=CARTESIAN_POINT('',(4.013,1.651,0.406));
#9267=DIRECTION('',(0.0,0.0,1.0));
#9268=DIRECTION('',(0.,1.,0.));
#9269=FACE_OUTER_BOUND('',#9270,.T.);
#9270=EDGE_LOOP('',(#9271,#9281,#9291,#9301));
#9274=CARTESIAN_POINT('',(4.013,3.023,0.406));
#9273=VERTEX_POINT('',#9274);
#9276=CARTESIAN_POINT('',(4.013,1.651,0.406));
#9275=VERTEX_POINT('',#9276);
#9272=EDGE_CURVE('',#9273,#9275,#9277,.T.);
#9277=LINE('',#9274,#9279);
#9279=VECTOR('',#9280,1.37160634838144);
#9280=DIRECTION('',(0.0,-1.0,0.0));
#9271=ORIENTED_EDGE('',*,*,#9272,.F.);
#9284=CARTESIAN_POINT('',(3.607,3.023,0.406));
#9283=VERTEX_POINT('',#9284);
#9282=EDGE_CURVE('',#9283,#9273,#9287,.T.);
#9287=LINE('',#9284,#9289);
#9289=VECTOR('',#9290,0.406400172783485);
#9290=DIRECTION('',(1.0,0.0,0.0));
#9281=ORIENTED_EDGE('',*,*,#9282,.F.);
#9294=CARTESIAN_POINT('',(3.607,1.651,0.406));
#9293=VERTEX_POINT('',#9294);
#9292=EDGE_CURVE('',#9293,#9283,#9297,.T.);
#9297=LINE('',#9294,#9299);
#9299=VECTOR('',#9300,1.37160634838143);
#9300=DIRECTION('',(0.0,1.0,0.0));
#9291=ORIENTED_EDGE('',*,*,#9292,.F.);
#9302=EDGE_CURVE('',#9275,#9293,#9307,.T.);
#9307=LINE('',#9276,#9309);
#9309=VECTOR('',#9310,0.40640002655893);
#9310=DIRECTION('',(-1.0,0.0,0.0));
#9301=ORIENTED_EDGE('',*,*,#9302,.F.);
#9360=STYLED_ITEM('',(#34),#9361);
#9361=ADVANCED_FACE('',(#9367),#9362,.T.);
#9362=PLANE('',#9363);
#9363=AXIS2_PLACEMENT_3D('',#9364,#9365,#9366);
#9364=CARTESIAN_POINT('',(3.607,1.651,0.0));
#9365=DIRECTION('',(0.0,0.0,-1.0));
#9366=DIRECTION('',(0.,1.,0.));
#9367=FACE_OUTER_BOUND('',#9368,.T.);
#9368=EDGE_LOOP('',(#9369,#9379,#9389,#9399));
#9372=CARTESIAN_POINT('',(3.607,3.023,0.0));
#9371=VERTEX_POINT('',#9372);
#9374=CARTESIAN_POINT('',(3.607,1.651,0.0));
#9373=VERTEX_POINT('',#9374);
#9370=EDGE_CURVE('',#9371,#9373,#9375,.T.);
#9375=LINE('',#9372,#9377);
#9377=VECTOR('',#9378,1.37160634838143);
#9378=DIRECTION('',(0.0,-1.0,0.0));
#9369=ORIENTED_EDGE('',*,*,#9370,.F.);
#9382=CARTESIAN_POINT('',(4.013,3.023,0.0));
#9381=VERTEX_POINT('',#9382);
#9380=EDGE_CURVE('',#9381,#9371,#9385,.T.);
#9385=LINE('',#9382,#9387);
#9387=VECTOR('',#9388,0.406400172783485);
#9388=DIRECTION('',(-1.0,0.0,0.0));
#9379=ORIENTED_EDGE('',*,*,#9380,.F.);
#9392=CARTESIAN_POINT('',(4.013,1.651,0.0));
#9391=VERTEX_POINT('',#9392);
#9390=EDGE_CURVE('',#9391,#9381,#9395,.T.);
#9395=LINE('',#9392,#9397);
#9397=VECTOR('',#9398,1.37160634838144);
#9398=DIRECTION('',(0.0,1.0,0.0));
#9389=ORIENTED_EDGE('',*,*,#9390,.F.);
#9400=EDGE_CURVE('',#9373,#9391,#9405,.T.);
#9405=LINE('',#9374,#9407);
#9407=VECTOR('',#9408,0.40640002655893);
#9408=DIRECTION('',(1.0,0.0,0.0));
#9399=ORIENTED_EDGE('',*,*,#9400,.F.);
#9458=STYLED_ITEM('',(#34),#9459);
#9459=ADVANCED_FACE('',(#9465),#9460,.T.);
#9460=PLANE('',#9461);
#9461=AXIS2_PLACEMENT_3D('',#9462,#9463,#9464);
#9462=CARTESIAN_POINT('',(3.912,3.124,0.305));
#9463=DIRECTION('',(0.0,0.707,0.707));
#9464=DIRECTION('',(0.,0.,1.));
#9465=FACE_OUTER_BOUND('',#9466,.T.);
#9466=EDGE_LOOP('',(#9467,#9477,#9487,#9497));
#9470=CARTESIAN_POINT('',(3.708,3.124,0.305));
#9469=VERTEX_POINT('',#9470);
#9472=CARTESIAN_POINT('',(3.912,3.124,0.305));
#9471=VERTEX_POINT('',#9472);
#9468=EDGE_CURVE('',#9469,#9471,#9473,.T.);
#9473=LINE('',#9470,#9475);
#9475=VECTOR('',#9476,0.203200187106069);
#9476=DIRECTION('',(1.0,0.0,0.0));
#9467=ORIENTED_EDGE('',*,*,#9468,.F.);
#9478=EDGE_CURVE('',#9283,#9469,#9483,.T.);
#9483=LINE('',#9284,#9485);
#9485=VECTOR('',#9486,0.175976360873829);
#9486=DIRECTION('',(0.577,0.577,-0.577));
#9477=ORIENTED_EDGE('',*,*,#9478,.F.);
#9487=ORIENTED_EDGE('',*,*,#9282,.T.);
#9498=EDGE_CURVE('',#9471,#9273,#9503,.T.);
#9503=LINE('',#9472,#9505);
#9505=VECTOR('',#9506,0.175976360873828);
#9506=DIRECTION('',(0.577,-0.577,0.577));
#9497=ORIENTED_EDGE('',*,*,#9498,.F.);
#9507=STYLED_ITEM('',(#34),#9508);
#9508=ADVANCED_FACE('',(#9514),#9509,.T.);
#9509=PLANE('',#9510);
#9510=AXIS2_PLACEMENT_3D('',#9511,#9512,#9513);
#9511=CARTESIAN_POINT('',(4.013,3.023,0.0));
#9512=DIRECTION('',(0.707,0.707,0.0));
#9513=DIRECTION('',(0.,0.,1.));
#9514=FACE_OUTER_BOUND('',#9515,.T.);
#9515=EDGE_LOOP('',(#9516,#9526,#9536,#9546));
#9519=CARTESIAN_POINT('',(3.912,3.124,0.102));
#9518=VERTEX_POINT('',#9519);
#9517=EDGE_CURVE('',#9518,#9381,#9522,.T.);
#9522=LINE('',#9519,#9524);
#9524=VECTOR('',#9525,0.175976360873828);
#9525=DIRECTION('',(0.577,-0.577,-0.577));
#9516=ORIENTED_EDGE('',*,*,#9517,.F.);
#9527=EDGE_CURVE('',#9471,#9518,#9532,.T.);
#9532=LINE('',#9472,#9534);
#9534=VECTOR('',#9535,0.2032);
#9535=DIRECTION('',(0.0,0.0,-1.0));
#9526=ORIENTED_EDGE('',*,*,#9527,.F.);
#9536=ORIENTED_EDGE('',*,*,#9498,.T.);
#9547=EDGE_CURVE('',#9381,#9273,#9552,.T.);
#9552=LINE('',#9382,#9554);
#9554=VECTOR('',#9555,0.4064);
#9555=DIRECTION('',(0.0,0.0,1.0));
#9546=ORIENTED_EDGE('',*,*,#9547,.F.);
#9556=STYLED_ITEM('',(#34),#9557);
#9557=ADVANCED_FACE('',(#9563),#9558,.T.);
#9558=PLANE('',#9559);
#9559=AXIS2_PLACEMENT_3D('',#9560,#9561,#9562);
#9560=CARTESIAN_POINT('',(4.013,3.023,0.0));
#9561=DIRECTION('',(0.0,0.707,-0.707));
#9562=DIRECTION('',(0.,0.,1.));
#9563=FACE_OUTER_BOUND('',#9564,.T.);
#9564=EDGE_LOOP('',(#9565,#9575,#9585,#9595));
#9565=ORIENTED_EDGE('',*,*,#9380,.T.);
#9578=CARTESIAN_POINT('',(3.708,3.124,0.102));
#9577=VERTEX_POINT('',#9578);
#9576=EDGE_CURVE('',#9577,#9371,#9581,.T.);
#9581=LINE('',#9578,#9583);
#9583=VECTOR('',#9584,0.175976360873829);
#9584=DIRECTION('',(-0.577,-0.577,-0.577));
#9575=ORIENTED_EDGE('',*,*,#9576,.F.);
#9586=EDGE_CURVE('',#9518,#9577,#9591,.T.);
#9591=LINE('',#9519,#9593);
#9593=VECTOR('',#9594,0.203200187106069);
#9594=DIRECTION('',(-1.0,0.0,0.0));
#9585=ORIENTED_EDGE('',*,*,#9586,.F.);
#9595=ORIENTED_EDGE('',*,*,#9517,.T.);
#9605=STYLED_ITEM('',(#34),#9606);
#9606=ADVANCED_FACE('',(#9612),#9607,.T.);
#9607=PLANE('',#9608);
#9608=AXIS2_PLACEMENT_3D('',#9609,#9610,#9611);
#9609=CARTESIAN_POINT('',(3.708,3.124,0.102));
#9610=DIRECTION('',(-0.707,0.707,0.0));
#9611=DIRECTION('',(0.,0.,1.));
#9612=FACE_OUTER_BOUND('',#9613,.T.);
#9613=EDGE_LOOP('',(#9614,#9624,#9634,#9644));
#9614=ORIENTED_EDGE('',*,*,#9576,.T.);
#9625=EDGE_CURVE('',#9283,#9371,#9630,.T.);
#9630=LINE('',#9284,#9632);
#9632=VECTOR('',#9633,0.4064);
#9633=DIRECTION('',(0.0,0.0,-1.0));
#9624=ORIENTED_EDGE('',*,*,#9625,.F.);
#9634=ORIENTED_EDGE('',*,*,#9478,.T.);
#9645=EDGE_CURVE('',#9577,#9469,#9650,.T.);
#9650=LINE('',#9578,#9652);
#9652=VECTOR('',#9653,0.2032);
#9653=DIRECTION('',(0.0,0.0,1.0));
#9644=ORIENTED_EDGE('',*,*,#9645,.F.);
#9654=STYLED_ITEM('',(#34),#9655);
#9655=ADVANCED_FACE('',(#9661),#9656,.T.);
#9656=PLANE('',#9657);
#9657=AXIS2_PLACEMENT_3D('',#9658,#9659,#9660);
#9658=CARTESIAN_POINT('',(3.912,3.124,0.102));
#9659=DIRECTION('',(0.0,1.0,0.0));
#9660=DIRECTION('',(0.,0.,1.));
#9661=FACE_OUTER_BOUND('',#9662,.T.);
#9662=EDGE_LOOP('',(#9663,#9673,#9683,#9693));
#9663=ORIENTED_EDGE('',*,*,#9586,.T.);
#9673=ORIENTED_EDGE('',*,*,#9645,.T.);
#9683=ORIENTED_EDGE('',*,*,#9468,.T.);
#9693=ORIENTED_EDGE('',*,*,#9527,.T.);
#9703=STYLED_ITEM($,(#34),#9704);
#9704=ADVANCED_FACE($,(#9710),#9705,.F.);
#9705=CYLINDRICAL_SURFACE($,#9706,0.10159365);
#9706=AXIS2_PLACEMENT_3D($,#9707,#9708,#9709);
#9707=CARTESIAN_POINT('',(4.013,1.651,0.508));
#9708=DIRECTION('',(1.0,0.0,0.0));
#9709=DIRECTION('',(0.,0.,1.));
#9710=FACE_OUTER_BOUND($,#9711,.T.);
#9711=EDGE_LOOP($,(#9723,#9733,#9744,#9712));
#9723=ORIENTED_EDGE('',*,*,#9302,.T.);
#9734=EDGE_CURVE($,#9175,#9293,#9739,.T.);
#9739=CIRCLE($,#9740,0.10159365);
#9741=CARTESIAN_POINT('',(3.607,1.651,0.508));
#9740=AXIS2_PLACEMENT_3D($,#9741,#9742,#9743);
#9742=DIRECTION('',(1.0,0.0,0.0));
#9743=DIRECTION('',(0.0,0.707,-0.707));
#9733=ORIENTED_EDGE('',*,*,#9734,.F.);
#9744=ORIENTED_EDGE('',*,*,#9174,.T.);
#9713=EDGE_CURVE($,#9275,#9177,#9718,.T.);
#9718=CIRCLE($,#9719,0.10159365);
#9720=CARTESIAN_POINT('',(4.013,1.651,0.508));
#9719=AXIS2_PLACEMENT_3D($,#9720,#9721,#9722);
#9721=DIRECTION('',(-1.0,0.0,0.0));
#9722=DIRECTION('',(0.0,-0.707,0.707));
#9712=ORIENTED_EDGE('',*,*,#9713,.F.);
#9754=STYLED_ITEM($,(#34),#9755);
#9755=ADVANCED_FACE($,(#9761),#9756,.T.);
#9756=CYLINDRICAL_SURFACE($,#9757,0.50799365);
#9757=AXIS2_PLACEMENT_3D($,#9758,#9759,#9760);
#9758=CARTESIAN_POINT('',(4.013,1.651,0.508));
#9759=DIRECTION('',(-1.0,0.0,0.0));
#9760=DIRECTION('',(0.,0.,1.));
#9761=FACE_OUTER_BOUND($,#9762,.T.);
#9762=EDGE_LOOP($,(#9774,#9784,#9795,#9763));
#9774=ORIENTED_EDGE('',*,*,#9400,.T.);
#9785=EDGE_CURVE($,#9224,#9391,#9790,.T.);
#9790=CIRCLE($,#9791,0.50799365);
#9791=AXIS2_PLACEMENT_3D($,#9720,#9793,#9794);
#9793=DIRECTION('',(1.0,0.0,0.0));
#9794=DIRECTION('',(0.0,0.707,-0.707));
#9784=ORIENTED_EDGE('',*,*,#9785,.F.);
#9795=ORIENTED_EDGE('',*,*,#9223,.T.);
#9764=EDGE_CURVE($,#9373,#9226,#9769,.T.);
#9769=CIRCLE($,#9770,0.50799365);
#9770=AXIS2_PLACEMENT_3D($,#9741,#9772,#9773);
#9772=DIRECTION('',(-1.0,0.0,0.0));
#9773=DIRECTION('',(0.0,-0.707,0.707));
#9763=ORIENTED_EDGE('',*,*,#9764,.F.);
#9805=STYLED_ITEM('color',(#34),#9806);
#9806=ADVANCED_FACE($,(#9812),#9807,.T.);
#9807=PLANE($,#9808);
#9808=AXIS2_PLACEMENT_3D($,#9809,#9810,#9811);
#9809=CARTESIAN_POINT('',(4.013,1.143,0.508));
#9810=DIRECTION('',(1.0,0.0,0.0));
#9811=DIRECTION('',(1.,0.,0.));
#9812=FACE_OUTER_BOUND($,#9813,.T.);
#9813=EDGE_LOOP($,(#9816, #9826, #9836, #9846, #9857, #9867, #9877, #9887));
#9816=ORIENTED_EDGE('',*,*,#9204,.T.);
#9826=ORIENTED_EDGE('',*,*,#9125,.T.);
#9836=ORIENTED_EDGE('',*,*,#9233,.T.);
#9846=ORIENTED_EDGE('',*,*,#9785,.T.);
#9857=ORIENTED_EDGE('',*,*,#9390,.T.);
#9867=ORIENTED_EDGE('',*,*,#9547,.T.);
#9877=ORIENTED_EDGE('',*,*,#9272,.T.);
#9887=ORIENTED_EDGE('',*,*,#9713,.T.);
#9898=STYLED_ITEM('color',(#34),#9899);
#9899=ADVANCED_FACE($,(#9905),#9900,.T.);
#9900=PLANE($,#9901);
#9901=AXIS2_PLACEMENT_3D($,#9902,#9903,#9904);
#9902=CARTESIAN_POINT('',(3.607,1.143,0.508));
#9903=DIRECTION('',(-1.0,0.0,0.0));
#9904=DIRECTION('',(-1.,0.,0.));
#9905=FACE_OUTER_BOUND($,#9906,.T.);
#9906=EDGE_LOOP($,(#9909, #9919, #9929, #9939, #9950, #9960, #9970, #9980));
#9909=ORIENTED_EDGE('',*,*,#9253,.T.);
#9919=ORIENTED_EDGE('',*,*,#9145,.T.);
#9929=ORIENTED_EDGE('',*,*,#9184,.T.);
#9939=ORIENTED_EDGE('',*,*,#9734,.T.);
#9950=ORIENTED_EDGE('',*,*,#9292,.T.);
#9960=ORIENTED_EDGE('',*,*,#9625,.T.);
#9970=ORIENTED_EDGE('',*,*,#9370,.T.);
#9980=ORIENTED_EDGE('',*,*,#9764,.T.);
#9991=MANIFOLD_SOLID_BREP($,#9992);
#9992=CLOSED_SHELL('',(#9996,#10045,#10094,#10143,#10192,#10241,#10290,#10339,#10388,#10437));
#9993=MANIFOLD_SOLID_BREP($,#9994);
#9994=CLOSED_SHELL('',(#10486,#10535,#10584,#10633,#10731,#10829,#10878,#10927,#10976,#11025,#11074,#11125,#11176,#11269));
#9995=STYLED_ITEM('',(#34),#9996);
#9996=ADVANCED_FACE('',(#10002),#9997,.T.);
#9997=PLANE('',#9998);
#9998=AXIS2_PLACEMENT_3D('',#9999,#10000,#10001);
#9999=CARTESIAN_POINT('',(2.642,1.245,5.969));
#10000=DIRECTION('',(0.0,0.0,1.0));
#10001=DIRECTION('',(0.,1.,0.));
#10002=FACE_OUTER_BOUND('',#10003,.T.);
#10003=EDGE_LOOP('',(#10004,#10014,#10024,#10034));
#10007=CARTESIAN_POINT('',(2.642,1.448,5.969));
#10006=VERTEX_POINT('',#10007);
#10009=CARTESIAN_POINT('',(2.642,1.245,5.969));
#10008=VERTEX_POINT('',#10009);
#10005=EDGE_CURVE('',#10006,#10008,#10010,.T.);
#10010=LINE('',#10007,#10012);
#10012=VECTOR('',#10013,0.203199997275109);
#10013=DIRECTION('',(0.0,-1.0,0.0));
#10004=ORIENTED_EDGE('',*,*,#10005,.F.);
#10017=CARTESIAN_POINT('',(2.438,1.448,5.969));
#10016=VERTEX_POINT('',#10017);
#10015=EDGE_CURVE('',#10016,#10006,#10020,.T.);
#10020=LINE('',#10017,#10022);
#10022=VECTOR('',#10023,0.203200008169614);
#10023=DIRECTION('',(1.0,0.0,0.0));
#10014=ORIENTED_EDGE('',*,*,#10015,.F.);
#10027=CARTESIAN_POINT('',(2.438,1.245,5.969));
#10026=VERTEX_POINT('',#10027);
#10025=EDGE_CURVE('',#10026,#10016,#10030,.T.);
#10030=LINE('',#10027,#10032);
#10032=VECTOR('',#10033,0.203199997275109);
#10033=DIRECTION('',(0.0,1.0,0.0));
#10024=ORIENTED_EDGE('',*,*,#10025,.F.);
#10035=EDGE_CURVE('',#10008,#10026,#10040,.T.);
#10040=LINE('',#10009,#10042);
#10042=VECTOR('',#10043,0.203199997280168);
#10043=DIRECTION('',(-1.0,0.0,0.0));
#10034=ORIENTED_EDGE('',*,*,#10035,.F.);
#10044=STYLED_ITEM('',(#34),#10045);
#10045=ADVANCED_FACE('',(#10051),#10046,.T.);
#10046=PLANE('',#10047);
#10047=AXIS2_PLACEMENT_3D('',#10048,#10049,#10050);
#10048=CARTESIAN_POINT('',(2.743,1.549,5.867));
#10049=DIRECTION('',(0.0,0.707,0.707));
#10050=DIRECTION('',(0.,0.,1.));
#10051=FACE_OUTER_BOUND('',#10052,.T.);
#10052=EDGE_LOOP('',(#10053,#10063,#10073,#10083));
#10056=CARTESIAN_POINT('',(2.337,1.549,5.867));
#10055=VERTEX_POINT('',#10056);
#10058=CARTESIAN_POINT('',(2.743,1.549,5.867));
#10057=VERTEX_POINT('',#10058);
#10054=EDGE_CURVE('',#10055,#10057,#10059,.T.);
#10059=LINE('',#10056,#10061);
#10061=VECTOR('',#10062,0.406400016339228);
#10062=DIRECTION('',(1.0,0.0,0.0));
#10053=ORIENTED_EDGE('',*,*,#10054,.F.);
#10064=EDGE_CURVE('',#10016,#10055,#10069,.T.);
#10069=LINE('',#10017,#10071);
#10071=VECTOR('',#10072,0.175976362048998);
#10072=DIRECTION('',(-0.577,0.577,-0.577));
#10063=ORIENTED_EDGE('',*,*,#10064,.F.);
#10073=ORIENTED_EDGE('',*,*,#10015,.T.);
#10084=EDGE_CURVE('',#10057,#10006,#10089,.T.);
#10089=LINE('',#10058,#10091);
#10091=VECTOR('',#10092,0.175976362048998);
#10092=DIRECTION('',(-0.577,-0.577,0.577));
#10083=ORIENTED_EDGE('',*,*,#10084,.F.);
#10093=STYLED_ITEM('',(#34),#10094);
#10094=ADVANCED_FACE('',(#10100),#10095,.T.);
#10095=PLANE('',#10096);
#10096=AXIS2_PLACEMENT_3D('',#10097,#10098,#10099);
#10097=CARTESIAN_POINT('',(2.337,1.549,5.867));
#10098=DIRECTION('',(-0.707,0.0,0.707));
#10099=DIRECTION('',(0.,0.,1.));
#10100=FACE_OUTER_BOUND('',#10101,.T.);
#10101=EDGE_LOOP('',(#10102,#10112,#10122,#10132));
#10105=CARTESIAN_POINT('',(2.337,1.143,5.867));
#10104=VERTEX_POINT('',#10105);
#10103=EDGE_CURVE('',#10104,#10055,#10108,.T.);
#10108=LINE('',#10105,#10110);
#10110=VECTOR('',#10111,0.406399994550218);
#10111=DIRECTION('',(0.0,1.0,0.0));
#10102=ORIENTED_EDGE('',*,*,#10103,.F.);
#10113=EDGE_CURVE('',#10026,#10104,#10118,.T.);
#10118=LINE('',#10027,#10120);
#10120=VECTOR('',#10121,0.175976362048998);
#10121=DIRECTION('',(-0.577,-0.577,-0.577));
#10112=ORIENTED_EDGE('',*,*,#10113,.F.);
#10122=ORIENTED_EDGE('',*,*,#10025,.T.);
#10132=ORIENTED_EDGE('',*,*,#10064,.T.);
#10142=STYLED_ITEM('',(#34),#10143);
#10143=ADVANCED_FACE('',(#10149),#10144,.T.);
#10144=PLANE('',#10145);
#10145=AXIS2_PLACEMENT_3D('',#10146,#10147,#10148);
#10146=CARTESIAN_POINT('',(2.337,1.143,5.867));
#10147=DIRECTION('',(0.0,-0.707,0.707));
#10148=DIRECTION('',(0.,0.,1.));
#10149=FACE_OUTER_BOUND('',#10150,.T.);
#10150=EDGE_LOOP('',(#10151,#10161,#10171,#10181));
#10154=CARTESIAN_POINT('',(2.743,1.143,5.867));
#10153=VERTEX_POINT('',#10154);
#10152=EDGE_CURVE('',#10153,#10104,#10157,.T.);
#10157=LINE('',#10154,#10159);
#10159=VECTOR('',#10160,0.406399994560336);
#10160=DIRECTION('',(-1.0,0.0,0.0));
#10151=ORIENTED_EDGE('',*,*,#10152,.F.);
#10162=EDGE_CURVE('',#10008,#10153,#10167,.T.);
#10167=LINE('',#10009,#10169);
#10169=VECTOR('',#10170,0.175976362048998);
#10170=DIRECTION('',(0.577,-0.577,-0.577));
#10161=ORIENTED_EDGE('',*,*,#10162,.F.);
#10171=ORIENTED_EDGE('',*,*,#10035,.T.);
#10181=ORIENTED_EDGE('',*,*,#10113,.T.);
#10191=STYLED_ITEM('',(#34),#10192);
#10192=ADVANCED_FACE('',(#10198),#10193,.T.);
#10193=PLANE('',#10194);
#10194=AXIS2_PLACEMENT_3D('',#10195,#10196,#10197);
#10195=CARTESIAN_POINT('',(2.743,1.143,5.867));
#10196=DIRECTION('',(0.707,0.0,0.707));
#10197=DIRECTION('',(0.,0.,1.));
#10198=FACE_OUTER_BOUND('',#10199,.T.);
#10199=EDGE_LOOP('',(#10200,#10210,#10220,#10230));
#10201=EDGE_CURVE('',#10057,#10153,#10206,.T.);
#10206=LINE('',#10058,#10208);
#10208=VECTOR('',#10209,0.406399994550218);
#10209=DIRECTION('',(0.0,-1.0,0.0));
#10200=ORIENTED_EDGE('',*,*,#10201,.F.);
#10210=ORIENTED_EDGE('',*,*,#10084,.T.);
#10220=ORIENTED_EDGE('',*,*,#10005,.T.);
#10230=ORIENTED_EDGE('',*,*,#10162,.T.);
#10240=STYLED_ITEM('',(#34),#10241);
#10241=ADVANCED_FACE('',(#10247),#10242,.T.);
#10242=PLANE('',#10243);
#10243=AXIS2_PLACEMENT_3D('',#10244,#10245,#10246);
#10244=CARTESIAN_POINT('',(2.743,1.549,2.438));
#10245=DIRECTION('',(0.0,1.0,0.0));
#10246=DIRECTION('',(0.,0.,1.));
#10247=FACE_OUTER_BOUND('',#10248,.T.);
#10248=EDGE_LOOP('',(#10249,#10259,#10269,#10279));
#10252=CARTESIAN_POINT('',(2.337,1.549,2.438));
#10251=VERTEX_POINT('',#10252);
#10254=CARTESIAN_POINT('',(2.743,1.549,2.438));
#10253=VERTEX_POINT('',#10254);
#10250=EDGE_CURVE('',#10251,#10253,#10255,.T.);
#10255=LINE('',#10252,#10257);
#10257=VECTOR('',#10258,0.406400016339228);
#10258=DIRECTION('',(1.0,0.0,0.0));
#10249=ORIENTED_EDGE('',*,*,#10250,.F.);
#10260=EDGE_CURVE('',#10055,#10251,#10265,.T.);
#10265=LINE('',#10056,#10267);
#10267=VECTOR('',#10268,3.4290254);
#10268=DIRECTION('',(0.0,0.0,-1.0));
#10259=ORIENTED_EDGE('',*,*,#10260,.F.);
#10269=ORIENTED_EDGE('',*,*,#10054,.T.);
#10280=EDGE_CURVE('',#10253,#10057,#10285,.T.);
#10285=LINE('',#10254,#10287);
#10287=VECTOR('',#10288,3.4290254);
#10288=DIRECTION('',(0.0,0.0,1.0));
#10279=ORIENTED_EDGE('',*,*,#10280,.F.);
#10289=STYLED_ITEM('',(#34),#10290);
#10290=ADVANCED_FACE('',(#10296),#10291,.T.);
#10291=PLANE('',#10292);
#10292=AXIS2_PLACEMENT_3D('',#10293,#10294,#10295);
#10293=CARTESIAN_POINT('',(2.337,1.549,2.438));
#10294=DIRECTION('',(-1.0,0.0,0.0));
#10295=DIRECTION('',(0.,0.,1.));
#10296=FACE_OUTER_BOUND('',#10297,.T.);
#10297=EDGE_LOOP('',(#10298,#10308,#10318,#10328));
#10301=CARTESIAN_POINT('',(2.337,1.143,2.438));
#10300=VERTEX_POINT('',#10301);
#10299=EDGE_CURVE('',#10300,#10251,#10304,.T.);
#10304=LINE('',#10301,#10306);
#10306=VECTOR('',#10307,0.406399994550218);
#10307=DIRECTION('',(0.0,1.0,0.0));
#10298=ORIENTED_EDGE('',*,*,#10299,.F.);
#10309=EDGE_CURVE('',#10104,#10300,#10314,.T.);
#10314=LINE('',#10105,#10316);
#10316=VECTOR('',#10317,3.4290254);
#10317=DIRECTION('',(0.0,0.0,-1.0));
#10308=ORIENTED_EDGE('',*,*,#10309,.F.);
#10318=ORIENTED_EDGE('',*,*,#10103,.T.);
#10328=ORIENTED_EDGE('',*,*,#10260,.T.);
#10338=STYLED_ITEM('',(#34),#10339);
#10339=ADVANCED_FACE('',(#10345),#10340,.T.);
#10340=PLANE('',#10341);
#10341=AXIS2_PLACEMENT_3D('',#10342,#10343,#10344);
#10342=CARTESIAN_POINT('',(2.337,1.143,2.438));
#10343=DIRECTION('',(0.0,-1.0,0.0));
#10344=DIRECTION('',(0.,0.,1.));
#10345=FACE_OUTER_BOUND('',#10346,.T.);
#10346=EDGE_LOOP('',(#10347,#10357,#10367,#10377));
#10350=CARTESIAN_POINT('',(2.743,1.143,2.438));
#10349=VERTEX_POINT('',#10350);
#10348=EDGE_CURVE('',#10349,#10300,#10353,.T.);
#10353=LINE('',#10350,#10355);
#10355=VECTOR('',#10356,0.406399994560336);
#10356=DIRECTION('',(-1.0,0.0,0.0));
#10347=ORIENTED_EDGE('',*,*,#10348,.F.);
#10358=EDGE_CURVE('',#10153,#10349,#10363,.T.);
#10363=LINE('',#10154,#10365);
#10365=VECTOR('',#10366,3.4290254);
#10366=DIRECTION('',(0.0,0.0,-1.0));
#10357=ORIENTED_EDGE('',*,*,#10358,.F.);
#10367=ORIENTED_EDGE('',*,*,#10152,.T.);
#10377=ORIENTED_EDGE('',*,*,#10309,.T.);
#10387=STYLED_ITEM('',(#34),#10388);
#10388=ADVANCED_FACE('',(#10394),#10389,.T.);
#10389=PLANE('',#10390);
#10390=AXIS2_PLACEMENT_3D('',#10391,#10392,#10393);
#10391=CARTESIAN_POINT('',(2.743,1.143,2.438));
#10392=DIRECTION('',(1.0,0.0,0.0));
#10393=DIRECTION('',(0.,0.,1.));
#10394=FACE_OUTER_BOUND('',#10395,.T.);
#10395=EDGE_LOOP('',(#10396,#10406,#10416,#10426));
#10397=EDGE_CURVE('',#10253,#10349,#10402,.T.);
#10402=LINE('',#10254,#10404);
#10404=VECTOR('',#10405,0.406399994550218);
#10405=DIRECTION('',(0.0,-1.0,0.0));
#10396=ORIENTED_EDGE('',*,*,#10397,.F.);
#10406=ORIENTED_EDGE('',*,*,#10280,.T.);
#10416=ORIENTED_EDGE('',*,*,#10201,.T.);
#10426=ORIENTED_EDGE('',*,*,#10358,.T.);
#10436=STYLED_ITEM('',(#34),#10437);
#10437=ADVANCED_FACE('',(#10443),#10438,.T.);
#10438=PLANE('',#10439);
#10439=AXIS2_PLACEMENT_3D('',#10440,#10441,#10442);
#10440=CARTESIAN_POINT('',(2.337,1.143,2.438));
#10441=DIRECTION('',(0.0,0.0,-1.0));
#10442=DIRECTION('',(0.,1.,0.));
#10443=FACE_OUTER_BOUND('',#10444,.T.);
#10444=EDGE_LOOP('',(#10445,#10455,#10465,#10475));
#10445=ORIENTED_EDGE('',*,*,#10299,.T.);
#10455=ORIENTED_EDGE('',*,*,#10250,.T.);
#10465=ORIENTED_EDGE('',*,*,#10397,.T.);
#10475=ORIENTED_EDGE('',*,*,#10348,.T.);
#10485=STYLED_ITEM('',(#34),#10486);
#10486=ADVANCED_FACE('',(#10492),#10487,.T.);
#10487=PLANE('',#10488);
#10488=AXIS2_PLACEMENT_3D('',#10489,#10490,#10491);
#10489=CARTESIAN_POINT('',(2.743,1.143,0.61));
#10490=DIRECTION('',(0.0,0.0,1.0));
#10491=DIRECTION('',(0.,1.,0.));
#10492=FACE_OUTER_BOUND('',#10493,.T.);
#10493=EDGE_LOOP('',(#10494,#10504,#10514,#10524));
#10497=CARTESIAN_POINT('',(2.743,1.549,0.61));
#10496=VERTEX_POINT('',#10497);
#10499=CARTESIAN_POINT('',(2.743,1.143,0.61));
#10498=VERTEX_POINT('',#10499);
#10495=EDGE_CURVE('',#10496,#10498,#10500,.T.);
#10500=LINE('',#10497,#10502);
#10502=VECTOR('',#10503,0.406399994550218);
#10503=DIRECTION('',(0.0,-1.0,0.0));
#10494=ORIENTED_EDGE('',*,*,#10495,.F.);
#10507=CARTESIAN_POINT('',(2.337,1.549,0.61));
#10506=VERTEX_POINT('',#10507);
#10505=EDGE_CURVE('',#10506,#10496,#10510,.T.);
#10510=LINE('',#10507,#10512);
#10512=VECTOR('',#10513,0.406400016339228);
#10513=DIRECTION('',(1.0,0.0,0.0));
#10504=ORIENTED_EDGE('',*,*,#10505,.F.);
#10517=CARTESIAN_POINT('',(2.337,1.143,0.61));
#10516=VERTEX_POINT('',#10517);
#10515=EDGE_CURVE('',#10516,#10506,#10520,.T.);
#10520=LINE('',#10517,#10522);
#10522=VECTOR('',#10523,0.406399994550218);
#10523=DIRECTION('',(0.0,1.0,0.0));
#10514=ORIENTED_EDGE('',*,*,#10515,.F.);
#10525=EDGE_CURVE('',#10498,#10516,#10530,.T.);
#10530=LINE('',#10499,#10532);
#10532=VECTOR('',#10533,0.406399994560336);
#10533=DIRECTION('',(-1.0,0.0,0.0));
#10524=ORIENTED_EDGE('',*,*,#10525,.F.);
#10534=STYLED_ITEM('',(#34),#10535);
#10535=ADVANCED_FACE('',(#10541),#10536,.T.);
#10536=PLANE('',#10537);
#10537=AXIS2_PLACEMENT_3D('',#10538,#10539,#10540);
#10538=CARTESIAN_POINT('',(2.743,1.549,0.508));
#10539=DIRECTION('',(0.0,1.0,0.0));
#10540=DIRECTION('',(0.,0.,1.));
#10541=FACE_OUTER_BOUND('',#10542,.T.);
#10542=EDGE_LOOP('',(#10543,#10553,#10563,#10573));
#10546=CARTESIAN_POINT('',(2.337,1.549,0.508));
#10545=VERTEX_POINT('',#10546);
#10548=CARTESIAN_POINT('',(2.743,1.549,0.508));
#10547=VERTEX_POINT('',#10548);
#10544=EDGE_CURVE('',#10545,#10547,#10549,.T.);
#10549=LINE('',#10546,#10551);
#10551=VECTOR('',#10552,0.406400016339228);
#10552=DIRECTION('',(1.0,0.0,0.0));
#10543=ORIENTED_EDGE('',*,*,#10544,.F.);
#10554=EDGE_CURVE('',#10506,#10545,#10559,.T.);
#10559=LINE('',#10507,#10561);
#10561=VECTOR('',#10562,0.10159365);
#10562=DIRECTION('',(0.0,0.0,-1.0));
#10553=ORIENTED_EDGE('',*,*,#10554,.F.);
#10563=ORIENTED_EDGE('',*,*,#10505,.T.);
#10574=EDGE_CURVE('',#10547,#10496,#10579,.T.);
#10579=LINE('',#10548,#10581);
#10581=VECTOR('',#10582,0.10159365);
#10582=DIRECTION('',(0.0,0.0,1.0));
#10573=ORIENTED_EDGE('',*,*,#10574,.F.);
#10583=STYLED_ITEM('',(#34),#10584);
#10584=ADVANCED_FACE('',(#10590),#10585,.T.);
#10585=PLANE('',#10586);
#10586=AXIS2_PLACEMENT_3D('',#10587,#10588,#10589);
#10587=CARTESIAN_POINT('',(2.337,1.143,0.508));
#10588=DIRECTION('',(0.0,-1.0,0.0));
#10589=DIRECTION('',(0.,0.,1.));
#10590=FACE_OUTER_BOUND('',#10591,.T.);
#10591=EDGE_LOOP('',(#10592,#10602,#10612,#10622));
#10595=CARTESIAN_POINT('',(2.743,1.143,0.508));
#10594=VERTEX_POINT('',#10595);
#10597=CARTESIAN_POINT('',(2.337,1.143,0.508));
#10596=VERTEX_POINT('',#10597);
#10593=EDGE_CURVE('',#10594,#10596,#10598,.T.);
#10598=LINE('',#10595,#10600);
#10600=VECTOR('',#10601,0.406399994560336);
#10601=DIRECTION('',(-1.0,0.0,0.0));
#10592=ORIENTED_EDGE('',*,*,#10593,.F.);
#10603=EDGE_CURVE('',#10498,#10594,#10608,.T.);
#10608=LINE('',#10499,#10610);
#10610=VECTOR('',#10611,0.10159365);
#10611=DIRECTION('',(0.0,0.0,-1.0));
#10602=ORIENTED_EDGE('',*,*,#10603,.F.);
#10612=ORIENTED_EDGE('',*,*,#10525,.T.);
#10623=EDGE_CURVE('',#10596,#10516,#10628,.T.);
#10628=LINE('',#10597,#10630);
#10630=VECTOR('',#10631,0.10159365);
#10631=DIRECTION('',(0.0,0.0,1.0));
#10622=ORIENTED_EDGE('',*,*,#10623,.F.);
#10632=STYLED_ITEM('',(#34),#10633);
#10633=ADVANCED_FACE('',(#10639),#10634,.T.);
#10634=PLANE('',#10635);
#10635=AXIS2_PLACEMENT_3D('',#10636,#10637,#10638);
#10636=CARTESIAN_POINT('',(2.743,1.651,0.406));
#10637=DIRECTION('',(0.0,0.0,1.0));
#10638=DIRECTION('',(0.,1.,0.));
#10639=FACE_OUTER_BOUND('',#10640,.T.);
#10640=EDGE_LOOP('',(#10641,#10651,#10661,#10671));
#10644=CARTESIAN_POINT('',(2.743,3.023,0.406));
#10643=VERTEX_POINT('',#10644);
#10646=CARTESIAN_POINT('',(2.743,1.651,0.406));
#10645=VERTEX_POINT('',#10646);
#10642=EDGE_CURVE('',#10643,#10645,#10647,.T.);
#10647=LINE('',#10644,#10649);
#10649=VECTOR('',#10650,1.37160634838144);
#10650=DIRECTION('',(0.0,-1.0,0.0));
#10641=ORIENTED_EDGE('',*,*,#10642,.F.);
#10654=CARTESIAN_POINT('',(2.337,3.023,0.406));
#10653=VERTEX_POINT('',#10654);
#10652=EDGE_CURVE('',#10653,#10643,#10657,.T.);
#10657=LINE('',#10654,#10659);
#10659=VECTOR('',#10660,0.406400172783486);
#10660=DIRECTION('',(1.0,0.0,0.0));
#10651=ORIENTED_EDGE('',*,*,#10652,.F.);
#10664=CARTESIAN_POINT('',(2.337,1.651,0.406));
#10663=VERTEX_POINT('',#10664);
#10662=EDGE_CURVE('',#10663,#10653,#10667,.T.);
#10667=LINE('',#10664,#10669);
#10669=VECTOR('',#10670,1.37160634838143);
#10670=DIRECTION('',(0.0,1.0,0.0));
#10661=ORIENTED_EDGE('',*,*,#10662,.F.);
#10672=EDGE_CURVE('',#10645,#10663,#10677,.T.);
#10677=LINE('',#10646,#10679);
#10679=VECTOR('',#10680,0.406400026558929);
#10680=DIRECTION('',(-1.0,0.0,0.0));
#10671=ORIENTED_EDGE('',*,*,#10672,.F.);
#10730=STYLED_ITEM('',(#34),#10731);
#10731=ADVANCED_FACE('',(#10737),#10732,.T.);
#10732=PLANE('',#10733);
#10733=AXIS2_PLACEMENT_3D('',#10734,#10735,#10736);
#10734=CARTESIAN_POINT('',(2.337,1.651,0.0));
#10735=DIRECTION('',(0.0,0.0,-1.0));
#10736=DIRECTION('',(0.,1.,0.));
#10737=FACE_OUTER_BOUND('',#10738,.T.);
#10738=EDGE_LOOP('',(#10739,#10749,#10759,#10769));
#10742=CARTESIAN_POINT('',(2.337,3.023,0.0));
#10741=VERTEX_POINT('',#10742);
#10744=CARTESIAN_POINT('',(2.337,1.651,0.0));
#10743=VERTEX_POINT('',#10744);
#10740=EDGE_CURVE('',#10741,#10743,#10745,.T.);
#10745=LINE('',#10742,#10747);
#10747=VECTOR('',#10748,1.37160634838143);
#10748=DIRECTION('',(0.0,-1.0,0.0));
#10739=ORIENTED_EDGE('',*,*,#10740,.F.);
#10752=CARTESIAN_POINT('',(2.743,3.023,0.0));
#10751=VERTEX_POINT('',#10752);
#10750=EDGE_CURVE('',#10751,#10741,#10755,.T.);
#10755=LINE('',#10752,#10757);
#10757=VECTOR('',#10758,0.406400172783486);
#10758=DIRECTION('',(-1.0,0.0,0.0));
#10749=ORIENTED_EDGE('',*,*,#10750,.F.);
#10762=CARTESIAN_POINT('',(2.743,1.651,0.0));
#10761=VERTEX_POINT('',#10762);
#10760=EDGE_CURVE('',#10761,#10751,#10765,.T.);
#10765=LINE('',#10762,#10767);
#10767=VECTOR('',#10768,1.37160634838144);
#10768=DIRECTION('',(0.0,1.0,0.0));
#10759=ORIENTED_EDGE('',*,*,#10760,.F.);
#10770=EDGE_CURVE('',#10743,#10761,#10775,.T.);
#10775=LINE('',#10744,#10777);
#10777=VECTOR('',#10778,0.406400026558929);
#10778=DIRECTION('',(1.0,0.0,0.0));
#10769=ORIENTED_EDGE('',*,*,#10770,.F.);
#10828=STYLED_ITEM('',(#34),#10829);
#10829=ADVANCED_FACE('',(#10835),#10830,.T.);
#10830=PLANE('',#10831);
#10831=AXIS2_PLACEMENT_3D('',#10832,#10833,#10834);
#10832=CARTESIAN_POINT('',(2.642,3.124,0.305));
#10833=DIRECTION('',(0.0,0.707,0.707));
#10834=DIRECTION('',(0.,0.,1.));
#10835=FACE_OUTER_BOUND('',#10836,.T.);
#10836=EDGE_LOOP('',(#10837,#10847,#10857,#10867));
#10840=CARTESIAN_POINT('',(2.438,3.124,0.305));
#10839=VERTEX_POINT('',#10840);
#10842=CARTESIAN_POINT('',(2.642,3.124,0.305));
#10841=VERTEX_POINT('',#10842);
#10838=EDGE_CURVE('',#10839,#10841,#10843,.T.);
#10843=LINE('',#10840,#10845);
#10845=VECTOR('',#10846,0.203200187106069);
#10846=DIRECTION('',(1.0,0.0,0.0));
#10837=ORIENTED_EDGE('',*,*,#10838,.F.);
#10848=EDGE_CURVE('',#10653,#10839,#10853,.T.);
#10853=LINE('',#10654,#10855);
#10855=VECTOR('',#10856,0.175976360873829);
#10856=DIRECTION('',(0.577,0.577,-0.577));
#10847=ORIENTED_EDGE('',*,*,#10848,.F.);
#10857=ORIENTED_EDGE('',*,*,#10652,.T.);
#10868=EDGE_CURVE('',#10841,#10643,#10873,.T.);
#10873=LINE('',#10842,#10875);
#10875=VECTOR('',#10876,0.175976360873828);
#10876=DIRECTION('',(0.577,-0.577,0.577));
#10867=ORIENTED_EDGE('',*,*,#10868,.F.);
#10877=STYLED_ITEM('',(#34),#10878);
#10878=ADVANCED_FACE('',(#10884),#10879,.T.);
#10879=PLANE('',#10880);
#10880=AXIS2_PLACEMENT_3D('',#10881,#10882,#10883);
#10881=CARTESIAN_POINT('',(2.743,3.023,0.0));
#10882=DIRECTION('',(0.707,0.707,0.0));
#10883=DIRECTION('',(0.,0.,1.));
#10884=FACE_OUTER_BOUND('',#10885,.T.);
#10885=EDGE_LOOP('',(#10886,#10896,#10906,#10916));
#10889=CARTESIAN_POINT('',(2.642,3.124,0.102));
#10888=VERTEX_POINT('',#10889);
#10887=EDGE_CURVE('',#10888,#10751,#10892,.T.);
#10892=LINE('',#10889,#10894);
#10894=VECTOR('',#10895,0.175976360873828);
#10895=DIRECTION('',(0.577,-0.577,-0.577));
#10886=ORIENTED_EDGE('',*,*,#10887,.F.);
#10897=EDGE_CURVE('',#10841,#10888,#10902,.T.);
#10902=LINE('',#10842,#10904);
#10904=VECTOR('',#10905,0.2032);
#10905=DIRECTION('',(0.0,0.0,-1.0));
#10896=ORIENTED_EDGE('',*,*,#10897,.F.);
#10906=ORIENTED_EDGE('',*,*,#10868,.T.);
#10917=EDGE_CURVE('',#10751,#10643,#10922,.T.);
#10922=LINE('',#10752,#10924);
#10924=VECTOR('',#10925,0.4064);
#10925=DIRECTION('',(0.0,0.0,1.0));
#10916=ORIENTED_EDGE('',*,*,#10917,.F.);
#10926=STYLED_ITEM('',(#34),#10927);
#10927=ADVANCED_FACE('',(#10933),#10928,.T.);
#10928=PLANE('',#10929);
#10929=AXIS2_PLACEMENT_3D('',#10930,#10931,#10932);
#10930=CARTESIAN_POINT('',(2.743,3.023,0.0));
#10931=DIRECTION('',(0.0,0.707,-0.707));
#10932=DIRECTION('',(0.,0.,1.));
#10933=FACE_OUTER_BOUND('',#10934,.T.);
#10934=EDGE_LOOP('',(#10935,#10945,#10955,#10965));
#10935=ORIENTED_EDGE('',*,*,#10750,.T.);
#10948=CARTESIAN_POINT('',(2.438,3.124,0.102));
#10947=VERTEX_POINT('',#10948);
#10946=EDGE_CURVE('',#10947,#10741,#10951,.T.);
#10951=LINE('',#10948,#10953);
#10953=VECTOR('',#10954,0.175976360873829);
#10954=DIRECTION('',(-0.577,-0.577,-0.577));
#10945=ORIENTED_EDGE('',*,*,#10946,.F.);
#10956=EDGE_CURVE('',#10888,#10947,#10961,.T.);
#10961=LINE('',#10889,#10963);
#10963=VECTOR('',#10964,0.203200187106069);
#10964=DIRECTION('',(-1.0,0.0,0.0));
#10955=ORIENTED_EDGE('',*,*,#10956,.F.);
#10965=ORIENTED_EDGE('',*,*,#10887,.T.);
#10975=STYLED_ITEM('',(#34),#10976);
#10976=ADVANCED_FACE('',(#10982),#10977,.T.);
#10977=PLANE('',#10978);
#10978=AXIS2_PLACEMENT_3D('',#10979,#10980,#10981);
#10979=CARTESIAN_POINT('',(2.438,3.124,0.102));
#10980=DIRECTION('',(-0.707,0.707,0.0));
#10981=DIRECTION('',(0.,0.,1.));
#10982=FACE_OUTER_BOUND('',#10983,.T.);
#10983=EDGE_LOOP('',(#10984,#10994,#11004,#11014));
#10984=ORIENTED_EDGE('',*,*,#10946,.T.);
#10995=EDGE_CURVE('',#10653,#10741,#11000,.T.);
#11000=LINE('',#10654,#11002);
#11002=VECTOR('',#11003,0.4064);
#11003=DIRECTION('',(0.0,0.0,-1.0));
#10994=ORIENTED_EDGE('',*,*,#10995,.F.);
#11004=ORIENTED_EDGE('',*,*,#10848,.T.);
#11015=EDGE_CURVE('',#10947,#10839,#11020,.T.);
#11020=LINE('',#10948,#11022);
#11022=VECTOR('',#11023,0.2032);
#11023=DIRECTION('',(0.0,0.0,1.0));
#11014=ORIENTED_EDGE('',*,*,#11015,.F.);
#11024=STYLED_ITEM('',(#34),#11025);
#11025=ADVANCED_FACE('',(#11031),#11026,.T.);
#11026=PLANE('',#11027);
#11027=AXIS2_PLACEMENT_3D('',#11028,#11029,#11030);
#11028=CARTESIAN_POINT('',(2.642,3.124,0.102));
#11029=DIRECTION('',(0.0,1.0,0.0));
#11030=DIRECTION('',(0.,0.,1.));
#11031=FACE_OUTER_BOUND('',#11032,.T.);
#11032=EDGE_LOOP('',(#11033,#11043,#11053,#11063));
#11033=ORIENTED_EDGE('',*,*,#10956,.T.);
#11043=ORIENTED_EDGE('',*,*,#11015,.T.);
#11053=ORIENTED_EDGE('',*,*,#10838,.T.);
#11063=ORIENTED_EDGE('',*,*,#10897,.T.);
#11073=STYLED_ITEM($,(#34),#11074);
#11074=ADVANCED_FACE($,(#11080),#11075,.F.);
#11075=CYLINDRICAL_SURFACE($,#11076,0.10159365);
#11076=AXIS2_PLACEMENT_3D($,#11077,#11078,#11079);
#11077=CARTESIAN_POINT('',(2.743,1.651,0.508));
#11078=DIRECTION('',(1.0,0.0,0.0));
#11079=DIRECTION('',(0.,0.,1.));
#11080=FACE_OUTER_BOUND($,#11081,.T.);
#11081=EDGE_LOOP($,(#11093,#11103,#11114,#11082));
#11093=ORIENTED_EDGE('',*,*,#10672,.T.);
#11104=EDGE_CURVE($,#10545,#10663,#11109,.T.);
#11109=CIRCLE($,#11110,0.10159365);
#11111=CARTESIAN_POINT('',(2.337,1.651,0.508));
#11110=AXIS2_PLACEMENT_3D($,#11111,#11112,#11113);
#11112=DIRECTION('',(1.0,0.0,0.0));
#11113=DIRECTION('',(0.0,0.707,-0.707));
#11103=ORIENTED_EDGE('',*,*,#11104,.F.);
#11114=ORIENTED_EDGE('',*,*,#10544,.T.);
#11083=EDGE_CURVE($,#10645,#10547,#11088,.T.);
#11088=CIRCLE($,#11089,0.10159365);
#11090=CARTESIAN_POINT('',(2.743,1.651,0.508));
#11089=AXIS2_PLACEMENT_3D($,#11090,#11091,#11092);
#11091=DIRECTION('',(-1.0,0.0,0.0));
#11092=DIRECTION('',(0.0,-0.707,0.707));
#11082=ORIENTED_EDGE('',*,*,#11083,.F.);
#11124=STYLED_ITEM($,(#34),#11125);
#11125=ADVANCED_FACE($,(#11131),#11126,.T.);
#11126=CYLINDRICAL_SURFACE($,#11127,0.50799365);
#11127=AXIS2_PLACEMENT_3D($,#11128,#11129,#11130);
#11128=CARTESIAN_POINT('',(2.743,1.651,0.508));
#11129=DIRECTION('',(-1.0,0.0,0.0));
#11130=DIRECTION('',(0.,0.,1.));
#11131=FACE_OUTER_BOUND($,#11132,.T.);
#11132=EDGE_LOOP($,(#11144,#11154,#11165,#11133));
#11144=ORIENTED_EDGE('',*,*,#10770,.T.);
#11155=EDGE_CURVE($,#10594,#10761,#11160,.T.);
#11160=CIRCLE($,#11161,0.50799365);
#11161=AXIS2_PLACEMENT_3D($,#11090,#11163,#11164);
#11163=DIRECTION('',(1.0,0.0,0.0));
#11164=DIRECTION('',(0.0,0.707,-0.707));
#11154=ORIENTED_EDGE('',*,*,#11155,.F.);
#11165=ORIENTED_EDGE('',*,*,#10593,.T.);
#11134=EDGE_CURVE($,#10743,#10596,#11139,.T.);
#11139=CIRCLE($,#11140,0.50799365);
#11140=AXIS2_PLACEMENT_3D($,#11111,#11142,#11143);
#11142=DIRECTION('',(-1.0,0.0,0.0));
#11143=DIRECTION('',(0.0,-0.707,0.707));
#11133=ORIENTED_EDGE('',*,*,#11134,.F.);
#11175=STYLED_ITEM('color',(#34),#11176);
#11176=ADVANCED_FACE($,(#11182),#11177,.T.);
#11177=PLANE($,#11178);
#11178=AXIS2_PLACEMENT_3D($,#11179,#11180,#11181);
#11179=CARTESIAN_POINT('',(2.743,1.143,0.508));
#11180=DIRECTION('',(1.0,0.0,0.0));
#11181=DIRECTION('',(1.,0.,0.));
#11182=FACE_OUTER_BOUND($,#11183,.T.);
#11183=EDGE_LOOP($,(#11186, #11196, #11206, #11216, #11227, #11237, #11247, #11257));
#11186=ORIENTED_EDGE('',*,*,#10574,.T.);
#11196=ORIENTED_EDGE('',*,*,#10495,.T.);
#11206=ORIENTED_EDGE('',*,*,#10603,.T.);
#11216=ORIENTED_EDGE('',*,*,#11155,.T.);
#11227=ORIENTED_EDGE('',*,*,#10760,.T.);
#11237=ORIENTED_EDGE('',*,*,#10917,.T.);
#11247=ORIENTED_EDGE('',*,*,#10642,.T.);
#11257=ORIENTED_EDGE('',*,*,#11083,.T.);
#11268=STYLED_ITEM('color',(#34),#11269);
#11269=ADVANCED_FACE($,(#11275),#11270,.T.);
#11270=PLANE($,#11271);
#11271=AXIS2_PLACEMENT_3D($,#11272,#11273,#11274);
#11272=CARTESIAN_POINT('',(2.337,1.143,0.508));
#11273=DIRECTION('',(-1.0,0.0,0.0));
#11274=DIRECTION('',(-1.,0.,0.));
#11275=FACE_OUTER_BOUND($,#11276,.T.);
#11276=EDGE_LOOP($,(#11279, #11289, #11299, #11309, #11320, #11330, #11340, #11350));
#11279=ORIENTED_EDGE('',*,*,#10623,.T.);
#11289=ORIENTED_EDGE('',*,*,#10515,.T.);
#11299=ORIENTED_EDGE('',*,*,#10554,.T.);
#11309=ORIENTED_EDGE('',*,*,#11104,.T.);
#11320=ORIENTED_EDGE('',*,*,#10662,.T.);
#11330=ORIENTED_EDGE('',*,*,#10995,.T.);
#11340=ORIENTED_EDGE('',*,*,#10740,.T.);
#11350=ORIENTED_EDGE('',*,*,#11134,.T.);
#11361=MANIFOLD_SOLID_BREP($,#11362);
#11362=CLOSED_SHELL('',(#11366,#11415,#11464,#11513,#11562,#11611,#11660,#11709,#11758,#11807));
#11363=MANIFOLD_SOLID_BREP($,#11364);
#11364=CLOSED_SHELL('',(#11856,#11905,#11954,#12003,#12101,#12199,#12248,#12297,#12346,#12395,#12444,#12495,#12546,#12639));
#11365=STYLED_ITEM('',(#34),#11366);
#11366=ADVANCED_FACE('',(#11372),#11367,.T.);
#11367=PLANE('',#11368);
#11368=AXIS2_PLACEMENT_3D('',#11369,#11370,#11371);
#11369=CARTESIAN_POINT('',(1.372,1.245,5.969));
#11370=DIRECTION('',(0.0,0.0,1.0));
#11371=DIRECTION('',(0.,1.,0.));
#11372=FACE_OUTER_BOUND('',#11373,.T.);
#11373=EDGE_LOOP('',(#11374,#11384,#11394,#11404));
#11377=CARTESIAN_POINT('',(1.372,1.448,5.969));
#11376=VERTEX_POINT('',#11377);
#11379=CARTESIAN_POINT('',(1.372,1.245,5.969));
#11378=VERTEX_POINT('',#11379);
#11375=EDGE_CURVE('',#11376,#11378,#11380,.T.);
#11380=LINE('',#11377,#11382);
#11382=VECTOR('',#11383,0.203199997275109);
#11383=DIRECTION('',(0.0,-1.0,0.0));
#11374=ORIENTED_EDGE('',*,*,#11375,.F.);
#11387=CARTESIAN_POINT('',(1.168,1.448,5.969));
#11386=VERTEX_POINT('',#11387);
#11385=EDGE_CURVE('',#11386,#11376,#11390,.T.);
#11390=LINE('',#11387,#11392);
#11392=VECTOR('',#11393,0.203200008169614);
#11393=DIRECTION('',(1.0,0.0,0.0));
#11384=ORIENTED_EDGE('',*,*,#11385,.F.);
#11397=CARTESIAN_POINT('',(1.168,1.245,5.969));
#11396=VERTEX_POINT('',#11397);
#11395=EDGE_CURVE('',#11396,#11386,#11400,.T.);
#11400=LINE('',#11397,#11402);
#11402=VECTOR('',#11403,0.203199997275109);
#11403=DIRECTION('',(0.0,1.0,0.0));
#11394=ORIENTED_EDGE('',*,*,#11395,.F.);
#11405=EDGE_CURVE('',#11378,#11396,#11410,.T.);
#11410=LINE('',#11379,#11412);
#11412=VECTOR('',#11413,0.203199997280168);
#11413=DIRECTION('',(-1.0,0.0,0.0));
#11404=ORIENTED_EDGE('',*,*,#11405,.F.);
#11414=STYLED_ITEM('',(#34),#11415);
#11415=ADVANCED_FACE('',(#11421),#11416,.T.);
#11416=PLANE('',#11417);
#11417=AXIS2_PLACEMENT_3D('',#11418,#11419,#11420);
#11418=CARTESIAN_POINT('',(1.473,1.549,5.867));
#11419=DIRECTION('',(0.0,0.707,0.707));
#11420=DIRECTION('',(0.,0.,1.));
#11421=FACE_OUTER_BOUND('',#11422,.T.);
#11422=EDGE_LOOP('',(#11423,#11433,#11443,#11453));
#11426=CARTESIAN_POINT('',(1.067,1.549,5.867));
#11425=VERTEX_POINT('',#11426);
#11428=CARTESIAN_POINT('',(1.473,1.549,5.867));
#11427=VERTEX_POINT('',#11428);
#11424=EDGE_CURVE('',#11425,#11427,#11429,.T.);
#11429=LINE('',#11426,#11431);
#11431=VECTOR('',#11432,0.406400016339228);
#11432=DIRECTION('',(1.0,0.0,0.0));
#11423=ORIENTED_EDGE('',*,*,#11424,.F.);
#11434=EDGE_CURVE('',#11386,#11425,#11439,.T.);
#11439=LINE('',#11387,#11441);
#11441=VECTOR('',#11442,0.175976362048998);
#11442=DIRECTION('',(-0.577,0.577,-0.577));
#11433=ORIENTED_EDGE('',*,*,#11434,.F.);
#11443=ORIENTED_EDGE('',*,*,#11385,.T.);
#11454=EDGE_CURVE('',#11427,#11376,#11459,.T.);
#11459=LINE('',#11428,#11461);
#11461=VECTOR('',#11462,0.175976362048998);
#11462=DIRECTION('',(-0.577,-0.577,0.577));
#11453=ORIENTED_EDGE('',*,*,#11454,.F.);
#11463=STYLED_ITEM('',(#34),#11464);
#11464=ADVANCED_FACE('',(#11470),#11465,.T.);
#11465=PLANE('',#11466);
#11466=AXIS2_PLACEMENT_3D('',#11467,#11468,#11469);
#11467=CARTESIAN_POINT('',(1.067,1.549,5.867));
#11468=DIRECTION('',(-0.707,0.0,0.707));
#11469=DIRECTION('',(0.,0.,1.));
#11470=FACE_OUTER_BOUND('',#11471,.T.);
#11471=EDGE_LOOP('',(#11472,#11482,#11492,#11502));
#11475=CARTESIAN_POINT('',(1.067,1.143,5.867));
#11474=VERTEX_POINT('',#11475);
#11473=EDGE_CURVE('',#11474,#11425,#11478,.T.);
#11478=LINE('',#11475,#11480);
#11480=VECTOR('',#11481,0.406399994550218);
#11481=DIRECTION('',(0.0,1.0,0.0));
#11472=ORIENTED_EDGE('',*,*,#11473,.F.);
#11483=EDGE_CURVE('',#11396,#11474,#11488,.T.);
#11488=LINE('',#11397,#11490);
#11490=VECTOR('',#11491,0.175976362048998);
#11491=DIRECTION('',(-0.577,-0.577,-0.577));
#11482=ORIENTED_EDGE('',*,*,#11483,.F.);
#11492=ORIENTED_EDGE('',*,*,#11395,.T.);
#11502=ORIENTED_EDGE('',*,*,#11434,.T.);
#11512=STYLED_ITEM('',(#34),#11513);
#11513=ADVANCED_FACE('',(#11519),#11514,.T.);
#11514=PLANE('',#11515);
#11515=AXIS2_PLACEMENT_3D('',#11516,#11517,#11518);
#11516=CARTESIAN_POINT('',(1.067,1.143,5.867));
#11517=DIRECTION('',(0.0,-0.707,0.707));
#11518=DIRECTION('',(0.,0.,1.));
#11519=FACE_OUTER_BOUND('',#11520,.T.);
#11520=EDGE_LOOP('',(#11521,#11531,#11541,#11551));
#11524=CARTESIAN_POINT('',(1.473,1.143,5.867));
#11523=VERTEX_POINT('',#11524);
#11522=EDGE_CURVE('',#11523,#11474,#11527,.T.);
#11527=LINE('',#11524,#11529);
#11529=VECTOR('',#11530,0.406399994560336);
#11530=DIRECTION('',(-1.0,0.0,0.0));
#11521=ORIENTED_EDGE('',*,*,#11522,.F.);
#11532=EDGE_CURVE('',#11378,#11523,#11537,.T.);
#11537=LINE('',#11379,#11539);
#11539=VECTOR('',#11540,0.175976362048998);
#11540=DIRECTION('',(0.577,-0.577,-0.577));
#11531=ORIENTED_EDGE('',*,*,#11532,.F.);
#11541=ORIENTED_EDGE('',*,*,#11405,.T.);
#11551=ORIENTED_EDGE('',*,*,#11483,.T.);
#11561=STYLED_ITEM('',(#34),#11562);
#11562=ADVANCED_FACE('',(#11568),#11563,.T.);
#11563=PLANE('',#11564);
#11564=AXIS2_PLACEMENT_3D('',#11565,#11566,#11567);
#11565=CARTESIAN_POINT('',(1.473,1.143,5.867));
#11566=DIRECTION('',(0.707,0.0,0.707));
#11567=DIRECTION('',(0.,0.,1.));
#11568=FACE_OUTER_BOUND('',#11569,.T.);
#11569=EDGE_LOOP('',(#11570,#11580,#11590,#11600));
#11571=EDGE_CURVE('',#11427,#11523,#11576,.T.);
#11576=LINE('',#11428,#11578);
#11578=VECTOR('',#11579,0.406399994550218);
#11579=DIRECTION('',(0.0,-1.0,0.0));
#11570=ORIENTED_EDGE('',*,*,#11571,.F.);
#11580=ORIENTED_EDGE('',*,*,#11454,.T.);
#11590=ORIENTED_EDGE('',*,*,#11375,.T.);
#11600=ORIENTED_EDGE('',*,*,#11532,.T.);
#11610=STYLED_ITEM('',(#34),#11611);
#11611=ADVANCED_FACE('',(#11617),#11612,.T.);
#11612=PLANE('',#11613);
#11613=AXIS2_PLACEMENT_3D('',#11614,#11615,#11616);
#11614=CARTESIAN_POINT('',(1.473,1.549,2.438));
#11615=DIRECTION('',(0.0,1.0,0.0));
#11616=DIRECTION('',(0.,0.,1.));
#11617=FACE_OUTER_BOUND('',#11618,.T.);
#11618=EDGE_LOOP('',(#11619,#11629,#11639,#11649));
#11622=CARTESIAN_POINT('',(1.067,1.549,2.438));
#11621=VERTEX_POINT('',#11622);
#11624=CARTESIAN_POINT('',(1.473,1.549,2.438));
#11623=VERTEX_POINT('',#11624);
#11620=EDGE_CURVE('',#11621,#11623,#11625,.T.);
#11625=LINE('',#11622,#11627);
#11627=VECTOR('',#11628,0.406400016339228);
#11628=DIRECTION('',(1.0,0.0,0.0));
#11619=ORIENTED_EDGE('',*,*,#11620,.F.);
#11630=EDGE_CURVE('',#11425,#11621,#11635,.T.);
#11635=LINE('',#11426,#11637);
#11637=VECTOR('',#11638,3.4290254);
#11638=DIRECTION('',(0.0,0.0,-1.0));
#11629=ORIENTED_EDGE('',*,*,#11630,.F.);
#11639=ORIENTED_EDGE('',*,*,#11424,.T.);
#11650=EDGE_CURVE('',#11623,#11427,#11655,.T.);
#11655=LINE('',#11624,#11657);
#11657=VECTOR('',#11658,3.4290254);
#11658=DIRECTION('',(0.0,0.0,1.0));
#11649=ORIENTED_EDGE('',*,*,#11650,.F.);
#11659=STYLED_ITEM('',(#34),#11660);
#11660=ADVANCED_FACE('',(#11666),#11661,.T.);
#11661=PLANE('',#11662);
#11662=AXIS2_PLACEMENT_3D('',#11663,#11664,#11665);
#11663=CARTESIAN_POINT('',(1.067,1.549,2.438));
#11664=DIRECTION('',(-1.0,0.0,0.0));
#11665=DIRECTION('',(0.,0.,1.));
#11666=FACE_OUTER_BOUND('',#11667,.T.);
#11667=EDGE_LOOP('',(#11668,#11678,#11688,#11698));
#11671=CARTESIAN_POINT('',(1.067,1.143,2.438));
#11670=VERTEX_POINT('',#11671);
#11669=EDGE_CURVE('',#11670,#11621,#11674,.T.);
#11674=LINE('',#11671,#11676);
#11676=VECTOR('',#11677,0.406399994550218);
#11677=DIRECTION('',(0.0,1.0,0.0));
#11668=ORIENTED_EDGE('',*,*,#11669,.F.);
#11679=EDGE_CURVE('',#11474,#11670,#11684,.T.);
#11684=LINE('',#11475,#11686);
#11686=VECTOR('',#11687,3.4290254);
#11687=DIRECTION('',(0.0,0.0,-1.0));
#11678=ORIENTED_EDGE('',*,*,#11679,.F.);
#11688=ORIENTED_EDGE('',*,*,#11473,.T.);
#11698=ORIENTED_EDGE('',*,*,#11630,.T.);
#11708=STYLED_ITEM('',(#34),#11709);
#11709=ADVANCED_FACE('',(#11715),#11710,.T.);
#11710=PLANE('',#11711);
#11711=AXIS2_PLACEMENT_3D('',#11712,#11713,#11714);
#11712=CARTESIAN_POINT('',(1.067,1.143,2.438));
#11713=DIRECTION('',(0.0,-1.0,0.0));
#11714=DIRECTION('',(0.,0.,1.));
#11715=FACE_OUTER_BOUND('',#11716,.T.);
#11716=EDGE_LOOP('',(#11717,#11727,#11737,#11747));
#11720=CARTESIAN_POINT('',(1.473,1.143,2.438));
#11719=VERTEX_POINT('',#11720);
#11718=EDGE_CURVE('',#11719,#11670,#11723,.T.);
#11723=LINE('',#11720,#11725);
#11725=VECTOR('',#11726,0.406399994560336);
#11726=DIRECTION('',(-1.0,0.0,0.0));
#11717=ORIENTED_EDGE('',*,*,#11718,.F.);
#11728=EDGE_CURVE('',#11523,#11719,#11733,.T.);
#11733=LINE('',#11524,#11735);
#11735=VECTOR('',#11736,3.4290254);
#11736=DIRECTION('',(0.0,0.0,-1.0));
#11727=ORIENTED_EDGE('',*,*,#11728,.F.);
#11737=ORIENTED_EDGE('',*,*,#11522,.T.);
#11747=ORIENTED_EDGE('',*,*,#11679,.T.);
#11757=STYLED_ITEM('',(#34),#11758);
#11758=ADVANCED_FACE('',(#11764),#11759,.T.);
#11759=PLANE('',#11760);
#11760=AXIS2_PLACEMENT_3D('',#11761,#11762,#11763);
#11761=CARTESIAN_POINT('',(1.473,1.143,2.438));
#11762=DIRECTION('',(1.0,0.0,0.0));
#11763=DIRECTION('',(0.,0.,1.));
#11764=FACE_OUTER_BOUND('',#11765,.T.);
#11765=EDGE_LOOP('',(#11766,#11776,#11786,#11796));
#11767=EDGE_CURVE('',#11623,#11719,#11772,.T.);
#11772=LINE('',#11624,#11774);
#11774=VECTOR('',#11775,0.406399994550218);
#11775=DIRECTION('',(0.0,-1.0,0.0));
#11766=ORIENTED_EDGE('',*,*,#11767,.F.);
#11776=ORIENTED_EDGE('',*,*,#11650,.T.);
#11786=ORIENTED_EDGE('',*,*,#11571,.T.);
#11796=ORIENTED_EDGE('',*,*,#11728,.T.);
#11806=STYLED_ITEM('',(#34),#11807);
#11807=ADVANCED_FACE('',(#11813),#11808,.T.);
#11808=PLANE('',#11809);
#11809=AXIS2_PLACEMENT_3D('',#11810,#11811,#11812);
#11810=CARTESIAN_POINT('',(1.067,1.143,2.438));
#11811=DIRECTION('',(0.0,0.0,-1.0));
#11812=DIRECTION('',(0.,1.,0.));
#11813=FACE_OUTER_BOUND('',#11814,.T.);
#11814=EDGE_LOOP('',(#11815,#11825,#11835,#11845));
#11815=ORIENTED_EDGE('',*,*,#11669,.T.);
#11825=ORIENTED_EDGE('',*,*,#11620,.T.);
#11835=ORIENTED_EDGE('',*,*,#11767,.T.);
#11845=ORIENTED_EDGE('',*,*,#11718,.T.);
#11855=STYLED_ITEM('',(#34),#11856);
#11856=ADVANCED_FACE('',(#11862),#11857,.T.);
#11857=PLANE('',#11858);
#11858=AXIS2_PLACEMENT_3D('',#11859,#11860,#11861);
#11859=CARTESIAN_POINT('',(1.473,1.143,0.61));
#11860=DIRECTION('',(0.0,0.0,1.0));
#11861=DIRECTION('',(0.,1.,0.));
#11862=FACE_OUTER_BOUND('',#11863,.T.);
#11863=EDGE_LOOP('',(#11864,#11874,#11884,#11894));
#11867=CARTESIAN_POINT('',(1.473,1.549,0.61));
#11866=VERTEX_POINT('',#11867);
#11869=CARTESIAN_POINT('',(1.473,1.143,0.61));
#11868=VERTEX_POINT('',#11869);
#11865=EDGE_CURVE('',#11866,#11868,#11870,.T.);
#11870=LINE('',#11867,#11872);
#11872=VECTOR('',#11873,0.406399994550218);
#11873=DIRECTION('',(0.0,-1.0,0.0));
#11864=ORIENTED_EDGE('',*,*,#11865,.F.);
#11877=CARTESIAN_POINT('',(1.067,1.549,0.61));
#11876=VERTEX_POINT('',#11877);
#11875=EDGE_CURVE('',#11876,#11866,#11880,.T.);
#11880=LINE('',#11877,#11882);
#11882=VECTOR('',#11883,0.406400016339228);
#11883=DIRECTION('',(1.0,0.0,0.0));
#11874=ORIENTED_EDGE('',*,*,#11875,.F.);
#11887=CARTESIAN_POINT('',(1.067,1.143,0.61));
#11886=VERTEX_POINT('',#11887);
#11885=EDGE_CURVE('',#11886,#11876,#11890,.T.);
#11890=LINE('',#11887,#11892);
#11892=VECTOR('',#11893,0.406399994550218);
#11893=DIRECTION('',(0.0,1.0,0.0));
#11884=ORIENTED_EDGE('',*,*,#11885,.F.);
#11895=EDGE_CURVE('',#11868,#11886,#11900,.T.);
#11900=LINE('',#11869,#11902);
#11902=VECTOR('',#11903,0.406399994560336);
#11903=DIRECTION('',(-1.0,0.0,0.0));
#11894=ORIENTED_EDGE('',*,*,#11895,.F.);
#11904=STYLED_ITEM('',(#34),#11905);
#11905=ADVANCED_FACE('',(#11911),#11906,.T.);
#11906=PLANE('',#11907);
#11907=AXIS2_PLACEMENT_3D('',#11908,#11909,#11910);
#11908=CARTESIAN_POINT('',(1.473,1.549,0.508));
#11909=DIRECTION('',(0.0,1.0,0.0));
#11910=DIRECTION('',(0.,0.,1.));
#11911=FACE_OUTER_BOUND('',#11912,.T.);
#11912=EDGE_LOOP('',(#11913,#11923,#11933,#11943));
#11916=CARTESIAN_POINT('',(1.067,1.549,0.508));
#11915=VERTEX_POINT('',#11916);
#11918=CARTESIAN_POINT('',(1.473,1.549,0.508));
#11917=VERTEX_POINT('',#11918);
#11914=EDGE_CURVE('',#11915,#11917,#11919,.T.);
#11919=LINE('',#11916,#11921);
#11921=VECTOR('',#11922,0.406400016339228);
#11922=DIRECTION('',(1.0,0.0,0.0));
#11913=ORIENTED_EDGE('',*,*,#11914,.F.);
#11924=EDGE_CURVE('',#11876,#11915,#11929,.T.);
#11929=LINE('',#11877,#11931);
#11931=VECTOR('',#11932,0.10159365);
#11932=DIRECTION('',(0.0,0.0,-1.0));
#11923=ORIENTED_EDGE('',*,*,#11924,.F.);
#11933=ORIENTED_EDGE('',*,*,#11875,.T.);
#11944=EDGE_CURVE('',#11917,#11866,#11949,.T.);
#11949=LINE('',#11918,#11951);
#11951=VECTOR('',#11952,0.10159365);
#11952=DIRECTION('',(0.0,0.0,1.0));
#11943=ORIENTED_EDGE('',*,*,#11944,.F.);
#11953=STYLED_ITEM('',(#34),#11954);
#11954=ADVANCED_FACE('',(#11960),#11955,.T.);
#11955=PLANE('',#11956);
#11956=AXIS2_PLACEMENT_3D('',#11957,#11958,#11959);
#11957=CARTESIAN_POINT('',(1.067,1.143,0.508));
#11958=DIRECTION('',(0.0,-1.0,0.0));
#11959=DIRECTION('',(0.,0.,1.));
#11960=FACE_OUTER_BOUND('',#11961,.T.);
#11961=EDGE_LOOP('',(#11962,#11972,#11982,#11992));
#11965=CARTESIAN_POINT('',(1.473,1.143,0.508));
#11964=VERTEX_POINT('',#11965);
#11967=CARTESIAN_POINT('',(1.067,1.143,0.508));
#11966=VERTEX_POINT('',#11967);
#11963=EDGE_CURVE('',#11964,#11966,#11968,.T.);
#11968=LINE('',#11965,#11970);
#11970=VECTOR('',#11971,0.406399994560336);
#11971=DIRECTION('',(-1.0,0.0,0.0));
#11962=ORIENTED_EDGE('',*,*,#11963,.F.);
#11973=EDGE_CURVE('',#11868,#11964,#11978,.T.);
#11978=LINE('',#11869,#11980);
#11980=VECTOR('',#11981,0.10159365);
#11981=DIRECTION('',(0.0,0.0,-1.0));
#11972=ORIENTED_EDGE('',*,*,#11973,.F.);
#11982=ORIENTED_EDGE('',*,*,#11895,.T.);
#11993=EDGE_CURVE('',#11966,#11886,#11998,.T.);
#11998=LINE('',#11967,#12000);
#12000=VECTOR('',#12001,0.10159365);
#12001=DIRECTION('',(0.0,0.0,1.0));
#11992=ORIENTED_EDGE('',*,*,#11993,.F.);
#12002=STYLED_ITEM('',(#34),#12003);
#12003=ADVANCED_FACE('',(#12009),#12004,.T.);
#12004=PLANE('',#12005);
#12005=AXIS2_PLACEMENT_3D('',#12006,#12007,#12008);
#12006=CARTESIAN_POINT('',(1.473,1.651,0.406));
#12007=DIRECTION('',(0.0,0.0,1.0));
#12008=DIRECTION('',(0.,1.,0.));
#12009=FACE_OUTER_BOUND('',#12010,.T.);
#12010=EDGE_LOOP('',(#12011,#12021,#12031,#12041));
#12014=CARTESIAN_POINT('',(1.473,3.023,0.406));
#12013=VERTEX_POINT('',#12014);
#12016=CARTESIAN_POINT('',(1.473,1.651,0.406));
#12015=VERTEX_POINT('',#12016);
#12012=EDGE_CURVE('',#12013,#12015,#12017,.T.);
#12017=LINE('',#12014,#12019);
#12019=VECTOR('',#12020,1.37160634838144);
#12020=DIRECTION('',(0.0,-1.0,0.0));
#12011=ORIENTED_EDGE('',*,*,#12012,.F.);
#12024=CARTESIAN_POINT('',(1.067,3.023,0.406));
#12023=VERTEX_POINT('',#12024);
#12022=EDGE_CURVE('',#12023,#12013,#12027,.T.);
#12027=LINE('',#12024,#12029);
#12029=VECTOR('',#12030,0.406400172783486);
#12030=DIRECTION('',(1.0,0.0,0.0));
#12021=ORIENTED_EDGE('',*,*,#12022,.F.);
#12034=CARTESIAN_POINT('',(1.067,1.651,0.406));
#12033=VERTEX_POINT('',#12034);
#12032=EDGE_CURVE('',#12033,#12023,#12037,.T.);
#12037=LINE('',#12034,#12039);
#12039=VECTOR('',#12040,1.37160634838143);
#12040=DIRECTION('',(0.0,1.0,0.0));
#12031=ORIENTED_EDGE('',*,*,#12032,.F.);
#12042=EDGE_CURVE('',#12015,#12033,#12047,.T.);
#12047=LINE('',#12016,#12049);
#12049=VECTOR('',#12050,0.406400026558929);
#12050=DIRECTION('',(-1.0,0.0,0.0));
#12041=ORIENTED_EDGE('',*,*,#12042,.F.);
#12100=STYLED_ITEM('',(#34),#12101);
#12101=ADVANCED_FACE('',(#12107),#12102,.T.);
#12102=PLANE('',#12103);
#12103=AXIS2_PLACEMENT_3D('',#12104,#12105,#12106);
#12104=CARTESIAN_POINT('',(1.067,1.651,0.0));
#12105=DIRECTION('',(0.0,0.0,-1.0));
#12106=DIRECTION('',(0.,1.,0.));
#12107=FACE_OUTER_BOUND('',#12108,.T.);
#12108=EDGE_LOOP('',(#12109,#12119,#12129,#12139));
#12112=CARTESIAN_POINT('',(1.067,3.023,0.0));
#12111=VERTEX_POINT('',#12112);
#12114=CARTESIAN_POINT('',(1.067,1.651,0.0));
#12113=VERTEX_POINT('',#12114);
#12110=EDGE_CURVE('',#12111,#12113,#12115,.T.);
#12115=LINE('',#12112,#12117);
#12117=VECTOR('',#12118,1.37160634838143);
#12118=DIRECTION('',(0.0,-1.0,0.0));
#12109=ORIENTED_EDGE('',*,*,#12110,.F.);
#12122=CARTESIAN_POINT('',(1.473,3.023,0.0));
#12121=VERTEX_POINT('',#12122);
#12120=EDGE_CURVE('',#12121,#12111,#12125,.T.);
#12125=LINE('',#12122,#12127);
#12127=VECTOR('',#12128,0.406400172783486);
#12128=DIRECTION('',(-1.0,0.0,0.0));
#12119=ORIENTED_EDGE('',*,*,#12120,.F.);
#12132=CARTESIAN_POINT('',(1.473,1.651,0.0));
#12131=VERTEX_POINT('',#12132);
#12130=EDGE_CURVE('',#12131,#12121,#12135,.T.);
#12135=LINE('',#12132,#12137);
#12137=VECTOR('',#12138,1.37160634838144);
#12138=DIRECTION('',(0.0,1.0,0.0));
#12129=ORIENTED_EDGE('',*,*,#12130,.F.);
#12140=EDGE_CURVE('',#12113,#12131,#12145,.T.);
#12145=LINE('',#12114,#12147);
#12147=VECTOR('',#12148,0.406400026558929);
#12148=DIRECTION('',(1.0,0.0,0.0));
#12139=ORIENTED_EDGE('',*,*,#12140,.F.);
#12198=STYLED_ITEM('',(#34),#12199);
#12199=ADVANCED_FACE('',(#12205),#12200,.T.);
#12200=PLANE('',#12201);
#12201=AXIS2_PLACEMENT_3D('',#12202,#12203,#12204);
#12202=CARTESIAN_POINT('',(1.372,3.124,0.305));
#12203=DIRECTION('',(0.0,0.707,0.707));
#12204=DIRECTION('',(0.,0.,1.));
#12205=FACE_OUTER_BOUND('',#12206,.T.);
#12206=EDGE_LOOP('',(#12207,#12217,#12227,#12237));
#12210=CARTESIAN_POINT('',(1.168,3.124,0.305));
#12209=VERTEX_POINT('',#12210);
#12212=CARTESIAN_POINT('',(1.372,3.124,0.305));
#12211=VERTEX_POINT('',#12212);
#12208=EDGE_CURVE('',#12209,#12211,#12213,.T.);
#12213=LINE('',#12210,#12215);
#12215=VECTOR('',#12216,0.203200187106069);
#12216=DIRECTION('',(1.0,0.0,0.0));
#12207=ORIENTED_EDGE('',*,*,#12208,.F.);
#12218=EDGE_CURVE('',#12023,#12209,#12223,.T.);
#12223=LINE('',#12024,#12225);
#12225=VECTOR('',#12226,0.175976360873829);
#12226=DIRECTION('',(0.577,0.577,-0.577));
#12217=ORIENTED_EDGE('',*,*,#12218,.F.);
#12227=ORIENTED_EDGE('',*,*,#12022,.T.);
#12238=EDGE_CURVE('',#12211,#12013,#12243,.T.);
#12243=LINE('',#12212,#12245);
#12245=VECTOR('',#12246,0.175976360873828);
#12246=DIRECTION('',(0.577,-0.577,0.577));
#12237=ORIENTED_EDGE('',*,*,#12238,.F.);
#12247=STYLED_ITEM('',(#34),#12248);
#12248=ADVANCED_FACE('',(#12254),#12249,.T.);
#12249=PLANE('',#12250);
#12250=AXIS2_PLACEMENT_3D('',#12251,#12252,#12253);
#12251=CARTESIAN_POINT('',(1.473,3.023,0.0));
#12252=DIRECTION('',(0.707,0.707,0.0));
#12253=DIRECTION('',(0.,0.,1.));
#12254=FACE_OUTER_BOUND('',#12255,.T.);
#12255=EDGE_LOOP('',(#12256,#12266,#12276,#12286));
#12259=CARTESIAN_POINT('',(1.372,3.124,0.102));
#12258=VERTEX_POINT('',#12259);
#12257=EDGE_CURVE('',#12258,#12121,#12262,.T.);
#12262=LINE('',#12259,#12264);
#12264=VECTOR('',#12265,0.175976360873828);
#12265=DIRECTION('',(0.577,-0.577,-0.577));
#12256=ORIENTED_EDGE('',*,*,#12257,.F.);
#12267=EDGE_CURVE('',#12211,#12258,#12272,.T.);
#12272=LINE('',#12212,#12274);
#12274=VECTOR('',#12275,0.2032);
#12275=DIRECTION('',(0.0,0.0,-1.0));
#12266=ORIENTED_EDGE('',*,*,#12267,.F.);
#12276=ORIENTED_EDGE('',*,*,#12238,.T.);
#12287=EDGE_CURVE('',#12121,#12013,#12292,.T.);
#12292=LINE('',#12122,#12294);
#12294=VECTOR('',#12295,0.4064);
#12295=DIRECTION('',(0.0,0.0,1.0));
#12286=ORIENTED_EDGE('',*,*,#12287,.F.);
#12296=STYLED_ITEM('',(#34),#12297);
#12297=ADVANCED_FACE('',(#12303),#12298,.T.);
#12298=PLANE('',#12299);
#12299=AXIS2_PLACEMENT_3D('',#12300,#12301,#12302);
#12300=CARTESIAN_POINT('',(1.473,3.023,0.0));
#12301=DIRECTION('',(0.0,0.707,-0.707));
#12302=DIRECTION('',(0.,0.,1.));
#12303=FACE_OUTER_BOUND('',#12304,.T.);
#12304=EDGE_LOOP('',(#12305,#12315,#12325,#12335));
#12305=ORIENTED_EDGE('',*,*,#12120,.T.);
#12318=CARTESIAN_POINT('',(1.168,3.124,0.102));
#12317=VERTEX_POINT('',#12318);
#12316=EDGE_CURVE('',#12317,#12111,#12321,.T.);
#12321=LINE('',#12318,#12323);
#12323=VECTOR('',#12324,0.175976360873829);
#12324=DIRECTION('',(-0.577,-0.577,-0.577));
#12315=ORIENTED_EDGE('',*,*,#12316,.F.);
#12326=EDGE_CURVE('',#12258,#12317,#12331,.T.);
#12331=LINE('',#12259,#12333);
#12333=VECTOR('',#12334,0.203200187106069);
#12334=DIRECTION('',(-1.0,0.0,0.0));
#12325=ORIENTED_EDGE('',*,*,#12326,.F.);
#12335=ORIENTED_EDGE('',*,*,#12257,.T.);
#12345=STYLED_ITEM('',(#34),#12346);
#12346=ADVANCED_FACE('',(#12352),#12347,.T.);
#12347=PLANE('',#12348);
#12348=AXIS2_PLACEMENT_3D('',#12349,#12350,#12351);
#12349=CARTESIAN_POINT('',(1.168,3.124,0.102));
#12350=DIRECTION('',(-0.707,0.707,0.0));
#12351=DIRECTION('',(0.,0.,1.));
#12352=FACE_OUTER_BOUND('',#12353,.T.);
#12353=EDGE_LOOP('',(#12354,#12364,#12374,#12384));
#12354=ORIENTED_EDGE('',*,*,#12316,.T.);
#12365=EDGE_CURVE('',#12023,#12111,#12370,.T.);
#12370=LINE('',#12024,#12372);
#12372=VECTOR('',#12373,0.4064);
#12373=DIRECTION('',(0.0,0.0,-1.0));
#12364=ORIENTED_EDGE('',*,*,#12365,.F.);
#12374=ORIENTED_EDGE('',*,*,#12218,.T.);
#12385=EDGE_CURVE('',#12317,#12209,#12390,.T.);
#12390=LINE('',#12318,#12392);
#12392=VECTOR('',#12393,0.2032);
#12393=DIRECTION('',(0.0,0.0,1.0));
#12384=ORIENTED_EDGE('',*,*,#12385,.F.);
#12394=STYLED_ITEM('',(#34),#12395);
#12395=ADVANCED_FACE('',(#12401),#12396,.T.);
#12396=PLANE('',#12397);
#12397=AXIS2_PLACEMENT_3D('',#12398,#12399,#12400);
#12398=CARTESIAN_POINT('',(1.372,3.124,0.102));
#12399=DIRECTION('',(0.0,1.0,0.0));
#12400=DIRECTION('',(0.,0.,1.));
#12401=FACE_OUTER_BOUND('',#12402,.T.);
#12402=EDGE_LOOP('',(#12403,#12413,#12423,#12433));
#12403=ORIENTED_EDGE('',*,*,#12326,.T.);
#12413=ORIENTED_EDGE('',*,*,#12385,.T.);
#12423=ORIENTED_EDGE('',*,*,#12208,.T.);
#12433=ORIENTED_EDGE('',*,*,#12267,.T.);
#12443=STYLED_ITEM($,(#34),#12444);
#12444=ADVANCED_FACE($,(#12450),#12445,.F.);
#12445=CYLINDRICAL_SURFACE($,#12446,0.10159365);
#12446=AXIS2_PLACEMENT_3D($,#12447,#12448,#12449);
#12447=CARTESIAN_POINT('',(1.473,1.651,0.508));
#12448=DIRECTION('',(1.0,0.0,0.0));
#12449=DIRECTION('',(0.,0.,1.));
#12450=FACE_OUTER_BOUND($,#12451,.T.);
#12451=EDGE_LOOP($,(#12463,#12473,#12484,#12452));
#12463=ORIENTED_EDGE('',*,*,#12042,.T.);
#12474=EDGE_CURVE($,#11915,#12033,#12479,.T.);
#12479=CIRCLE($,#12480,0.10159365);
#12481=CARTESIAN_POINT('',(1.067,1.651,0.508));
#12480=AXIS2_PLACEMENT_3D($,#12481,#12482,#12483);
#12482=DIRECTION('',(1.0,0.0,0.0));
#12483=DIRECTION('',(0.0,0.707,-0.707));
#12473=ORIENTED_EDGE('',*,*,#12474,.F.);
#12484=ORIENTED_EDGE('',*,*,#11914,.T.);
#12453=EDGE_CURVE($,#12015,#11917,#12458,.T.);
#12458=CIRCLE($,#12459,0.10159365);
#12460=CARTESIAN_POINT('',(1.473,1.651,0.508));
#12459=AXIS2_PLACEMENT_3D($,#12460,#12461,#12462);
#12461=DIRECTION('',(-1.0,0.0,0.0));
#12462=DIRECTION('',(0.0,-0.707,0.707));
#12452=ORIENTED_EDGE('',*,*,#12453,.F.);
#12494=STYLED_ITEM($,(#34),#12495);
#12495=ADVANCED_FACE($,(#12501),#12496,.T.);
#12496=CYLINDRICAL_SURFACE($,#12497,0.50799365);
#12497=AXIS2_PLACEMENT_3D($,#12498,#12499,#12500);
#12498=CARTESIAN_POINT('',(1.473,1.651,0.508));
#12499=DIRECTION('',(-1.0,0.0,0.0));
#12500=DIRECTION('',(0.,0.,1.));
#12501=FACE_OUTER_BOUND($,#12502,.T.);
#12502=EDGE_LOOP($,(#12514,#12524,#12535,#12503));
#12514=ORIENTED_EDGE('',*,*,#12140,.T.);
#12525=EDGE_CURVE($,#11964,#12131,#12530,.T.);
#12530=CIRCLE($,#12531,0.50799365);
#12531=AXIS2_PLACEMENT_3D($,#12460,#12533,#12534);
#12533=DIRECTION('',(1.0,0.0,0.0));
#12534=DIRECTION('',(0.0,0.707,-0.707));
#12524=ORIENTED_EDGE('',*,*,#12525,.F.);
#12535=ORIENTED_EDGE('',*,*,#11963,.T.);
#12504=EDGE_CURVE($,#12113,#11966,#12509,.T.);
#12509=CIRCLE($,#12510,0.50799365);
#12510=AXIS2_PLACEMENT_3D($,#12481,#12512,#12513);
#12512=DIRECTION('',(-1.0,0.0,0.0));
#12513=DIRECTION('',(0.0,-0.707,0.707));
#12503=ORIENTED_EDGE('',*,*,#12504,.F.);
#12545=STYLED_ITEM('color',(#34),#12546);
#12546=ADVANCED_FACE($,(#12552),#12547,.T.);
#12547=PLANE($,#12548);
#12548=AXIS2_PLACEMENT_3D($,#12549,#12550,#12551);
#12549=CARTESIAN_POINT('',(1.473,1.143,0.508));
#12550=DIRECTION('',(1.0,0.0,0.0));
#12551=DIRECTION('',(1.,0.,0.));
#12552=FACE_OUTER_BOUND($,#12553,.T.);
#12553=EDGE_LOOP($,(#12556, #12566, #12576, #12586, #12597, #12607, #12617, #12627));
#12556=ORIENTED_EDGE('',*,*,#11944,.T.);
#12566=ORIENTED_EDGE('',*,*,#11865,.T.);
#12576=ORIENTED_EDGE('',*,*,#11973,.T.);
#12586=ORIENTED_EDGE('',*,*,#12525,.T.);
#12597=ORIENTED_EDGE('',*,*,#12130,.T.);
#12607=ORIENTED_EDGE('',*,*,#12287,.T.);
#12617=ORIENTED_EDGE('',*,*,#12012,.T.);
#12627=ORIENTED_EDGE('',*,*,#12453,.T.);
#12638=STYLED_ITEM('color',(#34),#12639);
#12639=ADVANCED_FACE($,(#12645),#12640,.T.);
#12640=PLANE($,#12641);
#12641=AXIS2_PLACEMENT_3D($,#12642,#12643,#12644);
#12642=CARTESIAN_POINT('',(1.067,1.143,0.508));
#12643=DIRECTION('',(-1.0,0.0,0.0));
#12644=DIRECTION('',(-1.,0.,0.));
#12645=FACE_OUTER_BOUND($,#12646,.T.);
#12646=EDGE_LOOP($,(#12649, #12659, #12669, #12679, #12690, #12700, #12710, #12720));
#12649=ORIENTED_EDGE('',*,*,#11993,.T.);
#12659=ORIENTED_EDGE('',*,*,#11885,.T.);
#12669=ORIENTED_EDGE('',*,*,#11924,.T.);
#12679=ORIENTED_EDGE('',*,*,#12474,.T.);
#12690=ORIENTED_EDGE('',*,*,#12032,.T.);
#12700=ORIENTED_EDGE('',*,*,#12365,.T.);
#12710=ORIENTED_EDGE('',*,*,#12110,.T.);
#12720=ORIENTED_EDGE('',*,*,#12504,.T.);
#12731=MANIFOLD_SOLID_BREP($,#12732);
#12732=CLOSED_SHELL('',(#12736,#12785,#12834,#12883,#12932,#12981,#13030,#13079,#13128,#13177));
#12733=MANIFOLD_SOLID_BREP($,#12734);
#12734=CLOSED_SHELL('',(#13226,#13275,#13324,#13373,#13471,#13569,#13618,#13667,#13716,#13765,#13814,#13865,#13916,#14009));
#12735=STYLED_ITEM('',(#34),#12736);
#12736=ADVANCED_FACE('',(#12742),#12737,.T.);
#12737=PLANE('',#12738);
#12738=AXIS2_PLACEMENT_3D('',#12739,#12740,#12741);
#12739=CARTESIAN_POINT('',(0.102,1.245,5.969));
#12740=DIRECTION('',(0.0,0.0,1.0));
#12741=DIRECTION('',(0.,1.,0.));
#12742=FACE_OUTER_BOUND('',#12743,.T.);
#12743=EDGE_LOOP('',(#12744,#12754,#12764,#12774));
#12747=CARTESIAN_POINT('',(0.102,1.448,5.969));
#12746=VERTEX_POINT('',#12747);
#12749=CARTESIAN_POINT('',(0.102,1.245,5.969));
#12748=VERTEX_POINT('',#12749);
#12745=EDGE_CURVE('',#12746,#12748,#12750,.T.);
#12750=LINE('',#12747,#12752);
#12752=VECTOR('',#12753,0.203199997275109);
#12753=DIRECTION('',(0.0,-1.0,0.0));
#12744=ORIENTED_EDGE('',*,*,#12745,.F.);
#12757=CARTESIAN_POINT('',(-0.102,1.448,5.969));
#12756=VERTEX_POINT('',#12757);
#12755=EDGE_CURVE('',#12756,#12746,#12760,.T.);
#12760=LINE('',#12757,#12762);
#12762=VECTOR('',#12763,0.203200008169614);
#12763=DIRECTION('',(1.0,0.0,0.0));
#12754=ORIENTED_EDGE('',*,*,#12755,.F.);
#12767=CARTESIAN_POINT('',(-0.102,1.245,5.969));
#12766=VERTEX_POINT('',#12767);
#12765=EDGE_CURVE('',#12766,#12756,#12770,.T.);
#12770=LINE('',#12767,#12772);
#12772=VECTOR('',#12773,0.203199997275109);
#12773=DIRECTION('',(0.0,1.0,0.0));
#12764=ORIENTED_EDGE('',*,*,#12765,.F.);
#12775=EDGE_CURVE('',#12748,#12766,#12780,.T.);
#12780=LINE('',#12749,#12782);
#12782=VECTOR('',#12783,0.203199997280168);
#12783=DIRECTION('',(-1.0,0.0,0.0));
#12774=ORIENTED_EDGE('',*,*,#12775,.F.);
#12784=STYLED_ITEM('',(#34),#12785);
#12785=ADVANCED_FACE('',(#12791),#12786,.T.);
#12786=PLANE('',#12787);
#12787=AXIS2_PLACEMENT_3D('',#12788,#12789,#12790);
#12788=CARTESIAN_POINT('',(0.203,1.549,5.867));
#12789=DIRECTION('',(0.0,0.707,0.707));
#12790=DIRECTION('',(0.,0.,1.));
#12791=FACE_OUTER_BOUND('',#12792,.T.);
#12792=EDGE_LOOP('',(#12793,#12803,#12813,#12823));
#12796=CARTESIAN_POINT('',(-0.203,1.549,5.867));
#12795=VERTEX_POINT('',#12796);
#12798=CARTESIAN_POINT('',(0.203,1.549,5.867));
#12797=VERTEX_POINT('',#12798);
#12794=EDGE_CURVE('',#12795,#12797,#12799,.T.);
#12799=LINE('',#12796,#12801);
#12801=VECTOR('',#12802,0.406400016339228);
#12802=DIRECTION('',(1.0,0.0,0.0));
#12793=ORIENTED_EDGE('',*,*,#12794,.F.);
#12804=EDGE_CURVE('',#12756,#12795,#12809,.T.);
#12809=LINE('',#12757,#12811);
#12811=VECTOR('',#12812,0.175976362048998);
#12812=DIRECTION('',(-0.577,0.577,-0.577));
#12803=ORIENTED_EDGE('',*,*,#12804,.F.);
#12813=ORIENTED_EDGE('',*,*,#12755,.T.);
#12824=EDGE_CURVE('',#12797,#12746,#12829,.T.);
#12829=LINE('',#12798,#12831);
#12831=VECTOR('',#12832,0.175976362048998);
#12832=DIRECTION('',(-0.577,-0.577,0.577));
#12823=ORIENTED_EDGE('',*,*,#12824,.F.);
#12833=STYLED_ITEM('',(#34),#12834);
#12834=ADVANCED_FACE('',(#12840),#12835,.T.);
#12835=PLANE('',#12836);
#12836=AXIS2_PLACEMENT_3D('',#12837,#12838,#12839);
#12837=CARTESIAN_POINT('',(-0.203,1.549,5.867));
#12838=DIRECTION('',(-0.707,0.0,0.707));
#12839=DIRECTION('',(0.,0.,1.));
#12840=FACE_OUTER_BOUND('',#12841,.T.);
#12841=EDGE_LOOP('',(#12842,#12852,#12862,#12872));
#12845=CARTESIAN_POINT('',(-0.203,1.143,5.867));
#12844=VERTEX_POINT('',#12845);
#12843=EDGE_CURVE('',#12844,#12795,#12848,.T.);
#12848=LINE('',#12845,#12850);
#12850=VECTOR('',#12851,0.406399994550218);
#12851=DIRECTION('',(0.0,1.0,0.0));
#12842=ORIENTED_EDGE('',*,*,#12843,.F.);
#12853=EDGE_CURVE('',#12766,#12844,#12858,.T.);
#12858=LINE('',#12767,#12860);
#12860=VECTOR('',#12861,0.175976362048998);
#12861=DIRECTION('',(-0.577,-0.577,-0.577));
#12852=ORIENTED_EDGE('',*,*,#12853,.F.);
#12862=ORIENTED_EDGE('',*,*,#12765,.T.);
#12872=ORIENTED_EDGE('',*,*,#12804,.T.);
#12882=STYLED_ITEM('',(#34),#12883);
#12883=ADVANCED_FACE('',(#12889),#12884,.T.);
#12884=PLANE('',#12885);
#12885=AXIS2_PLACEMENT_3D('',#12886,#12887,#12888);
#12886=CARTESIAN_POINT('',(-0.203,1.143,5.867));
#12887=DIRECTION('',(0.0,-0.707,0.707));
#12888=DIRECTION('',(0.,0.,1.));
#12889=FACE_OUTER_BOUND('',#12890,.T.);
#12890=EDGE_LOOP('',(#12891,#12901,#12911,#12921));
#12894=CARTESIAN_POINT('',(0.203,1.143,5.867));
#12893=VERTEX_POINT('',#12894);
#12892=EDGE_CURVE('',#12893,#12844,#12897,.T.);
#12897=LINE('',#12894,#12899);
#12899=VECTOR('',#12900,0.406399994560336);
#12900=DIRECTION('',(-1.0,0.0,0.0));
#12891=ORIENTED_EDGE('',*,*,#12892,.F.);
#12902=EDGE_CURVE('',#12748,#12893,#12907,.T.);
#12907=LINE('',#12749,#12909);
#12909=VECTOR('',#12910,0.175976362048998);
#12910=DIRECTION('',(0.577,-0.577,-0.577));
#12901=ORIENTED_EDGE('',*,*,#12902,.F.);
#12911=ORIENTED_EDGE('',*,*,#12775,.T.);
#12921=ORIENTED_EDGE('',*,*,#12853,.T.);
#12931=STYLED_ITEM('',(#34),#12932);
#12932=ADVANCED_FACE('',(#12938),#12933,.T.);
#12933=PLANE('',#12934);
#12934=AXIS2_PLACEMENT_3D('',#12935,#12936,#12937);
#12935=CARTESIAN_POINT('',(0.203,1.143,5.867));
#12936=DIRECTION('',(0.707,0.0,0.707));
#12937=DIRECTION('',(0.,0.,1.));
#12938=FACE_OUTER_BOUND('',#12939,.T.);
#12939=EDGE_LOOP('',(#12940,#12950,#12960,#12970));
#12941=EDGE_CURVE('',#12797,#12893,#12946,.T.);
#12946=LINE('',#12798,#12948);
#12948=VECTOR('',#12949,0.406399994550218);
#12949=DIRECTION('',(0.0,-1.0,0.0));
#12940=ORIENTED_EDGE('',*,*,#12941,.F.);
#12950=ORIENTED_EDGE('',*,*,#12824,.T.);
#12960=ORIENTED_EDGE('',*,*,#12745,.T.);
#12970=ORIENTED_EDGE('',*,*,#12902,.T.);
#12980=STYLED_ITEM('',(#34),#12981);
#12981=ADVANCED_FACE('',(#12987),#12982,.T.);
#12982=PLANE('',#12983);
#12983=AXIS2_PLACEMENT_3D('',#12984,#12985,#12986);
#12984=CARTESIAN_POINT('',(0.203,1.549,2.438));
#12985=DIRECTION('',(0.0,1.0,0.0));
#12986=DIRECTION('',(0.,0.,1.));
#12987=FACE_OUTER_BOUND('',#12988,.T.);
#12988=EDGE_LOOP('',(#12989,#12999,#13009,#13019));
#12992=CARTESIAN_POINT('',(-0.203,1.549,2.438));
#12991=VERTEX_POINT('',#12992);
#12994=CARTESIAN_POINT('',(0.203,1.549,2.438));
#12993=VERTEX_POINT('',#12994);
#12990=EDGE_CURVE('',#12991,#12993,#12995,.T.);
#12995=LINE('',#12992,#12997);
#12997=VECTOR('',#12998,0.406400016339228);
#12998=DIRECTION('',(1.0,0.0,0.0));
#12989=ORIENTED_EDGE('',*,*,#12990,.F.);
#13000=EDGE_CURVE('',#12795,#12991,#13005,.T.);
#13005=LINE('',#12796,#13007);
#13007=VECTOR('',#13008,3.4290254);
#13008=DIRECTION('',(0.0,0.0,-1.0));
#12999=ORIENTED_EDGE('',*,*,#13000,.F.);
#13009=ORIENTED_EDGE('',*,*,#12794,.T.);
#13020=EDGE_CURVE('',#12993,#12797,#13025,.T.);
#13025=LINE('',#12994,#13027);
#13027=VECTOR('',#13028,3.4290254);
#13028=DIRECTION('',(0.0,0.0,1.0));
#13019=ORIENTED_EDGE('',*,*,#13020,.F.);
#13029=STYLED_ITEM('',(#34),#13030);
#13030=ADVANCED_FACE('',(#13036),#13031,.T.);
#13031=PLANE('',#13032);
#13032=AXIS2_PLACEMENT_3D('',#13033,#13034,#13035);
#13033=CARTESIAN_POINT('',(-0.203,1.549,2.438));
#13034=DIRECTION('',(-1.0,0.0,0.0));
#13035=DIRECTION('',(0.,0.,1.));
#13036=FACE_OUTER_BOUND('',#13037,.T.);
#13037=EDGE_LOOP('',(#13038,#13048,#13058,#13068));
#13041=CARTESIAN_POINT('',(-0.203,1.143,2.438));
#13040=VERTEX_POINT('',#13041);
#13039=EDGE_CURVE('',#13040,#12991,#13044,.T.);
#13044=LINE('',#13041,#13046);
#13046=VECTOR('',#13047,0.406399994550218);
#13047=DIRECTION('',(0.0,1.0,0.0));
#13038=ORIENTED_EDGE('',*,*,#13039,.F.);
#13049=EDGE_CURVE('',#12844,#13040,#13054,.T.);
#13054=LINE('',#12845,#13056);
#13056=VECTOR('',#13057,3.4290254);
#13057=DIRECTION('',(0.0,0.0,-1.0));
#13048=ORIENTED_EDGE('',*,*,#13049,.F.);
#13058=ORIENTED_EDGE('',*,*,#12843,.T.);
#13068=ORIENTED_EDGE('',*,*,#13000,.T.);
#13078=STYLED_ITEM('',(#34),#13079);
#13079=ADVANCED_FACE('',(#13085),#13080,.T.);
#13080=PLANE('',#13081);
#13081=AXIS2_PLACEMENT_3D('',#13082,#13083,#13084);
#13082=CARTESIAN_POINT('',(-0.203,1.143,2.438));
#13083=DIRECTION('',(0.0,-1.0,0.0));
#13084=DIRECTION('',(0.,0.,1.));
#13085=FACE_OUTER_BOUND('',#13086,.T.);
#13086=EDGE_LOOP('',(#13087,#13097,#13107,#13117));
#13090=CARTESIAN_POINT('',(0.203,1.143,2.438));
#13089=VERTEX_POINT('',#13090);
#13088=EDGE_CURVE('',#13089,#13040,#13093,.T.);
#13093=LINE('',#13090,#13095);
#13095=VECTOR('',#13096,0.406399994560336);
#13096=DIRECTION('',(-1.0,0.0,0.0));
#13087=ORIENTED_EDGE('',*,*,#13088,.F.);
#13098=EDGE_CURVE('',#12893,#13089,#13103,.T.);
#13103=LINE('',#12894,#13105);
#13105=VECTOR('',#13106,3.4290254);
#13106=DIRECTION('',(0.0,0.0,-1.0));
#13097=ORIENTED_EDGE('',*,*,#13098,.F.);
#13107=ORIENTED_EDGE('',*,*,#12892,.T.);
#13117=ORIENTED_EDGE('',*,*,#13049,.T.);
#13127=STYLED_ITEM('',(#34),#13128);
#13128=ADVANCED_FACE('',(#13134),#13129,.T.);
#13129=PLANE('',#13130);
#13130=AXIS2_PLACEMENT_3D('',#13131,#13132,#13133);
#13131=CARTESIAN_POINT('',(0.203,1.143,2.438));
#13132=DIRECTION('',(1.0,0.0,0.0));
#13133=DIRECTION('',(0.,0.,1.));
#13134=FACE_OUTER_BOUND('',#13135,.T.);
#13135=EDGE_LOOP('',(#13136,#13146,#13156,#13166));
#13137=EDGE_CURVE('',#12993,#13089,#13142,.T.);
#13142=LINE('',#12994,#13144);
#13144=VECTOR('',#13145,0.406399994550218);
#13145=DIRECTION('',(0.0,-1.0,0.0));
#13136=ORIENTED_EDGE('',*,*,#13137,.F.);
#13146=ORIENTED_EDGE('',*,*,#13020,.T.);
#13156=ORIENTED_EDGE('',*,*,#12941,.T.);
#13166=ORIENTED_EDGE('',*,*,#13098,.T.);
#13176=STYLED_ITEM('',(#34),#13177);
#13177=ADVANCED_FACE('',(#13183),#13178,.T.);
#13178=PLANE('',#13179);
#13179=AXIS2_PLACEMENT_3D('',#13180,#13181,#13182);
#13180=CARTESIAN_POINT('',(-0.203,1.143,2.438));
#13181=DIRECTION('',(0.0,0.0,-1.0));
#13182=DIRECTION('',(0.,1.,0.));
#13183=FACE_OUTER_BOUND('',#13184,.T.);
#13184=EDGE_LOOP('',(#13185,#13195,#13205,#13215));
#13185=ORIENTED_EDGE('',*,*,#13039,.T.);
#13195=ORIENTED_EDGE('',*,*,#12990,.T.);
#13205=ORIENTED_EDGE('',*,*,#13137,.T.);
#13215=ORIENTED_EDGE('',*,*,#13088,.T.);
#13225=STYLED_ITEM('',(#34),#13226);
#13226=ADVANCED_FACE('',(#13232),#13227,.T.);
#13227=PLANE('',#13228);
#13228=AXIS2_PLACEMENT_3D('',#13229,#13230,#13231);
#13229=CARTESIAN_POINT('',(0.203,1.143,0.61));
#13230=DIRECTION('',(0.0,0.0,1.0));
#13231=DIRECTION('',(0.,1.,0.));
#13232=FACE_OUTER_BOUND('',#13233,.T.);
#13233=EDGE_LOOP('',(#13234,#13244,#13254,#13264));
#13237=CARTESIAN_POINT('',(0.203,1.549,0.61));
#13236=VERTEX_POINT('',#13237);
#13239=CARTESIAN_POINT('',(0.203,1.143,0.61));
#13238=VERTEX_POINT('',#13239);
#13235=EDGE_CURVE('',#13236,#13238,#13240,.T.);
#13240=LINE('',#13237,#13242);
#13242=VECTOR('',#13243,0.406399994550218);
#13243=DIRECTION('',(0.0,-1.0,0.0));
#13234=ORIENTED_EDGE('',*,*,#13235,.F.);
#13247=CARTESIAN_POINT('',(-0.203,1.549,0.61));
#13246=VERTEX_POINT('',#13247);
#13245=EDGE_CURVE('',#13246,#13236,#13250,.T.);
#13250=LINE('',#13247,#13252);
#13252=VECTOR('',#13253,0.406400016339228);
#13253=DIRECTION('',(1.0,0.0,0.0));
#13244=ORIENTED_EDGE('',*,*,#13245,.F.);
#13257=CARTESIAN_POINT('',(-0.203,1.143,0.61));
#13256=VERTEX_POINT('',#13257);
#13255=EDGE_CURVE('',#13256,#13246,#13260,.T.);
#13260=LINE('',#13257,#13262);
#13262=VECTOR('',#13263,0.406399994550218);
#13263=DIRECTION('',(0.0,1.0,0.0));
#13254=ORIENTED_EDGE('',*,*,#13255,.F.);
#13265=EDGE_CURVE('',#13238,#13256,#13270,.T.);
#13270=LINE('',#13239,#13272);
#13272=VECTOR('',#13273,0.406399994560336);
#13273=DIRECTION('',(-1.0,0.0,0.0));
#13264=ORIENTED_EDGE('',*,*,#13265,.F.);
#13274=STYLED_ITEM('',(#34),#13275);
#13275=ADVANCED_FACE('',(#13281),#13276,.T.);
#13276=PLANE('',#13277);
#13277=AXIS2_PLACEMENT_3D('',#13278,#13279,#13280);
#13278=CARTESIAN_POINT('',(0.203,1.549,0.508));
#13279=DIRECTION('',(0.0,1.0,0.0));
#13280=DIRECTION('',(0.,0.,1.));
#13281=FACE_OUTER_BOUND('',#13282,.T.);
#13282=EDGE_LOOP('',(#13283,#13293,#13303,#13313));
#13286=CARTESIAN_POINT('',(-0.203,1.549,0.508));
#13285=VERTEX_POINT('',#13286);
#13288=CARTESIAN_POINT('',(0.203,1.549,0.508));
#13287=VERTEX_POINT('',#13288);
#13284=EDGE_CURVE('',#13285,#13287,#13289,.T.);
#13289=LINE('',#13286,#13291);
#13291=VECTOR('',#13292,0.406400016339228);
#13292=DIRECTION('',(1.0,0.0,0.0));
#13283=ORIENTED_EDGE('',*,*,#13284,.F.);
#13294=EDGE_CURVE('',#13246,#13285,#13299,.T.);
#13299=LINE('',#13247,#13301);
#13301=VECTOR('',#13302,0.10159365);
#13302=DIRECTION('',(0.0,0.0,-1.0));
#13293=ORIENTED_EDGE('',*,*,#13294,.F.);
#13303=ORIENTED_EDGE('',*,*,#13245,.T.);
#13314=EDGE_CURVE('',#13287,#13236,#13319,.T.);
#13319=LINE('',#13288,#13321);
#13321=VECTOR('',#13322,0.10159365);
#13322=DIRECTION('',(0.0,0.0,1.0));
#13313=ORIENTED_EDGE('',*,*,#13314,.F.);
#13323=STYLED_ITEM('',(#34),#13324);
#13324=ADVANCED_FACE('',(#13330),#13325,.T.);
#13325=PLANE('',#13326);
#13326=AXIS2_PLACEMENT_3D('',#13327,#13328,#13329);
#13327=CARTESIAN_POINT('',(-0.203,1.143,0.508));
#13328=DIRECTION('',(0.0,-1.0,0.0));
#13329=DIRECTION('',(0.,0.,1.));
#13330=FACE_OUTER_BOUND('',#13331,.T.);
#13331=EDGE_LOOP('',(#13332,#13342,#13352,#13362));
#13335=CARTESIAN_POINT('',(0.203,1.143,0.508));
#13334=VERTEX_POINT('',#13335);
#13337=CARTESIAN_POINT('',(-0.203,1.143,0.508));
#13336=VERTEX_POINT('',#13337);
#13333=EDGE_CURVE('',#13334,#13336,#13338,.T.);
#13338=LINE('',#13335,#13340);
#13340=VECTOR('',#13341,0.406399994560336);
#13341=DIRECTION('',(-1.0,0.0,0.0));
#13332=ORIENTED_EDGE('',*,*,#13333,.F.);
#13343=EDGE_CURVE('',#13238,#13334,#13348,.T.);
#13348=LINE('',#13239,#13350);
#13350=VECTOR('',#13351,0.10159365);
#13351=DIRECTION('',(0.0,0.0,-1.0));
#13342=ORIENTED_EDGE('',*,*,#13343,.F.);
#13352=ORIENTED_EDGE('',*,*,#13265,.T.);
#13363=EDGE_CURVE('',#13336,#13256,#13368,.T.);
#13368=LINE('',#13337,#13370);
#13370=VECTOR('',#13371,0.10159365);
#13371=DIRECTION('',(0.0,0.0,1.0));
#13362=ORIENTED_EDGE('',*,*,#13363,.F.);
#13372=STYLED_ITEM('',(#34),#13373);
#13373=ADVANCED_FACE('',(#13379),#13374,.T.);
#13374=PLANE('',#13375);
#13375=AXIS2_PLACEMENT_3D('',#13376,#13377,#13378);
#13376=CARTESIAN_POINT('',(0.203,1.651,0.406));
#13377=DIRECTION('',(0.0,0.0,1.0));
#13378=DIRECTION('',(0.,1.,0.));
#13379=FACE_OUTER_BOUND('',#13380,.T.);
#13380=EDGE_LOOP('',(#13381,#13391,#13401,#13411));
#13384=CARTESIAN_POINT('',(0.203,3.023,0.406));
#13383=VERTEX_POINT('',#13384);
#13386=CARTESIAN_POINT('',(0.203,1.651,0.406));
#13385=VERTEX_POINT('',#13386);
#13382=EDGE_CURVE('',#13383,#13385,#13387,.T.);
#13387=LINE('',#13384,#13389);
#13389=VECTOR('',#13390,1.37160634838144);
#13390=DIRECTION('',(0.0,-1.0,0.0));
#13381=ORIENTED_EDGE('',*,*,#13382,.F.);
#13394=CARTESIAN_POINT('',(-0.203,3.023,0.406));
#13393=VERTEX_POINT('',#13394);
#13392=EDGE_CURVE('',#13393,#13383,#13397,.T.);
#13397=LINE('',#13394,#13399);
#13399=VECTOR('',#13400,0.406400172783486);
#13400=DIRECTION('',(1.0,0.0,0.0));
#13391=ORIENTED_EDGE('',*,*,#13392,.F.);
#13404=CARTESIAN_POINT('',(-0.203,1.651,0.406));
#13403=VERTEX_POINT('',#13404);
#13402=EDGE_CURVE('',#13403,#13393,#13407,.T.);
#13407=LINE('',#13404,#13409);
#13409=VECTOR('',#13410,1.37160634838143);
#13410=DIRECTION('',(0.0,1.0,0.0));
#13401=ORIENTED_EDGE('',*,*,#13402,.F.);
#13412=EDGE_CURVE('',#13385,#13403,#13417,.T.);
#13417=LINE('',#13386,#13419);
#13419=VECTOR('',#13420,0.406400026558929);
#13420=DIRECTION('',(-1.0,0.0,0.0));
#13411=ORIENTED_EDGE('',*,*,#13412,.F.);
#13470=STYLED_ITEM('',(#34),#13471);
#13471=ADVANCED_FACE('',(#13477),#13472,.T.);
#13472=PLANE('',#13473);
#13473=AXIS2_PLACEMENT_3D('',#13474,#13475,#13476);
#13474=CARTESIAN_POINT('',(-0.203,1.651,0.0));
#13475=DIRECTION('',(0.0,0.0,-1.0));
#13476=DIRECTION('',(0.,1.,0.));
#13477=FACE_OUTER_BOUND('',#13478,.T.);
#13478=EDGE_LOOP('',(#13479,#13489,#13499,#13509));
#13482=CARTESIAN_POINT('',(-0.203,3.023,0.0));
#13481=VERTEX_POINT('',#13482);
#13484=CARTESIAN_POINT('',(-0.203,1.651,0.0));
#13483=VERTEX_POINT('',#13484);
#13480=EDGE_CURVE('',#13481,#13483,#13485,.T.);
#13485=LINE('',#13482,#13487);
#13487=VECTOR('',#13488,1.37160634838143);
#13488=DIRECTION('',(0.0,-1.0,0.0));
#13479=ORIENTED_EDGE('',*,*,#13480,.F.);
#13492=CARTESIAN_POINT('',(0.203,3.023,0.0));
#13491=VERTEX_POINT('',#13492);
#13490=EDGE_CURVE('',#13491,#13481,#13495,.T.);
#13495=LINE('',#13492,#13497);
#13497=VECTOR('',#13498,0.406400172783486);
#13498=DIRECTION('',(-1.0,0.0,0.0));
#13489=ORIENTED_EDGE('',*,*,#13490,.F.);
#13502=CARTESIAN_POINT('',(0.203,1.651,0.0));
#13501=VERTEX_POINT('',#13502);
#13500=EDGE_CURVE('',#13501,#13491,#13505,.T.);
#13505=LINE('',#13502,#13507);
#13507=VECTOR('',#13508,1.37160634838144);
#13508=DIRECTION('',(0.0,1.0,0.0));
#13499=ORIENTED_EDGE('',*,*,#13500,.F.);
#13510=EDGE_CURVE('',#13483,#13501,#13515,.T.);
#13515=LINE('',#13484,#13517);
#13517=VECTOR('',#13518,0.406400026558929);
#13518=DIRECTION('',(1.0,0.0,0.0));
#13509=ORIENTED_EDGE('',*,*,#13510,.F.);
#13568=STYLED_ITEM('',(#34),#13569);
#13569=ADVANCED_FACE('',(#13575),#13570,.T.);
#13570=PLANE('',#13571);
#13571=AXIS2_PLACEMENT_3D('',#13572,#13573,#13574);
#13572=CARTESIAN_POINT('',(0.102,3.124,0.305));
#13573=DIRECTION('',(0.0,0.707,0.707));
#13574=DIRECTION('',(0.,0.,1.));
#13575=FACE_OUTER_BOUND('',#13576,.T.);
#13576=EDGE_LOOP('',(#13577,#13587,#13597,#13607));
#13580=CARTESIAN_POINT('',(-0.102,3.124,0.305));
#13579=VERTEX_POINT('',#13580);
#13582=CARTESIAN_POINT('',(0.102,3.124,0.305));
#13581=VERTEX_POINT('',#13582);
#13578=EDGE_CURVE('',#13579,#13581,#13583,.T.);
#13583=LINE('',#13580,#13585);
#13585=VECTOR('',#13586,0.203200187106069);
#13586=DIRECTION('',(1.0,0.0,0.0));
#13577=ORIENTED_EDGE('',*,*,#13578,.F.);
#13588=EDGE_CURVE('',#13393,#13579,#13593,.T.);
#13593=LINE('',#13394,#13595);
#13595=VECTOR('',#13596,0.175976360873829);
#13596=DIRECTION('',(0.577,0.577,-0.577));
#13587=ORIENTED_EDGE('',*,*,#13588,.F.);
#13597=ORIENTED_EDGE('',*,*,#13392,.T.);
#13608=EDGE_CURVE('',#13581,#13383,#13613,.T.);
#13613=LINE('',#13582,#13615);
#13615=VECTOR('',#13616,0.175976360873828);
#13616=DIRECTION('',(0.577,-0.577,0.577));
#13607=ORIENTED_EDGE('',*,*,#13608,.F.);
#13617=STYLED_ITEM('',(#34),#13618);
#13618=ADVANCED_FACE('',(#13624),#13619,.T.);
#13619=PLANE('',#13620);
#13620=AXIS2_PLACEMENT_3D('',#13621,#13622,#13623);
#13621=CARTESIAN_POINT('',(0.203,3.023,0.0));
#13622=DIRECTION('',(0.707,0.707,0.0));
#13623=DIRECTION('',(0.,0.,1.));
#13624=FACE_OUTER_BOUND('',#13625,.T.);
#13625=EDGE_LOOP('',(#13626,#13636,#13646,#13656));
#13629=CARTESIAN_POINT('',(0.102,3.124,0.102));
#13628=VERTEX_POINT('',#13629);
#13627=EDGE_CURVE('',#13628,#13491,#13632,.T.);
#13632=LINE('',#13629,#13634);
#13634=VECTOR('',#13635,0.175976360873828);
#13635=DIRECTION('',(0.577,-0.577,-0.577));
#13626=ORIENTED_EDGE('',*,*,#13627,.F.);
#13637=EDGE_CURVE('',#13581,#13628,#13642,.T.);
#13642=LINE('',#13582,#13644);
#13644=VECTOR('',#13645,0.2032);
#13645=DIRECTION('',(0.0,0.0,-1.0));
#13636=ORIENTED_EDGE('',*,*,#13637,.F.);
#13646=ORIENTED_EDGE('',*,*,#13608,.T.);
#13657=EDGE_CURVE('',#13491,#13383,#13662,.T.);
#13662=LINE('',#13492,#13664);
#13664=VECTOR('',#13665,0.4064);
#13665=DIRECTION('',(0.0,0.0,1.0));
#13656=ORIENTED_EDGE('',*,*,#13657,.F.);
#13666=STYLED_ITEM('',(#34),#13667);
#13667=ADVANCED_FACE('',(#13673),#13668,.T.);
#13668=PLANE('',#13669);
#13669=AXIS2_PLACEMENT_3D('',#13670,#13671,#13672);
#13670=CARTESIAN_POINT('',(0.203,3.023,0.0));
#13671=DIRECTION('',(0.0,0.707,-0.707));
#13672=DIRECTION('',(0.,0.,1.));
#13673=FACE_OUTER_BOUND('',#13674,.T.);
#13674=EDGE_LOOP('',(#13675,#13685,#13695,#13705));
#13675=ORIENTED_EDGE('',*,*,#13490,.T.);
#13688=CARTESIAN_POINT('',(-0.102,3.124,0.102));
#13687=VERTEX_POINT('',#13688);
#13686=EDGE_CURVE('',#13687,#13481,#13691,.T.);
#13691=LINE('',#13688,#13693);
#13693=VECTOR('',#13694,0.175976360873829);
#13694=DIRECTION('',(-0.577,-0.577,-0.577));
#13685=ORIENTED_EDGE('',*,*,#13686,.F.);
#13696=EDGE_CURVE('',#13628,#13687,#13701,.T.);
#13701=LINE('',#13629,#13703);
#13703=VECTOR('',#13704,0.203200187106069);
#13704=DIRECTION('',(-1.0,0.0,0.0));
#13695=ORIENTED_EDGE('',*,*,#13696,.F.);
#13705=ORIENTED_EDGE('',*,*,#13627,.T.);
#13715=STYLED_ITEM('',(#34),#13716);
#13716=ADVANCED_FACE('',(#13722),#13717,.T.);
#13717=PLANE('',#13718);
#13718=AXIS2_PLACEMENT_3D('',#13719,#13720,#13721);
#13719=CARTESIAN_POINT('',(-0.102,3.124,0.102));
#13720=DIRECTION('',(-0.707,0.707,0.0));
#13721=DIRECTION('',(0.,0.,1.));
#13722=FACE_OUTER_BOUND('',#13723,.T.);
#13723=EDGE_LOOP('',(#13724,#13734,#13744,#13754));
#13724=ORIENTED_EDGE('',*,*,#13686,.T.);
#13735=EDGE_CURVE('',#13393,#13481,#13740,.T.);
#13740=LINE('',#13394,#13742);
#13742=VECTOR('',#13743,0.4064);
#13743=DIRECTION('',(0.0,0.0,-1.0));
#13734=ORIENTED_EDGE('',*,*,#13735,.F.);
#13744=ORIENTED_EDGE('',*,*,#13588,.T.);
#13755=EDGE_CURVE('',#13687,#13579,#13760,.T.);
#13760=LINE('',#13688,#13762);
#13762=VECTOR('',#13763,0.2032);
#13763=DIRECTION('',(0.0,0.0,1.0));
#13754=ORIENTED_EDGE('',*,*,#13755,.F.);
#13764=STYLED_ITEM('',(#34),#13765);
#13765=ADVANCED_FACE('',(#13771),#13766,.T.);
#13766=PLANE('',#13767);
#13767=AXIS2_PLACEMENT_3D('',#13768,#13769,#13770);
#13768=CARTESIAN_POINT('',(0.102,3.124,0.102));
#13769=DIRECTION('',(0.0,1.0,0.0));
#13770=DIRECTION('',(0.,0.,1.));
#13771=FACE_OUTER_BOUND('',#13772,.T.);
#13772=EDGE_LOOP('',(#13773,#13783,#13793,#13803));
#13773=ORIENTED_EDGE('',*,*,#13696,.T.);
#13783=ORIENTED_EDGE('',*,*,#13755,.T.);
#13793=ORIENTED_EDGE('',*,*,#13578,.T.);
#13803=ORIENTED_EDGE('',*,*,#13637,.T.);
#13813=STYLED_ITEM($,(#34),#13814);
#13814=ADVANCED_FACE($,(#13820),#13815,.F.);
#13815=CYLINDRICAL_SURFACE($,#13816,0.10159365);
#13816=AXIS2_PLACEMENT_3D($,#13817,#13818,#13819);
#13817=CARTESIAN_POINT('',(0.203,1.651,0.508));
#13818=DIRECTION('',(1.0,0.0,0.0));
#13819=DIRECTION('',(0.,0.,1.));
#13820=FACE_OUTER_BOUND($,#13821,.T.);
#13821=EDGE_LOOP($,(#13833,#13843,#13854,#13822));
#13833=ORIENTED_EDGE('',*,*,#13412,.T.);
#13844=EDGE_CURVE($,#13285,#13403,#13849,.T.);
#13849=CIRCLE($,#13850,0.10159365);
#13851=CARTESIAN_POINT('',(-0.203,1.651,0.508));
#13850=AXIS2_PLACEMENT_3D($,#13851,#13852,#13853);
#13852=DIRECTION('',(1.0,0.0,0.0));
#13853=DIRECTION('',(0.0,0.707,-0.707));
#13843=ORIENTED_EDGE('',*,*,#13844,.F.);
#13854=ORIENTED_EDGE('',*,*,#13284,.T.);
#13823=EDGE_CURVE($,#13385,#13287,#13828,.T.);
#13828=CIRCLE($,#13829,0.10159365);
#13830=CARTESIAN_POINT('',(0.203,1.651,0.508));
#13829=AXIS2_PLACEMENT_3D($,#13830,#13831,#13832);
#13831=DIRECTION('',(-1.0,0.0,0.0));
#13832=DIRECTION('',(0.0,-0.707,0.707));
#13822=ORIENTED_EDGE('',*,*,#13823,.F.);
#13864=STYLED_ITEM($,(#34),#13865);
#13865=ADVANCED_FACE($,(#13871),#13866,.T.);
#13866=CYLINDRICAL_SURFACE($,#13867,0.50799365);
#13867=AXIS2_PLACEMENT_3D($,#13868,#13869,#13870);
#13868=CARTESIAN_POINT('',(0.203,1.651,0.508));
#13869=DIRECTION('',(-1.0,0.0,0.0));
#13870=DIRECTION('',(0.,0.,1.));
#13871=FACE_OUTER_BOUND($,#13872,.T.);
#13872=EDGE_LOOP($,(#13884,#13894,#13905,#13873));
#13884=ORIENTED_EDGE('',*,*,#13510,.T.);
#13895=EDGE_CURVE($,#13334,#13501,#13900,.T.);
#13900=CIRCLE($,#13901,0.50799365);
#13901=AXIS2_PLACEMENT_3D($,#13830,#13903,#13904);
#13903=DIRECTION('',(1.0,0.0,0.0));
#13904=DIRECTION('',(0.0,0.707,-0.707));
#13894=ORIENTED_EDGE('',*,*,#13895,.F.);
#13905=ORIENTED_EDGE('',*,*,#13333,.T.);
#13874=EDGE_CURVE($,#13483,#13336,#13879,.T.);
#13879=CIRCLE($,#13880,0.50799365);
#13880=AXIS2_PLACEMENT_3D($,#13851,#13882,#13883);
#13882=DIRECTION('',(-1.0,0.0,0.0));
#13883=DIRECTION('',(0.0,-0.707,0.707));
#13873=ORIENTED_EDGE('',*,*,#13874,.F.);
#13915=STYLED_ITEM('color',(#34),#13916);
#13916=ADVANCED_FACE($,(#13922),#13917,.T.);
#13917=PLANE($,#13918);
#13918=AXIS2_PLACEMENT_3D($,#13919,#13920,#13921);
#13919=CARTESIAN_POINT('',(0.203,1.143,0.508));
#13920=DIRECTION('',(1.0,0.0,0.0));
#13921=DIRECTION('',(1.,0.,0.));
#13922=FACE_OUTER_BOUND($,#13923,.T.);
#13923=EDGE_LOOP($,(#13926, #13936, #13946, #13956, #13967, #13977, #13987, #13997));
#13926=ORIENTED_EDGE('',*,*,#13314,.T.);
#13936=ORIENTED_EDGE('',*,*,#13235,.T.);
#13946=ORIENTED_EDGE('',*,*,#13343,.T.);
#13956=ORIENTED_EDGE('',*,*,#13895,.T.);
#13967=ORIENTED_EDGE('',*,*,#13500,.T.);
#13977=ORIENTED_EDGE('',*,*,#13657,.T.);
#13987=ORIENTED_EDGE('',*,*,#13382,.T.);
#13997=ORIENTED_EDGE('',*,*,#13823,.T.);
#14008=STYLED_ITEM('color',(#34),#14009);
#14009=ADVANCED_FACE($,(#14015),#14010,.T.);
#14010=PLANE($,#14011);
#14011=AXIS2_PLACEMENT_3D($,#14012,#14013,#14014);
#14012=CARTESIAN_POINT('',(-0.203,1.143,0.508));
#14013=DIRECTION('',(-1.0,0.0,0.0));
#14014=DIRECTION('',(-1.,0.,0.));
#14015=FACE_OUTER_BOUND($,#14016,.T.);
#14016=EDGE_LOOP($,(#14019, #14029, #14039, #14049, #14060, #14070, #14080, #14090));
#14019=ORIENTED_EDGE('',*,*,#13363,.T.);
#14029=ORIENTED_EDGE('',*,*,#13255,.T.);
#14039=ORIENTED_EDGE('',*,*,#13294,.T.);
#14049=ORIENTED_EDGE('',*,*,#13844,.T.);
#14060=ORIENTED_EDGE('',*,*,#13402,.T.);
#14070=ORIENTED_EDGE('',*,*,#13735,.T.);
#14080=ORIENTED_EDGE('',*,*,#13480,.T.);
#14090=ORIENTED_EDGE('',*,*,#13874,.T.);
#14101=MANIFOLD_SOLID_BREP($,#14102);
#14102=CLOSED_SHELL('',(#14106,#14155,#14204,#14253,#14302,#14351,#14400,#14449,#14498,#14547));
#14103=MANIFOLD_SOLID_BREP($,#14104);
#14104=CLOSED_SHELL('',(#14596,#14645,#14694,#14743,#14841,#14939,#14988,#15037,#15086,#15135,#15184,#15235,#15286,#15379));
#14105=STYLED_ITEM('',(#34),#14106);
#14106=ADVANCED_FACE('',(#14112),#14107,.T.);
#14107=PLANE('',#14108);
#14108=AXIS2_PLACEMENT_3D('',#14109,#14110,#14111);
#14109=CARTESIAN_POINT('',(-1.168,1.245,5.969));
#14110=DIRECTION('',(0.0,0.0,1.0));
#14111=DIRECTION('',(0.,1.,0.));
#14112=FACE_OUTER_BOUND('',#14113,.T.);
#14113=EDGE_LOOP('',(#14114,#14124,#14134,#14144));
#14117=CARTESIAN_POINT('',(-1.168,1.448,5.969));
#14116=VERTEX_POINT('',#14117);
#14119=CARTESIAN_POINT('',(-1.168,1.245,5.969));
#14118=VERTEX_POINT('',#14119);
#14115=EDGE_CURVE('',#14116,#14118,#14120,.T.);
#14120=LINE('',#14117,#14122);
#14122=VECTOR('',#14123,0.203199997275109);
#14123=DIRECTION('',(0.0,-1.0,0.0));
#14114=ORIENTED_EDGE('',*,*,#14115,.F.);
#14127=CARTESIAN_POINT('',(-1.372,1.448,5.969));
#14126=VERTEX_POINT('',#14127);
#14125=EDGE_CURVE('',#14126,#14116,#14130,.T.);
#14130=LINE('',#14127,#14132);
#14132=VECTOR('',#14133,0.203200008169614);
#14133=DIRECTION('',(1.0,0.0,0.0));
#14124=ORIENTED_EDGE('',*,*,#14125,.F.);
#14137=CARTESIAN_POINT('',(-1.372,1.245,5.969));
#14136=VERTEX_POINT('',#14137);
#14135=EDGE_CURVE('',#14136,#14126,#14140,.T.);
#14140=LINE('',#14137,#14142);
#14142=VECTOR('',#14143,0.203199997275109);
#14143=DIRECTION('',(0.0,1.0,0.0));
#14134=ORIENTED_EDGE('',*,*,#14135,.F.);
#14145=EDGE_CURVE('',#14118,#14136,#14150,.T.);
#14150=LINE('',#14119,#14152);
#14152=VECTOR('',#14153,0.203199997280168);
#14153=DIRECTION('',(-1.0,0.0,0.0));
#14144=ORIENTED_EDGE('',*,*,#14145,.F.);
#14154=STYLED_ITEM('',(#34),#14155);
#14155=ADVANCED_FACE('',(#14161),#14156,.T.);
#14156=PLANE('',#14157);
#14157=AXIS2_PLACEMENT_3D('',#14158,#14159,#14160);
#14158=CARTESIAN_POINT('',(-1.067,1.549,5.867));
#14159=DIRECTION('',(0.0,0.707,0.707));
#14160=DIRECTION('',(0.,0.,1.));
#14161=FACE_OUTER_BOUND('',#14162,.T.);
#14162=EDGE_LOOP('',(#14163,#14173,#14183,#14193));
#14166=CARTESIAN_POINT('',(-1.473,1.549,5.867));
#14165=VERTEX_POINT('',#14166);
#14168=CARTESIAN_POINT('',(-1.067,1.549,5.867));
#14167=VERTEX_POINT('',#14168);
#14164=EDGE_CURVE('',#14165,#14167,#14169,.T.);
#14169=LINE('',#14166,#14171);
#14171=VECTOR('',#14172,0.406400016339228);
#14172=DIRECTION('',(1.0,0.0,0.0));
#14163=ORIENTED_EDGE('',*,*,#14164,.F.);
#14174=EDGE_CURVE('',#14126,#14165,#14179,.T.);
#14179=LINE('',#14127,#14181);
#14181=VECTOR('',#14182,0.175976362048998);
#14182=DIRECTION('',(-0.577,0.577,-0.577));
#14173=ORIENTED_EDGE('',*,*,#14174,.F.);
#14183=ORIENTED_EDGE('',*,*,#14125,.T.);
#14194=EDGE_CURVE('',#14167,#14116,#14199,.T.);
#14199=LINE('',#14168,#14201);
#14201=VECTOR('',#14202,0.175976362048998);
#14202=DIRECTION('',(-0.577,-0.577,0.577));
#14193=ORIENTED_EDGE('',*,*,#14194,.F.);
#14203=STYLED_ITEM('',(#34),#14204);
#14204=ADVANCED_FACE('',(#14210),#14205,.T.);
#14205=PLANE('',#14206);
#14206=AXIS2_PLACEMENT_3D('',#14207,#14208,#14209);
#14207=CARTESIAN_POINT('',(-1.473,1.549,5.867));
#14208=DIRECTION('',(-0.707,0.0,0.707));
#14209=DIRECTION('',(0.,0.,1.));
#14210=FACE_OUTER_BOUND('',#14211,.T.);
#14211=EDGE_LOOP('',(#14212,#14222,#14232,#14242));
#14215=CARTESIAN_POINT('',(-1.473,1.143,5.867));
#14214=VERTEX_POINT('',#14215);
#14213=EDGE_CURVE('',#14214,#14165,#14218,.T.);
#14218=LINE('',#14215,#14220);
#14220=VECTOR('',#14221,0.406399994550218);
#14221=DIRECTION('',(0.0,1.0,0.0));
#14212=ORIENTED_EDGE('',*,*,#14213,.F.);
#14223=EDGE_CURVE('',#14136,#14214,#14228,.T.);
#14228=LINE('',#14137,#14230);
#14230=VECTOR('',#14231,0.175976362048998);
#14231=DIRECTION('',(-0.577,-0.577,-0.577));
#14222=ORIENTED_EDGE('',*,*,#14223,.F.);
#14232=ORIENTED_EDGE('',*,*,#14135,.T.);
#14242=ORIENTED_EDGE('',*,*,#14174,.T.);
#14252=STYLED_ITEM('',(#34),#14253);
#14253=ADVANCED_FACE('',(#14259),#14254,.T.);
#14254=PLANE('',#14255);
#14255=AXIS2_PLACEMENT_3D('',#14256,#14257,#14258);
#14256=CARTESIAN_POINT('',(-1.473,1.143,5.867));
#14257=DIRECTION('',(0.0,-0.707,0.707));
#14258=DIRECTION('',(0.,0.,1.));
#14259=FACE_OUTER_BOUND('',#14260,.T.);
#14260=EDGE_LOOP('',(#14261,#14271,#14281,#14291));
#14264=CARTESIAN_POINT('',(-1.067,1.143,5.867));
#14263=VERTEX_POINT('',#14264);
#14262=EDGE_CURVE('',#14263,#14214,#14267,.T.);
#14267=LINE('',#14264,#14269);
#14269=VECTOR('',#14270,0.406399994560336);
#14270=DIRECTION('',(-1.0,0.0,0.0));
#14261=ORIENTED_EDGE('',*,*,#14262,.F.);
#14272=EDGE_CURVE('',#14118,#14263,#14277,.T.);
#14277=LINE('',#14119,#14279);
#14279=VECTOR('',#14280,0.175976362048998);
#14280=DIRECTION('',(0.577,-0.577,-0.577));
#14271=ORIENTED_EDGE('',*,*,#14272,.F.);
#14281=ORIENTED_EDGE('',*,*,#14145,.T.);
#14291=ORIENTED_EDGE('',*,*,#14223,.T.);
#14301=STYLED_ITEM('',(#34),#14302);
#14302=ADVANCED_FACE('',(#14308),#14303,.T.);
#14303=PLANE('',#14304);
#14304=AXIS2_PLACEMENT_3D('',#14305,#14306,#14307);
#14305=CARTESIAN_POINT('',(-1.067,1.143,5.867));
#14306=DIRECTION('',(0.707,0.0,0.707));
#14307=DIRECTION('',(0.,0.,1.));
#14308=FACE_OUTER_BOUND('',#14309,.T.);
#14309=EDGE_LOOP('',(#14310,#14320,#14330,#14340));
#14311=EDGE_CURVE('',#14167,#14263,#14316,.T.);
#14316=LINE('',#14168,#14318);
#14318=VECTOR('',#14319,0.406399994550218);
#14319=DIRECTION('',(0.0,-1.0,0.0));
#14310=ORIENTED_EDGE('',*,*,#14311,.F.);
#14320=ORIENTED_EDGE('',*,*,#14194,.T.);
#14330=ORIENTED_EDGE('',*,*,#14115,.T.);
#14340=ORIENTED_EDGE('',*,*,#14272,.T.);
#14350=STYLED_ITEM('',(#34),#14351);
#14351=ADVANCED_FACE('',(#14357),#14352,.T.);
#14352=PLANE('',#14353);
#14353=AXIS2_PLACEMENT_3D('',#14354,#14355,#14356);
#14354=CARTESIAN_POINT('',(-1.067,1.549,2.438));
#14355=DIRECTION('',(0.0,1.0,0.0));
#14356=DIRECTION('',(0.,0.,1.));
#14357=FACE_OUTER_BOUND('',#14358,.T.);
#14358=EDGE_LOOP('',(#14359,#14369,#14379,#14389));
#14362=CARTESIAN_POINT('',(-1.473,1.549,2.438));
#14361=VERTEX_POINT('',#14362);
#14364=CARTESIAN_POINT('',(-1.067,1.549,2.438));
#14363=VERTEX_POINT('',#14364);
#14360=EDGE_CURVE('',#14361,#14363,#14365,.T.);
#14365=LINE('',#14362,#14367);
#14367=VECTOR('',#14368,0.406400016339228);
#14368=DIRECTION('',(1.0,0.0,0.0));
#14359=ORIENTED_EDGE('',*,*,#14360,.F.);
#14370=EDGE_CURVE('',#14165,#14361,#14375,.T.);
#14375=LINE('',#14166,#14377);
#14377=VECTOR('',#14378,3.4290254);
#14378=DIRECTION('',(0.0,0.0,-1.0));
#14369=ORIENTED_EDGE('',*,*,#14370,.F.);
#14379=ORIENTED_EDGE('',*,*,#14164,.T.);
#14390=EDGE_CURVE('',#14363,#14167,#14395,.T.);
#14395=LINE('',#14364,#14397);
#14397=VECTOR('',#14398,3.4290254);
#14398=DIRECTION('',(0.0,0.0,1.0));
#14389=ORIENTED_EDGE('',*,*,#14390,.F.);
#14399=STYLED_ITEM('',(#34),#14400);
#14400=ADVANCED_FACE('',(#14406),#14401,.T.);
#14401=PLANE('',#14402);
#14402=AXIS2_PLACEMENT_3D('',#14403,#14404,#14405);
#14403=CARTESIAN_POINT('',(-1.473,1.549,2.438));
#14404=DIRECTION('',(-1.0,0.0,0.0));
#14405=DIRECTION('',(0.,0.,1.));
#14406=FACE_OUTER_BOUND('',#14407,.T.);
#14407=EDGE_LOOP('',(#14408,#14418,#14428,#14438));
#14411=CARTESIAN_POINT('',(-1.473,1.143,2.438));
#14410=VERTEX_POINT('',#14411);
#14409=EDGE_CURVE('',#14410,#14361,#14414,.T.);
#14414=LINE('',#14411,#14416);
#14416=VECTOR('',#14417,0.406399994550218);
#14417=DIRECTION('',(0.0,1.0,0.0));
#14408=ORIENTED_EDGE('',*,*,#14409,.F.);
#14419=EDGE_CURVE('',#14214,#14410,#14424,.T.);
#14424=LINE('',#14215,#14426);
#14426=VECTOR('',#14427,3.4290254);
#14427=DIRECTION('',(0.0,0.0,-1.0));
#14418=ORIENTED_EDGE('',*,*,#14419,.F.);
#14428=ORIENTED_EDGE('',*,*,#14213,.T.);
#14438=ORIENTED_EDGE('',*,*,#14370,.T.);
#14448=STYLED_ITEM('',(#34),#14449);
#14449=ADVANCED_FACE('',(#14455),#14450,.T.);
#14450=PLANE('',#14451);
#14451=AXIS2_PLACEMENT_3D('',#14452,#14453,#14454);
#14452=CARTESIAN_POINT('',(-1.473,1.143,2.438));
#14453=DIRECTION('',(0.0,-1.0,0.0));
#14454=DIRECTION('',(0.,0.,1.));
#14455=FACE_OUTER_BOUND('',#14456,.T.);
#14456=EDGE_LOOP('',(#14457,#14467,#14477,#14487));
#14460=CARTESIAN_POINT('',(-1.067,1.143,2.438));
#14459=VERTEX_POINT('',#14460);
#14458=EDGE_CURVE('',#14459,#14410,#14463,.T.);
#14463=LINE('',#14460,#14465);
#14465=VECTOR('',#14466,0.406399994560336);
#14466=DIRECTION('',(-1.0,0.0,0.0));
#14457=ORIENTED_EDGE('',*,*,#14458,.F.);
#14468=EDGE_CURVE('',#14263,#14459,#14473,.T.);
#14473=LINE('',#14264,#14475);
#14475=VECTOR('',#14476,3.4290254);
#14476=DIRECTION('',(0.0,0.0,-1.0));
#14467=ORIENTED_EDGE('',*,*,#14468,.F.);
#14477=ORIENTED_EDGE('',*,*,#14262,.T.);
#14487=ORIENTED_EDGE('',*,*,#14419,.T.);
#14497=STYLED_ITEM('',(#34),#14498);
#14498=ADVANCED_FACE('',(#14504),#14499,.T.);
#14499=PLANE('',#14500);
#14500=AXIS2_PLACEMENT_3D('',#14501,#14502,#14503);
#14501=CARTESIAN_POINT('',(-1.067,1.143,2.438));
#14502=DIRECTION('',(1.0,0.0,0.0));
#14503=DIRECTION('',(0.,0.,1.));
#14504=FACE_OUTER_BOUND('',#14505,.T.);
#14505=EDGE_LOOP('',(#14506,#14516,#14526,#14536));
#14507=EDGE_CURVE('',#14363,#14459,#14512,.T.);
#14512=LINE('',#14364,#14514);
#14514=VECTOR('',#14515,0.406399994550218);
#14515=DIRECTION('',(0.0,-1.0,0.0));
#14506=ORIENTED_EDGE('',*,*,#14507,.F.);
#14516=ORIENTED_EDGE('',*,*,#14390,.T.);
#14526=ORIENTED_EDGE('',*,*,#14311,.T.);
#14536=ORIENTED_EDGE('',*,*,#14468,.T.);
#14546=STYLED_ITEM('',(#34),#14547);
#14547=ADVANCED_FACE('',(#14553),#14548,.T.);
#14548=PLANE('',#14549);
#14549=AXIS2_PLACEMENT_3D('',#14550,#14551,#14552);
#14550=CARTESIAN_POINT('',(-1.473,1.143,2.438));
#14551=DIRECTION('',(0.0,0.0,-1.0));
#14552=DIRECTION('',(0.,1.,0.));
#14553=FACE_OUTER_BOUND('',#14554,.T.);
#14554=EDGE_LOOP('',(#14555,#14565,#14575,#14585));
#14555=ORIENTED_EDGE('',*,*,#14409,.T.);
#14565=ORIENTED_EDGE('',*,*,#14360,.T.);
#14575=ORIENTED_EDGE('',*,*,#14507,.T.);
#14585=ORIENTED_EDGE('',*,*,#14458,.T.);
#14595=STYLED_ITEM('',(#34),#14596);
#14596=ADVANCED_FACE('',(#14602),#14597,.T.);
#14597=PLANE('',#14598);
#14598=AXIS2_PLACEMENT_3D('',#14599,#14600,#14601);
#14599=CARTESIAN_POINT('',(-1.067,1.143,0.61));
#14600=DIRECTION('',(0.0,0.0,1.0));
#14601=DIRECTION('',(0.,1.,0.));
#14602=FACE_OUTER_BOUND('',#14603,.T.);
#14603=EDGE_LOOP('',(#14604,#14614,#14624,#14634));
#14607=CARTESIAN_POINT('',(-1.067,1.549,0.61));
#14606=VERTEX_POINT('',#14607);
#14609=CARTESIAN_POINT('',(-1.067,1.143,0.61));
#14608=VERTEX_POINT('',#14609);
#14605=EDGE_CURVE('',#14606,#14608,#14610,.T.);
#14610=LINE('',#14607,#14612);
#14612=VECTOR('',#14613,0.406399994550218);
#14613=DIRECTION('',(0.0,-1.0,0.0));
#14604=ORIENTED_EDGE('',*,*,#14605,.F.);
#14617=CARTESIAN_POINT('',(-1.473,1.549,0.61));
#14616=VERTEX_POINT('',#14617);
#14615=EDGE_CURVE('',#14616,#14606,#14620,.T.);
#14620=LINE('',#14617,#14622);
#14622=VECTOR('',#14623,0.406400016339228);
#14623=DIRECTION('',(1.0,0.0,0.0));
#14614=ORIENTED_EDGE('',*,*,#14615,.F.);
#14627=CARTESIAN_POINT('',(-1.473,1.143,0.61));
#14626=VERTEX_POINT('',#14627);
#14625=EDGE_CURVE('',#14626,#14616,#14630,.T.);
#14630=LINE('',#14627,#14632);
#14632=VECTOR('',#14633,0.406399994550218);
#14633=DIRECTION('',(0.0,1.0,0.0));
#14624=ORIENTED_EDGE('',*,*,#14625,.F.);
#14635=EDGE_CURVE('',#14608,#14626,#14640,.T.);
#14640=LINE('',#14609,#14642);
#14642=VECTOR('',#14643,0.406399994560336);
#14643=DIRECTION('',(-1.0,0.0,0.0));
#14634=ORIENTED_EDGE('',*,*,#14635,.F.);
#14644=STYLED_ITEM('',(#34),#14645);
#14645=ADVANCED_FACE('',(#14651),#14646,.T.);
#14646=PLANE('',#14647);
#14647=AXIS2_PLACEMENT_3D('',#14648,#14649,#14650);
#14648=CARTESIAN_POINT('',(-1.067,1.549,0.508));
#14649=DIRECTION('',(0.0,1.0,0.0));
#14650=DIRECTION('',(0.,0.,1.));
#14651=FACE_OUTER_BOUND('',#14652,.T.);
#14652=EDGE_LOOP('',(#14653,#14663,#14673,#14683));
#14656=CARTESIAN_POINT('',(-1.473,1.549,0.508));
#14655=VERTEX_POINT('',#14656);
#14658=CARTESIAN_POINT('',(-1.067,1.549,0.508));
#14657=VERTEX_POINT('',#14658);
#14654=EDGE_CURVE('',#14655,#14657,#14659,.T.);
#14659=LINE('',#14656,#14661);
#14661=VECTOR('',#14662,0.406400016339228);
#14662=DIRECTION('',(1.0,0.0,0.0));
#14653=ORIENTED_EDGE('',*,*,#14654,.F.);
#14664=EDGE_CURVE('',#14616,#14655,#14669,.T.);
#14669=LINE('',#14617,#14671);
#14671=VECTOR('',#14672,0.10159365);
#14672=DIRECTION('',(0.0,0.0,-1.0));
#14663=ORIENTED_EDGE('',*,*,#14664,.F.);
#14673=ORIENTED_EDGE('',*,*,#14615,.T.);
#14684=EDGE_CURVE('',#14657,#14606,#14689,.T.);
#14689=LINE('',#14658,#14691);
#14691=VECTOR('',#14692,0.10159365);
#14692=DIRECTION('',(0.0,0.0,1.0));
#14683=ORIENTED_EDGE('',*,*,#14684,.F.);
#14693=STYLED_ITEM('',(#34),#14694);
#14694=ADVANCED_FACE('',(#14700),#14695,.T.);
#14695=PLANE('',#14696);
#14696=AXIS2_PLACEMENT_3D('',#14697,#14698,#14699);
#14697=CARTESIAN_POINT('',(-1.473,1.143,0.508));
#14698=DIRECTION('',(0.0,-1.0,0.0));
#14699=DIRECTION('',(0.,0.,1.));
#14700=FACE_OUTER_BOUND('',#14701,.T.);
#14701=EDGE_LOOP('',(#14702,#14712,#14722,#14732));
#14705=CARTESIAN_POINT('',(-1.067,1.143,0.508));
#14704=VERTEX_POINT('',#14705);
#14707=CARTESIAN_POINT('',(-1.473,1.143,0.508));
#14706=VERTEX_POINT('',#14707);
#14703=EDGE_CURVE('',#14704,#14706,#14708,.T.);
#14708=LINE('',#14705,#14710);
#14710=VECTOR('',#14711,0.406399994560336);
#14711=DIRECTION('',(-1.0,0.0,0.0));
#14702=ORIENTED_EDGE('',*,*,#14703,.F.);
#14713=EDGE_CURVE('',#14608,#14704,#14718,.T.);
#14718=LINE('',#14609,#14720);
#14720=VECTOR('',#14721,0.10159365);
#14721=DIRECTION('',(0.0,0.0,-1.0));
#14712=ORIENTED_EDGE('',*,*,#14713,.F.);
#14722=ORIENTED_EDGE('',*,*,#14635,.T.);
#14733=EDGE_CURVE('',#14706,#14626,#14738,.T.);
#14738=LINE('',#14707,#14740);
#14740=VECTOR('',#14741,0.10159365);
#14741=DIRECTION('',(0.0,0.0,1.0));
#14732=ORIENTED_EDGE('',*,*,#14733,.F.);
#14742=STYLED_ITEM('',(#34),#14743);
#14743=ADVANCED_FACE('',(#14749),#14744,.T.);
#14744=PLANE('',#14745);
#14745=AXIS2_PLACEMENT_3D('',#14746,#14747,#14748);
#14746=CARTESIAN_POINT('',(-1.067,1.651,0.406));
#14747=DIRECTION('',(0.0,0.0,1.0));
#14748=DIRECTION('',(0.,1.,0.));
#14749=FACE_OUTER_BOUND('',#14750,.T.);
#14750=EDGE_LOOP('',(#14751,#14761,#14771,#14781));
#14754=CARTESIAN_POINT('',(-1.067,3.023,0.406));
#14753=VERTEX_POINT('',#14754);
#14756=CARTESIAN_POINT('',(-1.067,1.651,0.406));
#14755=VERTEX_POINT('',#14756);
#14752=EDGE_CURVE('',#14753,#14755,#14757,.T.);
#14757=LINE('',#14754,#14759);
#14759=VECTOR('',#14760,1.37160634838144);
#14760=DIRECTION('',(0.0,-1.0,0.0));
#14751=ORIENTED_EDGE('',*,*,#14752,.F.);
#14764=CARTESIAN_POINT('',(-1.473,3.023,0.406));
#14763=VERTEX_POINT('',#14764);
#14762=EDGE_CURVE('',#14763,#14753,#14767,.T.);
#14767=LINE('',#14764,#14769);
#14769=VECTOR('',#14770,0.406400172783486);
#14770=DIRECTION('',(1.0,0.0,0.0));
#14761=ORIENTED_EDGE('',*,*,#14762,.F.);
#14774=CARTESIAN_POINT('',(-1.473,1.651,0.406));
#14773=VERTEX_POINT('',#14774);
#14772=EDGE_CURVE('',#14773,#14763,#14777,.T.);
#14777=LINE('',#14774,#14779);
#14779=VECTOR('',#14780,1.37160634838143);
#14780=DIRECTION('',(0.0,1.0,0.0));
#14771=ORIENTED_EDGE('',*,*,#14772,.F.);
#14782=EDGE_CURVE('',#14755,#14773,#14787,.T.);
#14787=LINE('',#14756,#14789);
#14789=VECTOR('',#14790,0.406400026558929);
#14790=DIRECTION('',(-1.0,0.0,0.0));
#14781=ORIENTED_EDGE('',*,*,#14782,.F.);
#14840=STYLED_ITEM('',(#34),#14841);
#14841=ADVANCED_FACE('',(#14847),#14842,.T.);
#14842=PLANE('',#14843);
#14843=AXIS2_PLACEMENT_3D('',#14844,#14845,#14846);
#14844=CARTESIAN_POINT('',(-1.473,1.651,0.0));
#14845=DIRECTION('',(0.0,0.0,-1.0));
#14846=DIRECTION('',(0.,1.,0.));
#14847=FACE_OUTER_BOUND('',#14848,.T.);
#14848=EDGE_LOOP('',(#14849,#14859,#14869,#14879));
#14852=CARTESIAN_POINT('',(-1.473,3.023,0.0));
#14851=VERTEX_POINT('',#14852);
#14854=CARTESIAN_POINT('',(-1.473,1.651,0.0));
#14853=VERTEX_POINT('',#14854);
#14850=EDGE_CURVE('',#14851,#14853,#14855,.T.);
#14855=LINE('',#14852,#14857);
#14857=VECTOR('',#14858,1.37160634838143);
#14858=DIRECTION('',(0.0,-1.0,0.0));
#14849=ORIENTED_EDGE('',*,*,#14850,.F.);
#14862=CARTESIAN_POINT('',(-1.067,3.023,0.0));
#14861=VERTEX_POINT('',#14862);
#14860=EDGE_CURVE('',#14861,#14851,#14865,.T.);
#14865=LINE('',#14862,#14867);
#14867=VECTOR('',#14868,0.406400172783486);
#14868=DIRECTION('',(-1.0,0.0,0.0));
#14859=ORIENTED_EDGE('',*,*,#14860,.F.);
#14872=CARTESIAN_POINT('',(-1.067,1.651,0.0));
#14871=VERTEX_POINT('',#14872);
#14870=EDGE_CURVE('',#14871,#14861,#14875,.T.);
#14875=LINE('',#14872,#14877);
#14877=VECTOR('',#14878,1.37160634838144);
#14878=DIRECTION('',(0.0,1.0,0.0));
#14869=ORIENTED_EDGE('',*,*,#14870,.F.);
#14880=EDGE_CURVE('',#14853,#14871,#14885,.T.);
#14885=LINE('',#14854,#14887);
#14887=VECTOR('',#14888,0.406400026558929);
#14888=DIRECTION('',(1.0,0.0,0.0));
#14879=ORIENTED_EDGE('',*,*,#14880,.F.);
#14938=STYLED_ITEM('',(#34),#14939);
#14939=ADVANCED_FACE('',(#14945),#14940,.T.);
#14940=PLANE('',#14941);
#14941=AXIS2_PLACEMENT_3D('',#14942,#14943,#14944);
#14942=CARTESIAN_POINT('',(-1.168,3.124,0.305));
#14943=DIRECTION('',(0.0,0.707,0.707));
#14944=DIRECTION('',(0.,0.,1.));
#14945=FACE_OUTER_BOUND('',#14946,.T.);
#14946=EDGE_LOOP('',(#14947,#14957,#14967,#14977));
#14950=CARTESIAN_POINT('',(-1.372,3.124,0.305));
#14949=VERTEX_POINT('',#14950);
#14952=CARTESIAN_POINT('',(-1.168,3.124,0.305));
#14951=VERTEX_POINT('',#14952);
#14948=EDGE_CURVE('',#14949,#14951,#14953,.T.);
#14953=LINE('',#14950,#14955);
#14955=VECTOR('',#14956,0.203200187106069);
#14956=DIRECTION('',(1.0,0.0,0.0));
#14947=ORIENTED_EDGE('',*,*,#14948,.F.);
#14958=EDGE_CURVE('',#14763,#14949,#14963,.T.);
#14963=LINE('',#14764,#14965);
#14965=VECTOR('',#14966,0.175976360873829);
#14966=DIRECTION('',(0.577,0.577,-0.577));
#14957=ORIENTED_EDGE('',*,*,#14958,.F.);
#14967=ORIENTED_EDGE('',*,*,#14762,.T.);
#14978=EDGE_CURVE('',#14951,#14753,#14983,.T.);
#14983=LINE('',#14952,#14985);
#14985=VECTOR('',#14986,0.175976360873828);
#14986=DIRECTION('',(0.577,-0.577,0.577));
#14977=ORIENTED_EDGE('',*,*,#14978,.F.);
#14987=STYLED_ITEM('',(#34),#14988);
#14988=ADVANCED_FACE('',(#14994),#14989,.T.);
#14989=PLANE('',#14990);
#14990=AXIS2_PLACEMENT_3D('',#14991,#14992,#14993);
#14991=CARTESIAN_POINT('',(-1.067,3.023,0.0));
#14992=DIRECTION('',(0.707,0.707,0.0));
#14993=DIRECTION('',(0.,0.,1.));
#14994=FACE_OUTER_BOUND('',#14995,.T.);
#14995=EDGE_LOOP('',(#14996,#15006,#15016,#15026));
#14999=CARTESIAN_POINT('',(-1.168,3.124,0.102));
#14998=VERTEX_POINT('',#14999);
#14997=EDGE_CURVE('',#14998,#14861,#15002,.T.);
#15002=LINE('',#14999,#15004);
#15004=VECTOR('',#15005,0.175976360873828);
#15005=DIRECTION('',(0.577,-0.577,-0.577));
#14996=ORIENTED_EDGE('',*,*,#14997,.F.);
#15007=EDGE_CURVE('',#14951,#14998,#15012,.T.);
#15012=LINE('',#14952,#15014);
#15014=VECTOR('',#15015,0.2032);
#15015=DIRECTION('',(0.0,0.0,-1.0));
#15006=ORIENTED_EDGE('',*,*,#15007,.F.);
#15016=ORIENTED_EDGE('',*,*,#14978,.T.);
#15027=EDGE_CURVE('',#14861,#14753,#15032,.T.);
#15032=LINE('',#14862,#15034);
#15034=VECTOR('',#15035,0.4064);
#15035=DIRECTION('',(0.0,0.0,1.0));
#15026=ORIENTED_EDGE('',*,*,#15027,.F.);
#15036=STYLED_ITEM('',(#34),#15037);
#15037=ADVANCED_FACE('',(#15043),#15038,.T.);
#15038=PLANE('',#15039);
#15039=AXIS2_PLACEMENT_3D('',#15040,#15041,#15042);
#15040=CARTESIAN_POINT('',(-1.067,3.023,0.0));
#15041=DIRECTION('',(0.0,0.707,-0.707));
#15042=DIRECTION('',(0.,0.,1.));
#15043=FACE_OUTER_BOUND('',#15044,.T.);
#15044=EDGE_LOOP('',(#15045,#15055,#15065,#15075));
#15045=ORIENTED_EDGE('',*,*,#14860,.T.);
#15058=CARTESIAN_POINT('',(-1.372,3.124,0.102));
#15057=VERTEX_POINT('',#15058);
#15056=EDGE_CURVE('',#15057,#14851,#15061,.T.);
#15061=LINE('',#15058,#15063);
#15063=VECTOR('',#15064,0.175976360873829);
#15064=DIRECTION('',(-0.577,-0.577,-0.577));
#15055=ORIENTED_EDGE('',*,*,#15056,.F.);
#15066=EDGE_CURVE('',#14998,#15057,#15071,.T.);
#15071=LINE('',#14999,#15073);
#15073=VECTOR('',#15074,0.203200187106069);
#15074=DIRECTION('',(-1.0,0.0,0.0));
#15065=ORIENTED_EDGE('',*,*,#15066,.F.);
#15075=ORIENTED_EDGE('',*,*,#14997,.T.);
#15085=STYLED_ITEM('',(#34),#15086);
#15086=ADVANCED_FACE('',(#15092),#15087,.T.);
#15087=PLANE('',#15088);
#15088=AXIS2_PLACEMENT_3D('',#15089,#15090,#15091);
#15089=CARTESIAN_POINT('',(-1.372,3.124,0.102));
#15090=DIRECTION('',(-0.707,0.707,0.0));
#15091=DIRECTION('',(0.,0.,1.));
#15092=FACE_OUTER_BOUND('',#15093,.T.);
#15093=EDGE_LOOP('',(#15094,#15104,#15114,#15124));
#15094=ORIENTED_EDGE('',*,*,#15056,.T.);
#15105=EDGE_CURVE('',#14763,#14851,#15110,.T.);
#15110=LINE('',#14764,#15112);
#15112=VECTOR('',#15113,0.4064);
#15113=DIRECTION('',(0.0,0.0,-1.0));
#15104=ORIENTED_EDGE('',*,*,#15105,.F.);
#15114=ORIENTED_EDGE('',*,*,#14958,.T.);
#15125=EDGE_CURVE('',#15057,#14949,#15130,.T.);
#15130=LINE('',#15058,#15132);
#15132=VECTOR('',#15133,0.2032);
#15133=DIRECTION('',(0.0,0.0,1.0));
#15124=ORIENTED_EDGE('',*,*,#15125,.F.);
#15134=STYLED_ITEM('',(#34),#15135);
#15135=ADVANCED_FACE('',(#15141),#15136,.T.);
#15136=PLANE('',#15137);
#15137=AXIS2_PLACEMENT_3D('',#15138,#15139,#15140);
#15138=CARTESIAN_POINT('',(-1.168,3.124,0.102));
#15139=DIRECTION('',(0.0,1.0,0.0));
#15140=DIRECTION('',(0.,0.,1.));
#15141=FACE_OUTER_BOUND('',#15142,.T.);
#15142=EDGE_LOOP('',(#15143,#15153,#15163,#15173));
#15143=ORIENTED_EDGE('',*,*,#15066,.T.);
#15153=ORIENTED_EDGE('',*,*,#15125,.T.);
#15163=ORIENTED_EDGE('',*,*,#14948,.T.);
#15173=ORIENTED_EDGE('',*,*,#15007,.T.);
#15183=STYLED_ITEM($,(#34),#15184);
#15184=ADVANCED_FACE($,(#15190),#15185,.F.);
#15185=CYLINDRICAL_SURFACE($,#15186,0.10159365);
#15186=AXIS2_PLACEMENT_3D($,#15187,#15188,#15189);
#15187=CARTESIAN_POINT('',(-1.067,1.651,0.508));
#15188=DIRECTION('',(1.0,0.0,0.0));
#15189=DIRECTION('',(0.,0.,1.));
#15190=FACE_OUTER_BOUND($,#15191,.T.);
#15191=EDGE_LOOP($,(#15203,#15213,#15224,#15192));
#15203=ORIENTED_EDGE('',*,*,#14782,.T.);
#15214=EDGE_CURVE($,#14655,#14773,#15219,.T.);
#15219=CIRCLE($,#15220,0.10159365);
#15221=CARTESIAN_POINT('',(-1.473,1.651,0.508));
#15220=AXIS2_PLACEMENT_3D($,#15221,#15222,#15223);
#15222=DIRECTION('',(1.0,0.0,0.0));
#15223=DIRECTION('',(0.0,0.707,-0.707));
#15213=ORIENTED_EDGE('',*,*,#15214,.F.);
#15224=ORIENTED_EDGE('',*,*,#14654,.T.);
#15193=EDGE_CURVE($,#14755,#14657,#15198,.T.);
#15198=CIRCLE($,#15199,0.10159365);
#15200=CARTESIAN_POINT('',(-1.067,1.651,0.508));
#15199=AXIS2_PLACEMENT_3D($,#15200,#15201,#15202);
#15201=DIRECTION('',(-1.0,0.0,0.0));
#15202=DIRECTION('',(0.0,-0.707,0.707));
#15192=ORIENTED_EDGE('',*,*,#15193,.F.);
#15234=STYLED_ITEM($,(#34),#15235);
#15235=ADVANCED_FACE($,(#15241),#15236,.T.);
#15236=CYLINDRICAL_SURFACE($,#15237,0.50799365);
#15237=AXIS2_PLACEMENT_3D($,#15238,#15239,#15240);
#15238=CARTESIAN_POINT('',(-1.067,1.651,0.508));
#15239=DIRECTION('',(-1.0,0.0,0.0));
#15240=DIRECTION('',(0.,0.,1.));
#15241=FACE_OUTER_BOUND($,#15242,.T.);
#15242=EDGE_LOOP($,(#15254,#15264,#15275,#15243));
#15254=ORIENTED_EDGE('',*,*,#14880,.T.);
#15265=EDGE_CURVE($,#14704,#14871,#15270,.T.);
#15270=CIRCLE($,#15271,0.50799365);
#15271=AXIS2_PLACEMENT_3D($,#15200,#15273,#15274);
#15273=DIRECTION('',(1.0,0.0,0.0));
#15274=DIRECTION('',(0.0,0.707,-0.707));
#15264=ORIENTED_EDGE('',*,*,#15265,.F.);
#15275=ORIENTED_EDGE('',*,*,#14703,.T.);
#15244=EDGE_CURVE($,#14853,#14706,#15249,.T.);
#15249=CIRCLE($,#15250,0.50799365);
#15250=AXIS2_PLACEMENT_3D($,#15221,#15252,#15253);
#15252=DIRECTION('',(-1.0,0.0,0.0));
#15253=DIRECTION('',(0.0,-0.707,0.707));
#15243=ORIENTED_EDGE('',*,*,#15244,.F.);
#15285=STYLED_ITEM('color',(#34),#15286);
#15286=ADVANCED_FACE($,(#15292),#15287,.T.);
#15287=PLANE($,#15288);
#15288=AXIS2_PLACEMENT_3D($,#15289,#15290,#15291);
#15289=CARTESIAN_POINT('',(-1.067,1.143,0.508));
#15290=DIRECTION('',(1.0,0.0,0.0));
#15291=DIRECTION('',(1.,0.,0.));
#15292=FACE_OUTER_BOUND($,#15293,.T.);
#15293=EDGE_LOOP($,(#15296, #15306, #15316, #15326, #15337, #15347, #15357, #15367));
#15296=ORIENTED_EDGE('',*,*,#14684,.T.);
#15306=ORIENTED_EDGE('',*,*,#14605,.T.);
#15316=ORIENTED_EDGE('',*,*,#14713,.T.);
#15326=ORIENTED_EDGE('',*,*,#15265,.T.);
#15337=ORIENTED_EDGE('',*,*,#14870,.T.);
#15347=ORIENTED_EDGE('',*,*,#15027,.T.);
#15357=ORIENTED_EDGE('',*,*,#14752,.T.);
#15367=ORIENTED_EDGE('',*,*,#15193,.T.);
#15378=STYLED_ITEM('color',(#34),#15379);
#15379=ADVANCED_FACE($,(#15385),#15380,.T.);
#15380=PLANE($,#15381);
#15381=AXIS2_PLACEMENT_3D($,#15382,#15383,#15384);
#15382=CARTESIAN_POINT('',(-1.473,1.143,0.508));
#15383=DIRECTION('',(-1.0,0.0,0.0));
#15384=DIRECTION('',(-1.,0.,0.));
#15385=FACE_OUTER_BOUND($,#15386,.T.);
#15386=EDGE_LOOP($,(#15389, #15399, #15409, #15419, #15430, #15440, #15450, #15460));
#15389=ORIENTED_EDGE('',*,*,#14733,.T.);
#15399=ORIENTED_EDGE('',*,*,#14625,.T.);
#15409=ORIENTED_EDGE('',*,*,#14664,.T.);
#15419=ORIENTED_EDGE('',*,*,#15214,.T.);
#15430=ORIENTED_EDGE('',*,*,#14772,.T.);
#15440=ORIENTED_EDGE('',*,*,#15105,.T.);
#15450=ORIENTED_EDGE('',*,*,#14850,.T.);
#15460=ORIENTED_EDGE('',*,*,#15244,.T.);
#15471=MANIFOLD_SOLID_BREP($,#15472);
#15472=CLOSED_SHELL('',(#15476,#15525,#15574,#15623,#15672,#15721,#15770,#15819,#15868,#15917));
#15473=MANIFOLD_SOLID_BREP($,#15474);
#15474=CLOSED_SHELL('',(#15966,#16015,#16064,#16113,#16211,#16309,#16358,#16407,#16456,#16505,#16554,#16605,#16656,#16749));
#15475=STYLED_ITEM('',(#34),#15476);
#15476=ADVANCED_FACE('',(#15482),#15477,.T.);
#15477=PLANE('',#15478);
#15478=AXIS2_PLACEMENT_3D('',#15479,#15480,#15481);
#15479=CARTESIAN_POINT('',(-2.438,1.245,5.969));
#15480=DIRECTION('',(0.0,0.0,1.0));
#15481=DIRECTION('',(0.,1.,0.));
#15482=FACE_OUTER_BOUND('',#15483,.T.);
#15483=EDGE_LOOP('',(#15484,#15494,#15504,#15514));
#15487=CARTESIAN_POINT('',(-2.438,1.448,5.969));
#15486=VERTEX_POINT('',#15487);
#15489=CARTESIAN_POINT('',(-2.438,1.245,5.969));
#15488=VERTEX_POINT('',#15489);
#15485=EDGE_CURVE('',#15486,#15488,#15490,.T.);
#15490=LINE('',#15487,#15492);
#15492=VECTOR('',#15493,0.203199997275109);
#15493=DIRECTION('',(0.0,-1.0,0.0));
#15484=ORIENTED_EDGE('',*,*,#15485,.F.);
#15497=CARTESIAN_POINT('',(-2.642,1.448,5.969));
#15496=VERTEX_POINT('',#15497);
#15495=EDGE_CURVE('',#15496,#15486,#15500,.T.);
#15500=LINE('',#15497,#15502);
#15502=VECTOR('',#15503,0.203200008169614);
#15503=DIRECTION('',(1.0,0.0,0.0));
#15494=ORIENTED_EDGE('',*,*,#15495,.F.);
#15507=CARTESIAN_POINT('',(-2.642,1.245,5.969));
#15506=VERTEX_POINT('',#15507);
#15505=EDGE_CURVE('',#15506,#15496,#15510,.T.);
#15510=LINE('',#15507,#15512);
#15512=VECTOR('',#15513,0.203199997275109);
#15513=DIRECTION('',(0.0,1.0,0.0));
#15504=ORIENTED_EDGE('',*,*,#15505,.F.);
#15515=EDGE_CURVE('',#15488,#15506,#15520,.T.);
#15520=LINE('',#15489,#15522);
#15522=VECTOR('',#15523,0.203199997280168);
#15523=DIRECTION('',(-1.0,0.0,0.0));
#15514=ORIENTED_EDGE('',*,*,#15515,.F.);
#15524=STYLED_ITEM('',(#34),#15525);
#15525=ADVANCED_FACE('',(#15531),#15526,.T.);
#15526=PLANE('',#15527);
#15527=AXIS2_PLACEMENT_3D('',#15528,#15529,#15530);
#15528=CARTESIAN_POINT('',(-2.337,1.549,5.867));
#15529=DIRECTION('',(0.0,0.707,0.707));
#15530=DIRECTION('',(0.,0.,1.));
#15531=FACE_OUTER_BOUND('',#15532,.T.);
#15532=EDGE_LOOP('',(#15533,#15543,#15553,#15563));
#15536=CARTESIAN_POINT('',(-2.743,1.549,5.867));
#15535=VERTEX_POINT('',#15536);
#15538=CARTESIAN_POINT('',(-2.337,1.549,5.867));
#15537=VERTEX_POINT('',#15538);
#15534=EDGE_CURVE('',#15535,#15537,#15539,.T.);
#15539=LINE('',#15536,#15541);
#15541=VECTOR('',#15542,0.406400016339228);
#15542=DIRECTION('',(1.0,0.0,0.0));
#15533=ORIENTED_EDGE('',*,*,#15534,.F.);
#15544=EDGE_CURVE('',#15496,#15535,#15549,.T.);
#15549=LINE('',#15497,#15551);
#15551=VECTOR('',#15552,0.175976362048998);
#15552=DIRECTION('',(-0.577,0.577,-0.577));
#15543=ORIENTED_EDGE('',*,*,#15544,.F.);
#15553=ORIENTED_EDGE('',*,*,#15495,.T.);
#15564=EDGE_CURVE('',#15537,#15486,#15569,.T.);
#15569=LINE('',#15538,#15571);
#15571=VECTOR('',#15572,0.175976362048998);
#15572=DIRECTION('',(-0.577,-0.577,0.577));
#15563=ORIENTED_EDGE('',*,*,#15564,.F.);
#15573=STYLED_ITEM('',(#34),#15574);
#15574=ADVANCED_FACE('',(#15580),#15575,.T.);
#15575=PLANE('',#15576);
#15576=AXIS2_PLACEMENT_3D('',#15577,#15578,#15579);
#15577=CARTESIAN_POINT('',(-2.743,1.549,5.867));
#15578=DIRECTION('',(-0.707,0.0,0.707));
#15579=DIRECTION('',(0.,0.,1.));
#15580=FACE_OUTER_BOUND('',#15581,.T.);
#15581=EDGE_LOOP('',(#15582,#15592,#15602,#15612));
#15585=CARTESIAN_POINT('',(-2.743,1.143,5.867));
#15584=VERTEX_POINT('',#15585);
#15583=EDGE_CURVE('',#15584,#15535,#15588,.T.);
#15588=LINE('',#15585,#15590);
#15590=VECTOR('',#15591,0.406399994550218);
#15591=DIRECTION('',(0.0,1.0,0.0));
#15582=ORIENTED_EDGE('',*,*,#15583,.F.);
#15593=EDGE_CURVE('',#15506,#15584,#15598,.T.);
#15598=LINE('',#15507,#15600);
#15600=VECTOR('',#15601,0.175976362048998);
#15601=DIRECTION('',(-0.577,-0.577,-0.577));
#15592=ORIENTED_EDGE('',*,*,#15593,.F.);
#15602=ORIENTED_EDGE('',*,*,#15505,.T.);
#15612=ORIENTED_EDGE('',*,*,#15544,.T.);
#15622=STYLED_ITEM('',(#34),#15623);
#15623=ADVANCED_FACE('',(#15629),#15624,.T.);
#15624=PLANE('',#15625);
#15625=AXIS2_PLACEMENT_3D('',#15626,#15627,#15628);
#15626=CARTESIAN_POINT('',(-2.743,1.143,5.867));
#15627=DIRECTION('',(0.0,-0.707,0.707));
#15628=DIRECTION('',(0.,0.,1.));
#15629=FACE_OUTER_BOUND('',#15630,.T.);
#15630=EDGE_LOOP('',(#15631,#15641,#15651,#15661));
#15634=CARTESIAN_POINT('',(-2.337,1.143,5.867));
#15633=VERTEX_POINT('',#15634);
#15632=EDGE_CURVE('',#15633,#15584,#15637,.T.);
#15637=LINE('',#15634,#15639);
#15639=VECTOR('',#15640,0.406399994560336);
#15640=DIRECTION('',(-1.0,0.0,0.0));
#15631=ORIENTED_EDGE('',*,*,#15632,.F.);
#15642=EDGE_CURVE('',#15488,#15633,#15647,.T.);
#15647=LINE('',#15489,#15649);
#15649=VECTOR('',#15650,0.175976362048998);
#15650=DIRECTION('',(0.577,-0.577,-0.577));
#15641=ORIENTED_EDGE('',*,*,#15642,.F.);
#15651=ORIENTED_EDGE('',*,*,#15515,.T.);
#15661=ORIENTED_EDGE('',*,*,#15593,.T.);
#15671=STYLED_ITEM('',(#34),#15672);
#15672=ADVANCED_FACE('',(#15678),#15673,.T.);
#15673=PLANE('',#15674);
#15674=AXIS2_PLACEMENT_3D('',#15675,#15676,#15677);
#15675=CARTESIAN_POINT('',(-2.337,1.143,5.867));
#15676=DIRECTION('',(0.707,0.0,0.707));
#15677=DIRECTION('',(0.,0.,1.));
#15678=FACE_OUTER_BOUND('',#15679,.T.);
#15679=EDGE_LOOP('',(#15680,#15690,#15700,#15710));
#15681=EDGE_CURVE('',#15537,#15633,#15686,.T.);
#15686=LINE('',#15538,#15688);
#15688=VECTOR('',#15689,0.406399994550218);
#15689=DIRECTION('',(0.0,-1.0,0.0));
#15680=ORIENTED_EDGE('',*,*,#15681,.F.);
#15690=ORIENTED_EDGE('',*,*,#15564,.T.);
#15700=ORIENTED_EDGE('',*,*,#15485,.T.);
#15710=ORIENTED_EDGE('',*,*,#15642,.T.);
#15720=STYLED_ITEM('',(#34),#15721);
#15721=ADVANCED_FACE('',(#15727),#15722,.T.);
#15722=PLANE('',#15723);
#15723=AXIS2_PLACEMENT_3D('',#15724,#15725,#15726);
#15724=CARTESIAN_POINT('',(-2.337,1.549,2.438));
#15725=DIRECTION('',(0.0,1.0,0.0));
#15726=DIRECTION('',(0.,0.,1.));
#15727=FACE_OUTER_BOUND('',#15728,.T.);
#15728=EDGE_LOOP('',(#15729,#15739,#15749,#15759));
#15732=CARTESIAN_POINT('',(-2.743,1.549,2.438));
#15731=VERTEX_POINT('',#15732);
#15734=CARTESIAN_POINT('',(-2.337,1.549,2.438));
#15733=VERTEX_POINT('',#15734);
#15730=EDGE_CURVE('',#15731,#15733,#15735,.T.);
#15735=LINE('',#15732,#15737);
#15737=VECTOR('',#15738,0.406400016339228);
#15738=DIRECTION('',(1.0,0.0,0.0));
#15729=ORIENTED_EDGE('',*,*,#15730,.F.);
#15740=EDGE_CURVE('',#15535,#15731,#15745,.T.);
#15745=LINE('',#15536,#15747);
#15747=VECTOR('',#15748,3.4290254);
#15748=DIRECTION('',(0.0,0.0,-1.0));
#15739=ORIENTED_EDGE('',*,*,#15740,.F.);
#15749=ORIENTED_EDGE('',*,*,#15534,.T.);
#15760=EDGE_CURVE('',#15733,#15537,#15765,.T.);
#15765=LINE('',#15734,#15767);
#15767=VECTOR('',#15768,3.4290254);
#15768=DIRECTION('',(0.0,0.0,1.0));
#15759=ORIENTED_EDGE('',*,*,#15760,.F.);
#15769=STYLED_ITEM('',(#34),#15770);
#15770=ADVANCED_FACE('',(#15776),#15771,.T.);
#15771=PLANE('',#15772);
#15772=AXIS2_PLACEMENT_3D('',#15773,#15774,#15775);
#15773=CARTESIAN_POINT('',(-2.743,1.549,2.438));
#15774=DIRECTION('',(-1.0,0.0,0.0));
#15775=DIRECTION('',(0.,0.,1.));
#15776=FACE_OUTER_BOUND('',#15777,.T.);
#15777=EDGE_LOOP('',(#15778,#15788,#15798,#15808));
#15781=CARTESIAN_POINT('',(-2.743,1.143,2.438));
#15780=VERTEX_POINT('',#15781);
#15779=EDGE_CURVE('',#15780,#15731,#15784,.T.);
#15784=LINE('',#15781,#15786);
#15786=VECTOR('',#15787,0.406399994550218);
#15787=DIRECTION('',(0.0,1.0,0.0));
#15778=ORIENTED_EDGE('',*,*,#15779,.F.);
#15789=EDGE_CURVE('',#15584,#15780,#15794,.T.);
#15794=LINE('',#15585,#15796);
#15796=VECTOR('',#15797,3.4290254);
#15797=DIRECTION('',(0.0,0.0,-1.0));
#15788=ORIENTED_EDGE('',*,*,#15789,.F.);
#15798=ORIENTED_EDGE('',*,*,#15583,.T.);
#15808=ORIENTED_EDGE('',*,*,#15740,.T.);
#15818=STYLED_ITEM('',(#34),#15819);
#15819=ADVANCED_FACE('',(#15825),#15820,.T.);
#15820=PLANE('',#15821);
#15821=AXIS2_PLACEMENT_3D('',#15822,#15823,#15824);
#15822=CARTESIAN_POINT('',(-2.743,1.143,2.438));
#15823=DIRECTION('',(0.0,-1.0,0.0));
#15824=DIRECTION('',(0.,0.,1.));
#15825=FACE_OUTER_BOUND('',#15826,.T.);
#15826=EDGE_LOOP('',(#15827,#15837,#15847,#15857));
#15830=CARTESIAN_POINT('',(-2.337,1.143,2.438));
#15829=VERTEX_POINT('',#15830);
#15828=EDGE_CURVE('',#15829,#15780,#15833,.T.);
#15833=LINE('',#15830,#15835);
#15835=VECTOR('',#15836,0.406399994560336);
#15836=DIRECTION('',(-1.0,0.0,0.0));
#15827=ORIENTED_EDGE('',*,*,#15828,.F.);
#15838=EDGE_CURVE('',#15633,#15829,#15843,.T.);
#15843=LINE('',#15634,#15845);
#15845=VECTOR('',#15846,3.4290254);
#15846=DIRECTION('',(0.0,0.0,-1.0));
#15837=ORIENTED_EDGE('',*,*,#15838,.F.);
#15847=ORIENTED_EDGE('',*,*,#15632,.T.);
#15857=ORIENTED_EDGE('',*,*,#15789,.T.);
#15867=STYLED_ITEM('',(#34),#15868);
#15868=ADVANCED_FACE('',(#15874),#15869,.T.);
#15869=PLANE('',#15870);
#15870=AXIS2_PLACEMENT_3D('',#15871,#15872,#15873);
#15871=CARTESIAN_POINT('',(-2.337,1.143,2.438));
#15872=DIRECTION('',(1.0,0.0,0.0));
#15873=DIRECTION('',(0.,0.,1.));
#15874=FACE_OUTER_BOUND('',#15875,.T.);
#15875=EDGE_LOOP('',(#15876,#15886,#15896,#15906));
#15877=EDGE_CURVE('',#15733,#15829,#15882,.T.);
#15882=LINE('',#15734,#15884);
#15884=VECTOR('',#15885,0.406399994550218);
#15885=DIRECTION('',(0.0,-1.0,0.0));
#15876=ORIENTED_EDGE('',*,*,#15877,.F.);
#15886=ORIENTED_EDGE('',*,*,#15760,.T.);
#15896=ORIENTED_EDGE('',*,*,#15681,.T.);
#15906=ORIENTED_EDGE('',*,*,#15838,.T.);
#15916=STYLED_ITEM('',(#34),#15917);
#15917=ADVANCED_FACE('',(#15923),#15918,.T.);
#15918=PLANE('',#15919);
#15919=AXIS2_PLACEMENT_3D('',#15920,#15921,#15922);
#15920=CARTESIAN_POINT('',(-2.743,1.143,2.438));
#15921=DIRECTION('',(0.0,0.0,-1.0));
#15922=DIRECTION('',(0.,1.,0.));
#15923=FACE_OUTER_BOUND('',#15924,.T.);
#15924=EDGE_LOOP('',(#15925,#15935,#15945,#15955));
#15925=ORIENTED_EDGE('',*,*,#15779,.T.);
#15935=ORIENTED_EDGE('',*,*,#15730,.T.);
#15945=ORIENTED_EDGE('',*,*,#15877,.T.);
#15955=ORIENTED_EDGE('',*,*,#15828,.T.);
#15965=STYLED_ITEM('',(#34),#15966);
#15966=ADVANCED_FACE('',(#15972),#15967,.T.);
#15967=PLANE('',#15968);
#15968=AXIS2_PLACEMENT_3D('',#15969,#15970,#15971);
#15969=CARTESIAN_POINT('',(-2.337,1.143,0.61));
#15970=DIRECTION('',(0.0,0.0,1.0));
#15971=DIRECTION('',(0.,1.,0.));
#15972=FACE_OUTER_BOUND('',#15973,.T.);
#15973=EDGE_LOOP('',(#15974,#15984,#15994,#16004));
#15977=CARTESIAN_POINT('',(-2.337,1.549,0.61));
#15976=VERTEX_POINT('',#15977);
#15979=CARTESIAN_POINT('',(-2.337,1.143,0.61));
#15978=VERTEX_POINT('',#15979);
#15975=EDGE_CURVE('',#15976,#15978,#15980,.T.);
#15980=LINE('',#15977,#15982);
#15982=VECTOR('',#15983,0.406399994550218);
#15983=DIRECTION('',(0.0,-1.0,0.0));
#15974=ORIENTED_EDGE('',*,*,#15975,.F.);
#15987=CARTESIAN_POINT('',(-2.743,1.549,0.61));
#15986=VERTEX_POINT('',#15987);
#15985=EDGE_CURVE('',#15986,#15976,#15990,.T.);
#15990=LINE('',#15987,#15992);
#15992=VECTOR('',#15993,0.406400016339228);
#15993=DIRECTION('',(1.0,0.0,0.0));
#15984=ORIENTED_EDGE('',*,*,#15985,.F.);
#15997=CARTESIAN_POINT('',(-2.743,1.143,0.61));
#15996=VERTEX_POINT('',#15997);
#15995=EDGE_CURVE('',#15996,#15986,#16000,.T.);
#16000=LINE('',#15997,#16002);
#16002=VECTOR('',#16003,0.406399994550218);
#16003=DIRECTION('',(0.0,1.0,0.0));
#15994=ORIENTED_EDGE('',*,*,#15995,.F.);
#16005=EDGE_CURVE('',#15978,#15996,#16010,.T.);
#16010=LINE('',#15979,#16012);
#16012=VECTOR('',#16013,0.406399994560336);
#16013=DIRECTION('',(-1.0,0.0,0.0));
#16004=ORIENTED_EDGE('',*,*,#16005,.F.);
#16014=STYLED_ITEM('',(#34),#16015);
#16015=ADVANCED_FACE('',(#16021),#16016,.T.);
#16016=PLANE('',#16017);
#16017=AXIS2_PLACEMENT_3D('',#16018,#16019,#16020);
#16018=CARTESIAN_POINT('',(-2.337,1.549,0.508));
#16019=DIRECTION('',(0.0,1.0,0.0));
#16020=DIRECTION('',(0.,0.,1.));
#16021=FACE_OUTER_BOUND('',#16022,.T.);
#16022=EDGE_LOOP('',(#16023,#16033,#16043,#16053));
#16026=CARTESIAN_POINT('',(-2.743,1.549,0.508));
#16025=VERTEX_POINT('',#16026);
#16028=CARTESIAN_POINT('',(-2.337,1.549,0.508));
#16027=VERTEX_POINT('',#16028);
#16024=EDGE_CURVE('',#16025,#16027,#16029,.T.);
#16029=LINE('',#16026,#16031);
#16031=VECTOR('',#16032,0.406400016339228);
#16032=DIRECTION('',(1.0,0.0,0.0));
#16023=ORIENTED_EDGE('',*,*,#16024,.F.);
#16034=EDGE_CURVE('',#15986,#16025,#16039,.T.);
#16039=LINE('',#15987,#16041);
#16041=VECTOR('',#16042,0.10159365);
#16042=DIRECTION('',(0.0,0.0,-1.0));
#16033=ORIENTED_EDGE('',*,*,#16034,.F.);
#16043=ORIENTED_EDGE('',*,*,#15985,.T.);
#16054=EDGE_CURVE('',#16027,#15976,#16059,.T.);
#16059=LINE('',#16028,#16061);
#16061=VECTOR('',#16062,0.10159365);
#16062=DIRECTION('',(0.0,0.0,1.0));
#16053=ORIENTED_EDGE('',*,*,#16054,.F.);
#16063=STYLED_ITEM('',(#34),#16064);
#16064=ADVANCED_FACE('',(#16070),#16065,.T.);
#16065=PLANE('',#16066);
#16066=AXIS2_PLACEMENT_3D('',#16067,#16068,#16069);
#16067=CARTESIAN_POINT('',(-2.743,1.143,0.508));
#16068=DIRECTION('',(0.0,-1.0,0.0));
#16069=DIRECTION('',(0.,0.,1.));
#16070=FACE_OUTER_BOUND('',#16071,.T.);
#16071=EDGE_LOOP('',(#16072,#16082,#16092,#16102));
#16075=CARTESIAN_POINT('',(-2.337,1.143,0.508));
#16074=VERTEX_POINT('',#16075);
#16077=CARTESIAN_POINT('',(-2.743,1.143,0.508));
#16076=VERTEX_POINT('',#16077);
#16073=EDGE_CURVE('',#16074,#16076,#16078,.T.);
#16078=LINE('',#16075,#16080);
#16080=VECTOR('',#16081,0.406399994560336);
#16081=DIRECTION('',(-1.0,0.0,0.0));
#16072=ORIENTED_EDGE('',*,*,#16073,.F.);
#16083=EDGE_CURVE('',#15978,#16074,#16088,.T.);
#16088=LINE('',#15979,#16090);
#16090=VECTOR('',#16091,0.10159365);
#16091=DIRECTION('',(0.0,0.0,-1.0));
#16082=ORIENTED_EDGE('',*,*,#16083,.F.);
#16092=ORIENTED_EDGE('',*,*,#16005,.T.);
#16103=EDGE_CURVE('',#16076,#15996,#16108,.T.);
#16108=LINE('',#16077,#16110);
#16110=VECTOR('',#16111,0.10159365);
#16111=DIRECTION('',(0.0,0.0,1.0));
#16102=ORIENTED_EDGE('',*,*,#16103,.F.);
#16112=STYLED_ITEM('',(#34),#16113);
#16113=ADVANCED_FACE('',(#16119),#16114,.T.);
#16114=PLANE('',#16115);
#16115=AXIS2_PLACEMENT_3D('',#16116,#16117,#16118);
#16116=CARTESIAN_POINT('',(-2.337,1.651,0.406));
#16117=DIRECTION('',(0.0,0.0,1.0));
#16118=DIRECTION('',(0.,1.,0.));
#16119=FACE_OUTER_BOUND('',#16120,.T.);
#16120=EDGE_LOOP('',(#16121,#16131,#16141,#16151));
#16124=CARTESIAN_POINT('',(-2.337,3.023,0.406));
#16123=VERTEX_POINT('',#16124);
#16126=CARTESIAN_POINT('',(-2.337,1.651,0.406));
#16125=VERTEX_POINT('',#16126);
#16122=EDGE_CURVE('',#16123,#16125,#16127,.T.);
#16127=LINE('',#16124,#16129);
#16129=VECTOR('',#16130,1.37160634838144);
#16130=DIRECTION('',(0.0,-1.0,0.0));
#16121=ORIENTED_EDGE('',*,*,#16122,.F.);
#16134=CARTESIAN_POINT('',(-2.743,3.023,0.406));
#16133=VERTEX_POINT('',#16134);
#16132=EDGE_CURVE('',#16133,#16123,#16137,.T.);
#16137=LINE('',#16134,#16139);
#16139=VECTOR('',#16140,0.406400172783486);
#16140=DIRECTION('',(1.0,0.0,0.0));
#16131=ORIENTED_EDGE('',*,*,#16132,.F.);
#16144=CARTESIAN_POINT('',(-2.743,1.651,0.406));
#16143=VERTEX_POINT('',#16144);
#16142=EDGE_CURVE('',#16143,#16133,#16147,.T.);
#16147=LINE('',#16144,#16149);
#16149=VECTOR('',#16150,1.37160634838143);
#16150=DIRECTION('',(0.0,1.0,0.0));
#16141=ORIENTED_EDGE('',*,*,#16142,.F.);
#16152=EDGE_CURVE('',#16125,#16143,#16157,.T.);
#16157=LINE('',#16126,#16159);
#16159=VECTOR('',#16160,0.406400026558929);
#16160=DIRECTION('',(-1.0,0.0,0.0));
#16151=ORIENTED_EDGE('',*,*,#16152,.F.);
#16210=STYLED_ITEM('',(#34),#16211);
#16211=ADVANCED_FACE('',(#16217),#16212,.T.);
#16212=PLANE('',#16213);
#16213=AXIS2_PLACEMENT_3D('',#16214,#16215,#16216);
#16214=CARTESIAN_POINT('',(-2.743,1.651,0.0));
#16215=DIRECTION('',(0.0,0.0,-1.0));
#16216=DIRECTION('',(0.,1.,0.));
#16217=FACE_OUTER_BOUND('',#16218,.T.);
#16218=EDGE_LOOP('',(#16219,#16229,#16239,#16249));
#16222=CARTESIAN_POINT('',(-2.743,3.023,0.0));
#16221=VERTEX_POINT('',#16222);
#16224=CARTESIAN_POINT('',(-2.743,1.651,0.0));
#16223=VERTEX_POINT('',#16224);
#16220=EDGE_CURVE('',#16221,#16223,#16225,.T.);
#16225=LINE('',#16222,#16227);
#16227=VECTOR('',#16228,1.37160634838143);
#16228=DIRECTION('',(0.0,-1.0,0.0));
#16219=ORIENTED_EDGE('',*,*,#16220,.F.);
#16232=CARTESIAN_POINT('',(-2.337,3.023,0.0));
#16231=VERTEX_POINT('',#16232);
#16230=EDGE_CURVE('',#16231,#16221,#16235,.T.);
#16235=LINE('',#16232,#16237);
#16237=VECTOR('',#16238,0.406400172783486);
#16238=DIRECTION('',(-1.0,0.0,0.0));
#16229=ORIENTED_EDGE('',*,*,#16230,.F.);
#16242=CARTESIAN_POINT('',(-2.337,1.651,0.0));
#16241=VERTEX_POINT('',#16242);
#16240=EDGE_CURVE('',#16241,#16231,#16245,.T.);
#16245=LINE('',#16242,#16247);
#16247=VECTOR('',#16248,1.37160634838144);
#16248=DIRECTION('',(0.0,1.0,0.0));
#16239=ORIENTED_EDGE('',*,*,#16240,.F.);
#16250=EDGE_CURVE('',#16223,#16241,#16255,.T.);
#16255=LINE('',#16224,#16257);
#16257=VECTOR('',#16258,0.406400026558929);
#16258=DIRECTION('',(1.0,0.0,0.0));
#16249=ORIENTED_EDGE('',*,*,#16250,.F.);
#16308=STYLED_ITEM('',(#34),#16309);
#16309=ADVANCED_FACE('',(#16315),#16310,.T.);
#16310=PLANE('',#16311);
#16311=AXIS2_PLACEMENT_3D('',#16312,#16313,#16314);
#16312=CARTESIAN_POINT('',(-2.438,3.124,0.305));
#16313=DIRECTION('',(0.0,0.707,0.707));
#16314=DIRECTION('',(0.,0.,1.));
#16315=FACE_OUTER_BOUND('',#16316,.T.);
#16316=EDGE_LOOP('',(#16317,#16327,#16337,#16347));
#16320=CARTESIAN_POINT('',(-2.642,3.124,0.305));
#16319=VERTEX_POINT('',#16320);
#16322=CARTESIAN_POINT('',(-2.438,3.124,0.305));
#16321=VERTEX_POINT('',#16322);
#16318=EDGE_CURVE('',#16319,#16321,#16323,.T.);
#16323=LINE('',#16320,#16325);
#16325=VECTOR('',#16326,0.203200187106069);
#16326=DIRECTION('',(1.0,0.0,0.0));
#16317=ORIENTED_EDGE('',*,*,#16318,.F.);
#16328=EDGE_CURVE('',#16133,#16319,#16333,.T.);
#16333=LINE('',#16134,#16335);
#16335=VECTOR('',#16336,0.175976360873829);
#16336=DIRECTION('',(0.577,0.577,-0.577));
#16327=ORIENTED_EDGE('',*,*,#16328,.F.);
#16337=ORIENTED_EDGE('',*,*,#16132,.T.);
#16348=EDGE_CURVE('',#16321,#16123,#16353,.T.);
#16353=LINE('',#16322,#16355);
#16355=VECTOR('',#16356,0.175976360873828);
#16356=DIRECTION('',(0.577,-0.577,0.577));
#16347=ORIENTED_EDGE('',*,*,#16348,.F.);
#16357=STYLED_ITEM('',(#34),#16358);
#16358=ADVANCED_FACE('',(#16364),#16359,.T.);
#16359=PLANE('',#16360);
#16360=AXIS2_PLACEMENT_3D('',#16361,#16362,#16363);
#16361=CARTESIAN_POINT('',(-2.337,3.023,0.0));
#16362=DIRECTION('',(0.707,0.707,0.0));
#16363=DIRECTION('',(0.,0.,1.));
#16364=FACE_OUTER_BOUND('',#16365,.T.);
#16365=EDGE_LOOP('',(#16366,#16376,#16386,#16396));
#16369=CARTESIAN_POINT('',(-2.438,3.124,0.102));
#16368=VERTEX_POINT('',#16369);
#16367=EDGE_CURVE('',#16368,#16231,#16372,.T.);
#16372=LINE('',#16369,#16374);
#16374=VECTOR('',#16375,0.175976360873828);
#16375=DIRECTION('',(0.577,-0.577,-0.577));
#16366=ORIENTED_EDGE('',*,*,#16367,.F.);
#16377=EDGE_CURVE('',#16321,#16368,#16382,.T.);
#16382=LINE('',#16322,#16384);
#16384=VECTOR('',#16385,0.2032);
#16385=DIRECTION('',(0.0,0.0,-1.0));
#16376=ORIENTED_EDGE('',*,*,#16377,.F.);
#16386=ORIENTED_EDGE('',*,*,#16348,.T.);
#16397=EDGE_CURVE('',#16231,#16123,#16402,.T.);
#16402=LINE('',#16232,#16404);
#16404=VECTOR('',#16405,0.4064);
#16405=DIRECTION('',(0.0,0.0,1.0));
#16396=ORIENTED_EDGE('',*,*,#16397,.F.);
#16406=STYLED_ITEM('',(#34),#16407);
#16407=ADVANCED_FACE('',(#16413),#16408,.T.);
#16408=PLANE('',#16409);
#16409=AXIS2_PLACEMENT_3D('',#16410,#16411,#16412);
#16410=CARTESIAN_POINT('',(-2.337,3.023,0.0));
#16411=DIRECTION('',(0.0,0.707,-0.707));
#16412=DIRECTION('',(0.,0.,1.));
#16413=FACE_OUTER_BOUND('',#16414,.T.);
#16414=EDGE_LOOP('',(#16415,#16425,#16435,#16445));
#16415=ORIENTED_EDGE('',*,*,#16230,.T.);
#16428=CARTESIAN_POINT('',(-2.642,3.124,0.102));
#16427=VERTEX_POINT('',#16428);
#16426=EDGE_CURVE('',#16427,#16221,#16431,.T.);
#16431=LINE('',#16428,#16433);
#16433=VECTOR('',#16434,0.175976360873829);
#16434=DIRECTION('',(-0.577,-0.577,-0.577));
#16425=ORIENTED_EDGE('',*,*,#16426,.F.);
#16436=EDGE_CURVE('',#16368,#16427,#16441,.T.);
#16441=LINE('',#16369,#16443);
#16443=VECTOR('',#16444,0.203200187106069);
#16444=DIRECTION('',(-1.0,0.0,0.0));
#16435=ORIENTED_EDGE('',*,*,#16436,.F.);
#16445=ORIENTED_EDGE('',*,*,#16367,.T.);
#16455=STYLED_ITEM('',(#34),#16456);
#16456=ADVANCED_FACE('',(#16462),#16457,.T.);
#16457=PLANE('',#16458);
#16458=AXIS2_PLACEMENT_3D('',#16459,#16460,#16461);
#16459=CARTESIAN_POINT('',(-2.642,3.124,0.102));
#16460=DIRECTION('',(-0.707,0.707,0.0));
#16461=DIRECTION('',(0.,0.,1.));
#16462=FACE_OUTER_BOUND('',#16463,.T.);
#16463=EDGE_LOOP('',(#16464,#16474,#16484,#16494));
#16464=ORIENTED_EDGE('',*,*,#16426,.T.);
#16475=EDGE_CURVE('',#16133,#16221,#16480,.T.);
#16480=LINE('',#16134,#16482);
#16482=VECTOR('',#16483,0.4064);
#16483=DIRECTION('',(0.0,0.0,-1.0));
#16474=ORIENTED_EDGE('',*,*,#16475,.F.);
#16484=ORIENTED_EDGE('',*,*,#16328,.T.);
#16495=EDGE_CURVE('',#16427,#16319,#16500,.T.);
#16500=LINE('',#16428,#16502);
#16502=VECTOR('',#16503,0.2032);
#16503=DIRECTION('',(0.0,0.0,1.0));
#16494=ORIENTED_EDGE('',*,*,#16495,.F.);
#16504=STYLED_ITEM('',(#34),#16505);
#16505=ADVANCED_FACE('',(#16511),#16506,.T.);
#16506=PLANE('',#16507);
#16507=AXIS2_PLACEMENT_3D('',#16508,#16509,#16510);
#16508=CARTESIAN_POINT('',(-2.438,3.124,0.102));
#16509=DIRECTION('',(0.0,1.0,0.0));
#16510=DIRECTION('',(0.,0.,1.));
#16511=FACE_OUTER_BOUND('',#16512,.T.);
#16512=EDGE_LOOP('',(#16513,#16523,#16533,#16543));
#16513=ORIENTED_EDGE('',*,*,#16436,.T.);
#16523=ORIENTED_EDGE('',*,*,#16495,.T.);
#16533=ORIENTED_EDGE('',*,*,#16318,.T.);
#16543=ORIENTED_EDGE('',*,*,#16377,.T.);
#16553=STYLED_ITEM($,(#34),#16554);
#16554=ADVANCED_FACE($,(#16560),#16555,.F.);
#16555=CYLINDRICAL_SURFACE($,#16556,0.10159365);
#16556=AXIS2_PLACEMENT_3D($,#16557,#16558,#16559);
#16557=CARTESIAN_POINT('',(-2.337,1.651,0.508));
#16558=DIRECTION('',(1.0,0.0,0.0));
#16559=DIRECTION('',(0.,0.,1.));
#16560=FACE_OUTER_BOUND($,#16561,.T.);
#16561=EDGE_LOOP($,(#16573,#16583,#16594,#16562));
#16573=ORIENTED_EDGE('',*,*,#16152,.T.);
#16584=EDGE_CURVE($,#16025,#16143,#16589,.T.);
#16589=CIRCLE($,#16590,0.10159365);
#16591=CARTESIAN_POINT('',(-2.743,1.651,0.508));
#16590=AXIS2_PLACEMENT_3D($,#16591,#16592,#16593);
#16592=DIRECTION('',(1.0,0.0,0.0));
#16593=DIRECTION('',(0.0,0.707,-0.707));
#16583=ORIENTED_EDGE('',*,*,#16584,.F.);
#16594=ORIENTED_EDGE('',*,*,#16024,.T.);
#16563=EDGE_CURVE($,#16125,#16027,#16568,.T.);
#16568=CIRCLE($,#16569,0.10159365);
#16570=CARTESIAN_POINT('',(-2.337,1.651,0.508));
#16569=AXIS2_PLACEMENT_3D($,#16570,#16571,#16572);
#16571=DIRECTION('',(-1.0,0.0,0.0));
#16572=DIRECTION('',(0.0,-0.707,0.707));
#16562=ORIENTED_EDGE('',*,*,#16563,.F.);
#16604=STYLED_ITEM($,(#34),#16605);
#16605=ADVANCED_FACE($,(#16611),#16606,.T.);
#16606=CYLINDRICAL_SURFACE($,#16607,0.50799365);
#16607=AXIS2_PLACEMENT_3D($,#16608,#16609,#16610);
#16608=CARTESIAN_POINT('',(-2.337,1.651,0.508));
#16609=DIRECTION('',(-1.0,0.0,0.0));
#16610=DIRECTION('',(0.,0.,1.));
#16611=FACE_OUTER_BOUND($,#16612,.T.);
#16612=EDGE_LOOP($,(#16624,#16634,#16645,#16613));
#16624=ORIENTED_EDGE('',*,*,#16250,.T.);
#16635=EDGE_CURVE($,#16074,#16241,#16640,.T.);
#16640=CIRCLE($,#16641,0.50799365);
#16641=AXIS2_PLACEMENT_3D($,#16570,#16643,#16644);
#16643=DIRECTION('',(1.0,0.0,0.0));
#16644=DIRECTION('',(0.0,0.707,-0.707));
#16634=ORIENTED_EDGE('',*,*,#16635,.F.);
#16645=ORIENTED_EDGE('',*,*,#16073,.T.);
#16614=EDGE_CURVE($,#16223,#16076,#16619,.T.);
#16619=CIRCLE($,#16620,0.50799365);
#16620=AXIS2_PLACEMENT_3D($,#16591,#16622,#16623);
#16622=DIRECTION('',(-1.0,0.0,0.0));
#16623=DIRECTION('',(0.0,-0.707,0.707));
#16613=ORIENTED_EDGE('',*,*,#16614,.F.);
#16655=STYLED_ITEM('color',(#34),#16656);
#16656=ADVANCED_FACE($,(#16662),#16657,.T.);
#16657=PLANE($,#16658);
#16658=AXIS2_PLACEMENT_3D($,#16659,#16660,#16661);
#16659=CARTESIAN_POINT('',(-2.337,1.143,0.508));
#16660=DIRECTION('',(1.0,0.0,0.0));
#16661=DIRECTION('',(1.,0.,0.));
#16662=FACE_OUTER_BOUND($,#16663,.T.);
#16663=EDGE_LOOP($,(#16666, #16676, #16686, #16696, #16707, #16717, #16727, #16737));
#16666=ORIENTED_EDGE('',*,*,#16054,.T.);
#16676=ORIENTED_EDGE('',*,*,#15975,.T.);
#16686=ORIENTED_EDGE('',*,*,#16083,.T.);
#16696=ORIENTED_EDGE('',*,*,#16635,.T.);
#16707=ORIENTED_EDGE('',*,*,#16240,.T.);
#16717=ORIENTED_EDGE('',*,*,#16397,.T.);
#16727=ORIENTED_EDGE('',*,*,#16122,.T.);
#16737=ORIENTED_EDGE('',*,*,#16563,.T.);
#16748=STYLED_ITEM('color',(#34),#16749);
#16749=ADVANCED_FACE($,(#16755),#16750,.T.);
#16750=PLANE($,#16751);
#16751=AXIS2_PLACEMENT_3D($,#16752,#16753,#16754);
#16752=CARTESIAN_POINT('',(-2.743,1.143,0.508));
#16753=DIRECTION('',(-1.0,0.0,0.0));
#16754=DIRECTION('',(-1.,0.,0.));
#16755=FACE_OUTER_BOUND($,#16756,.T.);
#16756=EDGE_LOOP($,(#16759, #16769, #16779, #16789, #16800, #16810, #16820, #16830));
#16759=ORIENTED_EDGE('',*,*,#16103,.T.);
#16769=ORIENTED_EDGE('',*,*,#15995,.T.);
#16779=ORIENTED_EDGE('',*,*,#16034,.T.);
#16789=ORIENTED_EDGE('',*,*,#16584,.T.);
#16800=ORIENTED_EDGE('',*,*,#16142,.T.);
#16810=ORIENTED_EDGE('',*,*,#16475,.T.);
#16820=ORIENTED_EDGE('',*,*,#16220,.T.);
#16830=ORIENTED_EDGE('',*,*,#16614,.T.);
#16841=MANIFOLD_SOLID_BREP($,#16842);
#16842=CLOSED_SHELL('',(#16846,#16895,#16944,#16993,#17042,#17091,#17140,#17189,#17238,#17287));
#16843=MANIFOLD_SOLID_BREP($,#16844);
#16844=CLOSED_SHELL('',(#17336,#17385,#17434,#17483,#17581,#17679,#17728,#17777,#17826,#17875,#17924,#17975,#18026,#18119));
#16845=STYLED_ITEM('',(#34),#16846);
#16846=ADVANCED_FACE('',(#16852),#16847,.T.);
#16847=PLANE('',#16848);
#16848=AXIS2_PLACEMENT_3D('',#16849,#16850,#16851);
#16849=CARTESIAN_POINT('',(-3.708,1.245,5.969));
#16850=DIRECTION('',(0.0,0.0,1.0));
#16851=DIRECTION('',(0.,1.,0.));
#16852=FACE_OUTER_BOUND('',#16853,.T.);
#16853=EDGE_LOOP('',(#16854,#16864,#16874,#16884));
#16857=CARTESIAN_POINT('',(-3.708,1.448,5.969));
#16856=VERTEX_POINT('',#16857);
#16859=CARTESIAN_POINT('',(-3.708,1.245,5.969));
#16858=VERTEX_POINT('',#16859);
#16855=EDGE_CURVE('',#16856,#16858,#16860,.T.);
#16860=LINE('',#16857,#16862);
#16862=VECTOR('',#16863,0.203199997275109);
#16863=DIRECTION('',(0.0,-1.0,0.0));
#16854=ORIENTED_EDGE('',*,*,#16855,.F.);
#16867=CARTESIAN_POINT('',(-3.912,1.448,5.969));
#16866=VERTEX_POINT('',#16867);
#16865=EDGE_CURVE('',#16866,#16856,#16870,.T.);
#16870=LINE('',#16867,#16872);
#16872=VECTOR('',#16873,0.203200008169614);
#16873=DIRECTION('',(1.0,0.0,0.0));
#16864=ORIENTED_EDGE('',*,*,#16865,.F.);
#16877=CARTESIAN_POINT('',(-3.912,1.245,5.969));
#16876=VERTEX_POINT('',#16877);
#16875=EDGE_CURVE('',#16876,#16866,#16880,.T.);
#16880=LINE('',#16877,#16882);
#16882=VECTOR('',#16883,0.203199997275109);
#16883=DIRECTION('',(0.0,1.0,0.0));
#16874=ORIENTED_EDGE('',*,*,#16875,.F.);
#16885=EDGE_CURVE('',#16858,#16876,#16890,.T.);
#16890=LINE('',#16859,#16892);
#16892=VECTOR('',#16893,0.203199997280168);
#16893=DIRECTION('',(-1.0,0.0,0.0));
#16884=ORIENTED_EDGE('',*,*,#16885,.F.);
#16894=STYLED_ITEM('',(#34),#16895);
#16895=ADVANCED_FACE('',(#16901),#16896,.T.);
#16896=PLANE('',#16897);
#16897=AXIS2_PLACEMENT_3D('',#16898,#16899,#16900);
#16898=CARTESIAN_POINT('',(-3.607,1.549,5.867));
#16899=DIRECTION('',(0.0,0.707,0.707));
#16900=DIRECTION('',(0.,0.,1.));
#16901=FACE_OUTER_BOUND('',#16902,.T.);
#16902=EDGE_LOOP('',(#16903,#16913,#16923,#16933));
#16906=CARTESIAN_POINT('',(-4.013,1.549,5.867));
#16905=VERTEX_POINT('',#16906);
#16908=CARTESIAN_POINT('',(-3.607,1.549,5.867));
#16907=VERTEX_POINT('',#16908);
#16904=EDGE_CURVE('',#16905,#16907,#16909,.T.);
#16909=LINE('',#16906,#16911);
#16911=VECTOR('',#16912,0.406400016339227);
#16912=DIRECTION('',(1.0,0.0,0.0));
#16903=ORIENTED_EDGE('',*,*,#16904,.F.);
#16914=EDGE_CURVE('',#16866,#16905,#16919,.T.);
#16919=LINE('',#16867,#16921);
#16921=VECTOR('',#16922,0.175976362048998);
#16922=DIRECTION('',(-0.577,0.577,-0.577));
#16913=ORIENTED_EDGE('',*,*,#16914,.F.);
#16923=ORIENTED_EDGE('',*,*,#16865,.T.);
#16934=EDGE_CURVE('',#16907,#16856,#16939,.T.);
#16939=LINE('',#16908,#16941);
#16941=VECTOR('',#16942,0.175976362048998);
#16942=DIRECTION('',(-0.577,-0.577,0.577));
#16933=ORIENTED_EDGE('',*,*,#16934,.F.);
#16943=STYLED_ITEM('',(#34),#16944);
#16944=ADVANCED_FACE('',(#16950),#16945,.T.);
#16945=PLANE('',#16946);
#16946=AXIS2_PLACEMENT_3D('',#16947,#16948,#16949);
#16947=CARTESIAN_POINT('',(-4.013,1.549,5.867));
#16948=DIRECTION('',(-0.707,0.0,0.707));
#16949=DIRECTION('',(0.,0.,1.));
#16950=FACE_OUTER_BOUND('',#16951,.T.);
#16951=EDGE_LOOP('',(#16952,#16962,#16972,#16982));
#16955=CARTESIAN_POINT('',(-4.013,1.143,5.867));
#16954=VERTEX_POINT('',#16955);
#16953=EDGE_CURVE('',#16954,#16905,#16958,.T.);
#16958=LINE('',#16955,#16960);
#16960=VECTOR('',#16961,0.406399994550218);
#16961=DIRECTION('',(0.0,1.0,0.0));
#16952=ORIENTED_EDGE('',*,*,#16953,.F.);
#16963=EDGE_CURVE('',#16876,#16954,#16968,.T.);
#16968=LINE('',#16877,#16970);
#16970=VECTOR('',#16971,0.175976362048998);
#16971=DIRECTION('',(-0.577,-0.577,-0.577));
#16962=ORIENTED_EDGE('',*,*,#16963,.F.);
#16972=ORIENTED_EDGE('',*,*,#16875,.T.);
#16982=ORIENTED_EDGE('',*,*,#16914,.T.);
#16992=STYLED_ITEM('',(#34),#16993);
#16993=ADVANCED_FACE('',(#16999),#16994,.T.);
#16994=PLANE('',#16995);
#16995=AXIS2_PLACEMENT_3D('',#16996,#16997,#16998);
#16996=CARTESIAN_POINT('',(-4.013,1.143,5.867));
#16997=DIRECTION('',(0.0,-0.707,0.707));
#16998=DIRECTION('',(0.,0.,1.));
#16999=FACE_OUTER_BOUND('',#17000,.T.);
#17000=EDGE_LOOP('',(#17001,#17011,#17021,#17031));
#17004=CARTESIAN_POINT('',(-3.607,1.143,5.867));
#17003=VERTEX_POINT('',#17004);
#17002=EDGE_CURVE('',#17003,#16954,#17007,.T.);
#17007=LINE('',#17004,#17009);
#17009=VECTOR('',#17010,0.406399994560337);
#17010=DIRECTION('',(-1.0,0.0,0.0));
#17001=ORIENTED_EDGE('',*,*,#17002,.F.);
#17012=EDGE_CURVE('',#16858,#17003,#17017,.T.);
#17017=LINE('',#16859,#17019);
#17019=VECTOR('',#17020,0.175976362048998);
#17020=DIRECTION('',(0.577,-0.577,-0.577));
#17011=ORIENTED_EDGE('',*,*,#17012,.F.);
#17021=ORIENTED_EDGE('',*,*,#16885,.T.);
#17031=ORIENTED_EDGE('',*,*,#16963,.T.);
#17041=STYLED_ITEM('',(#34),#17042);
#17042=ADVANCED_FACE('',(#17048),#17043,.T.);
#17043=PLANE('',#17044);
#17044=AXIS2_PLACEMENT_3D('',#17045,#17046,#17047);
#17045=CARTESIAN_POINT('',(-3.607,1.143,5.867));
#17046=DIRECTION('',(0.707,0.0,0.707));
#17047=DIRECTION('',(0.,0.,1.));
#17048=FACE_OUTER_BOUND('',#17049,.T.);
#17049=EDGE_LOOP('',(#17050,#17060,#17070,#17080));
#17051=EDGE_CURVE('',#16907,#17003,#17056,.T.);
#17056=LINE('',#16908,#17058);
#17058=VECTOR('',#17059,0.406399994550218);
#17059=DIRECTION('',(0.0,-1.0,0.0));
#17050=ORIENTED_EDGE('',*,*,#17051,.F.);
#17060=ORIENTED_EDGE('',*,*,#16934,.T.);
#17070=ORIENTED_EDGE('',*,*,#16855,.T.);
#17080=ORIENTED_EDGE('',*,*,#17012,.T.);
#17090=STYLED_ITEM('',(#34),#17091);
#17091=ADVANCED_FACE('',(#17097),#17092,.T.);
#17092=PLANE('',#17093);
#17093=AXIS2_PLACEMENT_3D('',#17094,#17095,#17096);
#17094=CARTESIAN_POINT('',(-3.607,1.549,2.438));
#17095=DIRECTION('',(0.0,1.0,0.0));
#17096=DIRECTION('',(0.,0.,1.));
#17097=FACE_OUTER_BOUND('',#17098,.T.);
#17098=EDGE_LOOP('',(#17099,#17109,#17119,#17129));
#17102=CARTESIAN_POINT('',(-4.013,1.549,2.438));
#17101=VERTEX_POINT('',#17102);
#17104=CARTESIAN_POINT('',(-3.607,1.549,2.438));
#17103=VERTEX_POINT('',#17104);
#17100=EDGE_CURVE('',#17101,#17103,#17105,.T.);
#17105=LINE('',#17102,#17107);
#17107=VECTOR('',#17108,0.406400016339227);
#17108=DIRECTION('',(1.0,0.0,0.0));
#17099=ORIENTED_EDGE('',*,*,#17100,.F.);
#17110=EDGE_CURVE('',#16905,#17101,#17115,.T.);
#17115=LINE('',#16906,#17117);
#17117=VECTOR('',#17118,3.4290254);
#17118=DIRECTION('',(0.0,0.0,-1.0));
#17109=ORIENTED_EDGE('',*,*,#17110,.F.);
#17119=ORIENTED_EDGE('',*,*,#16904,.T.);
#17130=EDGE_CURVE('',#17103,#16907,#17135,.T.);
#17135=LINE('',#17104,#17137);
#17137=VECTOR('',#17138,3.4290254);
#17138=DIRECTION('',(0.0,0.0,1.0));
#17129=ORIENTED_EDGE('',*,*,#17130,.F.);
#17139=STYLED_ITEM('',(#34),#17140);
#17140=ADVANCED_FACE('',(#17146),#17141,.T.);
#17141=PLANE('',#17142);
#17142=AXIS2_PLACEMENT_3D('',#17143,#17144,#17145);
#17143=CARTESIAN_POINT('',(-4.013,1.549,2.438));
#17144=DIRECTION('',(-1.0,0.0,0.0));
#17145=DIRECTION('',(0.,0.,1.));
#17146=FACE_OUTER_BOUND('',#17147,.T.);
#17147=EDGE_LOOP('',(#17148,#17158,#17168,#17178));
#17151=CARTESIAN_POINT('',(-4.013,1.143,2.438));
#17150=VERTEX_POINT('',#17151);
#17149=EDGE_CURVE('',#17150,#17101,#17154,.T.);
#17154=LINE('',#17151,#17156);
#17156=VECTOR('',#17157,0.406399994550218);
#17157=DIRECTION('',(0.0,1.0,0.0));
#17148=ORIENTED_EDGE('',*,*,#17149,.F.);
#17159=EDGE_CURVE('',#16954,#17150,#17164,.T.);
#17164=LINE('',#16955,#17166);
#17166=VECTOR('',#17167,3.4290254);
#17167=DIRECTION('',(0.0,0.0,-1.0));
#17158=ORIENTED_EDGE('',*,*,#17159,.F.);
#17168=ORIENTED_EDGE('',*,*,#16953,.T.);
#17178=ORIENTED_EDGE('',*,*,#17110,.T.);
#17188=STYLED_ITEM('',(#34),#17189);
#17189=ADVANCED_FACE('',(#17195),#17190,.T.);
#17190=PLANE('',#17191);
#17191=AXIS2_PLACEMENT_3D('',#17192,#17193,#17194);
#17192=CARTESIAN_POINT('',(-4.013,1.143,2.438));
#17193=DIRECTION('',(0.0,-1.0,0.0));
#17194=DIRECTION('',(0.,0.,1.));
#17195=FACE_OUTER_BOUND('',#17196,.T.);
#17196=EDGE_LOOP('',(#17197,#17207,#17217,#17227));
#17200=CARTESIAN_POINT('',(-3.607,1.143,2.438));
#17199=VERTEX_POINT('',#17200);
#17198=EDGE_CURVE('',#17199,#17150,#17203,.T.);
#17203=LINE('',#17200,#17205);
#17205=VECTOR('',#17206,0.406399994560337);
#17206=DIRECTION('',(-1.0,0.0,0.0));
#17197=ORIENTED_EDGE('',*,*,#17198,.F.);
#17208=EDGE_CURVE('',#17003,#17199,#17213,.T.);
#17213=LINE('',#17004,#17215);
#17215=VECTOR('',#17216,3.4290254);
#17216=DIRECTION('',(0.0,0.0,-1.0));
#17207=ORIENTED_EDGE('',*,*,#17208,.F.);
#17217=ORIENTED_EDGE('',*,*,#17002,.T.);
#17227=ORIENTED_EDGE('',*,*,#17159,.T.);
#17237=STYLED_ITEM('',(#34),#17238);
#17238=ADVANCED_FACE('',(#17244),#17239,.T.);
#17239=PLANE('',#17240);
#17240=AXIS2_PLACEMENT_3D('',#17241,#17242,#17243);
#17241=CARTESIAN_POINT('',(-3.607,1.143,2.438));
#17242=DIRECTION('',(1.0,0.0,0.0));
#17243=DIRECTION('',(0.,0.,1.));
#17244=FACE_OUTER_BOUND('',#17245,.T.);
#17245=EDGE_LOOP('',(#17246,#17256,#17266,#17276));
#17247=EDGE_CURVE('',#17103,#17199,#17252,.T.);
#17252=LINE('',#17104,#17254);
#17254=VECTOR('',#17255,0.406399994550218);
#17255=DIRECTION('',(0.0,-1.0,0.0));
#17246=ORIENTED_EDGE('',*,*,#17247,.F.);
#17256=ORIENTED_EDGE('',*,*,#17130,.T.);
#17266=ORIENTED_EDGE('',*,*,#17051,.T.);
#17276=ORIENTED_EDGE('',*,*,#17208,.T.);
#17286=STYLED_ITEM('',(#34),#17287);
#17287=ADVANCED_FACE('',(#17293),#17288,.T.);
#17288=PLANE('',#17289);
#17289=AXIS2_PLACEMENT_3D('',#17290,#17291,#17292);
#17290=CARTESIAN_POINT('',(-4.013,1.143,2.438));
#17291=DIRECTION('',(0.0,0.0,-1.0));
#17292=DIRECTION('',(0.,1.,0.));
#17293=FACE_OUTER_BOUND('',#17294,.T.);
#17294=EDGE_LOOP('',(#17295,#17305,#17315,#17325));
#17295=ORIENTED_EDGE('',*,*,#17149,.T.);
#17305=ORIENTED_EDGE('',*,*,#17100,.T.);
#17315=ORIENTED_EDGE('',*,*,#17247,.T.);
#17325=ORIENTED_EDGE('',*,*,#17198,.T.);
#17335=STYLED_ITEM('',(#34),#17336);
#17336=ADVANCED_FACE('',(#17342),#17337,.T.);
#17337=PLANE('',#17338);
#17338=AXIS2_PLACEMENT_3D('',#17339,#17340,#17341);
#17339=CARTESIAN_POINT('',(-3.607,1.143,0.61));
#17340=DIRECTION('',(0.0,0.0,1.0));
#17341=DIRECTION('',(0.,1.,0.));
#17342=FACE_OUTER_BOUND('',#17343,.T.);
#17343=EDGE_LOOP('',(#17344,#17354,#17364,#17374));
#17347=CARTESIAN_POINT('',(-3.607,1.549,0.61));
#17346=VERTEX_POINT('',#17347);
#17349=CARTESIAN_POINT('',(-3.607,1.143,0.61));
#17348=VERTEX_POINT('',#17349);
#17345=EDGE_CURVE('',#17346,#17348,#17350,.T.);
#17350=LINE('',#17347,#17352);
#17352=VECTOR('',#17353,0.406399994550218);
#17353=DIRECTION('',(0.0,-1.0,0.0));
#17344=ORIENTED_EDGE('',*,*,#17345,.F.);
#17357=CARTESIAN_POINT('',(-4.013,1.549,0.61));
#17356=VERTEX_POINT('',#17357);
#17355=EDGE_CURVE('',#17356,#17346,#17360,.T.);
#17360=LINE('',#17357,#17362);
#17362=VECTOR('',#17363,0.406400016339227);
#17363=DIRECTION('',(1.0,0.0,0.0));
#17354=ORIENTED_EDGE('',*,*,#17355,.F.);
#17367=CARTESIAN_POINT('',(-4.013,1.143,0.61));
#17366=VERTEX_POINT('',#17367);
#17365=EDGE_CURVE('',#17366,#17356,#17370,.T.);
#17370=LINE('',#17367,#17372);
#17372=VECTOR('',#17373,0.406399994550218);
#17373=DIRECTION('',(0.0,1.0,0.0));
#17364=ORIENTED_EDGE('',*,*,#17365,.F.);
#17375=EDGE_CURVE('',#17348,#17366,#17380,.T.);
#17380=LINE('',#17349,#17382);
#17382=VECTOR('',#17383,0.406399994560337);
#17383=DIRECTION('',(-1.0,0.0,0.0));
#17374=ORIENTED_EDGE('',*,*,#17375,.F.);
#17384=STYLED_ITEM('',(#34),#17385);
#17385=ADVANCED_FACE('',(#17391),#17386,.T.);
#17386=PLANE('',#17387);
#17387=AXIS2_PLACEMENT_3D('',#17388,#17389,#17390);
#17388=CARTESIAN_POINT('',(-3.607,1.549,0.508));
#17389=DIRECTION('',(0.0,1.0,0.0));
#17390=DIRECTION('',(0.,0.,1.));
#17391=FACE_OUTER_BOUND('',#17392,.T.);
#17392=EDGE_LOOP('',(#17393,#17403,#17413,#17423));
#17396=CARTESIAN_POINT('',(-4.013,1.549,0.508));
#17395=VERTEX_POINT('',#17396);
#17398=CARTESIAN_POINT('',(-3.607,1.549,0.508));
#17397=VERTEX_POINT('',#17398);
#17394=EDGE_CURVE('',#17395,#17397,#17399,.T.);
#17399=LINE('',#17396,#17401);
#17401=VECTOR('',#17402,0.406400016339227);
#17402=DIRECTION('',(1.0,0.0,0.0));
#17393=ORIENTED_EDGE('',*,*,#17394,.F.);
#17404=EDGE_CURVE('',#17356,#17395,#17409,.T.);
#17409=LINE('',#17357,#17411);
#17411=VECTOR('',#17412,0.10159365);
#17412=DIRECTION('',(0.0,0.0,-1.0));
#17403=ORIENTED_EDGE('',*,*,#17404,.F.);
#17413=ORIENTED_EDGE('',*,*,#17355,.T.);
#17424=EDGE_CURVE('',#17397,#17346,#17429,.T.);
#17429=LINE('',#17398,#17431);
#17431=VECTOR('',#17432,0.10159365);
#17432=DIRECTION('',(0.0,0.0,1.0));
#17423=ORIENTED_EDGE('',*,*,#17424,.F.);
#17433=STYLED_ITEM('',(#34),#17434);
#17434=ADVANCED_FACE('',(#17440),#17435,.T.);
#17435=PLANE('',#17436);
#17436=AXIS2_PLACEMENT_3D('',#17437,#17438,#17439);
#17437=CARTESIAN_POINT('',(-4.013,1.143,0.508));
#17438=DIRECTION('',(0.0,-1.0,0.0));
#17439=DIRECTION('',(0.,0.,1.));
#17440=FACE_OUTER_BOUND('',#17441,.T.);
#17441=EDGE_LOOP('',(#17442,#17452,#17462,#17472));
#17445=CARTESIAN_POINT('',(-3.607,1.143,0.508));
#17444=VERTEX_POINT('',#17445);
#17447=CARTESIAN_POINT('',(-4.013,1.143,0.508));
#17446=VERTEX_POINT('',#17447);
#17443=EDGE_CURVE('',#17444,#17446,#17448,.T.);
#17448=LINE('',#17445,#17450);
#17450=VECTOR('',#17451,0.406399994560337);
#17451=DIRECTION('',(-1.0,0.0,0.0));
#17442=ORIENTED_EDGE('',*,*,#17443,.F.);
#17453=EDGE_CURVE('',#17348,#17444,#17458,.T.);
#17458=LINE('',#17349,#17460);
#17460=VECTOR('',#17461,0.10159365);
#17461=DIRECTION('',(0.0,0.0,-1.0));
#17452=ORIENTED_EDGE('',*,*,#17453,.F.);
#17462=ORIENTED_EDGE('',*,*,#17375,.T.);
#17473=EDGE_CURVE('',#17446,#17366,#17478,.T.);
#17478=LINE('',#17447,#17480);
#17480=VECTOR('',#17481,0.10159365);
#17481=DIRECTION('',(0.0,0.0,1.0));
#17472=ORIENTED_EDGE('',*,*,#17473,.F.);
#17482=STYLED_ITEM('',(#34),#17483);
#17483=ADVANCED_FACE('',(#17489),#17484,.T.);
#17484=PLANE('',#17485);
#17485=AXIS2_PLACEMENT_3D('',#17486,#17487,#17488);
#17486=CARTESIAN_POINT('',(-3.607,1.651,0.406));
#17487=DIRECTION('',(0.0,0.0,1.0));
#17488=DIRECTION('',(0.,1.,0.));
#17489=FACE_OUTER_BOUND('',#17490,.T.);
#17490=EDGE_LOOP('',(#17491,#17501,#17511,#17521));
#17494=CARTESIAN_POINT('',(-3.607,3.023,0.406));
#17493=VERTEX_POINT('',#17494);
#17496=CARTESIAN_POINT('',(-3.607,1.651,0.406));
#17495=VERTEX_POINT('',#17496);
#17492=EDGE_CURVE('',#17493,#17495,#17497,.T.);
#17497=LINE('',#17494,#17499);
#17499=VECTOR('',#17500,1.37160634838144);
#17500=DIRECTION('',(0.0,-1.0,0.0));
#17491=ORIENTED_EDGE('',*,*,#17492,.F.);
#17504=CARTESIAN_POINT('',(-4.013,3.023,0.406));
#17503=VERTEX_POINT('',#17504);
#17502=EDGE_CURVE('',#17503,#17493,#17507,.T.);
#17507=LINE('',#17504,#17509);
#17509=VECTOR('',#17510,0.406400172783485);
#17510=DIRECTION('',(1.0,0.0,0.0));
#17501=ORIENTED_EDGE('',*,*,#17502,.F.);
#17514=CARTESIAN_POINT('',(-4.013,1.651,0.406));
#17513=VERTEX_POINT('',#17514);
#17512=EDGE_CURVE('',#17513,#17503,#17517,.T.);
#17517=LINE('',#17514,#17519);
#17519=VECTOR('',#17520,1.37160634838143);
#17520=DIRECTION('',(0.0,1.0,0.0));
#17511=ORIENTED_EDGE('',*,*,#17512,.F.);
#17522=EDGE_CURVE('',#17495,#17513,#17527,.T.);
#17527=LINE('',#17496,#17529);
#17529=VECTOR('',#17530,0.40640002655893);
#17530=DIRECTION('',(-1.0,0.0,0.0));
#17521=ORIENTED_EDGE('',*,*,#17522,.F.);
#17580=STYLED_ITEM('',(#34),#17581);
#17581=ADVANCED_FACE('',(#17587),#17582,.T.);
#17582=PLANE('',#17583);
#17583=AXIS2_PLACEMENT_3D('',#17584,#17585,#17586);
#17584=CARTESIAN_POINT('',(-4.013,1.651,0.0));
#17585=DIRECTION('',(0.0,0.0,-1.0));
#17586=DIRECTION('',(0.,1.,0.));
#17587=FACE_OUTER_BOUND('',#17588,.T.);
#17588=EDGE_LOOP('',(#17589,#17599,#17609,#17619));
#17592=CARTESIAN_POINT('',(-4.013,3.023,0.0));
#17591=VERTEX_POINT('',#17592);
#17594=CARTESIAN_POINT('',(-4.013,1.651,0.0));
#17593=VERTEX_POINT('',#17594);
#17590=EDGE_CURVE('',#17591,#17593,#17595,.T.);
#17595=LINE('',#17592,#17597);
#17597=VECTOR('',#17598,1.37160634838143);
#17598=DIRECTION('',(0.0,-1.0,0.0));
#17589=ORIENTED_EDGE('',*,*,#17590,.F.);
#17602=CARTESIAN_POINT('',(-3.607,3.023,0.0));
#17601=VERTEX_POINT('',#17602);
#17600=EDGE_CURVE('',#17601,#17591,#17605,.T.);
#17605=LINE('',#17602,#17607);
#17607=VECTOR('',#17608,0.406400172783485);
#17608=DIRECTION('',(-1.0,0.0,0.0));
#17599=ORIENTED_EDGE('',*,*,#17600,.F.);
#17612=CARTESIAN_POINT('',(-3.607,1.651,0.0));
#17611=VERTEX_POINT('',#17612);
#17610=EDGE_CURVE('',#17611,#17601,#17615,.T.);
#17615=LINE('',#17612,#17617);
#17617=VECTOR('',#17618,1.37160634838144);
#17618=DIRECTION('',(0.0,1.0,0.0));
#17609=ORIENTED_EDGE('',*,*,#17610,.F.);
#17620=EDGE_CURVE('',#17593,#17611,#17625,.T.);
#17625=LINE('',#17594,#17627);
#17627=VECTOR('',#17628,0.40640002655893);
#17628=DIRECTION('',(1.0,0.0,0.0));
#17619=ORIENTED_EDGE('',*,*,#17620,.F.);
#17678=STYLED_ITEM('',(#34),#17679);
#17679=ADVANCED_FACE('',(#17685),#17680,.T.);
#17680=PLANE('',#17681);
#17681=AXIS2_PLACEMENT_3D('',#17682,#17683,#17684);
#17682=CARTESIAN_POINT('',(-3.708,3.124,0.305));
#17683=DIRECTION('',(0.0,0.707,0.707));
#17684=DIRECTION('',(0.,0.,1.));
#17685=FACE_OUTER_BOUND('',#17686,.T.);
#17686=EDGE_LOOP('',(#17687,#17697,#17707,#17717));
#17690=CARTESIAN_POINT('',(-3.912,3.124,0.305));
#17689=VERTEX_POINT('',#17690);
#17692=CARTESIAN_POINT('',(-3.708,3.124,0.305));
#17691=VERTEX_POINT('',#17692);
#17688=EDGE_CURVE('',#17689,#17691,#17693,.T.);
#17693=LINE('',#17690,#17695);
#17695=VECTOR('',#17696,0.203200187106069);
#17696=DIRECTION('',(1.0,0.0,0.0));
#17687=ORIENTED_EDGE('',*,*,#17688,.F.);
#17698=EDGE_CURVE('',#17503,#17689,#17703,.T.);
#17703=LINE('',#17504,#17705);
#17705=VECTOR('',#17706,0.175976360873829);
#17706=DIRECTION('',(0.577,0.577,-0.577));
#17697=ORIENTED_EDGE('',*,*,#17698,.F.);
#17707=ORIENTED_EDGE('',*,*,#17502,.T.);
#17718=EDGE_CURVE('',#17691,#17493,#17723,.T.);
#17723=LINE('',#17692,#17725);
#17725=VECTOR('',#17726,0.175976360873828);
#17726=DIRECTION('',(0.577,-0.577,0.577));
#17717=ORIENTED_EDGE('',*,*,#17718,.F.);
#17727=STYLED_ITEM('',(#34),#17728);
#17728=ADVANCED_FACE('',(#17734),#17729,.T.);
#17729=PLANE('',#17730);
#17730=AXIS2_PLACEMENT_3D('',#17731,#17732,#17733);
#17731=CARTESIAN_POINT('',(-3.607,3.023,0.0));
#17732=DIRECTION('',(0.707,0.707,0.0));
#17733=DIRECTION('',(0.,0.,1.));
#17734=FACE_OUTER_BOUND('',#17735,.T.);
#17735=EDGE_LOOP('',(#17736,#17746,#17756,#17766));
#17739=CARTESIAN_POINT('',(-3.708,3.124,0.102));
#17738=VERTEX_POINT('',#17739);
#17737=EDGE_CURVE('',#17738,#17601,#17742,.T.);
#17742=LINE('',#17739,#17744);
#17744=VECTOR('',#17745,0.175976360873828);
#17745=DIRECTION('',(0.577,-0.577,-0.577));
#17736=ORIENTED_EDGE('',*,*,#17737,.F.);
#17747=EDGE_CURVE('',#17691,#17738,#17752,.T.);
#17752=LINE('',#17692,#17754);
#17754=VECTOR('',#17755,0.2032);
#17755=DIRECTION('',(0.0,0.0,-1.0));
#17746=ORIENTED_EDGE('',*,*,#17747,.F.);
#17756=ORIENTED_EDGE('',*,*,#17718,.T.);
#17767=EDGE_CURVE('',#17601,#17493,#17772,.T.);
#17772=LINE('',#17602,#17774);
#17774=VECTOR('',#17775,0.4064);
#17775=DIRECTION('',(0.0,0.0,1.0));
#17766=ORIENTED_EDGE('',*,*,#17767,.F.);
#17776=STYLED_ITEM('',(#34),#17777);
#17777=ADVANCED_FACE('',(#17783),#17778,.T.);
#17778=PLANE('',#17779);
#17779=AXIS2_PLACEMENT_3D('',#17780,#17781,#17782);
#17780=CARTESIAN_POINT('',(-3.607,3.023,0.0));
#17781=DIRECTION('',(0.0,0.707,-0.707));
#17782=DIRECTION('',(0.,0.,1.));
#17783=FACE_OUTER_BOUND('',#17784,.T.);
#17784=EDGE_LOOP('',(#17785,#17795,#17805,#17815));
#17785=ORIENTED_EDGE('',*,*,#17600,.T.);
#17798=CARTESIAN_POINT('',(-3.912,3.124,0.102));
#17797=VERTEX_POINT('',#17798);
#17796=EDGE_CURVE('',#17797,#17591,#17801,.T.);
#17801=LINE('',#17798,#17803);
#17803=VECTOR('',#17804,0.175976360873829);
#17804=DIRECTION('',(-0.577,-0.577,-0.577));
#17795=ORIENTED_EDGE('',*,*,#17796,.F.);
#17806=EDGE_CURVE('',#17738,#17797,#17811,.T.);
#17811=LINE('',#17739,#17813);
#17813=VECTOR('',#17814,0.203200187106069);
#17814=DIRECTION('',(-1.0,0.0,0.0));
#17805=ORIENTED_EDGE('',*,*,#17806,.F.);
#17815=ORIENTED_EDGE('',*,*,#17737,.T.);
#17825=STYLED_ITEM('',(#34),#17826);
#17826=ADVANCED_FACE('',(#17832),#17827,.T.);
#17827=PLANE('',#17828);
#17828=AXIS2_PLACEMENT_3D('',#17829,#17830,#17831);
#17829=CARTESIAN_POINT('',(-3.912,3.124,0.102));
#17830=DIRECTION('',(-0.707,0.707,0.0));
#17831=DIRECTION('',(0.,0.,1.));
#17832=FACE_OUTER_BOUND('',#17833,.T.);
#17833=EDGE_LOOP('',(#17834,#17844,#17854,#17864));
#17834=ORIENTED_EDGE('',*,*,#17796,.T.);
#17845=EDGE_CURVE('',#17503,#17591,#17850,.T.);
#17850=LINE('',#17504,#17852);
#17852=VECTOR('',#17853,0.4064);
#17853=DIRECTION('',(0.0,0.0,-1.0));
#17844=ORIENTED_EDGE('',*,*,#17845,.F.);
#17854=ORIENTED_EDGE('',*,*,#17698,.T.);
#17865=EDGE_CURVE('',#17797,#17689,#17870,.T.);
#17870=LINE('',#17798,#17872);
#17872=VECTOR('',#17873,0.2032);
#17873=DIRECTION('',(0.0,0.0,1.0));
#17864=ORIENTED_EDGE('',*,*,#17865,.F.);
#17874=STYLED_ITEM('',(#34),#17875);
#17875=ADVANCED_FACE('',(#17881),#17876,.T.);
#17876=PLANE('',#17877);
#17877=AXIS2_PLACEMENT_3D('',#17878,#17879,#17880);
#17878=CARTESIAN_POINT('',(-3.708,3.124,0.102));
#17879=DIRECTION('',(0.0,1.0,0.0));
#17880=DIRECTION('',(0.,0.,1.));
#17881=FACE_OUTER_BOUND('',#17882,.T.);
#17882=EDGE_LOOP('',(#17883,#17893,#17903,#17913));
#17883=ORIENTED_EDGE('',*,*,#17806,.T.);
#17893=ORIENTED_EDGE('',*,*,#17865,.T.);
#17903=ORIENTED_EDGE('',*,*,#17688,.T.);
#17913=ORIENTED_EDGE('',*,*,#17747,.T.);
#17923=STYLED_ITEM($,(#34),#17924);
#17924=ADVANCED_FACE($,(#17930),#17925,.F.);
#17925=CYLINDRICAL_SURFACE($,#17926,0.10159365);
#17926=AXIS2_PLACEMENT_3D($,#17927,#17928,#17929);
#17927=CARTESIAN_POINT('',(-3.607,1.651,0.508));
#17928=DIRECTION('',(1.0,0.0,0.0));
#17929=DIRECTION('',(0.,0.,1.));
#17930=FACE_OUTER_BOUND($,#17931,.T.);
#17931=EDGE_LOOP($,(#17943,#17953,#17964,#17932));
#17943=ORIENTED_EDGE('',*,*,#17522,.T.);
#17954=EDGE_CURVE($,#17395,#17513,#17959,.T.);
#17959=CIRCLE($,#17960,0.10159365);
#17961=CARTESIAN_POINT('',(-4.013,1.651,0.508));
#17960=AXIS2_PLACEMENT_3D($,#17961,#17962,#17963);
#17962=DIRECTION('',(1.0,0.0,0.0));
#17963=DIRECTION('',(0.0,0.707,-0.707));
#17953=ORIENTED_EDGE('',*,*,#17954,.F.);
#17964=ORIENTED_EDGE('',*,*,#17394,.T.);
#17933=EDGE_CURVE($,#17495,#17397,#17938,.T.);
#17938=CIRCLE($,#17939,0.10159365);
#17940=CARTESIAN_POINT('',(-3.607,1.651,0.508));
#17939=AXIS2_PLACEMENT_3D($,#17940,#17941,#17942);
#17941=DIRECTION('',(-1.0,0.0,0.0));
#17942=DIRECTION('',(0.0,-0.707,0.707));
#17932=ORIENTED_EDGE('',*,*,#17933,.F.);
#17974=STYLED_ITEM($,(#34),#17975);
#17975=ADVANCED_FACE($,(#17981),#17976,.T.);
#17976=CYLINDRICAL_SURFACE($,#17977,0.50799365);
#17977=AXIS2_PLACEMENT_3D($,#17978,#17979,#17980);
#17978=CARTESIAN_POINT('',(-3.607,1.651,0.508));
#17979=DIRECTION('',(-1.0,0.0,0.0));
#17980=DIRECTION('',(0.,0.,1.));
#17981=FACE_OUTER_BOUND($,#17982,.T.);
#17982=EDGE_LOOP($,(#17994,#18004,#18015,#17983));
#17994=ORIENTED_EDGE('',*,*,#17620,.T.);
#18005=EDGE_CURVE($,#17444,#17611,#18010,.T.);
#18010=CIRCLE($,#18011,0.50799365);
#18011=AXIS2_PLACEMENT_3D($,#17940,#18013,#18014);
#18013=DIRECTION('',(1.0,0.0,0.0));
#18014=DIRECTION('',(0.0,0.707,-0.707));
#18004=ORIENTED_EDGE('',*,*,#18005,.F.);
#18015=ORIENTED_EDGE('',*,*,#17443,.T.);
#17984=EDGE_CURVE($,#17593,#17446,#17989,.T.);
#17989=CIRCLE($,#17990,0.50799365);
#17990=AXIS2_PLACEMENT_3D($,#17961,#17992,#17993);
#17992=DIRECTION('',(-1.0,0.0,0.0));
#17993=DIRECTION('',(0.0,-0.707,0.707));
#17983=ORIENTED_EDGE('',*,*,#17984,.F.);
#18025=STYLED_ITEM('color',(#34),#18026);
#18026=ADVANCED_FACE($,(#18032),#18027,.T.);
#18027=PLANE($,#18028);
#18028=AXIS2_PLACEMENT_3D($,#18029,#18030,#18031);
#18029=CARTESIAN_POINT('',(-3.607,1.143,0.508));
#18030=DIRECTION('',(1.0,0.0,0.0));
#18031=DIRECTION('',(1.,0.,0.));
#18032=FACE_OUTER_BOUND($,#18033,.T.);
#18033=EDGE_LOOP($,(#18036, #18046, #18056, #18066, #18077, #18087, #18097, #18107));
#18036=ORIENTED_EDGE('',*,*,#17424,.T.);
#18046=ORIENTED_EDGE('',*,*,#17345,.T.);
#18056=ORIENTED_EDGE('',*,*,#17453,.T.);
#18066=ORIENTED_EDGE('',*,*,#18005,.T.);
#18077=ORIENTED_EDGE('',*,*,#17610,.T.);
#18087=ORIENTED_EDGE('',*,*,#17767,.T.);
#18097=ORIENTED_EDGE('',*,*,#17492,.T.);
#18107=ORIENTED_EDGE('',*,*,#17933,.T.);
#18118=STYLED_ITEM('color',(#34),#18119);
#18119=ADVANCED_FACE($,(#18125),#18120,.T.);
#18120=PLANE($,#18121);
#18121=AXIS2_PLACEMENT_3D($,#18122,#18123,#18124);
#18122=CARTESIAN_POINT('',(-4.013,1.143,0.508));
#18123=DIRECTION('',(-1.0,0.0,0.0));
#18124=DIRECTION('',(-1.,0.,0.));
#18125=FACE_OUTER_BOUND($,#18126,.T.);
#18126=EDGE_LOOP($,(#18129, #18139, #18149, #18159, #18170, #18180, #18190, #18200));
#18129=ORIENTED_EDGE('',*,*,#17473,.T.);
#18139=ORIENTED_EDGE('',*,*,#17365,.T.);
#18149=ORIENTED_EDGE('',*,*,#17404,.T.);
#18159=ORIENTED_EDGE('',*,*,#17954,.T.);
#18170=ORIENTED_EDGE('',*,*,#17512,.T.);
#18180=ORIENTED_EDGE('',*,*,#17845,.T.);
#18190=ORIENTED_EDGE('',*,*,#17590,.T.);
#18200=ORIENTED_EDGE('',*,*,#17984,.T.);
#18211=MANIFOLD_SOLID_BREP($,#18212);
#18212=CLOSED_SHELL('',(#18216,#18265,#18314,#18363,#18412,#18461,#18510,#18559,#18608,#18657));
#18213=MANIFOLD_SOLID_BREP($,#18214);
#18214=CLOSED_SHELL('',(#18706,#18755,#18804,#18853,#18951,#19049,#19098,#19147,#19196,#19245,#19294,#19345,#19396,#19489));
#18215=STYLED_ITEM('',(#34),#18216);
#18216=ADVANCED_FACE('',(#18222),#18217,.T.);
#18217=PLANE('',#18218);
#18218=AXIS2_PLACEMENT_3D('',#18219,#18220,#18221);
#18219=CARTESIAN_POINT('',(3.708,-1.245,5.969));
#18220=DIRECTION('',(0.0,0.0,1.0));
#18221=DIRECTION('',(0.,1.,0.));
#18222=FACE_OUTER_BOUND('',#18223,.T.);
#18223=EDGE_LOOP('',(#18224,#18234,#18244,#18254));
#18227=CARTESIAN_POINT('',(3.708,-1.448,5.969));
#18226=VERTEX_POINT('',#18227);
#18229=CARTESIAN_POINT('',(3.708,-1.245,5.969));
#18228=VERTEX_POINT('',#18229);
#18225=EDGE_CURVE('',#18226,#18228,#18230,.T.);
#18230=LINE('',#18227,#18232);
#18232=VECTOR('',#18233,0.203199997275109);
#18233=DIRECTION('',(0.0,1.0,0.0));
#18224=ORIENTED_EDGE('',*,*,#18225,.F.);
#18237=CARTESIAN_POINT('',(3.912,-1.448,5.969));
#18236=VERTEX_POINT('',#18237);
#18235=EDGE_CURVE('',#18236,#18226,#18240,.T.);
#18240=LINE('',#18237,#18242);
#18242=VECTOR('',#18243,0.203200008169614);
#18243=DIRECTION('',(-1.0,0.0,0.0));
#18234=ORIENTED_EDGE('',*,*,#18235,.F.);
#18247=CARTESIAN_POINT('',(3.912,-1.245,5.969));
#18246=VERTEX_POINT('',#18247);
#18245=EDGE_CURVE('',#18246,#18236,#18250,.T.);
#18250=LINE('',#18247,#18252);
#18252=VECTOR('',#18253,0.203199997275109);
#18253=DIRECTION('',(0.0,-1.0,0.0));
#18244=ORIENTED_EDGE('',*,*,#18245,.F.);
#18255=EDGE_CURVE('',#18228,#18246,#18260,.T.);
#18260=LINE('',#18229,#18262);
#18262=VECTOR('',#18263,0.203199997280168);
#18263=DIRECTION('',(1.0,0.0,0.0));
#18254=ORIENTED_EDGE('',*,*,#18255,.F.);
#18264=STYLED_ITEM('',(#34),#18265);
#18265=ADVANCED_FACE('',(#18271),#18266,.T.);
#18266=PLANE('',#18267);
#18267=AXIS2_PLACEMENT_3D('',#18268,#18269,#18270);
#18268=CARTESIAN_POINT('',(3.607,-1.549,5.867));
#18269=DIRECTION('',(0.0,-0.707,0.707));
#18270=DIRECTION('',(0.,0.,1.));
#18271=FACE_OUTER_BOUND('',#18272,.T.);
#18272=EDGE_LOOP('',(#18273,#18283,#18293,#18303));
#18276=CARTESIAN_POINT('',(4.013,-1.549,5.867));
#18275=VERTEX_POINT('',#18276);
#18278=CARTESIAN_POINT('',(3.607,-1.549,5.867));
#18277=VERTEX_POINT('',#18278);
#18274=EDGE_CURVE('',#18275,#18277,#18279,.T.);
#18279=LINE('',#18276,#18281);
#18281=VECTOR('',#18282,0.406400016339228);
#18282=DIRECTION('',(-1.0,0.0,0.0));
#18273=ORIENTED_EDGE('',*,*,#18274,.F.);
#18284=EDGE_CURVE('',#18236,#18275,#18289,.T.);
#18289=LINE('',#18237,#18291);
#18291=VECTOR('',#18292,0.175976362048998);
#18292=DIRECTION('',(0.577,-0.577,-0.577));
#18283=ORIENTED_EDGE('',*,*,#18284,.F.);
#18293=ORIENTED_EDGE('',*,*,#18235,.T.);
#18304=EDGE_CURVE('',#18277,#18226,#18309,.T.);
#18309=LINE('',#18278,#18311);
#18311=VECTOR('',#18312,0.175976362048998);
#18312=DIRECTION('',(0.577,0.577,0.577));
#18303=ORIENTED_EDGE('',*,*,#18304,.F.);
#18313=STYLED_ITEM('',(#34),#18314);
#18314=ADVANCED_FACE('',(#18320),#18315,.T.);
#18315=PLANE('',#18316);
#18316=AXIS2_PLACEMENT_3D('',#18317,#18318,#18319);
#18317=CARTESIAN_POINT('',(4.013,-1.549,5.867));
#18318=DIRECTION('',(0.707,0.0,0.707));
#18319=DIRECTION('',(0.,0.,1.));
#18320=FACE_OUTER_BOUND('',#18321,.T.);
#18321=EDGE_LOOP('',(#18322,#18332,#18342,#18352));
#18325=CARTESIAN_POINT('',(4.013,-1.143,5.867));
#18324=VERTEX_POINT('',#18325);
#18323=EDGE_CURVE('',#18324,#18275,#18328,.T.);
#18328=LINE('',#18325,#18330);
#18330=VECTOR('',#18331,0.406399994550218);
#18331=DIRECTION('',(0.0,-1.0,0.0));
#18322=ORIENTED_EDGE('',*,*,#18323,.F.);
#18333=EDGE_CURVE('',#18246,#18324,#18338,.T.);
#18338=LINE('',#18247,#18340);
#18340=VECTOR('',#18341,0.175976362048998);
#18341=DIRECTION('',(0.577,0.577,-0.577));
#18332=ORIENTED_EDGE('',*,*,#18333,.F.);
#18342=ORIENTED_EDGE('',*,*,#18245,.T.);
#18352=ORIENTED_EDGE('',*,*,#18284,.T.);
#18362=STYLED_ITEM('',(#34),#18363);
#18363=ADVANCED_FACE('',(#18369),#18364,.T.);
#18364=PLANE('',#18365);
#18365=AXIS2_PLACEMENT_3D('',#18366,#18367,#18368);
#18366=CARTESIAN_POINT('',(4.013,-1.143,5.867));
#18367=DIRECTION('',(0.0,0.707,0.707));
#18368=DIRECTION('',(0.,0.,1.));
#18369=FACE_OUTER_BOUND('',#18370,.T.);
#18370=EDGE_LOOP('',(#18371,#18381,#18391,#18401));
#18374=CARTESIAN_POINT('',(3.607,-1.143,5.867));
#18373=VERTEX_POINT('',#18374);
#18372=EDGE_CURVE('',#18373,#18324,#18377,.T.);
#18377=LINE('',#18374,#18379);
#18379=VECTOR('',#18380,0.406399994560336);
#18380=DIRECTION('',(1.0,0.0,0.0));
#18371=ORIENTED_EDGE('',*,*,#18372,.F.);
#18382=EDGE_CURVE('',#18228,#18373,#18387,.T.);
#18387=LINE('',#18229,#18389);
#18389=VECTOR('',#18390,0.175976362048998);
#18390=DIRECTION('',(-0.577,0.577,-0.577));
#18381=ORIENTED_EDGE('',*,*,#18382,.F.);
#18391=ORIENTED_EDGE('',*,*,#18255,.T.);
#18401=ORIENTED_EDGE('',*,*,#18333,.T.);
#18411=STYLED_ITEM('',(#34),#18412);
#18412=ADVANCED_FACE('',(#18418),#18413,.T.);
#18413=PLANE('',#18414);
#18414=AXIS2_PLACEMENT_3D('',#18415,#18416,#18417);
#18415=CARTESIAN_POINT('',(3.607,-1.143,5.867));
#18416=DIRECTION('',(-0.707,0.0,0.707));
#18417=DIRECTION('',(0.,0.,1.));
#18418=FACE_OUTER_BOUND('',#18419,.T.);
#18419=EDGE_LOOP('',(#18420,#18430,#18440,#18450));
#18421=EDGE_CURVE('',#18277,#18373,#18426,.T.);
#18426=LINE('',#18278,#18428);
#18428=VECTOR('',#18429,0.406399994550218);
#18429=DIRECTION('',(0.0,1.0,0.0));
#18420=ORIENTED_EDGE('',*,*,#18421,.F.);
#18430=ORIENTED_EDGE('',*,*,#18304,.T.);
#18440=ORIENTED_EDGE('',*,*,#18225,.T.);
#18450=ORIENTED_EDGE('',*,*,#18382,.T.);
#18460=STYLED_ITEM('',(#34),#18461);
#18461=ADVANCED_FACE('',(#18467),#18462,.T.);
#18462=PLANE('',#18463);
#18463=AXIS2_PLACEMENT_3D('',#18464,#18465,#18466);
#18464=CARTESIAN_POINT('',(3.607,-1.549,2.438));
#18465=DIRECTION('',(0.0,-1.0,0.0));
#18466=DIRECTION('',(0.,0.,1.));
#18467=FACE_OUTER_BOUND('',#18468,.T.);
#18468=EDGE_LOOP('',(#18469,#18479,#18489,#18499));
#18472=CARTESIAN_POINT('',(4.013,-1.549,2.438));
#18471=VERTEX_POINT('',#18472);
#18474=CARTESIAN_POINT('',(3.607,-1.549,2.438));
#18473=VERTEX_POINT('',#18474);
#18470=EDGE_CURVE('',#18471,#18473,#18475,.T.);
#18475=LINE('',#18472,#18477);
#18477=VECTOR('',#18478,0.406400016339228);
#18478=DIRECTION('',(-1.0,0.0,0.0));
#18469=ORIENTED_EDGE('',*,*,#18470,.F.);
#18480=EDGE_CURVE('',#18275,#18471,#18485,.T.);
#18485=LINE('',#18276,#18487);
#18487=VECTOR('',#18488,3.4290254);
#18488=DIRECTION('',(0.0,0.0,-1.0));
#18479=ORIENTED_EDGE('',*,*,#18480,.F.);
#18489=ORIENTED_EDGE('',*,*,#18274,.T.);
#18500=EDGE_CURVE('',#18473,#18277,#18505,.T.);
#18505=LINE('',#18474,#18507);
#18507=VECTOR('',#18508,3.4290254);
#18508=DIRECTION('',(0.0,0.0,1.0));
#18499=ORIENTED_EDGE('',*,*,#18500,.F.);
#18509=STYLED_ITEM('',(#34),#18510);
#18510=ADVANCED_FACE('',(#18516),#18511,.T.);
#18511=PLANE('',#18512);
#18512=AXIS2_PLACEMENT_3D('',#18513,#18514,#18515);
#18513=CARTESIAN_POINT('',(4.013,-1.549,2.438));
#18514=DIRECTION('',(1.0,0.0,0.0));
#18515=DIRECTION('',(0.,0.,1.));
#18516=FACE_OUTER_BOUND('',#18517,.T.);
#18517=EDGE_LOOP('',(#18518,#18528,#18538,#18548));
#18521=CARTESIAN_POINT('',(4.013,-1.143,2.438));
#18520=VERTEX_POINT('',#18521);
#18519=EDGE_CURVE('',#18520,#18471,#18524,.T.);
#18524=LINE('',#18521,#18526);
#18526=VECTOR('',#18527,0.406399994550218);
#18527=DIRECTION('',(0.0,-1.0,0.0));
#18518=ORIENTED_EDGE('',*,*,#18519,.F.);
#18529=EDGE_CURVE('',#18324,#18520,#18534,.T.);
#18534=LINE('',#18325,#18536);
#18536=VECTOR('',#18537,3.4290254);
#18537=DIRECTION('',(0.0,0.0,-1.0));
#18528=ORIENTED_EDGE('',*,*,#18529,.F.);
#18538=ORIENTED_EDGE('',*,*,#18323,.T.);
#18548=ORIENTED_EDGE('',*,*,#18480,.T.);
#18558=STYLED_ITEM('',(#34),#18559);
#18559=ADVANCED_FACE('',(#18565),#18560,.T.);
#18560=PLANE('',#18561);
#18561=AXIS2_PLACEMENT_3D('',#18562,#18563,#18564);
#18562=CARTESIAN_POINT('',(4.013,-1.143,2.438));
#18563=DIRECTION('',(0.0,1.0,0.0));
#18564=DIRECTION('',(0.,0.,1.));
#18565=FACE_OUTER_BOUND('',#18566,.T.);
#18566=EDGE_LOOP('',(#18567,#18577,#18587,#18597));
#18570=CARTESIAN_POINT('',(3.607,-1.143,2.438));
#18569=VERTEX_POINT('',#18570);
#18568=EDGE_CURVE('',#18569,#18520,#18573,.T.);
#18573=LINE('',#18570,#18575);
#18575=VECTOR('',#18576,0.406399994560336);
#18576=DIRECTION('',(1.0,0.0,0.0));
#18567=ORIENTED_EDGE('',*,*,#18568,.F.);
#18578=EDGE_CURVE('',#18373,#18569,#18583,.T.);
#18583=LINE('',#18374,#18585);
#18585=VECTOR('',#18586,3.4290254);
#18586=DIRECTION('',(0.0,0.0,-1.0));
#18577=ORIENTED_EDGE('',*,*,#18578,.F.);
#18587=ORIENTED_EDGE('',*,*,#18372,.T.);
#18597=ORIENTED_EDGE('',*,*,#18529,.T.);
#18607=STYLED_ITEM('',(#34),#18608);
#18608=ADVANCED_FACE('',(#18614),#18609,.T.);
#18609=PLANE('',#18610);
#18610=AXIS2_PLACEMENT_3D('',#18611,#18612,#18613);
#18611=CARTESIAN_POINT('',(3.607,-1.143,2.438));
#18612=DIRECTION('',(-1.0,0.0,0.0));
#18613=DIRECTION('',(0.,0.,1.));
#18614=FACE_OUTER_BOUND('',#18615,.T.);
#18615=EDGE_LOOP('',(#18616,#18626,#18636,#18646));
#18617=EDGE_CURVE('',#18473,#18569,#18622,.T.);
#18622=LINE('',#18474,#18624);
#18624=VECTOR('',#18625,0.406399994550218);
#18625=DIRECTION('',(0.0,1.0,0.0));
#18616=ORIENTED_EDGE('',*,*,#18617,.F.);
#18626=ORIENTED_EDGE('',*,*,#18500,.T.);
#18636=ORIENTED_EDGE('',*,*,#18421,.T.);
#18646=ORIENTED_EDGE('',*,*,#18578,.T.);
#18656=STYLED_ITEM('',(#34),#18657);
#18657=ADVANCED_FACE('',(#18663),#18658,.T.);
#18658=PLANE('',#18659);
#18659=AXIS2_PLACEMENT_3D('',#18660,#18661,#18662);
#18660=CARTESIAN_POINT('',(4.013,-1.143,2.438));
#18661=DIRECTION('',(0.0,0.0,-1.0));
#18662=DIRECTION('',(0.,1.,0.));
#18663=FACE_OUTER_BOUND('',#18664,.T.);
#18664=EDGE_LOOP('',(#18665,#18675,#18685,#18695));
#18665=ORIENTED_EDGE('',*,*,#18519,.T.);
#18675=ORIENTED_EDGE('',*,*,#18470,.T.);
#18685=ORIENTED_EDGE('',*,*,#18617,.T.);
#18695=ORIENTED_EDGE('',*,*,#18568,.T.);
#18705=STYLED_ITEM('',(#34),#18706);
#18706=ADVANCED_FACE('',(#18712),#18707,.T.);
#18707=PLANE('',#18708);
#18708=AXIS2_PLACEMENT_3D('',#18709,#18710,#18711);
#18709=CARTESIAN_POINT('',(3.607,-1.143,0.61));
#18710=DIRECTION('',(0.0,0.0,1.0));
#18711=DIRECTION('',(0.,1.,0.));
#18712=FACE_OUTER_BOUND('',#18713,.T.);
#18713=EDGE_LOOP('',(#18714,#18724,#18734,#18744));
#18717=CARTESIAN_POINT('',(3.607,-1.549,0.61));
#18716=VERTEX_POINT('',#18717);
#18719=CARTESIAN_POINT('',(3.607,-1.143,0.61));
#18718=VERTEX_POINT('',#18719);
#18715=EDGE_CURVE('',#18716,#18718,#18720,.T.);
#18720=LINE('',#18717,#18722);
#18722=VECTOR('',#18723,0.406399994550218);
#18723=DIRECTION('',(0.0,1.0,0.0));
#18714=ORIENTED_EDGE('',*,*,#18715,.F.);
#18727=CARTESIAN_POINT('',(4.013,-1.549,0.61));
#18726=VERTEX_POINT('',#18727);
#18725=EDGE_CURVE('',#18726,#18716,#18730,.T.);
#18730=LINE('',#18727,#18732);
#18732=VECTOR('',#18733,0.406400016339228);
#18733=DIRECTION('',(-1.0,0.0,0.0));
#18724=ORIENTED_EDGE('',*,*,#18725,.F.);
#18737=CARTESIAN_POINT('',(4.013,-1.143,0.61));
#18736=VERTEX_POINT('',#18737);
#18735=EDGE_CURVE('',#18736,#18726,#18740,.T.);
#18740=LINE('',#18737,#18742);
#18742=VECTOR('',#18743,0.406399994550218);
#18743=DIRECTION('',(0.0,-1.0,0.0));
#18734=ORIENTED_EDGE('',*,*,#18735,.F.);
#18745=EDGE_CURVE('',#18718,#18736,#18750,.T.);
#18750=LINE('',#18719,#18752);
#18752=VECTOR('',#18753,0.406399994560336);
#18753=DIRECTION('',(1.0,0.0,0.0));
#18744=ORIENTED_EDGE('',*,*,#18745,.F.);
#18754=STYLED_ITEM('',(#34),#18755);
#18755=ADVANCED_FACE('',(#18761),#18756,.T.);
#18756=PLANE('',#18757);
#18757=AXIS2_PLACEMENT_3D('',#18758,#18759,#18760);
#18758=CARTESIAN_POINT('',(3.607,-1.549,0.508));
#18759=DIRECTION('',(0.0,-1.0,0.0));
#18760=DIRECTION('',(0.,0.,1.));
#18761=FACE_OUTER_BOUND('',#18762,.T.);
#18762=EDGE_LOOP('',(#18763,#18773,#18783,#18793));
#18766=CARTESIAN_POINT('',(4.013,-1.549,0.508));
#18765=VERTEX_POINT('',#18766);
#18768=CARTESIAN_POINT('',(3.607,-1.549,0.508));
#18767=VERTEX_POINT('',#18768);
#18764=EDGE_CURVE('',#18765,#18767,#18769,.T.);
#18769=LINE('',#18766,#18771);
#18771=VECTOR('',#18772,0.406400016339228);
#18772=DIRECTION('',(-1.0,0.0,0.0));
#18763=ORIENTED_EDGE('',*,*,#18764,.F.);
#18774=EDGE_CURVE('',#18726,#18765,#18779,.T.);
#18779=LINE('',#18727,#18781);
#18781=VECTOR('',#18782,0.10159365);
#18782=DIRECTION('',(0.0,0.0,-1.0));
#18773=ORIENTED_EDGE('',*,*,#18774,.F.);
#18783=ORIENTED_EDGE('',*,*,#18725,.T.);
#18794=EDGE_CURVE('',#18767,#18716,#18799,.T.);
#18799=LINE('',#18768,#18801);
#18801=VECTOR('',#18802,0.10159365);
#18802=DIRECTION('',(0.0,0.0,1.0));
#18793=ORIENTED_EDGE('',*,*,#18794,.F.);
#18803=STYLED_ITEM('',(#34),#18804);
#18804=ADVANCED_FACE('',(#18810),#18805,.T.);
#18805=PLANE('',#18806);
#18806=AXIS2_PLACEMENT_3D('',#18807,#18808,#18809);
#18807=CARTESIAN_POINT('',(4.013,-1.143,0.508));
#18808=DIRECTION('',(0.0,1.0,0.0));
#18809=DIRECTION('',(0.,0.,1.));
#18810=FACE_OUTER_BOUND('',#18811,.T.);
#18811=EDGE_LOOP('',(#18812,#18822,#18832,#18842));
#18815=CARTESIAN_POINT('',(3.607,-1.143,0.508));
#18814=VERTEX_POINT('',#18815);
#18817=CARTESIAN_POINT('',(4.013,-1.143,0.508));
#18816=VERTEX_POINT('',#18817);
#18813=EDGE_CURVE('',#18814,#18816,#18818,.T.);
#18818=LINE('',#18815,#18820);
#18820=VECTOR('',#18821,0.406399994560336);
#18821=DIRECTION('',(1.0,0.0,0.0));
#18812=ORIENTED_EDGE('',*,*,#18813,.F.);
#18823=EDGE_CURVE('',#18718,#18814,#18828,.T.);
#18828=LINE('',#18719,#18830);
#18830=VECTOR('',#18831,0.10159365);
#18831=DIRECTION('',(0.0,0.0,-1.0));
#18822=ORIENTED_EDGE('',*,*,#18823,.F.);
#18832=ORIENTED_EDGE('',*,*,#18745,.T.);
#18843=EDGE_CURVE('',#18816,#18736,#18848,.T.);
#18848=LINE('',#18817,#18850);
#18850=VECTOR('',#18851,0.10159365);
#18851=DIRECTION('',(0.0,0.0,1.0));
#18842=ORIENTED_EDGE('',*,*,#18843,.F.);
#18852=STYLED_ITEM('',(#34),#18853);
#18853=ADVANCED_FACE('',(#18859),#18854,.T.);
#18854=PLANE('',#18855);
#18855=AXIS2_PLACEMENT_3D('',#18856,#18857,#18858);
#18856=CARTESIAN_POINT('',(3.607,-1.651,0.406));
#18857=DIRECTION('',(0.0,0.0,1.0));
#18858=DIRECTION('',(0.,1.,0.));
#18859=FACE_OUTER_BOUND('',#18860,.T.);
#18860=EDGE_LOOP('',(#18861,#18871,#18881,#18891));
#18864=CARTESIAN_POINT('',(3.607,-3.023,0.406));
#18863=VERTEX_POINT('',#18864);
#18866=CARTESIAN_POINT('',(3.607,-1.651,0.406));
#18865=VERTEX_POINT('',#18866);
#18862=EDGE_CURVE('',#18863,#18865,#18867,.T.);
#18867=LINE('',#18864,#18869);
#18869=VECTOR('',#18870,1.37160634838143);
#18870=DIRECTION('',(0.0,1.0,0.0));
#18861=ORIENTED_EDGE('',*,*,#18862,.F.);
#18874=CARTESIAN_POINT('',(4.013,-3.023,0.406));
#18873=VERTEX_POINT('',#18874);
#18872=EDGE_CURVE('',#18873,#18863,#18877,.T.);
#18877=LINE('',#18874,#18879);
#18879=VECTOR('',#18880,0.406400172783485);
#18880=DIRECTION('',(-1.0,0.0,0.0));
#18871=ORIENTED_EDGE('',*,*,#18872,.F.);
#18884=CARTESIAN_POINT('',(4.013,-1.651,0.406));
#18883=VERTEX_POINT('',#18884);
#18882=EDGE_CURVE('',#18883,#18873,#18887,.T.);
#18887=LINE('',#18884,#18889);
#18889=VECTOR('',#18890,1.37160634838143);
#18890=DIRECTION('',(0.0,-1.0,0.0));
#18881=ORIENTED_EDGE('',*,*,#18882,.F.);
#18892=EDGE_CURVE('',#18865,#18883,#18897,.T.);
#18897=LINE('',#18866,#18899);
#18899=VECTOR('',#18900,0.406400026558929);
#18900=DIRECTION('',(1.0,0.0,0.0));
#18891=ORIENTED_EDGE('',*,*,#18892,.F.);
#18950=STYLED_ITEM('',(#34),#18951);
#18951=ADVANCED_FACE('',(#18957),#18952,.T.);
#18952=PLANE('',#18953);
#18953=AXIS2_PLACEMENT_3D('',#18954,#18955,#18956);
#18954=CARTESIAN_POINT('',(4.013,-1.651,0.0));
#18955=DIRECTION('',(0.0,0.0,-1.0));
#18956=DIRECTION('',(0.,1.,0.));
#18957=FACE_OUTER_BOUND('',#18958,.T.);
#18958=EDGE_LOOP('',(#18959,#18969,#18979,#18989));
#18962=CARTESIAN_POINT('',(4.013,-3.023,0.0));
#18961=VERTEX_POINT('',#18962);
#18964=CARTESIAN_POINT('',(4.013,-1.651,0.0));
#18963=VERTEX_POINT('',#18964);
#18960=EDGE_CURVE('',#18961,#18963,#18965,.T.);
#18965=LINE('',#18962,#18967);
#18967=VECTOR('',#18968,1.37160634838143);
#18968=DIRECTION('',(0.0,1.0,0.0));
#18959=ORIENTED_EDGE('',*,*,#18960,.F.);
#18972=CARTESIAN_POINT('',(3.607,-3.023,0.0));
#18971=VERTEX_POINT('',#18972);
#18970=EDGE_CURVE('',#18971,#18961,#18975,.T.);
#18975=LINE('',#18972,#18977);
#18977=VECTOR('',#18978,0.406400172783485);
#18978=DIRECTION('',(1.0,0.0,0.0));
#18969=ORIENTED_EDGE('',*,*,#18970,.F.);
#18982=CARTESIAN_POINT('',(3.607,-1.651,0.0));
#18981=VERTEX_POINT('',#18982);
#18980=EDGE_CURVE('',#18981,#18971,#18985,.T.);
#18985=LINE('',#18982,#18987);
#18987=VECTOR('',#18988,1.37160634838143);
#18988=DIRECTION('',(0.0,-1.0,0.0));
#18979=ORIENTED_EDGE('',*,*,#18980,.F.);
#18990=EDGE_CURVE('',#18963,#18981,#18995,.T.);
#18995=LINE('',#18964,#18997);
#18997=VECTOR('',#18998,0.406400026558929);
#18998=DIRECTION('',(-1.0,0.0,0.0));
#18989=ORIENTED_EDGE('',*,*,#18990,.F.);
#19048=STYLED_ITEM('',(#34),#19049);
#19049=ADVANCED_FACE('',(#19055),#19050,.T.);
#19050=PLANE('',#19051);
#19051=AXIS2_PLACEMENT_3D('',#19052,#19053,#19054);
#19052=CARTESIAN_POINT('',(3.708,-3.124,0.305));
#19053=DIRECTION('',(0.0,-0.707,0.707));
#19054=DIRECTION('',(0.,0.,1.));
#19055=FACE_OUTER_BOUND('',#19056,.T.);
#19056=EDGE_LOOP('',(#19057,#19067,#19077,#19087));
#19060=CARTESIAN_POINT('',(3.912,-3.124,0.305));
#19059=VERTEX_POINT('',#19060);
#19062=CARTESIAN_POINT('',(3.708,-3.124,0.305));
#19061=VERTEX_POINT('',#19062);
#19058=EDGE_CURVE('',#19059,#19061,#19063,.T.);
#19063=LINE('',#19060,#19065);
#19065=VECTOR('',#19066,0.203200187106065);
#19066=DIRECTION('',(-1.0,0.0,0.0));
#19057=ORIENTED_EDGE('',*,*,#19058,.F.);
#19068=EDGE_CURVE('',#18873,#19059,#19073,.T.);
#19073=LINE('',#18874,#19075);
#19075=VECTOR('',#19076,0.175976360873829);
#19076=DIRECTION('',(-0.577,-0.577,-0.577));
#19067=ORIENTED_EDGE('',*,*,#19068,.F.);
#19077=ORIENTED_EDGE('',*,*,#18872,.T.);
#19088=EDGE_CURVE('',#19061,#18863,#19093,.T.);
#19093=LINE('',#19062,#19095);
#19095=VECTOR('',#19096,0.175976360873831);
#19096=DIRECTION('',(-0.577,0.577,0.577));
#19087=ORIENTED_EDGE('',*,*,#19088,.F.);
#19097=STYLED_ITEM('',(#34),#19098);
#19098=ADVANCED_FACE('',(#19104),#19099,.T.);
#19099=PLANE('',#19100);
#19100=AXIS2_PLACEMENT_3D('',#19101,#19102,#19103);
#19101=CARTESIAN_POINT('',(3.607,-3.023,0.0));
#19102=DIRECTION('',(-0.707,-0.707,0.0));
#19103=DIRECTION('',(0.,0.,1.));
#19104=FACE_OUTER_BOUND('',#19105,.T.);
#19105=EDGE_LOOP('',(#19106,#19116,#19126,#19136));
#19109=CARTESIAN_POINT('',(3.708,-3.124,0.102));
#19108=VERTEX_POINT('',#19109);
#19107=EDGE_CURVE('',#19108,#18971,#19112,.T.);
#19112=LINE('',#19109,#19114);
#19114=VECTOR('',#19115,0.175976360873831);
#19115=DIRECTION('',(-0.577,0.577,-0.577));
#19106=ORIENTED_EDGE('',*,*,#19107,.F.);
#19117=EDGE_CURVE('',#19061,#19108,#19122,.T.);
#19122=LINE('',#19062,#19124);
#19124=VECTOR('',#19125,0.2032);
#19125=DIRECTION('',(0.0,0.0,-1.0));
#19116=ORIENTED_EDGE('',*,*,#19117,.F.);
#19126=ORIENTED_EDGE('',*,*,#19088,.T.);
#19137=EDGE_CURVE('',#18971,#18863,#19142,.T.);
#19142=LINE('',#18972,#19144);
#19144=VECTOR('',#19145,0.4064);
#19145=DIRECTION('',(0.0,0.0,1.0));
#19136=ORIENTED_EDGE('',*,*,#19137,.F.);
#19146=STYLED_ITEM('',(#34),#19147);
#19147=ADVANCED_FACE('',(#19153),#19148,.T.);
#19148=PLANE('',#19149);
#19149=AXIS2_PLACEMENT_3D('',#19150,#19151,#19152);
#19150=CARTESIAN_POINT('',(3.607,-3.023,0.0));
#19151=DIRECTION('',(0.0,-0.707,-0.707));
#19152=DIRECTION('',(0.,0.,1.));
#19153=FACE_OUTER_BOUND('',#19154,.T.);
#19154=EDGE_LOOP('',(#19155,#19165,#19175,#19185));
#19155=ORIENTED_EDGE('',*,*,#18970,.T.);
#19168=CARTESIAN_POINT('',(3.912,-3.124,0.102));
#19167=VERTEX_POINT('',#19168);
#19166=EDGE_CURVE('',#19167,#18961,#19171,.T.);
#19171=LINE('',#19168,#19173);
#19173=VECTOR('',#19174,0.175976360873829);
#19174=DIRECTION('',(0.577,0.577,-0.577));
#19165=ORIENTED_EDGE('',*,*,#19166,.F.);
#19176=EDGE_CURVE('',#19108,#19167,#19181,.T.);
#19181=LINE('',#19109,#19183);
#19183=VECTOR('',#19184,0.203200187106065);
#19184=DIRECTION('',(1.0,0.0,0.0));
#19175=ORIENTED_EDGE('',*,*,#19176,.F.);
#19185=ORIENTED_EDGE('',*,*,#19107,.T.);
#19195=STYLED_ITEM('',(#34),#19196);
#19196=ADVANCED_FACE('',(#19202),#19197,.T.);
#19197=PLANE('',#19198);
#19198=AXIS2_PLACEMENT_3D('',#19199,#19200,#19201);
#19199=CARTESIAN_POINT('',(3.912,-3.124,0.102));
#19200=DIRECTION('',(0.707,-0.707,0.0));
#19201=DIRECTION('',(0.,0.,1.));
#19202=FACE_OUTER_BOUND('',#19203,.T.);
#19203=EDGE_LOOP('',(#19204,#19214,#19224,#19234));
#19204=ORIENTED_EDGE('',*,*,#19166,.T.);
#19215=EDGE_CURVE('',#18873,#18961,#19220,.T.);
#19220=LINE('',#18874,#19222);
#19222=VECTOR('',#19223,0.4064);
#19223=DIRECTION('',(0.0,0.0,-1.0));
#19214=ORIENTED_EDGE('',*,*,#19215,.F.);
#19224=ORIENTED_EDGE('',*,*,#19068,.T.);
#19235=EDGE_CURVE('',#19167,#19059,#19240,.T.);
#19240=LINE('',#19168,#19242);
#19242=VECTOR('',#19243,0.2032);
#19243=DIRECTION('',(0.0,0.0,1.0));
#19234=ORIENTED_EDGE('',*,*,#19235,.F.);
#19244=STYLED_ITEM('',(#34),#19245);
#19245=ADVANCED_FACE('',(#19251),#19246,.T.);
#19246=PLANE('',#19247);
#19247=AXIS2_PLACEMENT_3D('',#19248,#19249,#19250);
#19248=CARTESIAN_POINT('',(3.708,-3.124,0.102));
#19249=DIRECTION('',(0.0,-1.0,0.0));
#19250=DIRECTION('',(0.,0.,1.));
#19251=FACE_OUTER_BOUND('',#19252,.T.);
#19252=EDGE_LOOP('',(#19253,#19263,#19273,#19283));
#19253=ORIENTED_EDGE('',*,*,#19176,.T.);
#19263=ORIENTED_EDGE('',*,*,#19235,.T.);
#19273=ORIENTED_EDGE('',*,*,#19058,.T.);
#19283=ORIENTED_EDGE('',*,*,#19117,.T.);
#19293=STYLED_ITEM($,(#34),#19294);
#19294=ADVANCED_FACE($,(#19300),#19295,.F.);
#19295=CYLINDRICAL_SURFACE($,#19296,0.10159365);
#19296=AXIS2_PLACEMENT_3D($,#19297,#19298,#19299);
#19297=CARTESIAN_POINT('',(3.607,-1.651,0.508));
#19298=DIRECTION('',(-1.0,0.0,0.0));
#19299=DIRECTION('',(0.,0.,1.));
#19300=FACE_OUTER_BOUND($,#19301,.T.);
#19301=EDGE_LOOP($,(#19313,#19323,#19334,#19302));
#19313=ORIENTED_EDGE('',*,*,#18892,.T.);
#19324=EDGE_CURVE($,#18765,#18883,#19329,.T.);
#19329=CIRCLE($,#19330,0.10159365);
#19331=CARTESIAN_POINT('',(4.013,-1.651,0.508));
#19330=AXIS2_PLACEMENT_3D($,#19331,#19332,#19333);
#19332=DIRECTION('',(-1.0,0.0,0.0));
#19333=DIRECTION('',(0.0,-0.707,-0.707));
#19323=ORIENTED_EDGE('',*,*,#19324,.F.);
#19334=ORIENTED_EDGE('',*,*,#18764,.T.);
#19303=EDGE_CURVE($,#18865,#18767,#19308,.T.);
#19308=CIRCLE($,#19309,0.10159365);
#19310=CARTESIAN_POINT('',(3.607,-1.651,0.508));
#19309=AXIS2_PLACEMENT_3D($,#19310,#19311,#19312);
#19311=DIRECTION('',(1.0,0.0,0.0));
#19312=DIRECTION('',(0.0,0.707,0.707));
#19302=ORIENTED_EDGE('',*,*,#19303,.F.);
#19344=STYLED_ITEM($,(#34),#19345);
#19345=ADVANCED_FACE($,(#19351),#19346,.T.);
#19346=CYLINDRICAL_SURFACE($,#19347,0.50799365);
#19347=AXIS2_PLACEMENT_3D($,#19348,#19349,#19350);
#19348=CARTESIAN_POINT('',(3.607,-1.651,0.508));
#19349=DIRECTION('',(1.0,0.0,0.0));
#19350=DIRECTION('',(0.,0.,1.));
#19351=FACE_OUTER_BOUND($,#19352,.T.);
#19352=EDGE_LOOP($,(#19364,#19374,#19385,#19353));
#19364=ORIENTED_EDGE('',*,*,#18990,.T.);
#19375=EDGE_CURVE($,#18814,#18981,#19380,.T.);
#19380=CIRCLE($,#19381,0.50799365);
#19381=AXIS2_PLACEMENT_3D($,#19310,#19383,#19384);
#19383=DIRECTION('',(-1.0,0.0,0.0));
#19384=DIRECTION('',(0.0,-0.707,-0.707));
#19374=ORIENTED_EDGE('',*,*,#19375,.F.);
#19385=ORIENTED_EDGE('',*,*,#18813,.T.);
#19354=EDGE_CURVE($,#18963,#18816,#19359,.T.);
#19359=CIRCLE($,#19360,0.50799365);
#19360=AXIS2_PLACEMENT_3D($,#19331,#19362,#19363);
#19362=DIRECTION('',(1.0,0.0,0.0));
#19363=DIRECTION('',(0.0,0.707,0.707));
#19353=ORIENTED_EDGE('',*,*,#19354,.F.);
#19395=STYLED_ITEM('color',(#34),#19396);
#19396=ADVANCED_FACE($,(#19402),#19397,.T.);
#19397=PLANE($,#19398);
#19398=AXIS2_PLACEMENT_3D($,#19399,#19400,#19401);
#19399=CARTESIAN_POINT('',(3.607,-1.143,0.508));
#19400=DIRECTION('',(-1.0,0.0,0.0));
#19401=DIRECTION('',(1.,0.,0.));
#19402=FACE_OUTER_BOUND($,#19403,.T.);
#19403=EDGE_LOOP($,(#19406, #19416, #19426, #19436, #19447, #19457, #19467, #19477));
#19406=ORIENTED_EDGE('',*,*,#18794,.T.);
#19416=ORIENTED_EDGE('',*,*,#18715,.T.);
#19426=ORIENTED_EDGE('',*,*,#18823,.T.);
#19436=ORIENTED_EDGE('',*,*,#19375,.T.);
#19447=ORIENTED_EDGE('',*,*,#18980,.T.);
#19457=ORIENTED_EDGE('',*,*,#19137,.T.);
#19467=ORIENTED_EDGE('',*,*,#18862,.T.);
#19477=ORIENTED_EDGE('',*,*,#19303,.T.);
#19488=STYLED_ITEM('color',(#34),#19489);
#19489=ADVANCED_FACE($,(#19495),#19490,.T.);
#19490=PLANE($,#19491);
#19491=AXIS2_PLACEMENT_3D($,#19492,#19493,#19494);
#19492=CARTESIAN_POINT('',(4.013,-1.143,0.508));
#19493=DIRECTION('',(1.0,0.0,0.0));
#19494=DIRECTION('',(-1.,0.,0.));
#19495=FACE_OUTER_BOUND($,#19496,.T.);
#19496=EDGE_LOOP($,(#19499, #19509, #19519, #19529, #19540, #19550, #19560, #19570));
#19499=ORIENTED_EDGE('',*,*,#18843,.T.);
#19509=ORIENTED_EDGE('',*,*,#18735,.T.);
#19519=ORIENTED_EDGE('',*,*,#18774,.T.);
#19529=ORIENTED_EDGE('',*,*,#19324,.T.);
#19540=ORIENTED_EDGE('',*,*,#18882,.T.);
#19550=ORIENTED_EDGE('',*,*,#19215,.T.);
#19560=ORIENTED_EDGE('',*,*,#18960,.T.);
#19570=ORIENTED_EDGE('',*,*,#19354,.T.);
#19581=MANIFOLD_SOLID_BREP($,#19582);
#19582=CLOSED_SHELL('',(#19586,#19635,#19684,#19733,#19782,#19831,#19880,#19929,#19978,#20027));
#19583=MANIFOLD_SOLID_BREP($,#19584);
#19584=CLOSED_SHELL('',(#20076,#20125,#20174,#20223,#20321,#20419,#20468,#20517,#20566,#20615,#20664,#20715,#20766,#20859));
#19585=STYLED_ITEM('',(#34),#19586);
#19586=ADVANCED_FACE('',(#19592),#19587,.T.);
#19587=PLANE('',#19588);
#19588=AXIS2_PLACEMENT_3D('',#19589,#19590,#19591);
#19589=CARTESIAN_POINT('',(2.438,-1.245,5.969));
#19590=DIRECTION('',(0.0,0.0,1.0));
#19591=DIRECTION('',(0.,1.,0.));
#19592=FACE_OUTER_BOUND('',#19593,.T.);
#19593=EDGE_LOOP('',(#19594,#19604,#19614,#19624));
#19597=CARTESIAN_POINT('',(2.438,-1.448,5.969));
#19596=VERTEX_POINT('',#19597);
#19599=CARTESIAN_POINT('',(2.438,-1.245,5.969));
#19598=VERTEX_POINT('',#19599);
#19595=EDGE_CURVE('',#19596,#19598,#19600,.T.);
#19600=LINE('',#19597,#19602);
#19602=VECTOR('',#19603,0.203199997275109);
#19603=DIRECTION('',(0.0,1.0,0.0));
#19594=ORIENTED_EDGE('',*,*,#19595,.F.);
#19607=CARTESIAN_POINT('',(2.642,-1.448,5.969));
#19606=VERTEX_POINT('',#19607);
#19605=EDGE_CURVE('',#19606,#19596,#19610,.T.);
#19610=LINE('',#19607,#19612);
#19612=VECTOR('',#19613,0.203200008169614);
#19613=DIRECTION('',(-1.0,0.0,0.0));
#19604=ORIENTED_EDGE('',*,*,#19605,.F.);
#19617=CARTESIAN_POINT('',(2.642,-1.245,5.969));
#19616=VERTEX_POINT('',#19617);
#19615=EDGE_CURVE('',#19616,#19606,#19620,.T.);
#19620=LINE('',#19617,#19622);
#19622=VECTOR('',#19623,0.203199997275109);
#19623=DIRECTION('',(0.0,-1.0,0.0));
#19614=ORIENTED_EDGE('',*,*,#19615,.F.);
#19625=EDGE_CURVE('',#19598,#19616,#19630,.T.);
#19630=LINE('',#19599,#19632);
#19632=VECTOR('',#19633,0.203199997280168);
#19633=DIRECTION('',(1.0,0.0,0.0));
#19624=ORIENTED_EDGE('',*,*,#19625,.F.);
#19634=STYLED_ITEM('',(#34),#19635);
#19635=ADVANCED_FACE('',(#19641),#19636,.T.);
#19636=PLANE('',#19637);
#19637=AXIS2_PLACEMENT_3D('',#19638,#19639,#19640);
#19638=CARTESIAN_POINT('',(2.337,-1.549,5.867));
#19639=DIRECTION('',(0.0,-0.707,0.707));
#19640=DIRECTION('',(0.,0.,1.));
#19641=FACE_OUTER_BOUND('',#19642,.T.);
#19642=EDGE_LOOP('',(#19643,#19653,#19663,#19673));
#19646=CARTESIAN_POINT('',(2.743,-1.549,5.867));
#19645=VERTEX_POINT('',#19646);
#19648=CARTESIAN_POINT('',(2.337,-1.549,5.867));
#19647=VERTEX_POINT('',#19648);
#19644=EDGE_CURVE('',#19645,#19647,#19649,.T.);
#19649=LINE('',#19646,#19651);
#19651=VECTOR('',#19652,0.406400016339228);
#19652=DIRECTION('',(-1.0,0.0,0.0));
#19643=ORIENTED_EDGE('',*,*,#19644,.F.);
#19654=EDGE_CURVE('',#19606,#19645,#19659,.T.);
#19659=LINE('',#19607,#19661);
#19661=VECTOR('',#19662,0.175976362048998);
#19662=DIRECTION('',(0.577,-0.577,-0.577));
#19653=ORIENTED_EDGE('',*,*,#19654,.F.);
#19663=ORIENTED_EDGE('',*,*,#19605,.T.);
#19674=EDGE_CURVE('',#19647,#19596,#19679,.T.);
#19679=LINE('',#19648,#19681);
#19681=VECTOR('',#19682,0.175976362048998);
#19682=DIRECTION('',(0.577,0.577,0.577));
#19673=ORIENTED_EDGE('',*,*,#19674,.F.);
#19683=STYLED_ITEM('',(#34),#19684);
#19684=ADVANCED_FACE('',(#19690),#19685,.T.);
#19685=PLANE('',#19686);
#19686=AXIS2_PLACEMENT_3D('',#19687,#19688,#19689);
#19687=CARTESIAN_POINT('',(2.743,-1.549,5.867));
#19688=DIRECTION('',(0.707,0.0,0.707));
#19689=DIRECTION('',(0.,0.,1.));
#19690=FACE_OUTER_BOUND('',#19691,.T.);
#19691=EDGE_LOOP('',(#19692,#19702,#19712,#19722));
#19695=CARTESIAN_POINT('',(2.743,-1.143,5.867));
#19694=VERTEX_POINT('',#19695);
#19693=EDGE_CURVE('',#19694,#19645,#19698,.T.);
#19698=LINE('',#19695,#19700);
#19700=VECTOR('',#19701,0.406399994550218);
#19701=DIRECTION('',(0.0,-1.0,0.0));
#19692=ORIENTED_EDGE('',*,*,#19693,.F.);
#19703=EDGE_CURVE('',#19616,#19694,#19708,.T.);
#19708=LINE('',#19617,#19710);
#19710=VECTOR('',#19711,0.175976362048998);
#19711=DIRECTION('',(0.577,0.577,-0.577));
#19702=ORIENTED_EDGE('',*,*,#19703,.F.);
#19712=ORIENTED_EDGE('',*,*,#19615,.T.);
#19722=ORIENTED_EDGE('',*,*,#19654,.T.);
#19732=STYLED_ITEM('',(#34),#19733);
#19733=ADVANCED_FACE('',(#19739),#19734,.T.);
#19734=PLANE('',#19735);
#19735=AXIS2_PLACEMENT_3D('',#19736,#19737,#19738);
#19736=CARTESIAN_POINT('',(2.743,-1.143,5.867));
#19737=DIRECTION('',(0.0,0.707,0.707));
#19738=DIRECTION('',(0.,0.,1.));
#19739=FACE_OUTER_BOUND('',#19740,.T.);
#19740=EDGE_LOOP('',(#19741,#19751,#19761,#19771));
#19744=CARTESIAN_POINT('',(2.337,-1.143,5.867));
#19743=VERTEX_POINT('',#19744);
#19742=EDGE_CURVE('',#19743,#19694,#19747,.T.);
#19747=LINE('',#19744,#19749);
#19749=VECTOR('',#19750,0.406399994560336);
#19750=DIRECTION('',(1.0,0.0,0.0));
#19741=ORIENTED_EDGE('',*,*,#19742,.F.);
#19752=EDGE_CURVE('',#19598,#19743,#19757,.T.);
#19757=LINE('',#19599,#19759);
#19759=VECTOR('',#19760,0.175976362048998);
#19760=DIRECTION('',(-0.577,0.577,-0.577));
#19751=ORIENTED_EDGE('',*,*,#19752,.F.);
#19761=ORIENTED_EDGE('',*,*,#19625,.T.);
#19771=ORIENTED_EDGE('',*,*,#19703,.T.);
#19781=STYLED_ITEM('',(#34),#19782);
#19782=ADVANCED_FACE('',(#19788),#19783,.T.);
#19783=PLANE('',#19784);
#19784=AXIS2_PLACEMENT_3D('',#19785,#19786,#19787);
#19785=CARTESIAN_POINT('',(2.337,-1.143,5.867));
#19786=DIRECTION('',(-0.707,0.0,0.707));
#19787=DIRECTION('',(0.,0.,1.));
#19788=FACE_OUTER_BOUND('',#19789,.T.);
#19789=EDGE_LOOP('',(#19790,#19800,#19810,#19820));
#19791=EDGE_CURVE('',#19647,#19743,#19796,.T.);
#19796=LINE('',#19648,#19798);
#19798=VECTOR('',#19799,0.406399994550218);
#19799=DIRECTION('',(0.0,1.0,0.0));
#19790=ORIENTED_EDGE('',*,*,#19791,.F.);
#19800=ORIENTED_EDGE('',*,*,#19674,.T.);
#19810=ORIENTED_EDGE('',*,*,#19595,.T.);
#19820=ORIENTED_EDGE('',*,*,#19752,.T.);
#19830=STYLED_ITEM('',(#34),#19831);
#19831=ADVANCED_FACE('',(#19837),#19832,.T.);
#19832=PLANE('',#19833);
#19833=AXIS2_PLACEMENT_3D('',#19834,#19835,#19836);
#19834=CARTESIAN_POINT('',(2.337,-1.549,2.438));
#19835=DIRECTION('',(0.0,-1.0,0.0));
#19836=DIRECTION('',(0.,0.,1.));
#19837=FACE_OUTER_BOUND('',#19838,.T.);
#19838=EDGE_LOOP('',(#19839,#19849,#19859,#19869));
#19842=CARTESIAN_POINT('',(2.743,-1.549,2.438));
#19841=VERTEX_POINT('',#19842);
#19844=CARTESIAN_POINT('',(2.337,-1.549,2.438));
#19843=VERTEX_POINT('',#19844);
#19840=EDGE_CURVE('',#19841,#19843,#19845,.T.);
#19845=LINE('',#19842,#19847);
#19847=VECTOR('',#19848,0.406400016339228);
#19848=DIRECTION('',(-1.0,0.0,0.0));
#19839=ORIENTED_EDGE('',*,*,#19840,.F.);
#19850=EDGE_CURVE('',#19645,#19841,#19855,.T.);
#19855=LINE('',#19646,#19857);
#19857=VECTOR('',#19858,3.4290254);
#19858=DIRECTION('',(0.0,0.0,-1.0));
#19849=ORIENTED_EDGE('',*,*,#19850,.F.);
#19859=ORIENTED_EDGE('',*,*,#19644,.T.);
#19870=EDGE_CURVE('',#19843,#19647,#19875,.T.);
#19875=LINE('',#19844,#19877);
#19877=VECTOR('',#19878,3.4290254);
#19878=DIRECTION('',(0.0,0.0,1.0));
#19869=ORIENTED_EDGE('',*,*,#19870,.F.);
#19879=STYLED_ITEM('',(#34),#19880);
#19880=ADVANCED_FACE('',(#19886),#19881,.T.);
#19881=PLANE('',#19882);
#19882=AXIS2_PLACEMENT_3D('',#19883,#19884,#19885);
#19883=CARTESIAN_POINT('',(2.743,-1.549,2.438));
#19884=DIRECTION('',(1.0,0.0,0.0));
#19885=DIRECTION('',(0.,0.,1.));
#19886=FACE_OUTER_BOUND('',#19887,.T.);
#19887=EDGE_LOOP('',(#19888,#19898,#19908,#19918));
#19891=CARTESIAN_POINT('',(2.743,-1.143,2.438));
#19890=VERTEX_POINT('',#19891);
#19889=EDGE_CURVE('',#19890,#19841,#19894,.T.);
#19894=LINE('',#19891,#19896);
#19896=VECTOR('',#19897,0.406399994550218);
#19897=DIRECTION('',(0.0,-1.0,0.0));
#19888=ORIENTED_EDGE('',*,*,#19889,.F.);
#19899=EDGE_CURVE('',#19694,#19890,#19904,.T.);
#19904=LINE('',#19695,#19906);
#19906=VECTOR('',#19907,3.4290254);
#19907=DIRECTION('',(0.0,0.0,-1.0));
#19898=ORIENTED_EDGE('',*,*,#19899,.F.);
#19908=ORIENTED_EDGE('',*,*,#19693,.T.);
#19918=ORIENTED_EDGE('',*,*,#19850,.T.);
#19928=STYLED_ITEM('',(#34),#19929);
#19929=ADVANCED_FACE('',(#19935),#19930,.T.);
#19930=PLANE('',#19931);
#19931=AXIS2_PLACEMENT_3D('',#19932,#19933,#19934);
#19932=CARTESIAN_POINT('',(2.743,-1.143,2.438));
#19933=DIRECTION('',(0.0,1.0,0.0));
#19934=DIRECTION('',(0.,0.,1.));
#19935=FACE_OUTER_BOUND('',#19936,.T.);
#19936=EDGE_LOOP('',(#19937,#19947,#19957,#19967));
#19940=CARTESIAN_POINT('',(2.337,-1.143,2.438));
#19939=VERTEX_POINT('',#19940);
#19938=EDGE_CURVE('',#19939,#19890,#19943,.T.);
#19943=LINE('',#19940,#19945);
#19945=VECTOR('',#19946,0.406399994560336);
#19946=DIRECTION('',(1.0,0.0,0.0));
#19937=ORIENTED_EDGE('',*,*,#19938,.F.);
#19948=EDGE_CURVE('',#19743,#19939,#19953,.T.);
#19953=LINE('',#19744,#19955);
#19955=VECTOR('',#19956,3.4290254);
#19956=DIRECTION('',(0.0,0.0,-1.0));
#19947=ORIENTED_EDGE('',*,*,#19948,.F.);
#19957=ORIENTED_EDGE('',*,*,#19742,.T.);
#19967=ORIENTED_EDGE('',*,*,#19899,.T.);
#19977=STYLED_ITEM('',(#34),#19978);
#19978=ADVANCED_FACE('',(#19984),#19979,.T.);
#19979=PLANE('',#19980);
#19980=AXIS2_PLACEMENT_3D('',#19981,#19982,#19983);
#19981=CARTESIAN_POINT('',(2.337,-1.143,2.438));
#19982=DIRECTION('',(-1.0,0.0,0.0));
#19983=DIRECTION('',(0.,0.,1.));
#19984=FACE_OUTER_BOUND('',#19985,.T.);
#19985=EDGE_LOOP('',(#19986,#19996,#20006,#20016));
#19987=EDGE_CURVE('',#19843,#19939,#19992,.T.);
#19992=LINE('',#19844,#19994);
#19994=VECTOR('',#19995,0.406399994550218);
#19995=DIRECTION('',(0.0,1.0,0.0));
#19986=ORIENTED_EDGE('',*,*,#19987,.F.);
#19996=ORIENTED_EDGE('',*,*,#19870,.T.);
#20006=ORIENTED_EDGE('',*,*,#19791,.T.);
#20016=ORIENTED_EDGE('',*,*,#19948,.T.);
#20026=STYLED_ITEM('',(#34),#20027);
#20027=ADVANCED_FACE('',(#20033),#20028,.T.);
#20028=PLANE('',#20029);
#20029=AXIS2_PLACEMENT_3D('',#20030,#20031,#20032);
#20030=CARTESIAN_POINT('',(2.743,-1.143,2.438));
#20031=DIRECTION('',(0.0,0.0,-1.0));
#20032=DIRECTION('',(0.,1.,0.));
#20033=FACE_OUTER_BOUND('',#20034,.T.);
#20034=EDGE_LOOP('',(#20035,#20045,#20055,#20065));
#20035=ORIENTED_EDGE('',*,*,#19889,.T.);
#20045=ORIENTED_EDGE('',*,*,#19840,.T.);
#20055=ORIENTED_EDGE('',*,*,#19987,.T.);
#20065=ORIENTED_EDGE('',*,*,#19938,.T.);
#20075=STYLED_ITEM('',(#34),#20076);
#20076=ADVANCED_FACE('',(#20082),#20077,.T.);
#20077=PLANE('',#20078);
#20078=AXIS2_PLACEMENT_3D('',#20079,#20080,#20081);
#20079=CARTESIAN_POINT('',(2.337,-1.143,0.61));
#20080=DIRECTION('',(0.0,0.0,1.0));
#20081=DIRECTION('',(0.,1.,0.));
#20082=FACE_OUTER_BOUND('',#20083,.T.);
#20083=EDGE_LOOP('',(#20084,#20094,#20104,#20114));
#20087=CARTESIAN_POINT('',(2.337,-1.549,0.61));
#20086=VERTEX_POINT('',#20087);
#20089=CARTESIAN_POINT('',(2.337,-1.143,0.61));
#20088=VERTEX_POINT('',#20089);
#20085=EDGE_CURVE('',#20086,#20088,#20090,.T.);
#20090=LINE('',#20087,#20092);
#20092=VECTOR('',#20093,0.406399994550218);
#20093=DIRECTION('',(0.0,1.0,0.0));
#20084=ORIENTED_EDGE('',*,*,#20085,.F.);
#20097=CARTESIAN_POINT('',(2.743,-1.549,0.61));
#20096=VERTEX_POINT('',#20097);
#20095=EDGE_CURVE('',#20096,#20086,#20100,.T.);
#20100=LINE('',#20097,#20102);
#20102=VECTOR('',#20103,0.406400016339228);
#20103=DIRECTION('',(-1.0,0.0,0.0));
#20094=ORIENTED_EDGE('',*,*,#20095,.F.);
#20107=CARTESIAN_POINT('',(2.743,-1.143,0.61));
#20106=VERTEX_POINT('',#20107);
#20105=EDGE_CURVE('',#20106,#20096,#20110,.T.);
#20110=LINE('',#20107,#20112);
#20112=VECTOR('',#20113,0.406399994550218);
#20113=DIRECTION('',(0.0,-1.0,0.0));
#20104=ORIENTED_EDGE('',*,*,#20105,.F.);
#20115=EDGE_CURVE('',#20088,#20106,#20120,.T.);
#20120=LINE('',#20089,#20122);
#20122=VECTOR('',#20123,0.406399994560336);
#20123=DIRECTION('',(1.0,0.0,0.0));
#20114=ORIENTED_EDGE('',*,*,#20115,.F.);
#20124=STYLED_ITEM('',(#34),#20125);
#20125=ADVANCED_FACE('',(#20131),#20126,.T.);
#20126=PLANE('',#20127);
#20127=AXIS2_PLACEMENT_3D('',#20128,#20129,#20130);
#20128=CARTESIAN_POINT('',(2.337,-1.549,0.508));
#20129=DIRECTION('',(0.0,-1.0,0.0));
#20130=DIRECTION('',(0.,0.,1.));
#20131=FACE_OUTER_BOUND('',#20132,.T.);
#20132=EDGE_LOOP('',(#20133,#20143,#20153,#20163));
#20136=CARTESIAN_POINT('',(2.743,-1.549,0.508));
#20135=VERTEX_POINT('',#20136);
#20138=CARTESIAN_POINT('',(2.337,-1.549,0.508));
#20137=VERTEX_POINT('',#20138);
#20134=EDGE_CURVE('',#20135,#20137,#20139,.T.);
#20139=LINE('',#20136,#20141);
#20141=VECTOR('',#20142,0.406400016339228);
#20142=DIRECTION('',(-1.0,0.0,0.0));
#20133=ORIENTED_EDGE('',*,*,#20134,.F.);
#20144=EDGE_CURVE('',#20096,#20135,#20149,.T.);
#20149=LINE('',#20097,#20151);
#20151=VECTOR('',#20152,0.10159365);
#20152=DIRECTION('',(0.0,0.0,-1.0));
#20143=ORIENTED_EDGE('',*,*,#20144,.F.);
#20153=ORIENTED_EDGE('',*,*,#20095,.T.);
#20164=EDGE_CURVE('',#20137,#20086,#20169,.T.);
#20169=LINE('',#20138,#20171);
#20171=VECTOR('',#20172,0.10159365);
#20172=DIRECTION('',(0.0,0.0,1.0));
#20163=ORIENTED_EDGE('',*,*,#20164,.F.);
#20173=STYLED_ITEM('',(#34),#20174);
#20174=ADVANCED_FACE('',(#20180),#20175,.T.);
#20175=PLANE('',#20176);
#20176=AXIS2_PLACEMENT_3D('',#20177,#20178,#20179);
#20177=CARTESIAN_POINT('',(2.743,-1.143,0.508));
#20178=DIRECTION('',(0.0,1.0,0.0));
#20179=DIRECTION('',(0.,0.,1.));
#20180=FACE_OUTER_BOUND('',#20181,.T.);
#20181=EDGE_LOOP('',(#20182,#20192,#20202,#20212));
#20185=CARTESIAN_POINT('',(2.337,-1.143,0.508));
#20184=VERTEX_POINT('',#20185);
#20187=CARTESIAN_POINT('',(2.743,-1.143,0.508));
#20186=VERTEX_POINT('',#20187);
#20183=EDGE_CURVE('',#20184,#20186,#20188,.T.);
#20188=LINE('',#20185,#20190);
#20190=VECTOR('',#20191,0.406399994560336);
#20191=DIRECTION('',(1.0,0.0,0.0));
#20182=ORIENTED_EDGE('',*,*,#20183,.F.);
#20193=EDGE_CURVE('',#20088,#20184,#20198,.T.);
#20198=LINE('',#20089,#20200);
#20200=VECTOR('',#20201,0.10159365);
#20201=DIRECTION('',(0.0,0.0,-1.0));
#20192=ORIENTED_EDGE('',*,*,#20193,.F.);
#20202=ORIENTED_EDGE('',*,*,#20115,.T.);
#20213=EDGE_CURVE('',#20186,#20106,#20218,.T.);
#20218=LINE('',#20187,#20220);
#20220=VECTOR('',#20221,0.10159365);
#20221=DIRECTION('',(0.0,0.0,1.0));
#20212=ORIENTED_EDGE('',*,*,#20213,.F.);
#20222=STYLED_ITEM('',(#34),#20223);
#20223=ADVANCED_FACE('',(#20229),#20224,.T.);
#20224=PLANE('',#20225);
#20225=AXIS2_PLACEMENT_3D('',#20226,#20227,#20228);
#20226=CARTESIAN_POINT('',(2.337,-1.651,0.406));
#20227=DIRECTION('',(0.0,0.0,1.0));
#20228=DIRECTION('',(0.,1.,0.));
#20229=FACE_OUTER_BOUND('',#20230,.T.);
#20230=EDGE_LOOP('',(#20231,#20241,#20251,#20261));
#20234=CARTESIAN_POINT('',(2.337,-3.023,0.406));
#20233=VERTEX_POINT('',#20234);
#20236=CARTESIAN_POINT('',(2.337,-1.651,0.406));
#20235=VERTEX_POINT('',#20236);
#20232=EDGE_CURVE('',#20233,#20235,#20237,.T.);
#20237=LINE('',#20234,#20239);
#20239=VECTOR('',#20240,1.37160634838143);
#20240=DIRECTION('',(0.0,1.0,0.0));
#20231=ORIENTED_EDGE('',*,*,#20232,.F.);
#20244=CARTESIAN_POINT('',(2.743,-3.023,0.406));
#20243=VERTEX_POINT('',#20244);
#20242=EDGE_CURVE('',#20243,#20233,#20247,.T.);
#20247=LINE('',#20244,#20249);
#20249=VECTOR('',#20250,0.406400172783485);
#20250=DIRECTION('',(-1.0,0.0,0.0));
#20241=ORIENTED_EDGE('',*,*,#20242,.F.);
#20254=CARTESIAN_POINT('',(2.743,-1.651,0.406));
#20253=VERTEX_POINT('',#20254);
#20252=EDGE_CURVE('',#20253,#20243,#20257,.T.);
#20257=LINE('',#20254,#20259);
#20259=VECTOR('',#20260,1.37160634838143);
#20260=DIRECTION('',(0.0,-1.0,0.0));
#20251=ORIENTED_EDGE('',*,*,#20252,.F.);
#20262=EDGE_CURVE('',#20235,#20253,#20267,.T.);
#20267=LINE('',#20236,#20269);
#20269=VECTOR('',#20270,0.406400026558929);
#20270=DIRECTION('',(1.0,0.0,0.0));
#20261=ORIENTED_EDGE('',*,*,#20262,.F.);
#20320=STYLED_ITEM('',(#34),#20321);
#20321=ADVANCED_FACE('',(#20327),#20322,.T.);
#20322=PLANE('',#20323);
#20323=AXIS2_PLACEMENT_3D('',#20324,#20325,#20326);
#20324=CARTESIAN_POINT('',(2.743,-1.651,0.0));
#20325=DIRECTION('',(0.0,0.0,-1.0));
#20326=DIRECTION('',(0.,1.,0.));
#20327=FACE_OUTER_BOUND('',#20328,.T.);
#20328=EDGE_LOOP('',(#20329,#20339,#20349,#20359));
#20332=CARTESIAN_POINT('',(2.743,-3.023,0.0));
#20331=VERTEX_POINT('',#20332);
#20334=CARTESIAN_POINT('',(2.743,-1.651,0.0));
#20333=VERTEX_POINT('',#20334);
#20330=EDGE_CURVE('',#20331,#20333,#20335,.T.);
#20335=LINE('',#20332,#20337);
#20337=VECTOR('',#20338,1.37160634838143);
#20338=DIRECTION('',(0.0,1.0,0.0));
#20329=ORIENTED_EDGE('',*,*,#20330,.F.);
#20342=CARTESIAN_POINT('',(2.337,-3.023,0.0));
#20341=VERTEX_POINT('',#20342);
#20340=EDGE_CURVE('',#20341,#20331,#20345,.T.);
#20345=LINE('',#20342,#20347);
#20347=VECTOR('',#20348,0.406400172783485);
#20348=DIRECTION('',(1.0,0.0,0.0));
#20339=ORIENTED_EDGE('',*,*,#20340,.F.);
#20352=CARTESIAN_POINT('',(2.337,-1.651,0.0));
#20351=VERTEX_POINT('',#20352);
#20350=EDGE_CURVE('',#20351,#20341,#20355,.T.);
#20355=LINE('',#20352,#20357);
#20357=VECTOR('',#20358,1.37160634838143);
#20358=DIRECTION('',(0.0,-1.0,0.0));
#20349=ORIENTED_EDGE('',*,*,#20350,.F.);
#20360=EDGE_CURVE('',#20333,#20351,#20365,.T.);
#20365=LINE('',#20334,#20367);
#20367=VECTOR('',#20368,0.406400026558929);
#20368=DIRECTION('',(-1.0,0.0,0.0));
#20359=ORIENTED_EDGE('',*,*,#20360,.F.);
#20418=STYLED_ITEM('',(#34),#20419);
#20419=ADVANCED_FACE('',(#20425),#20420,.T.);
#20420=PLANE('',#20421);
#20421=AXIS2_PLACEMENT_3D('',#20422,#20423,#20424);
#20422=CARTESIAN_POINT('',(2.438,-3.124,0.305));
#20423=DIRECTION('',(0.0,-0.707,0.707));
#20424=DIRECTION('',(0.,0.,1.));
#20425=FACE_OUTER_BOUND('',#20426,.T.);
#20426=EDGE_LOOP('',(#20427,#20437,#20447,#20457));
#20430=CARTESIAN_POINT('',(2.642,-3.124,0.305));
#20429=VERTEX_POINT('',#20430);
#20432=CARTESIAN_POINT('',(2.438,-3.124,0.305));
#20431=VERTEX_POINT('',#20432);
#20428=EDGE_CURVE('',#20429,#20431,#20433,.T.);
#20433=LINE('',#20430,#20435);
#20435=VECTOR('',#20436,0.203200187106065);
#20436=DIRECTION('',(-1.0,0.0,0.0));
#20427=ORIENTED_EDGE('',*,*,#20428,.F.);
#20438=EDGE_CURVE('',#20243,#20429,#20443,.T.);
#20443=LINE('',#20244,#20445);
#20445=VECTOR('',#20446,0.175976360873829);
#20446=DIRECTION('',(-0.577,-0.577,-0.577));
#20437=ORIENTED_EDGE('',*,*,#20438,.F.);
#20447=ORIENTED_EDGE('',*,*,#20242,.T.);
#20458=EDGE_CURVE('',#20431,#20233,#20463,.T.);
#20463=LINE('',#20432,#20465);
#20465=VECTOR('',#20466,0.17597636087383);
#20466=DIRECTION('',(-0.577,0.577,0.577));
#20457=ORIENTED_EDGE('',*,*,#20458,.F.);
#20467=STYLED_ITEM('',(#34),#20468);
#20468=ADVANCED_FACE('',(#20474),#20469,.T.);
#20469=PLANE('',#20470);
#20470=AXIS2_PLACEMENT_3D('',#20471,#20472,#20473);
#20471=CARTESIAN_POINT('',(2.337,-3.023,0.0));
#20472=DIRECTION('',(-0.707,-0.707,0.0));
#20473=DIRECTION('',(0.,0.,1.));
#20474=FACE_OUTER_BOUND('',#20475,.T.);
#20475=EDGE_LOOP('',(#20476,#20486,#20496,#20506));
#20479=CARTESIAN_POINT('',(2.438,-3.124,0.102));
#20478=VERTEX_POINT('',#20479);
#20477=EDGE_CURVE('',#20478,#20341,#20482,.T.);
#20482=LINE('',#20479,#20484);
#20484=VECTOR('',#20485,0.17597636087383);
#20485=DIRECTION('',(-0.577,0.577,-0.577));
#20476=ORIENTED_EDGE('',*,*,#20477,.F.);
#20487=EDGE_CURVE('',#20431,#20478,#20492,.T.);
#20492=LINE('',#20432,#20494);
#20494=VECTOR('',#20495,0.2032);
#20495=DIRECTION('',(0.0,0.0,-1.0));
#20486=ORIENTED_EDGE('',*,*,#20487,.F.);
#20496=ORIENTED_EDGE('',*,*,#20458,.T.);
#20507=EDGE_CURVE('',#20341,#20233,#20512,.T.);
#20512=LINE('',#20342,#20514);
#20514=VECTOR('',#20515,0.4064);
#20515=DIRECTION('',(0.0,0.0,1.0));
#20506=ORIENTED_EDGE('',*,*,#20507,.F.);
#20516=STYLED_ITEM('',(#34),#20517);
#20517=ADVANCED_FACE('',(#20523),#20518,.T.);
#20518=PLANE('',#20519);
#20519=AXIS2_PLACEMENT_3D('',#20520,#20521,#20522);
#20520=CARTESIAN_POINT('',(2.337,-3.023,0.0));
#20521=DIRECTION('',(0.0,-0.707,-0.707));
#20522=DIRECTION('',(0.,0.,1.));
#20523=FACE_OUTER_BOUND('',#20524,.T.);
#20524=EDGE_LOOP('',(#20525,#20535,#20545,#20555));
#20525=ORIENTED_EDGE('',*,*,#20340,.T.);
#20538=CARTESIAN_POINT('',(2.642,-3.124,0.102));
#20537=VERTEX_POINT('',#20538);
#20536=EDGE_CURVE('',#20537,#20331,#20541,.T.);
#20541=LINE('',#20538,#20543);
#20543=VECTOR('',#20544,0.175976360873829);
#20544=DIRECTION('',(0.577,0.577,-0.577));
#20535=ORIENTED_EDGE('',*,*,#20536,.F.);
#20546=EDGE_CURVE('',#20478,#20537,#20551,.T.);
#20551=LINE('',#20479,#20553);
#20553=VECTOR('',#20554,0.203200187106065);
#20554=DIRECTION('',(1.0,0.0,0.0));
#20545=ORIENTED_EDGE('',*,*,#20546,.F.);
#20555=ORIENTED_EDGE('',*,*,#20477,.T.);
#20565=STYLED_ITEM('',(#34),#20566);
#20566=ADVANCED_FACE('',(#20572),#20567,.T.);
#20567=PLANE('',#20568);
#20568=AXIS2_PLACEMENT_3D('',#20569,#20570,#20571);
#20569=CARTESIAN_POINT('',(2.642,-3.124,0.102));
#20570=DIRECTION('',(0.707,-0.707,0.0));
#20571=DIRECTION('',(0.,0.,1.));
#20572=FACE_OUTER_BOUND('',#20573,.T.);
#20573=EDGE_LOOP('',(#20574,#20584,#20594,#20604));
#20574=ORIENTED_EDGE('',*,*,#20536,.T.);
#20585=EDGE_CURVE('',#20243,#20331,#20590,.T.);
#20590=LINE('',#20244,#20592);
#20592=VECTOR('',#20593,0.4064);
#20593=DIRECTION('',(0.0,0.0,-1.0));
#20584=ORIENTED_EDGE('',*,*,#20585,.F.);
#20594=ORIENTED_EDGE('',*,*,#20438,.T.);
#20605=EDGE_CURVE('',#20537,#20429,#20610,.T.);
#20610=LINE('',#20538,#20612);
#20612=VECTOR('',#20613,0.2032);
#20613=DIRECTION('',(0.0,0.0,1.0));
#20604=ORIENTED_EDGE('',*,*,#20605,.F.);
#20614=STYLED_ITEM('',(#34),#20615);
#20615=ADVANCED_FACE('',(#20621),#20616,.T.);
#20616=PLANE('',#20617);
#20617=AXIS2_PLACEMENT_3D('',#20618,#20619,#20620);
#20618=CARTESIAN_POINT('',(2.438,-3.124,0.102));
#20619=DIRECTION('',(0.0,-1.0,0.0));
#20620=DIRECTION('',(0.,0.,1.));
#20621=FACE_OUTER_BOUND('',#20622,.T.);
#20622=EDGE_LOOP('',(#20623,#20633,#20643,#20653));
#20623=ORIENTED_EDGE('',*,*,#20546,.T.);
#20633=ORIENTED_EDGE('',*,*,#20605,.T.);
#20643=ORIENTED_EDGE('',*,*,#20428,.T.);
#20653=ORIENTED_EDGE('',*,*,#20487,.T.);
#20663=STYLED_ITEM($,(#34),#20664);
#20664=ADVANCED_FACE($,(#20670),#20665,.F.);
#20665=CYLINDRICAL_SURFACE($,#20666,0.10159365);
#20666=AXIS2_PLACEMENT_3D($,#20667,#20668,#20669);
#20667=CARTESIAN_POINT('',(2.337,-1.651,0.508));
#20668=DIRECTION('',(-1.0,0.0,0.0));
#20669=DIRECTION('',(0.,0.,1.));
#20670=FACE_OUTER_BOUND($,#20671,.T.);
#20671=EDGE_LOOP($,(#20683,#20693,#20704,#20672));
#20683=ORIENTED_EDGE('',*,*,#20262,.T.);
#20694=EDGE_CURVE($,#20135,#20253,#20699,.T.);
#20699=CIRCLE($,#20700,0.10159365);
#20701=CARTESIAN_POINT('',(2.743,-1.651,0.508));
#20700=AXIS2_PLACEMENT_3D($,#20701,#20702,#20703);
#20702=DIRECTION('',(-1.0,0.0,0.0));
#20703=DIRECTION('',(0.0,-0.707,-0.707));
#20693=ORIENTED_EDGE('',*,*,#20694,.F.);
#20704=ORIENTED_EDGE('',*,*,#20134,.T.);
#20673=EDGE_CURVE($,#20235,#20137,#20678,.T.);
#20678=CIRCLE($,#20679,0.10159365);
#20680=CARTESIAN_POINT('',(2.337,-1.651,0.508));
#20679=AXIS2_PLACEMENT_3D($,#20680,#20681,#20682);
#20681=DIRECTION('',(1.0,0.0,0.0));
#20682=DIRECTION('',(0.0,0.707,0.707));
#20672=ORIENTED_EDGE('',*,*,#20673,.F.);
#20714=STYLED_ITEM($,(#34),#20715);
#20715=ADVANCED_FACE($,(#20721),#20716,.T.);
#20716=CYLINDRICAL_SURFACE($,#20717,0.50799365);
#20717=AXIS2_PLACEMENT_3D($,#20718,#20719,#20720);
#20718=CARTESIAN_POINT('',(2.337,-1.651,0.508));
#20719=DIRECTION('',(1.0,0.0,0.0));
#20720=DIRECTION('',(0.,0.,1.));
#20721=FACE_OUTER_BOUND($,#20722,.T.);
#20722=EDGE_LOOP($,(#20734,#20744,#20755,#20723));
#20734=ORIENTED_EDGE('',*,*,#20360,.T.);
#20745=EDGE_CURVE($,#20184,#20351,#20750,.T.);
#20750=CIRCLE($,#20751,0.50799365);
#20751=AXIS2_PLACEMENT_3D($,#20680,#20753,#20754);
#20753=DIRECTION('',(-1.0,0.0,0.0));
#20754=DIRECTION('',(0.0,-0.707,-0.707));
#20744=ORIENTED_EDGE('',*,*,#20745,.F.);
#20755=ORIENTED_EDGE('',*,*,#20183,.T.);
#20724=EDGE_CURVE($,#20333,#20186,#20729,.T.);
#20729=CIRCLE($,#20730,0.50799365);
#20730=AXIS2_PLACEMENT_3D($,#20701,#20732,#20733);
#20732=DIRECTION('',(1.0,0.0,0.0));
#20733=DIRECTION('',(0.0,0.707,0.707));
#20723=ORIENTED_EDGE('',*,*,#20724,.F.);
#20765=STYLED_ITEM('color',(#34),#20766);
#20766=ADVANCED_FACE($,(#20772),#20767,.T.);
#20767=PLANE($,#20768);
#20768=AXIS2_PLACEMENT_3D($,#20769,#20770,#20771);
#20769=CARTESIAN_POINT('',(2.337,-1.143,0.508));
#20770=DIRECTION('',(-1.0,0.0,0.0));
#20771=DIRECTION('',(1.,0.,0.));
#20772=FACE_OUTER_BOUND($,#20773,.T.);
#20773=EDGE_LOOP($,(#20776, #20786, #20796, #20806, #20817, #20827, #20837, #20847));
#20776=ORIENTED_EDGE('',*,*,#20164,.T.);
#20786=ORIENTED_EDGE('',*,*,#20085,.T.);
#20796=ORIENTED_EDGE('',*,*,#20193,.T.);
#20806=ORIENTED_EDGE('',*,*,#20745,.T.);
#20817=ORIENTED_EDGE('',*,*,#20350,.T.);
#20827=ORIENTED_EDGE('',*,*,#20507,.T.);
#20837=ORIENTED_EDGE('',*,*,#20232,.T.);
#20847=ORIENTED_EDGE('',*,*,#20673,.T.);
#20858=STYLED_ITEM('color',(#34),#20859);
#20859=ADVANCED_FACE($,(#20865),#20860,.T.);
#20860=PLANE($,#20861);
#20861=AXIS2_PLACEMENT_3D($,#20862,#20863,#20864);
#20862=CARTESIAN_POINT('',(2.743,-1.143,0.508));
#20863=DIRECTION('',(1.0,0.0,0.0));
#20864=DIRECTION('',(-1.,0.,0.));
#20865=FACE_OUTER_BOUND($,#20866,.T.);
#20866=EDGE_LOOP($,(#20869, #20879, #20889, #20899, #20910, #20920, #20930, #20940));
#20869=ORIENTED_EDGE('',*,*,#20213,.T.);
#20879=ORIENTED_EDGE('',*,*,#20105,.T.);
#20889=ORIENTED_EDGE('',*,*,#20144,.T.);
#20899=ORIENTED_EDGE('',*,*,#20694,.T.);
#20910=ORIENTED_EDGE('',*,*,#20252,.T.);
#20920=ORIENTED_EDGE('',*,*,#20585,.T.);
#20930=ORIENTED_EDGE('',*,*,#20330,.T.);
#20940=ORIENTED_EDGE('',*,*,#20724,.T.);
#20951=MANIFOLD_SOLID_BREP($,#20952);
#20952=CLOSED_SHELL('',(#20956,#21005,#21054,#21103,#21152,#21201,#21250,#21299,#21348,#21397));
#20953=MANIFOLD_SOLID_BREP($,#20954);
#20954=CLOSED_SHELL('',(#21446,#21495,#21544,#21593,#21691,#21789,#21838,#21887,#21936,#21985,#22034,#22085,#22136,#22229));
#20955=STYLED_ITEM('',(#34),#20956);
#20956=ADVANCED_FACE('',(#20962),#20957,.T.);
#20957=PLANE('',#20958);
#20958=AXIS2_PLACEMENT_3D('',#20959,#20960,#20961);
#20959=CARTESIAN_POINT('',(1.168,-1.245,5.969));
#20960=DIRECTION('',(0.0,0.0,1.0));
#20961=DIRECTION('',(0.,1.,0.));
#20962=FACE_OUTER_BOUND('',#20963,.T.);
#20963=EDGE_LOOP('',(#20964,#20974,#20984,#20994));
#20967=CARTESIAN_POINT('',(1.168,-1.448,5.969));
#20966=VERTEX_POINT('',#20967);
#20969=CARTESIAN_POINT('',(1.168,-1.245,5.969));
#20968=VERTEX_POINT('',#20969);
#20965=EDGE_CURVE('',#20966,#20968,#20970,.T.);
#20970=LINE('',#20967,#20972);
#20972=VECTOR('',#20973,0.203199997275109);
#20973=DIRECTION('',(0.0,1.0,0.0));
#20964=ORIENTED_EDGE('',*,*,#20965,.F.);
#20977=CARTESIAN_POINT('',(1.372,-1.448,5.969));
#20976=VERTEX_POINT('',#20977);
#20975=EDGE_CURVE('',#20976,#20966,#20980,.T.);
#20980=LINE('',#20977,#20982);
#20982=VECTOR('',#20983,0.203200008169614);
#20983=DIRECTION('',(-1.0,0.0,0.0));
#20974=ORIENTED_EDGE('',*,*,#20975,.F.);
#20987=CARTESIAN_POINT('',(1.372,-1.245,5.969));
#20986=VERTEX_POINT('',#20987);
#20985=EDGE_CURVE('',#20986,#20976,#20990,.T.);
#20990=LINE('',#20987,#20992);
#20992=VECTOR('',#20993,0.203199997275109);
#20993=DIRECTION('',(0.0,-1.0,0.0));
#20984=ORIENTED_EDGE('',*,*,#20985,.F.);
#20995=EDGE_CURVE('',#20968,#20986,#21000,.T.);
#21000=LINE('',#20969,#21002);
#21002=VECTOR('',#21003,0.203199997280168);
#21003=DIRECTION('',(1.0,0.0,0.0));
#20994=ORIENTED_EDGE('',*,*,#20995,.F.);
#21004=STYLED_ITEM('',(#34),#21005);
#21005=ADVANCED_FACE('',(#21011),#21006,.T.);
#21006=PLANE('',#21007);
#21007=AXIS2_PLACEMENT_3D('',#21008,#21009,#21010);
#21008=CARTESIAN_POINT('',(1.067,-1.549,5.867));
#21009=DIRECTION('',(0.0,-0.707,0.707));
#21010=DIRECTION('',(0.,0.,1.));
#21011=FACE_OUTER_BOUND('',#21012,.T.);
#21012=EDGE_LOOP('',(#21013,#21023,#21033,#21043));
#21016=CARTESIAN_POINT('',(1.473,-1.549,5.867));
#21015=VERTEX_POINT('',#21016);
#21018=CARTESIAN_POINT('',(1.067,-1.549,5.867));
#21017=VERTEX_POINT('',#21018);
#21014=EDGE_CURVE('',#21015,#21017,#21019,.T.);
#21019=LINE('',#21016,#21021);
#21021=VECTOR('',#21022,0.406400016339228);
#21022=DIRECTION('',(-1.0,0.0,0.0));
#21013=ORIENTED_EDGE('',*,*,#21014,.F.);
#21024=EDGE_CURVE('',#20976,#21015,#21029,.T.);
#21029=LINE('',#20977,#21031);
#21031=VECTOR('',#21032,0.175976362048998);
#21032=DIRECTION('',(0.577,-0.577,-0.577));
#21023=ORIENTED_EDGE('',*,*,#21024,.F.);
#21033=ORIENTED_EDGE('',*,*,#20975,.T.);
#21044=EDGE_CURVE('',#21017,#20966,#21049,.T.);
#21049=LINE('',#21018,#21051);
#21051=VECTOR('',#21052,0.175976362048998);
#21052=DIRECTION('',(0.577,0.577,0.577));
#21043=ORIENTED_EDGE('',*,*,#21044,.F.);
#21053=STYLED_ITEM('',(#34),#21054);
#21054=ADVANCED_FACE('',(#21060),#21055,.T.);
#21055=PLANE('',#21056);
#21056=AXIS2_PLACEMENT_3D('',#21057,#21058,#21059);
#21057=CARTESIAN_POINT('',(1.473,-1.549,5.867));
#21058=DIRECTION('',(0.707,0.0,0.707));
#21059=DIRECTION('',(0.,0.,1.));
#21060=FACE_OUTER_BOUND('',#21061,.T.);
#21061=EDGE_LOOP('',(#21062,#21072,#21082,#21092));
#21065=CARTESIAN_POINT('',(1.473,-1.143,5.867));
#21064=VERTEX_POINT('',#21065);
#21063=EDGE_CURVE('',#21064,#21015,#21068,.T.);
#21068=LINE('',#21065,#21070);
#21070=VECTOR('',#21071,0.406399994550218);
#21071=DIRECTION('',(0.0,-1.0,0.0));
#21062=ORIENTED_EDGE('',*,*,#21063,.F.);
#21073=EDGE_CURVE('',#20986,#21064,#21078,.T.);
#21078=LINE('',#20987,#21080);
#21080=VECTOR('',#21081,0.175976362048998);
#21081=DIRECTION('',(0.577,0.577,-0.577));
#21072=ORIENTED_EDGE('',*,*,#21073,.F.);
#21082=ORIENTED_EDGE('',*,*,#20985,.T.);
#21092=ORIENTED_EDGE('',*,*,#21024,.T.);
#21102=STYLED_ITEM('',(#34),#21103);
#21103=ADVANCED_FACE('',(#21109),#21104,.T.);
#21104=PLANE('',#21105);
#21105=AXIS2_PLACEMENT_3D('',#21106,#21107,#21108);
#21106=CARTESIAN_POINT('',(1.473,-1.143,5.867));
#21107=DIRECTION('',(0.0,0.707,0.707));
#21108=DIRECTION('',(0.,0.,1.));
#21109=FACE_OUTER_BOUND('',#21110,.T.);
#21110=EDGE_LOOP('',(#21111,#21121,#21131,#21141));
#21114=CARTESIAN_POINT('',(1.067,-1.143,5.867));
#21113=VERTEX_POINT('',#21114);
#21112=EDGE_CURVE('',#21113,#21064,#21117,.T.);
#21117=LINE('',#21114,#21119);
#21119=VECTOR('',#21120,0.406399994560336);
#21120=DIRECTION('',(1.0,0.0,0.0));
#21111=ORIENTED_EDGE('',*,*,#21112,.F.);
#21122=EDGE_CURVE('',#20968,#21113,#21127,.T.);
#21127=LINE('',#20969,#21129);
#21129=VECTOR('',#21130,0.175976362048998);
#21130=DIRECTION('',(-0.577,0.577,-0.577));
#21121=ORIENTED_EDGE('',*,*,#21122,.F.);
#21131=ORIENTED_EDGE('',*,*,#20995,.T.);
#21141=ORIENTED_EDGE('',*,*,#21073,.T.);
#21151=STYLED_ITEM('',(#34),#21152);
#21152=ADVANCED_FACE('',(#21158),#21153,.T.);
#21153=PLANE('',#21154);
#21154=AXIS2_PLACEMENT_3D('',#21155,#21156,#21157);
#21155=CARTESIAN_POINT('',(1.067,-1.143,5.867));
#21156=DIRECTION('',(-0.707,0.0,0.707));
#21157=DIRECTION('',(0.,0.,1.));
#21158=FACE_OUTER_BOUND('',#21159,.T.);
#21159=EDGE_LOOP('',(#21160,#21170,#21180,#21190));
#21161=EDGE_CURVE('',#21017,#21113,#21166,.T.);
#21166=LINE('',#21018,#21168);
#21168=VECTOR('',#21169,0.406399994550218);
#21169=DIRECTION('',(0.0,1.0,0.0));
#21160=ORIENTED_EDGE('',*,*,#21161,.F.);
#21170=ORIENTED_EDGE('',*,*,#21044,.T.);
#21180=ORIENTED_EDGE('',*,*,#20965,.T.);
#21190=ORIENTED_EDGE('',*,*,#21122,.T.);
#21200=STYLED_ITEM('',(#34),#21201);
#21201=ADVANCED_FACE('',(#21207),#21202,.T.);
#21202=PLANE('',#21203);
#21203=AXIS2_PLACEMENT_3D('',#21204,#21205,#21206);
#21204=CARTESIAN_POINT('',(1.067,-1.549,2.438));
#21205=DIRECTION('',(0.0,-1.0,0.0));
#21206=DIRECTION('',(0.,0.,1.));
#21207=FACE_OUTER_BOUND('',#21208,.T.);
#21208=EDGE_LOOP('',(#21209,#21219,#21229,#21239));
#21212=CARTESIAN_POINT('',(1.473,-1.549,2.438));
#21211=VERTEX_POINT('',#21212);
#21214=CARTESIAN_POINT('',(1.067,-1.549,2.438));
#21213=VERTEX_POINT('',#21214);
#21210=EDGE_CURVE('',#21211,#21213,#21215,.T.);
#21215=LINE('',#21212,#21217);
#21217=VECTOR('',#21218,0.406400016339228);
#21218=DIRECTION('',(-1.0,0.0,0.0));
#21209=ORIENTED_EDGE('',*,*,#21210,.F.);
#21220=EDGE_CURVE('',#21015,#21211,#21225,.T.);
#21225=LINE('',#21016,#21227);
#21227=VECTOR('',#21228,3.4290254);
#21228=DIRECTION('',(0.0,0.0,-1.0));
#21219=ORIENTED_EDGE('',*,*,#21220,.F.);
#21229=ORIENTED_EDGE('',*,*,#21014,.T.);
#21240=EDGE_CURVE('',#21213,#21017,#21245,.T.);
#21245=LINE('',#21214,#21247);
#21247=VECTOR('',#21248,3.4290254);
#21248=DIRECTION('',(0.0,0.0,1.0));
#21239=ORIENTED_EDGE('',*,*,#21240,.F.);
#21249=STYLED_ITEM('',(#34),#21250);
#21250=ADVANCED_FACE('',(#21256),#21251,.T.);
#21251=PLANE('',#21252);
#21252=AXIS2_PLACEMENT_3D('',#21253,#21254,#21255);
#21253=CARTESIAN_POINT('',(1.473,-1.549,2.438));
#21254=DIRECTION('',(1.0,0.0,0.0));
#21255=DIRECTION('',(0.,0.,1.));
#21256=FACE_OUTER_BOUND('',#21257,.T.);
#21257=EDGE_LOOP('',(#21258,#21268,#21278,#21288));
#21261=CARTESIAN_POINT('',(1.473,-1.143,2.438));
#21260=VERTEX_POINT('',#21261);
#21259=EDGE_CURVE('',#21260,#21211,#21264,.T.);
#21264=LINE('',#21261,#21266);
#21266=VECTOR('',#21267,0.406399994550218);
#21267=DIRECTION('',(0.0,-1.0,0.0));
#21258=ORIENTED_EDGE('',*,*,#21259,.F.);
#21269=EDGE_CURVE('',#21064,#21260,#21274,.T.);
#21274=LINE('',#21065,#21276);
#21276=VECTOR('',#21277,3.4290254);
#21277=DIRECTION('',(0.0,0.0,-1.0));
#21268=ORIENTED_EDGE('',*,*,#21269,.F.);
#21278=ORIENTED_EDGE('',*,*,#21063,.T.);
#21288=ORIENTED_EDGE('',*,*,#21220,.T.);
#21298=STYLED_ITEM('',(#34),#21299);
#21299=ADVANCED_FACE('',(#21305),#21300,.T.);
#21300=PLANE('',#21301);
#21301=AXIS2_PLACEMENT_3D('',#21302,#21303,#21304);
#21302=CARTESIAN_POINT('',(1.473,-1.143,2.438));
#21303=DIRECTION('',(0.0,1.0,0.0));
#21304=DIRECTION('',(0.,0.,1.));
#21305=FACE_OUTER_BOUND('',#21306,.T.);
#21306=EDGE_LOOP('',(#21307,#21317,#21327,#21337));
#21310=CARTESIAN_POINT('',(1.067,-1.143,2.438));
#21309=VERTEX_POINT('',#21310);
#21308=EDGE_CURVE('',#21309,#21260,#21313,.T.);
#21313=LINE('',#21310,#21315);
#21315=VECTOR('',#21316,0.406399994560336);
#21316=DIRECTION('',(1.0,0.0,0.0));
#21307=ORIENTED_EDGE('',*,*,#21308,.F.);
#21318=EDGE_CURVE('',#21113,#21309,#21323,.T.);
#21323=LINE('',#21114,#21325);
#21325=VECTOR('',#21326,3.4290254);
#21326=DIRECTION('',(0.0,0.0,-1.0));
#21317=ORIENTED_EDGE('',*,*,#21318,.F.);
#21327=ORIENTED_EDGE('',*,*,#21112,.T.);
#21337=ORIENTED_EDGE('',*,*,#21269,.T.);
#21347=STYLED_ITEM('',(#34),#21348);
#21348=ADVANCED_FACE('',(#21354),#21349,.T.);
#21349=PLANE('',#21350);
#21350=AXIS2_PLACEMENT_3D('',#21351,#21352,#21353);
#21351=CARTESIAN_POINT('',(1.067,-1.143,2.438));
#21352=DIRECTION('',(-1.0,0.0,0.0));
#21353=DIRECTION('',(0.,0.,1.));
#21354=FACE_OUTER_BOUND('',#21355,.T.);
#21355=EDGE_LOOP('',(#21356,#21366,#21376,#21386));
#21357=EDGE_CURVE('',#21213,#21309,#21362,.T.);
#21362=LINE('',#21214,#21364);
#21364=VECTOR('',#21365,0.406399994550218);
#21365=DIRECTION('',(0.0,1.0,0.0));
#21356=ORIENTED_EDGE('',*,*,#21357,.F.);
#21366=ORIENTED_EDGE('',*,*,#21240,.T.);
#21376=ORIENTED_EDGE('',*,*,#21161,.T.);
#21386=ORIENTED_EDGE('',*,*,#21318,.T.);
#21396=STYLED_ITEM('',(#34),#21397);
#21397=ADVANCED_FACE('',(#21403),#21398,.T.);
#21398=PLANE('',#21399);
#21399=AXIS2_PLACEMENT_3D('',#21400,#21401,#21402);
#21400=CARTESIAN_POINT('',(1.473,-1.143,2.438));
#21401=DIRECTION('',(0.0,0.0,-1.0));
#21402=DIRECTION('',(0.,1.,0.));
#21403=FACE_OUTER_BOUND('',#21404,.T.);
#21404=EDGE_LOOP('',(#21405,#21415,#21425,#21435));
#21405=ORIENTED_EDGE('',*,*,#21259,.T.);
#21415=ORIENTED_EDGE('',*,*,#21210,.T.);
#21425=ORIENTED_EDGE('',*,*,#21357,.T.);
#21435=ORIENTED_EDGE('',*,*,#21308,.T.);
#21445=STYLED_ITEM('',(#34),#21446);
#21446=ADVANCED_FACE('',(#21452),#21447,.T.);
#21447=PLANE('',#21448);
#21448=AXIS2_PLACEMENT_3D('',#21449,#21450,#21451);
#21449=CARTESIAN_POINT('',(1.067,-1.143,0.61));
#21450=DIRECTION('',(0.0,0.0,1.0));
#21451=DIRECTION('',(0.,1.,0.));
#21452=FACE_OUTER_BOUND('',#21453,.T.);
#21453=EDGE_LOOP('',(#21454,#21464,#21474,#21484));
#21457=CARTESIAN_POINT('',(1.067,-1.549,0.61));
#21456=VERTEX_POINT('',#21457);
#21459=CARTESIAN_POINT('',(1.067,-1.143,0.61));
#21458=VERTEX_POINT('',#21459);
#21455=EDGE_CURVE('',#21456,#21458,#21460,.T.);
#21460=LINE('',#21457,#21462);
#21462=VECTOR('',#21463,0.406399994550218);
#21463=DIRECTION('',(0.0,1.0,0.0));
#21454=ORIENTED_EDGE('',*,*,#21455,.F.);
#21467=CARTESIAN_POINT('',(1.473,-1.549,0.61));
#21466=VERTEX_POINT('',#21467);
#21465=EDGE_CURVE('',#21466,#21456,#21470,.T.);
#21470=LINE('',#21467,#21472);
#21472=VECTOR('',#21473,0.406400016339228);
#21473=DIRECTION('',(-1.0,0.0,0.0));
#21464=ORIENTED_EDGE('',*,*,#21465,.F.);
#21477=CARTESIAN_POINT('',(1.473,-1.143,0.61));
#21476=VERTEX_POINT('',#21477);
#21475=EDGE_CURVE('',#21476,#21466,#21480,.T.);
#21480=LINE('',#21477,#21482);
#21482=VECTOR('',#21483,0.406399994550218);
#21483=DIRECTION('',(0.0,-1.0,0.0));
#21474=ORIENTED_EDGE('',*,*,#21475,.F.);
#21485=EDGE_CURVE('',#21458,#21476,#21490,.T.);
#21490=LINE('',#21459,#21492);
#21492=VECTOR('',#21493,0.406399994560336);
#21493=DIRECTION('',(1.0,0.0,0.0));
#21484=ORIENTED_EDGE('',*,*,#21485,.F.);
#21494=STYLED_ITEM('',(#34),#21495);
#21495=ADVANCED_FACE('',(#21501),#21496,.T.);
#21496=PLANE('',#21497);
#21497=AXIS2_PLACEMENT_3D('',#21498,#21499,#21500);
#21498=CARTESIAN_POINT('',(1.067,-1.549,0.508));
#21499=DIRECTION('',(0.0,-1.0,0.0));
#21500=DIRECTION('',(0.,0.,1.));
#21501=FACE_OUTER_BOUND('',#21502,.T.);
#21502=EDGE_LOOP('',(#21503,#21513,#21523,#21533));
#21506=CARTESIAN_POINT('',(1.473,-1.549,0.508));
#21505=VERTEX_POINT('',#21506);
#21508=CARTESIAN_POINT('',(1.067,-1.549,0.508));
#21507=VERTEX_POINT('',#21508);
#21504=EDGE_CURVE('',#21505,#21507,#21509,.T.);
#21509=LINE('',#21506,#21511);
#21511=VECTOR('',#21512,0.406400016339228);
#21512=DIRECTION('',(-1.0,0.0,0.0));
#21503=ORIENTED_EDGE('',*,*,#21504,.F.);
#21514=EDGE_CURVE('',#21466,#21505,#21519,.T.);
#21519=LINE('',#21467,#21521);
#21521=VECTOR('',#21522,0.10159365);
#21522=DIRECTION('',(0.0,0.0,-1.0));
#21513=ORIENTED_EDGE('',*,*,#21514,.F.);
#21523=ORIENTED_EDGE('',*,*,#21465,.T.);
#21534=EDGE_CURVE('',#21507,#21456,#21539,.T.);
#21539=LINE('',#21508,#21541);
#21541=VECTOR('',#21542,0.10159365);
#21542=DIRECTION('',(0.0,0.0,1.0));
#21533=ORIENTED_EDGE('',*,*,#21534,.F.);
#21543=STYLED_ITEM('',(#34),#21544);
#21544=ADVANCED_FACE('',(#21550),#21545,.T.);
#21545=PLANE('',#21546);
#21546=AXIS2_PLACEMENT_3D('',#21547,#21548,#21549);
#21547=CARTESIAN_POINT('',(1.473,-1.143,0.508));
#21548=DIRECTION('',(0.0,1.0,0.0));
#21549=DIRECTION('',(0.,0.,1.));
#21550=FACE_OUTER_BOUND('',#21551,.T.);
#21551=EDGE_LOOP('',(#21552,#21562,#21572,#21582));
#21555=CARTESIAN_POINT('',(1.067,-1.143,0.508));
#21554=VERTEX_POINT('',#21555);
#21557=CARTESIAN_POINT('',(1.473,-1.143,0.508));
#21556=VERTEX_POINT('',#21557);
#21553=EDGE_CURVE('',#21554,#21556,#21558,.T.);
#21558=LINE('',#21555,#21560);
#21560=VECTOR('',#21561,0.406399994560336);
#21561=DIRECTION('',(1.0,0.0,0.0));
#21552=ORIENTED_EDGE('',*,*,#21553,.F.);
#21563=EDGE_CURVE('',#21458,#21554,#21568,.T.);
#21568=LINE('',#21459,#21570);
#21570=VECTOR('',#21571,0.10159365);
#21571=DIRECTION('',(0.0,0.0,-1.0));
#21562=ORIENTED_EDGE('',*,*,#21563,.F.);
#21572=ORIENTED_EDGE('',*,*,#21485,.T.);
#21583=EDGE_CURVE('',#21556,#21476,#21588,.T.);
#21588=LINE('',#21557,#21590);
#21590=VECTOR('',#21591,0.10159365);
#21591=DIRECTION('',(0.0,0.0,1.0));
#21582=ORIENTED_EDGE('',*,*,#21583,.F.);
#21592=STYLED_ITEM('',(#34),#21593);
#21593=ADVANCED_FACE('',(#21599),#21594,.T.);
#21594=PLANE('',#21595);
#21595=AXIS2_PLACEMENT_3D('',#21596,#21597,#21598);
#21596=CARTESIAN_POINT('',(1.067,-1.651,0.406));
#21597=DIRECTION('',(0.0,0.0,1.0));
#21598=DIRECTION('',(0.,1.,0.));
#21599=FACE_OUTER_BOUND('',#21600,.T.);
#21600=EDGE_LOOP('',(#21601,#21611,#21621,#21631));
#21604=CARTESIAN_POINT('',(1.067,-3.023,0.406));
#21603=VERTEX_POINT('',#21604);
#21606=CARTESIAN_POINT('',(1.067,-1.651,0.406));
#21605=VERTEX_POINT('',#21606);
#21602=EDGE_CURVE('',#21603,#21605,#21607,.T.);
#21607=LINE('',#21604,#21609);
#21609=VECTOR('',#21610,1.37160634838143);
#21610=DIRECTION('',(0.0,1.0,0.0));
#21601=ORIENTED_EDGE('',*,*,#21602,.F.);
#21614=CARTESIAN_POINT('',(1.473,-3.023,0.406));
#21613=VERTEX_POINT('',#21614);
#21612=EDGE_CURVE('',#21613,#21603,#21617,.T.);
#21617=LINE('',#21614,#21619);
#21619=VECTOR('',#21620,0.406400172783485);
#21620=DIRECTION('',(-1.0,0.0,0.0));
#21611=ORIENTED_EDGE('',*,*,#21612,.F.);
#21624=CARTESIAN_POINT('',(1.473,-1.651,0.406));
#21623=VERTEX_POINT('',#21624);
#21622=EDGE_CURVE('',#21623,#21613,#21627,.T.);
#21627=LINE('',#21624,#21629);
#21629=VECTOR('',#21630,1.37160634838143);
#21630=DIRECTION('',(0.0,-1.0,0.0));
#21621=ORIENTED_EDGE('',*,*,#21622,.F.);
#21632=EDGE_CURVE('',#21605,#21623,#21637,.T.);
#21637=LINE('',#21606,#21639);
#21639=VECTOR('',#21640,0.406400026558929);
#21640=DIRECTION('',(1.0,0.0,0.0));
#21631=ORIENTED_EDGE('',*,*,#21632,.F.);
#21690=STYLED_ITEM('',(#34),#21691);
#21691=ADVANCED_FACE('',(#21697),#21692,.T.);
#21692=PLANE('',#21693);
#21693=AXIS2_PLACEMENT_3D('',#21694,#21695,#21696);
#21694=CARTESIAN_POINT('',(1.473,-1.651,0.0));
#21695=DIRECTION('',(0.0,0.0,-1.0));
#21696=DIRECTION('',(0.,1.,0.));
#21697=FACE_OUTER_BOUND('',#21698,.T.);
#21698=EDGE_LOOP('',(#21699,#21709,#21719,#21729));
#21702=CARTESIAN_POINT('',(1.473,-3.023,0.0));
#21701=VERTEX_POINT('',#21702);
#21704=CARTESIAN_POINT('',(1.473,-1.651,0.0));
#21703=VERTEX_POINT('',#21704);
#21700=EDGE_CURVE('',#21701,#21703,#21705,.T.);
#21705=LINE('',#21702,#21707);
#21707=VECTOR('',#21708,1.37160634838143);
#21708=DIRECTION('',(0.0,1.0,0.0));
#21699=ORIENTED_EDGE('',*,*,#21700,.F.);
#21712=CARTESIAN_POINT('',(1.067,-3.023,0.0));
#21711=VERTEX_POINT('',#21712);
#21710=EDGE_CURVE('',#21711,#21701,#21715,.T.);
#21715=LINE('',#21712,#21717);
#21717=VECTOR('',#21718,0.406400172783485);
#21718=DIRECTION('',(1.0,0.0,0.0));
#21709=ORIENTED_EDGE('',*,*,#21710,.F.);
#21722=CARTESIAN_POINT('',(1.067,-1.651,0.0));
#21721=VERTEX_POINT('',#21722);
#21720=EDGE_CURVE('',#21721,#21711,#21725,.T.);
#21725=LINE('',#21722,#21727);
#21727=VECTOR('',#21728,1.37160634838143);
#21728=DIRECTION('',(0.0,-1.0,0.0));
#21719=ORIENTED_EDGE('',*,*,#21720,.F.);
#21730=EDGE_CURVE('',#21703,#21721,#21735,.T.);
#21735=LINE('',#21704,#21737);
#21737=VECTOR('',#21738,0.406400026558929);
#21738=DIRECTION('',(-1.0,0.0,0.0));
#21729=ORIENTED_EDGE('',*,*,#21730,.F.);
#21788=STYLED_ITEM('',(#34),#21789);
#21789=ADVANCED_FACE('',(#21795),#21790,.T.);
#21790=PLANE('',#21791);
#21791=AXIS2_PLACEMENT_3D('',#21792,#21793,#21794);
#21792=CARTESIAN_POINT('',(1.168,-3.124,0.305));
#21793=DIRECTION('',(0.0,-0.707,0.707));
#21794=DIRECTION('',(0.,0.,1.));
#21795=FACE_OUTER_BOUND('',#21796,.T.);
#21796=EDGE_LOOP('',(#21797,#21807,#21817,#21827));
#21800=CARTESIAN_POINT('',(1.372,-3.124,0.305));
#21799=VERTEX_POINT('',#21800);
#21802=CARTESIAN_POINT('',(1.168,-3.124,0.305));
#21801=VERTEX_POINT('',#21802);
#21798=EDGE_CURVE('',#21799,#21801,#21803,.T.);
#21803=LINE('',#21800,#21805);
#21805=VECTOR('',#21806,0.203200187106065);
#21806=DIRECTION('',(-1.0,0.0,0.0));
#21797=ORIENTED_EDGE('',*,*,#21798,.F.);
#21808=EDGE_CURVE('',#21613,#21799,#21813,.T.);
#21813=LINE('',#21614,#21815);
#21815=VECTOR('',#21816,0.175976360873829);
#21816=DIRECTION('',(-0.577,-0.577,-0.577));
#21807=ORIENTED_EDGE('',*,*,#21808,.F.);
#21817=ORIENTED_EDGE('',*,*,#21612,.T.);
#21828=EDGE_CURVE('',#21801,#21603,#21833,.T.);
#21833=LINE('',#21802,#21835);
#21835=VECTOR('',#21836,0.17597636087383);
#21836=DIRECTION('',(-0.577,0.577,0.577));
#21827=ORIENTED_EDGE('',*,*,#21828,.F.);
#21837=STYLED_ITEM('',(#34),#21838);
#21838=ADVANCED_FACE('',(#21844),#21839,.T.);
#21839=PLANE('',#21840);
#21840=AXIS2_PLACEMENT_3D('',#21841,#21842,#21843);
#21841=CARTESIAN_POINT('',(1.067,-3.023,0.0));
#21842=DIRECTION('',(-0.707,-0.707,0.0));
#21843=DIRECTION('',(0.,0.,1.));
#21844=FACE_OUTER_BOUND('',#21845,.T.);
#21845=EDGE_LOOP('',(#21846,#21856,#21866,#21876));
#21849=CARTESIAN_POINT('',(1.168,-3.124,0.102));
#21848=VERTEX_POINT('',#21849);
#21847=EDGE_CURVE('',#21848,#21711,#21852,.T.);
#21852=LINE('',#21849,#21854);
#21854=VECTOR('',#21855,0.17597636087383);
#21855=DIRECTION('',(-0.577,0.577,-0.577));
#21846=ORIENTED_EDGE('',*,*,#21847,.F.);
#21857=EDGE_CURVE('',#21801,#21848,#21862,.T.);
#21862=LINE('',#21802,#21864);
#21864=VECTOR('',#21865,0.2032);
#21865=DIRECTION('',(0.0,0.0,-1.0));
#21856=ORIENTED_EDGE('',*,*,#21857,.F.);
#21866=ORIENTED_EDGE('',*,*,#21828,.T.);
#21877=EDGE_CURVE('',#21711,#21603,#21882,.T.);
#21882=LINE('',#21712,#21884);
#21884=VECTOR('',#21885,0.4064);
#21885=DIRECTION('',(0.0,0.0,1.0));
#21876=ORIENTED_EDGE('',*,*,#21877,.F.);
#21886=STYLED_ITEM('',(#34),#21887);
#21887=ADVANCED_FACE('',(#21893),#21888,.T.);
#21888=PLANE('',#21889);
#21889=AXIS2_PLACEMENT_3D('',#21890,#21891,#21892);
#21890=CARTESIAN_POINT('',(1.067,-3.023,0.0));
#21891=DIRECTION('',(0.0,-0.707,-0.707));
#21892=DIRECTION('',(0.,0.,1.));
#21893=FACE_OUTER_BOUND('',#21894,.T.);
#21894=EDGE_LOOP('',(#21895,#21905,#21915,#21925));
#21895=ORIENTED_EDGE('',*,*,#21710,.T.);
#21908=CARTESIAN_POINT('',(1.372,-3.124,0.102));
#21907=VERTEX_POINT('',#21908);
#21906=EDGE_CURVE('',#21907,#21701,#21911,.T.);
#21911=LINE('',#21908,#21913);
#21913=VECTOR('',#21914,0.175976360873829);
#21914=DIRECTION('',(0.577,0.577,-0.577));
#21905=ORIENTED_EDGE('',*,*,#21906,.F.);
#21916=EDGE_CURVE('',#21848,#21907,#21921,.T.);
#21921=LINE('',#21849,#21923);
#21923=VECTOR('',#21924,0.203200187106065);
#21924=DIRECTION('',(1.0,0.0,0.0));
#21915=ORIENTED_EDGE('',*,*,#21916,.F.);
#21925=ORIENTED_EDGE('',*,*,#21847,.T.);
#21935=STYLED_ITEM('',(#34),#21936);
#21936=ADVANCED_FACE('',(#21942),#21937,.T.);
#21937=PLANE('',#21938);
#21938=AXIS2_PLACEMENT_3D('',#21939,#21940,#21941);
#21939=CARTESIAN_POINT('',(1.372,-3.124,0.102));
#21940=DIRECTION('',(0.707,-0.707,0.0));
#21941=DIRECTION('',(0.,0.,1.));
#21942=FACE_OUTER_BOUND('',#21943,.T.);
#21943=EDGE_LOOP('',(#21944,#21954,#21964,#21974));
#21944=ORIENTED_EDGE('',*,*,#21906,.T.);
#21955=EDGE_CURVE('',#21613,#21701,#21960,.T.);
#21960=LINE('',#21614,#21962);
#21962=VECTOR('',#21963,0.4064);
#21963=DIRECTION('',(0.0,0.0,-1.0));
#21954=ORIENTED_EDGE('',*,*,#21955,.F.);
#21964=ORIENTED_EDGE('',*,*,#21808,.T.);
#21975=EDGE_CURVE('',#21907,#21799,#21980,.T.);
#21980=LINE('',#21908,#21982);
#21982=VECTOR('',#21983,0.2032);
#21983=DIRECTION('',(0.0,0.0,1.0));
#21974=ORIENTED_EDGE('',*,*,#21975,.F.);
#21984=STYLED_ITEM('',(#34),#21985);
#21985=ADVANCED_FACE('',(#21991),#21986,.T.);
#21986=PLANE('',#21987);
#21987=AXIS2_PLACEMENT_3D('',#21988,#21989,#21990);
#21988=CARTESIAN_POINT('',(1.168,-3.124,0.102));
#21989=DIRECTION('',(0.0,-1.0,0.0));
#21990=DIRECTION('',(0.,0.,1.));
#21991=FACE_OUTER_BOUND('',#21992,.T.);
#21992=EDGE_LOOP('',(#21993,#22003,#22013,#22023));
#21993=ORIENTED_EDGE('',*,*,#21916,.T.);
#22003=ORIENTED_EDGE('',*,*,#21975,.T.);
#22013=ORIENTED_EDGE('',*,*,#21798,.T.);
#22023=ORIENTED_EDGE('',*,*,#21857,.T.);
#22033=STYLED_ITEM($,(#34),#22034);
#22034=ADVANCED_FACE($,(#22040),#22035,.F.);
#22035=CYLINDRICAL_SURFACE($,#22036,0.10159365);
#22036=AXIS2_PLACEMENT_3D($,#22037,#22038,#22039);
#22037=CARTESIAN_POINT('',(1.067,-1.651,0.508));
#22038=DIRECTION('',(-1.0,0.0,0.0));
#22039=DIRECTION('',(0.,0.,1.));
#22040=FACE_OUTER_BOUND($,#22041,.T.);
#22041=EDGE_LOOP($,(#22053,#22063,#22074,#22042));
#22053=ORIENTED_EDGE('',*,*,#21632,.T.);
#22064=EDGE_CURVE($,#21505,#21623,#22069,.T.);
#22069=CIRCLE($,#22070,0.10159365);
#22071=CARTESIAN_POINT('',(1.473,-1.651,0.508));
#22070=AXIS2_PLACEMENT_3D($,#22071,#22072,#22073);
#22072=DIRECTION('',(-1.0,0.0,0.0));
#22073=DIRECTION('',(0.0,-0.707,-0.707));
#22063=ORIENTED_EDGE('',*,*,#22064,.F.);
#22074=ORIENTED_EDGE('',*,*,#21504,.T.);
#22043=EDGE_CURVE($,#21605,#21507,#22048,.T.);
#22048=CIRCLE($,#22049,0.10159365);
#22050=CARTESIAN_POINT('',(1.067,-1.651,0.508));
#22049=AXIS2_PLACEMENT_3D($,#22050,#22051,#22052);
#22051=DIRECTION('',(1.0,0.0,0.0));
#22052=DIRECTION('',(0.0,0.707,0.707));
#22042=ORIENTED_EDGE('',*,*,#22043,.F.);
#22084=STYLED_ITEM($,(#34),#22085);
#22085=ADVANCED_FACE($,(#22091),#22086,.T.);
#22086=CYLINDRICAL_SURFACE($,#22087,0.50799365);
#22087=AXIS2_PLACEMENT_3D($,#22088,#22089,#22090);
#22088=CARTESIAN_POINT('',(1.067,-1.651,0.508));
#22089=DIRECTION('',(1.0,0.0,0.0));
#22090=DIRECTION('',(0.,0.,1.));
#22091=FACE_OUTER_BOUND($,#22092,.T.);
#22092=EDGE_LOOP($,(#22104,#22114,#22125,#22093));
#22104=ORIENTED_EDGE('',*,*,#21730,.T.);
#22115=EDGE_CURVE($,#21554,#21721,#22120,.T.);
#22120=CIRCLE($,#22121,0.50799365);
#22121=AXIS2_PLACEMENT_3D($,#22050,#22123,#22124);
#22123=DIRECTION('',(-1.0,0.0,0.0));
#22124=DIRECTION('',(0.0,-0.707,-0.707));
#22114=ORIENTED_EDGE('',*,*,#22115,.F.);
#22125=ORIENTED_EDGE('',*,*,#21553,.T.);
#22094=EDGE_CURVE($,#21703,#21556,#22099,.T.);
#22099=CIRCLE($,#22100,0.50799365);
#22100=AXIS2_PLACEMENT_3D($,#22071,#22102,#22103);
#22102=DIRECTION('',(1.0,0.0,0.0));
#22103=DIRECTION('',(0.0,0.707,0.707));
#22093=ORIENTED_EDGE('',*,*,#22094,.F.);
#22135=STYLED_ITEM('color',(#34),#22136);
#22136=ADVANCED_FACE($,(#22142),#22137,.T.);
#22137=PLANE($,#22138);
#22138=AXIS2_PLACEMENT_3D($,#22139,#22140,#22141);
#22139=CARTESIAN_POINT('',(1.067,-1.143,0.508));
#22140=DIRECTION('',(-1.0,0.0,0.0));
#22141=DIRECTION('',(1.,0.,0.));
#22142=FACE_OUTER_BOUND($,#22143,.T.);
#22143=EDGE_LOOP($,(#22146, #22156, #22166, #22176, #22187, #22197, #22207, #22217));
#22146=ORIENTED_EDGE('',*,*,#21534,.T.);
#22156=ORIENTED_EDGE('',*,*,#21455,.T.);
#22166=ORIENTED_EDGE('',*,*,#21563,.T.);
#22176=ORIENTED_EDGE('',*,*,#22115,.T.);
#22187=ORIENTED_EDGE('',*,*,#21720,.T.);
#22197=ORIENTED_EDGE('',*,*,#21877,.T.);
#22207=ORIENTED_EDGE('',*,*,#21602,.T.);
#22217=ORIENTED_EDGE('',*,*,#22043,.T.);
#22228=STYLED_ITEM('color',(#34),#22229);
#22229=ADVANCED_FACE($,(#22235),#22230,.T.);
#22230=PLANE($,#22231);
#22231=AXIS2_PLACEMENT_3D($,#22232,#22233,#22234);
#22232=CARTESIAN_POINT('',(1.473,-1.143,0.508));
#22233=DIRECTION('',(1.0,0.0,0.0));
#22234=DIRECTION('',(-1.,0.,0.));
#22235=FACE_OUTER_BOUND($,#22236,.T.);
#22236=EDGE_LOOP($,(#22239, #22249, #22259, #22269, #22280, #22290, #22300, #22310));
#22239=ORIENTED_EDGE('',*,*,#21583,.T.);
#22249=ORIENTED_EDGE('',*,*,#21475,.T.);
#22259=ORIENTED_EDGE('',*,*,#21514,.T.);
#22269=ORIENTED_EDGE('',*,*,#22064,.T.);
#22280=ORIENTED_EDGE('',*,*,#21622,.T.);
#22290=ORIENTED_EDGE('',*,*,#21955,.T.);
#22300=ORIENTED_EDGE('',*,*,#21700,.T.);
#22310=ORIENTED_EDGE('',*,*,#22094,.T.);
#22321=MANIFOLD_SOLID_BREP($,#22322);
#22322=CLOSED_SHELL('',(#22326,#22375,#22424,#22473,#22522,#22571,#22620,#22669,#22718,#22767));
#22323=MANIFOLD_SOLID_BREP($,#22324);
#22324=CLOSED_SHELL('',(#22816,#22865,#22914,#22963,#23061,#23159,#23208,#23257,#23306,#23355,#23404,#23455,#23506,#23599));
#22325=STYLED_ITEM('',(#34),#22326);
#22326=ADVANCED_FACE('',(#22332),#22327,.T.);
#22327=PLANE('',#22328);
#22328=AXIS2_PLACEMENT_3D('',#22329,#22330,#22331);
#22329=CARTESIAN_POINT('',(-0.102,-1.245,5.969));
#22330=DIRECTION('',(0.0,0.0,1.0));
#22331=DIRECTION('',(0.,1.,0.));
#22332=FACE_OUTER_BOUND('',#22333,.T.);
#22333=EDGE_LOOP('',(#22334,#22344,#22354,#22364));
#22337=CARTESIAN_POINT('',(-0.102,-1.448,5.969));
#22336=VERTEX_POINT('',#22337);
#22339=CARTESIAN_POINT('',(-0.102,-1.245,5.969));
#22338=VERTEX_POINT('',#22339);
#22335=EDGE_CURVE('',#22336,#22338,#22340,.T.);
#22340=LINE('',#22337,#22342);
#22342=VECTOR('',#22343,0.203199997275109);
#22343=DIRECTION('',(0.0,1.0,0.0));
#22334=ORIENTED_EDGE('',*,*,#22335,.F.);
#22347=CARTESIAN_POINT('',(0.102,-1.448,5.969));
#22346=VERTEX_POINT('',#22347);
#22345=EDGE_CURVE('',#22346,#22336,#22350,.T.);
#22350=LINE('',#22347,#22352);
#22352=VECTOR('',#22353,0.203200008169614);
#22353=DIRECTION('',(-1.0,0.0,0.0));
#22344=ORIENTED_EDGE('',*,*,#22345,.F.);
#22357=CARTESIAN_POINT('',(0.102,-1.245,5.969));
#22356=VERTEX_POINT('',#22357);
#22355=EDGE_CURVE('',#22356,#22346,#22360,.T.);
#22360=LINE('',#22357,#22362);
#22362=VECTOR('',#22363,0.203199997275109);
#22363=DIRECTION('',(0.0,-1.0,0.0));
#22354=ORIENTED_EDGE('',*,*,#22355,.F.);
#22365=EDGE_CURVE('',#22338,#22356,#22370,.T.);
#22370=LINE('',#22339,#22372);
#22372=VECTOR('',#22373,0.203199997280168);
#22373=DIRECTION('',(1.0,0.0,0.0));
#22364=ORIENTED_EDGE('',*,*,#22365,.F.);
#22374=STYLED_ITEM('',(#34),#22375);
#22375=ADVANCED_FACE('',(#22381),#22376,.T.);
#22376=PLANE('',#22377);
#22377=AXIS2_PLACEMENT_3D('',#22378,#22379,#22380);
#22378=CARTESIAN_POINT('',(-0.203,-1.549,5.867));
#22379=DIRECTION('',(0.0,-0.707,0.707));
#22380=DIRECTION('',(0.,0.,1.));
#22381=FACE_OUTER_BOUND('',#22382,.T.);
#22382=EDGE_LOOP('',(#22383,#22393,#22403,#22413));
#22386=CARTESIAN_POINT('',(0.203,-1.549,5.867));
#22385=VERTEX_POINT('',#22386);
#22388=CARTESIAN_POINT('',(-0.203,-1.549,5.867));
#22387=VERTEX_POINT('',#22388);
#22384=EDGE_CURVE('',#22385,#22387,#22389,.T.);
#22389=LINE('',#22386,#22391);
#22391=VECTOR('',#22392,0.406400016339228);
#22392=DIRECTION('',(-1.0,0.0,0.0));
#22383=ORIENTED_EDGE('',*,*,#22384,.F.);
#22394=EDGE_CURVE('',#22346,#22385,#22399,.T.);
#22399=LINE('',#22347,#22401);
#22401=VECTOR('',#22402,0.175976362048998);
#22402=DIRECTION('',(0.577,-0.577,-0.577));
#22393=ORIENTED_EDGE('',*,*,#22394,.F.);
#22403=ORIENTED_EDGE('',*,*,#22345,.T.);
#22414=EDGE_CURVE('',#22387,#22336,#22419,.T.);
#22419=LINE('',#22388,#22421);
#22421=VECTOR('',#22422,0.175976362048998);
#22422=DIRECTION('',(0.577,0.577,0.577));
#22413=ORIENTED_EDGE('',*,*,#22414,.F.);
#22423=STYLED_ITEM('',(#34),#22424);
#22424=ADVANCED_FACE('',(#22430),#22425,.T.);
#22425=PLANE('',#22426);
#22426=AXIS2_PLACEMENT_3D('',#22427,#22428,#22429);
#22427=CARTESIAN_POINT('',(0.203,-1.549,5.867));
#22428=DIRECTION('',(0.707,0.0,0.707));
#22429=DIRECTION('',(0.,0.,1.));
#22430=FACE_OUTER_BOUND('',#22431,.T.);
#22431=EDGE_LOOP('',(#22432,#22442,#22452,#22462));
#22435=CARTESIAN_POINT('',(0.203,-1.143,5.867));
#22434=VERTEX_POINT('',#22435);
#22433=EDGE_CURVE('',#22434,#22385,#22438,.T.);
#22438=LINE('',#22435,#22440);
#22440=VECTOR('',#22441,0.406399994550218);
#22441=DIRECTION('',(0.0,-1.0,0.0));
#22432=ORIENTED_EDGE('',*,*,#22433,.F.);
#22443=EDGE_CURVE('',#22356,#22434,#22448,.T.);
#22448=LINE('',#22357,#22450);
#22450=VECTOR('',#22451,0.175976362048998);
#22451=DIRECTION('',(0.577,0.577,-0.577));
#22442=ORIENTED_EDGE('',*,*,#22443,.F.);
#22452=ORIENTED_EDGE('',*,*,#22355,.T.);
#22462=ORIENTED_EDGE('',*,*,#22394,.T.);
#22472=STYLED_ITEM('',(#34),#22473);
#22473=ADVANCED_FACE('',(#22479),#22474,.T.);
#22474=PLANE('',#22475);
#22475=AXIS2_PLACEMENT_3D('',#22476,#22477,#22478);
#22476=CARTESIAN_POINT('',(0.203,-1.143,5.867));
#22477=DIRECTION('',(0.0,0.707,0.707));
#22478=DIRECTION('',(0.,0.,1.));
#22479=FACE_OUTER_BOUND('',#22480,.T.);
#22480=EDGE_LOOP('',(#22481,#22491,#22501,#22511));
#22484=CARTESIAN_POINT('',(-0.203,-1.143,5.867));
#22483=VERTEX_POINT('',#22484);
#22482=EDGE_CURVE('',#22483,#22434,#22487,.T.);
#22487=LINE('',#22484,#22489);
#22489=VECTOR('',#22490,0.406399994560336);
#22490=DIRECTION('',(1.0,0.0,0.0));
#22481=ORIENTED_EDGE('',*,*,#22482,.F.);
#22492=EDGE_CURVE('',#22338,#22483,#22497,.T.);
#22497=LINE('',#22339,#22499);
#22499=VECTOR('',#22500,0.175976362048998);
#22500=DIRECTION('',(-0.577,0.577,-0.577));
#22491=ORIENTED_EDGE('',*,*,#22492,.F.);
#22501=ORIENTED_EDGE('',*,*,#22365,.T.);
#22511=ORIENTED_EDGE('',*,*,#22443,.T.);
#22521=STYLED_ITEM('',(#34),#22522);
#22522=ADVANCED_FACE('',(#22528),#22523,.T.);
#22523=PLANE('',#22524);
#22524=AXIS2_PLACEMENT_3D('',#22525,#22526,#22527);
#22525=CARTESIAN_POINT('',(-0.203,-1.143,5.867));
#22526=DIRECTION('',(-0.707,0.0,0.707));
#22527=DIRECTION('',(0.,0.,1.));
#22528=FACE_OUTER_BOUND('',#22529,.T.);
#22529=EDGE_LOOP('',(#22530,#22540,#22550,#22560));
#22531=EDGE_CURVE('',#22387,#22483,#22536,.T.);
#22536=LINE('',#22388,#22538);
#22538=VECTOR('',#22539,0.406399994550218);
#22539=DIRECTION('',(0.0,1.0,0.0));
#22530=ORIENTED_EDGE('',*,*,#22531,.F.);
#22540=ORIENTED_EDGE('',*,*,#22414,.T.);
#22550=ORIENTED_EDGE('',*,*,#22335,.T.);
#22560=ORIENTED_EDGE('',*,*,#22492,.T.);
#22570=STYLED_ITEM('',(#34),#22571);
#22571=ADVANCED_FACE('',(#22577),#22572,.T.);
#22572=PLANE('',#22573);
#22573=AXIS2_PLACEMENT_3D('',#22574,#22575,#22576);
#22574=CARTESIAN_POINT('',(-0.203,-1.549,2.438));
#22575=DIRECTION('',(0.0,-1.0,0.0));
#22576=DIRECTION('',(0.,0.,1.));
#22577=FACE_OUTER_BOUND('',#22578,.T.);
#22578=EDGE_LOOP('',(#22579,#22589,#22599,#22609));
#22582=CARTESIAN_POINT('',(0.203,-1.549,2.438));
#22581=VERTEX_POINT('',#22582);
#22584=CARTESIAN_POINT('',(-0.203,-1.549,2.438));
#22583=VERTEX_POINT('',#22584);
#22580=EDGE_CURVE('',#22581,#22583,#22585,.T.);
#22585=LINE('',#22582,#22587);
#22587=VECTOR('',#22588,0.406400016339228);
#22588=DIRECTION('',(-1.0,0.0,0.0));
#22579=ORIENTED_EDGE('',*,*,#22580,.F.);
#22590=EDGE_CURVE('',#22385,#22581,#22595,.T.);
#22595=LINE('',#22386,#22597);
#22597=VECTOR('',#22598,3.4290254);
#22598=DIRECTION('',(0.0,0.0,-1.0));
#22589=ORIENTED_EDGE('',*,*,#22590,.F.);
#22599=ORIENTED_EDGE('',*,*,#22384,.T.);
#22610=EDGE_CURVE('',#22583,#22387,#22615,.T.);
#22615=LINE('',#22584,#22617);
#22617=VECTOR('',#22618,3.4290254);
#22618=DIRECTION('',(0.0,0.0,1.0));
#22609=ORIENTED_EDGE('',*,*,#22610,.F.);
#22619=STYLED_ITEM('',(#34),#22620);
#22620=ADVANCED_FACE('',(#22626),#22621,.T.);
#22621=PLANE('',#22622);
#22622=AXIS2_PLACEMENT_3D('',#22623,#22624,#22625);
#22623=CARTESIAN_POINT('',(0.203,-1.549,2.438));
#22624=DIRECTION('',(1.0,0.0,0.0));
#22625=DIRECTION('',(0.,0.,1.));
#22626=FACE_OUTER_BOUND('',#22627,.T.);
#22627=EDGE_LOOP('',(#22628,#22638,#22648,#22658));
#22631=CARTESIAN_POINT('',(0.203,-1.143,2.438));
#22630=VERTEX_POINT('',#22631);
#22629=EDGE_CURVE('',#22630,#22581,#22634,.T.);
#22634=LINE('',#22631,#22636);
#22636=VECTOR('',#22637,0.406399994550218);
#22637=DIRECTION('',(0.0,-1.0,0.0));
#22628=ORIENTED_EDGE('',*,*,#22629,.F.);
#22639=EDGE_CURVE('',#22434,#22630,#22644,.T.);
#22644=LINE('',#22435,#22646);
#22646=VECTOR('',#22647,3.4290254);
#22647=DIRECTION('',(0.0,0.0,-1.0));
#22638=ORIENTED_EDGE('',*,*,#22639,.F.);
#22648=ORIENTED_EDGE('',*,*,#22433,.T.);
#22658=ORIENTED_EDGE('',*,*,#22590,.T.);
#22668=STYLED_ITEM('',(#34),#22669);
#22669=ADVANCED_FACE('',(#22675),#22670,.T.);
#22670=PLANE('',#22671);
#22671=AXIS2_PLACEMENT_3D('',#22672,#22673,#22674);
#22672=CARTESIAN_POINT('',(0.203,-1.143,2.438));
#22673=DIRECTION('',(0.0,1.0,0.0));
#22674=DIRECTION('',(0.,0.,1.));
#22675=FACE_OUTER_BOUND('',#22676,.T.);
#22676=EDGE_LOOP('',(#22677,#22687,#22697,#22707));
#22680=CARTESIAN_POINT('',(-0.203,-1.143,2.438));
#22679=VERTEX_POINT('',#22680);
#22678=EDGE_CURVE('',#22679,#22630,#22683,.T.);
#22683=LINE('',#22680,#22685);
#22685=VECTOR('',#22686,0.406399994560336);
#22686=DIRECTION('',(1.0,0.0,0.0));
#22677=ORIENTED_EDGE('',*,*,#22678,.F.);
#22688=EDGE_CURVE('',#22483,#22679,#22693,.T.);
#22693=LINE('',#22484,#22695);
#22695=VECTOR('',#22696,3.4290254);
#22696=DIRECTION('',(0.0,0.0,-1.0));
#22687=ORIENTED_EDGE('',*,*,#22688,.F.);
#22697=ORIENTED_EDGE('',*,*,#22482,.T.);
#22707=ORIENTED_EDGE('',*,*,#22639,.T.);
#22717=STYLED_ITEM('',(#34),#22718);
#22718=ADVANCED_FACE('',(#22724),#22719,.T.);
#22719=PLANE('',#22720);
#22720=AXIS2_PLACEMENT_3D('',#22721,#22722,#22723);
#22721=CARTESIAN_POINT('',(-0.203,-1.143,2.438));
#22722=DIRECTION('',(-1.0,0.0,0.0));
#22723=DIRECTION('',(0.,0.,1.));
#22724=FACE_OUTER_BOUND('',#22725,.T.);
#22725=EDGE_LOOP('',(#22726,#22736,#22746,#22756));
#22727=EDGE_CURVE('',#22583,#22679,#22732,.T.);
#22732=LINE('',#22584,#22734);
#22734=VECTOR('',#22735,0.406399994550218);
#22735=DIRECTION('',(0.0,1.0,0.0));
#22726=ORIENTED_EDGE('',*,*,#22727,.F.);
#22736=ORIENTED_EDGE('',*,*,#22610,.T.);
#22746=ORIENTED_EDGE('',*,*,#22531,.T.);
#22756=ORIENTED_EDGE('',*,*,#22688,.T.);
#22766=STYLED_ITEM('',(#34),#22767);
#22767=ADVANCED_FACE('',(#22773),#22768,.T.);
#22768=PLANE('',#22769);
#22769=AXIS2_PLACEMENT_3D('',#22770,#22771,#22772);
#22770=CARTESIAN_POINT('',(0.203,-1.143,2.438));
#22771=DIRECTION('',(0.0,0.0,-1.0));
#22772=DIRECTION('',(0.,1.,0.));
#22773=FACE_OUTER_BOUND('',#22774,.T.);
#22774=EDGE_LOOP('',(#22775,#22785,#22795,#22805));
#22775=ORIENTED_EDGE('',*,*,#22629,.T.);
#22785=ORIENTED_EDGE('',*,*,#22580,.T.);
#22795=ORIENTED_EDGE('',*,*,#22727,.T.);
#22805=ORIENTED_EDGE('',*,*,#22678,.T.);
#22815=STYLED_ITEM('',(#34),#22816);
#22816=ADVANCED_FACE('',(#22822),#22817,.T.);
#22817=PLANE('',#22818);
#22818=AXIS2_PLACEMENT_3D('',#22819,#22820,#22821);
#22819=CARTESIAN_POINT('',(-0.203,-1.143,0.61));
#22820=DIRECTION('',(0.0,0.0,1.0));
#22821=DIRECTION('',(0.,1.,0.));
#22822=FACE_OUTER_BOUND('',#22823,.T.);
#22823=EDGE_LOOP('',(#22824,#22834,#22844,#22854));
#22827=CARTESIAN_POINT('',(-0.203,-1.549,0.61));
#22826=VERTEX_POINT('',#22827);
#22829=CARTESIAN_POINT('',(-0.203,-1.143,0.61));
#22828=VERTEX_POINT('',#22829);
#22825=EDGE_CURVE('',#22826,#22828,#22830,.T.);
#22830=LINE('',#22827,#22832);
#22832=VECTOR('',#22833,0.406399994550218);
#22833=DIRECTION('',(0.0,1.0,0.0));
#22824=ORIENTED_EDGE('',*,*,#22825,.F.);
#22837=CARTESIAN_POINT('',(0.203,-1.549,0.61));
#22836=VERTEX_POINT('',#22837);
#22835=EDGE_CURVE('',#22836,#22826,#22840,.T.);
#22840=LINE('',#22837,#22842);
#22842=VECTOR('',#22843,0.406400016339228);
#22843=DIRECTION('',(-1.0,0.0,0.0));
#22834=ORIENTED_EDGE('',*,*,#22835,.F.);
#22847=CARTESIAN_POINT('',(0.203,-1.143,0.61));
#22846=VERTEX_POINT('',#22847);
#22845=EDGE_CURVE('',#22846,#22836,#22850,.T.);
#22850=LINE('',#22847,#22852);
#22852=VECTOR('',#22853,0.406399994550218);
#22853=DIRECTION('',(0.0,-1.0,0.0));
#22844=ORIENTED_EDGE('',*,*,#22845,.F.);
#22855=EDGE_CURVE('',#22828,#22846,#22860,.T.);
#22860=LINE('',#22829,#22862);
#22862=VECTOR('',#22863,0.406399994560336);
#22863=DIRECTION('',(1.0,0.0,0.0));
#22854=ORIENTED_EDGE('',*,*,#22855,.F.);
#22864=STYLED_ITEM('',(#34),#22865);
#22865=ADVANCED_FACE('',(#22871),#22866,.T.);
#22866=PLANE('',#22867);
#22867=AXIS2_PLACEMENT_3D('',#22868,#22869,#22870);
#22868=CARTESIAN_POINT('',(-0.203,-1.549,0.508));
#22869=DIRECTION('',(0.0,-1.0,0.0));
#22870=DIRECTION('',(0.,0.,1.));
#22871=FACE_OUTER_BOUND('',#22872,.T.);
#22872=EDGE_LOOP('',(#22873,#22883,#22893,#22903));
#22876=CARTESIAN_POINT('',(0.203,-1.549,0.508));
#22875=VERTEX_POINT('',#22876);
#22878=CARTESIAN_POINT('',(-0.203,-1.549,0.508));
#22877=VERTEX_POINT('',#22878);
#22874=EDGE_CURVE('',#22875,#22877,#22879,.T.);
#22879=LINE('',#22876,#22881);
#22881=VECTOR('',#22882,0.406400016339228);
#22882=DIRECTION('',(-1.0,0.0,0.0));
#22873=ORIENTED_EDGE('',*,*,#22874,.F.);
#22884=EDGE_CURVE('',#22836,#22875,#22889,.T.);
#22889=LINE('',#22837,#22891);
#22891=VECTOR('',#22892,0.10159365);
#22892=DIRECTION('',(0.0,0.0,-1.0));
#22883=ORIENTED_EDGE('',*,*,#22884,.F.);
#22893=ORIENTED_EDGE('',*,*,#22835,.T.);
#22904=EDGE_CURVE('',#22877,#22826,#22909,.T.);
#22909=LINE('',#22878,#22911);
#22911=VECTOR('',#22912,0.10159365);
#22912=DIRECTION('',(0.0,0.0,1.0));
#22903=ORIENTED_EDGE('',*,*,#22904,.F.);
#22913=STYLED_ITEM('',(#34),#22914);
#22914=ADVANCED_FACE('',(#22920),#22915,.T.);
#22915=PLANE('',#22916);
#22916=AXIS2_PLACEMENT_3D('',#22917,#22918,#22919);
#22917=CARTESIAN_POINT('',(0.203,-1.143,0.508));
#22918=DIRECTION('',(0.0,1.0,0.0));
#22919=DIRECTION('',(0.,0.,1.));
#22920=FACE_OUTER_BOUND('',#22921,.T.);
#22921=EDGE_LOOP('',(#22922,#22932,#22942,#22952));
#22925=CARTESIAN_POINT('',(-0.203,-1.143,0.508));
#22924=VERTEX_POINT('',#22925);
#22927=CARTESIAN_POINT('',(0.203,-1.143,0.508));
#22926=VERTEX_POINT('',#22927);
#22923=EDGE_CURVE('',#22924,#22926,#22928,.T.);
#22928=LINE('',#22925,#22930);
#22930=VECTOR('',#22931,0.406399994560336);
#22931=DIRECTION('',(1.0,0.0,0.0));
#22922=ORIENTED_EDGE('',*,*,#22923,.F.);
#22933=EDGE_CURVE('',#22828,#22924,#22938,.T.);
#22938=LINE('',#22829,#22940);
#22940=VECTOR('',#22941,0.10159365);
#22941=DIRECTION('',(0.0,0.0,-1.0));
#22932=ORIENTED_EDGE('',*,*,#22933,.F.);
#22942=ORIENTED_EDGE('',*,*,#22855,.T.);
#22953=EDGE_CURVE('',#22926,#22846,#22958,.T.);
#22958=LINE('',#22927,#22960);
#22960=VECTOR('',#22961,0.10159365);
#22961=DIRECTION('',(0.0,0.0,1.0));
#22952=ORIENTED_EDGE('',*,*,#22953,.F.);
#22962=STYLED_ITEM('',(#34),#22963);
#22963=ADVANCED_FACE('',(#22969),#22964,.T.);
#22964=PLANE('',#22965);
#22965=AXIS2_PLACEMENT_3D('',#22966,#22967,#22968);
#22966=CARTESIAN_POINT('',(-0.203,-1.651,0.406));
#22967=DIRECTION('',(0.0,0.0,1.0));
#22968=DIRECTION('',(0.,1.,0.));
#22969=FACE_OUTER_BOUND('',#22970,.T.);
#22970=EDGE_LOOP('',(#22971,#22981,#22991,#23001));
#22974=CARTESIAN_POINT('',(-0.203,-3.023,0.406));
#22973=VERTEX_POINT('',#22974);
#22976=CARTESIAN_POINT('',(-0.203,-1.651,0.406));
#22975=VERTEX_POINT('',#22976);
#22972=EDGE_CURVE('',#22973,#22975,#22977,.T.);
#22977=LINE('',#22974,#22979);
#22979=VECTOR('',#22980,1.37160634838143);
#22980=DIRECTION('',(0.0,1.0,0.0));
#22971=ORIENTED_EDGE('',*,*,#22972,.F.);
#22984=CARTESIAN_POINT('',(0.203,-3.023,0.406));
#22983=VERTEX_POINT('',#22984);
#22982=EDGE_CURVE('',#22983,#22973,#22987,.T.);
#22987=LINE('',#22984,#22989);
#22989=VECTOR('',#22990,0.406400172783485);
#22990=DIRECTION('',(-1.0,0.0,0.0));
#22981=ORIENTED_EDGE('',*,*,#22982,.F.);
#22994=CARTESIAN_POINT('',(0.203,-1.651,0.406));
#22993=VERTEX_POINT('',#22994);
#22992=EDGE_CURVE('',#22993,#22983,#22997,.T.);
#22997=LINE('',#22994,#22999);
#22999=VECTOR('',#23000,1.37160634838143);
#23000=DIRECTION('',(0.0,-1.0,0.0));
#22991=ORIENTED_EDGE('',*,*,#22992,.F.);
#23002=EDGE_CURVE('',#22975,#22993,#23007,.T.);
#23007=LINE('',#22976,#23009);
#23009=VECTOR('',#23010,0.406400026558929);
#23010=DIRECTION('',(1.0,0.0,0.0));
#23001=ORIENTED_EDGE('',*,*,#23002,.F.);
#23060=STYLED_ITEM('',(#34),#23061);
#23061=ADVANCED_FACE('',(#23067),#23062,.T.);
#23062=PLANE('',#23063);
#23063=AXIS2_PLACEMENT_3D('',#23064,#23065,#23066);
#23064=CARTESIAN_POINT('',(0.203,-1.651,0.0));
#23065=DIRECTION('',(0.0,0.0,-1.0));
#23066=DIRECTION('',(0.,1.,0.));
#23067=FACE_OUTER_BOUND('',#23068,.T.);
#23068=EDGE_LOOP('',(#23069,#23079,#23089,#23099));
#23072=CARTESIAN_POINT('',(0.203,-3.023,0.0));
#23071=VERTEX_POINT('',#23072);
#23074=CARTESIAN_POINT('',(0.203,-1.651,0.0));
#23073=VERTEX_POINT('',#23074);
#23070=EDGE_CURVE('',#23071,#23073,#23075,.T.);
#23075=LINE('',#23072,#23077);
#23077=VECTOR('',#23078,1.37160634838143);
#23078=DIRECTION('',(0.0,1.0,0.0));
#23069=ORIENTED_EDGE('',*,*,#23070,.F.);
#23082=CARTESIAN_POINT('',(-0.203,-3.023,0.0));
#23081=VERTEX_POINT('',#23082);
#23080=EDGE_CURVE('',#23081,#23071,#23085,.T.);
#23085=LINE('',#23082,#23087);
#23087=VECTOR('',#23088,0.406400172783485);
#23088=DIRECTION('',(1.0,0.0,0.0));
#23079=ORIENTED_EDGE('',*,*,#23080,.F.);
#23092=CARTESIAN_POINT('',(-0.203,-1.651,0.0));
#23091=VERTEX_POINT('',#23092);
#23090=EDGE_CURVE('',#23091,#23081,#23095,.T.);
#23095=LINE('',#23092,#23097);
#23097=VECTOR('',#23098,1.37160634838143);
#23098=DIRECTION('',(0.0,-1.0,0.0));
#23089=ORIENTED_EDGE('',*,*,#23090,.F.);
#23100=EDGE_CURVE('',#23073,#23091,#23105,.T.);
#23105=LINE('',#23074,#23107);
#23107=VECTOR('',#23108,0.406400026558929);
#23108=DIRECTION('',(-1.0,0.0,0.0));
#23099=ORIENTED_EDGE('',*,*,#23100,.F.);
#23158=STYLED_ITEM('',(#34),#23159);
#23159=ADVANCED_FACE('',(#23165),#23160,.T.);
#23160=PLANE('',#23161);
#23161=AXIS2_PLACEMENT_3D('',#23162,#23163,#23164);
#23162=CARTESIAN_POINT('',(-0.102,-3.124,0.305));
#23163=DIRECTION('',(0.0,-0.707,0.707));
#23164=DIRECTION('',(0.,0.,1.));
#23165=FACE_OUTER_BOUND('',#23166,.T.);
#23166=EDGE_LOOP('',(#23167,#23177,#23187,#23197));
#23170=CARTESIAN_POINT('',(0.102,-3.124,0.305));
#23169=VERTEX_POINT('',#23170);
#23172=CARTESIAN_POINT('',(-0.102,-3.124,0.305));
#23171=VERTEX_POINT('',#23172);
#23168=EDGE_CURVE('',#23169,#23171,#23173,.T.);
#23173=LINE('',#23170,#23175);
#23175=VECTOR('',#23176,0.203200187106065);
#23176=DIRECTION('',(-1.0,0.0,0.0));
#23167=ORIENTED_EDGE('',*,*,#23168,.F.);
#23178=EDGE_CURVE('',#22983,#23169,#23183,.T.);
#23183=LINE('',#22984,#23185);
#23185=VECTOR('',#23186,0.175976360873829);
#23186=DIRECTION('',(-0.577,-0.577,-0.577));
#23177=ORIENTED_EDGE('',*,*,#23178,.F.);
#23187=ORIENTED_EDGE('',*,*,#22982,.T.);
#23198=EDGE_CURVE('',#23171,#22973,#23203,.T.);
#23203=LINE('',#23172,#23205);
#23205=VECTOR('',#23206,0.17597636087383);
#23206=DIRECTION('',(-0.577,0.577,0.577));
#23197=ORIENTED_EDGE('',*,*,#23198,.F.);
#23207=STYLED_ITEM('',(#34),#23208);
#23208=ADVANCED_FACE('',(#23214),#23209,.T.);
#23209=PLANE('',#23210);
#23210=AXIS2_PLACEMENT_3D('',#23211,#23212,#23213);
#23211=CARTESIAN_POINT('',(-0.203,-3.023,0.0));
#23212=DIRECTION('',(-0.707,-0.707,0.0));
#23213=DIRECTION('',(0.,0.,1.));
#23214=FACE_OUTER_BOUND('',#23215,.T.);
#23215=EDGE_LOOP('',(#23216,#23226,#23236,#23246));
#23219=CARTESIAN_POINT('',(-0.102,-3.124,0.102));
#23218=VERTEX_POINT('',#23219);
#23217=EDGE_CURVE('',#23218,#23081,#23222,.T.);
#23222=LINE('',#23219,#23224);
#23224=VECTOR('',#23225,0.17597636087383);
#23225=DIRECTION('',(-0.577,0.577,-0.577));
#23216=ORIENTED_EDGE('',*,*,#23217,.F.);
#23227=EDGE_CURVE('',#23171,#23218,#23232,.T.);
#23232=LINE('',#23172,#23234);
#23234=VECTOR('',#23235,0.2032);
#23235=DIRECTION('',(0.0,0.0,-1.0));
#23226=ORIENTED_EDGE('',*,*,#23227,.F.);
#23236=ORIENTED_EDGE('',*,*,#23198,.T.);
#23247=EDGE_CURVE('',#23081,#22973,#23252,.T.);
#23252=LINE('',#23082,#23254);
#23254=VECTOR('',#23255,0.4064);
#23255=DIRECTION('',(0.0,0.0,1.0));
#23246=ORIENTED_EDGE('',*,*,#23247,.F.);
#23256=STYLED_ITEM('',(#34),#23257);
#23257=ADVANCED_FACE('',(#23263),#23258,.T.);
#23258=PLANE('',#23259);
#23259=AXIS2_PLACEMENT_3D('',#23260,#23261,#23262);
#23260=CARTESIAN_POINT('',(-0.203,-3.023,0.0));
#23261=DIRECTION('',(0.0,-0.707,-0.707));
#23262=DIRECTION('',(0.,0.,1.));
#23263=FACE_OUTER_BOUND('',#23264,.T.);
#23264=EDGE_LOOP('',(#23265,#23275,#23285,#23295));
#23265=ORIENTED_EDGE('',*,*,#23080,.T.);
#23278=CARTESIAN_POINT('',(0.102,-3.124,0.102));
#23277=VERTEX_POINT('',#23278);
#23276=EDGE_CURVE('',#23277,#23071,#23281,.T.);
#23281=LINE('',#23278,#23283);
#23283=VECTOR('',#23284,0.175976360873829);
#23284=DIRECTION('',(0.577,0.577,-0.577));
#23275=ORIENTED_EDGE('',*,*,#23276,.F.);
#23286=EDGE_CURVE('',#23218,#23277,#23291,.T.);
#23291=LINE('',#23219,#23293);
#23293=VECTOR('',#23294,0.203200187106065);
#23294=DIRECTION('',(1.0,0.0,0.0));
#23285=ORIENTED_EDGE('',*,*,#23286,.F.);
#23295=ORIENTED_EDGE('',*,*,#23217,.T.);
#23305=STYLED_ITEM('',(#34),#23306);
#23306=ADVANCED_FACE('',(#23312),#23307,.T.);
#23307=PLANE('',#23308);
#23308=AXIS2_PLACEMENT_3D('',#23309,#23310,#23311);
#23309=CARTESIAN_POINT('',(0.102,-3.124,0.102));
#23310=DIRECTION('',(0.707,-0.707,0.0));
#23311=DIRECTION('',(0.,0.,1.));
#23312=FACE_OUTER_BOUND('',#23313,.T.);
#23313=EDGE_LOOP('',(#23314,#23324,#23334,#23344));
#23314=ORIENTED_EDGE('',*,*,#23276,.T.);
#23325=EDGE_CURVE('',#22983,#23071,#23330,.T.);
#23330=LINE('',#22984,#23332);
#23332=VECTOR('',#23333,0.4064);
#23333=DIRECTION('',(0.0,0.0,-1.0));
#23324=ORIENTED_EDGE('',*,*,#23325,.F.);
#23334=ORIENTED_EDGE('',*,*,#23178,.T.);
#23345=EDGE_CURVE('',#23277,#23169,#23350,.T.);
#23350=LINE('',#23278,#23352);
#23352=VECTOR('',#23353,0.2032);
#23353=DIRECTION('',(0.0,0.0,1.0));
#23344=ORIENTED_EDGE('',*,*,#23345,.F.);
#23354=STYLED_ITEM('',(#34),#23355);
#23355=ADVANCED_FACE('',(#23361),#23356,.T.);
#23356=PLANE('',#23357);
#23357=AXIS2_PLACEMENT_3D('',#23358,#23359,#23360);
#23358=CARTESIAN_POINT('',(-0.102,-3.124,0.102));
#23359=DIRECTION('',(0.0,-1.0,0.0));
#23360=DIRECTION('',(0.,0.,1.));
#23361=FACE_OUTER_BOUND('',#23362,.T.);
#23362=EDGE_LOOP('',(#23363,#23373,#23383,#23393));
#23363=ORIENTED_EDGE('',*,*,#23286,.T.);
#23373=ORIENTED_EDGE('',*,*,#23345,.T.);
#23383=ORIENTED_EDGE('',*,*,#23168,.T.);
#23393=ORIENTED_EDGE('',*,*,#23227,.T.);
#23403=STYLED_ITEM($,(#34),#23404);
#23404=ADVANCED_FACE($,(#23410),#23405,.F.);
#23405=CYLINDRICAL_SURFACE($,#23406,0.10159365);
#23406=AXIS2_PLACEMENT_3D($,#23407,#23408,#23409);
#23407=CARTESIAN_POINT('',(-0.203,-1.651,0.508));
#23408=DIRECTION('',(-1.0,0.0,0.0));
#23409=DIRECTION('',(0.,0.,1.));
#23410=FACE_OUTER_BOUND($,#23411,.T.);
#23411=EDGE_LOOP($,(#23423,#23433,#23444,#23412));
#23423=ORIENTED_EDGE('',*,*,#23002,.T.);
#23434=EDGE_CURVE($,#22875,#22993,#23439,.T.);
#23439=CIRCLE($,#23440,0.10159365);
#23441=CARTESIAN_POINT('',(0.203,-1.651,0.508));
#23440=AXIS2_PLACEMENT_3D($,#23441,#23442,#23443);
#23442=DIRECTION('',(-1.0,0.0,0.0));
#23443=DIRECTION('',(0.0,-0.707,-0.707));
#23433=ORIENTED_EDGE('',*,*,#23434,.F.);
#23444=ORIENTED_EDGE('',*,*,#22874,.T.);
#23413=EDGE_CURVE($,#22975,#22877,#23418,.T.);
#23418=CIRCLE($,#23419,0.10159365);
#23420=CARTESIAN_POINT('',(-0.203,-1.651,0.508));
#23419=AXIS2_PLACEMENT_3D($,#23420,#23421,#23422);
#23421=DIRECTION('',(1.0,0.0,0.0));
#23422=DIRECTION('',(0.0,0.707,0.707));
#23412=ORIENTED_EDGE('',*,*,#23413,.F.);
#23454=STYLED_ITEM($,(#34),#23455);
#23455=ADVANCED_FACE($,(#23461),#23456,.T.);
#23456=CYLINDRICAL_SURFACE($,#23457,0.50799365);
#23457=AXIS2_PLACEMENT_3D($,#23458,#23459,#23460);
#23458=CARTESIAN_POINT('',(-0.203,-1.651,0.508));
#23459=DIRECTION('',(1.0,0.0,0.0));
#23460=DIRECTION('',(0.,0.,1.));
#23461=FACE_OUTER_BOUND($,#23462,.T.);
#23462=EDGE_LOOP($,(#23474,#23484,#23495,#23463));
#23474=ORIENTED_EDGE('',*,*,#23100,.T.);
#23485=EDGE_CURVE($,#22924,#23091,#23490,.T.);
#23490=CIRCLE($,#23491,0.50799365);
#23491=AXIS2_PLACEMENT_3D($,#23420,#23493,#23494);
#23493=DIRECTION('',(-1.0,0.0,0.0));
#23494=DIRECTION('',(0.0,-0.707,-0.707));
#23484=ORIENTED_EDGE('',*,*,#23485,.F.);
#23495=ORIENTED_EDGE('',*,*,#22923,.T.);
#23464=EDGE_CURVE($,#23073,#22926,#23469,.T.);
#23469=CIRCLE($,#23470,0.50799365);
#23470=AXIS2_PLACEMENT_3D($,#23441,#23472,#23473);
#23472=DIRECTION('',(1.0,0.0,0.0));
#23473=DIRECTION('',(0.0,0.707,0.707));
#23463=ORIENTED_EDGE('',*,*,#23464,.F.);
#23505=STYLED_ITEM('color',(#34),#23506);
#23506=ADVANCED_FACE($,(#23512),#23507,.T.);
#23507=PLANE($,#23508);
#23508=AXIS2_PLACEMENT_3D($,#23509,#23510,#23511);
#23509=CARTESIAN_POINT('',(-0.203,-1.143,0.508));
#23510=DIRECTION('',(-1.0,0.0,0.0));
#23511=DIRECTION('',(1.,0.,0.));
#23512=FACE_OUTER_BOUND($,#23513,.T.);
#23513=EDGE_LOOP($,(#23516, #23526, #23536, #23546, #23557, #23567, #23577, #23587));
#23516=ORIENTED_EDGE('',*,*,#22904,.T.);
#23526=ORIENTED_EDGE('',*,*,#22825,.T.);
#23536=ORIENTED_EDGE('',*,*,#22933,.T.);
#23546=ORIENTED_EDGE('',*,*,#23485,.T.);
#23557=ORIENTED_EDGE('',*,*,#23090,.T.);
#23567=ORIENTED_EDGE('',*,*,#23247,.T.);
#23577=ORIENTED_EDGE('',*,*,#22972,.T.);
#23587=ORIENTED_EDGE('',*,*,#23413,.T.);
#23598=STYLED_ITEM('color',(#34),#23599);
#23599=ADVANCED_FACE($,(#23605),#23600,.T.);
#23600=PLANE($,#23601);
#23601=AXIS2_PLACEMENT_3D($,#23602,#23603,#23604);
#23602=CARTESIAN_POINT('',(0.203,-1.143,0.508));
#23603=DIRECTION('',(1.0,0.0,0.0));
#23604=DIRECTION('',(-1.,0.,0.));
#23605=FACE_OUTER_BOUND($,#23606,.T.);
#23606=EDGE_LOOP($,(#23609, #23619, #23629, #23639, #23650, #23660, #23670, #23680));
#23609=ORIENTED_EDGE('',*,*,#22953,.T.);
#23619=ORIENTED_EDGE('',*,*,#22845,.T.);
#23629=ORIENTED_EDGE('',*,*,#22884,.T.);
#23639=ORIENTED_EDGE('',*,*,#23434,.T.);
#23650=ORIENTED_EDGE('',*,*,#22992,.T.);
#23660=ORIENTED_EDGE('',*,*,#23325,.T.);
#23670=ORIENTED_EDGE('',*,*,#23070,.T.);
#23680=ORIENTED_EDGE('',*,*,#23464,.T.);
#23691=MANIFOLD_SOLID_BREP($,#23692);
#23692=CLOSED_SHELL('',(#23696,#23745,#23794,#23843,#23892,#23941,#23990,#24039,#24088,#24137));
#23693=MANIFOLD_SOLID_BREP($,#23694);
#23694=CLOSED_SHELL('',(#24186,#24235,#24284,#24333,#24431,#24529,#24578,#24627,#24676,#24725,#24774,#24825,#24876,#24969));
#23695=STYLED_ITEM('',(#34),#23696);
#23696=ADVANCED_FACE('',(#23702),#23697,.T.);
#23697=PLANE('',#23698);
#23698=AXIS2_PLACEMENT_3D('',#23699,#23700,#23701);
#23699=CARTESIAN_POINT('',(-1.372,-1.245,5.969));
#23700=DIRECTION('',(0.0,0.0,1.0));
#23701=DIRECTION('',(0.,1.,0.));
#23702=FACE_OUTER_BOUND('',#23703,.T.);
#23703=EDGE_LOOP('',(#23704,#23714,#23724,#23734));
#23707=CARTESIAN_POINT('',(-1.372,-1.448,5.969));
#23706=VERTEX_POINT('',#23707);
#23709=CARTESIAN_POINT('',(-1.372,-1.245,5.969));
#23708=VERTEX_POINT('',#23709);
#23705=EDGE_CURVE('',#23706,#23708,#23710,.T.);
#23710=LINE('',#23707,#23712);
#23712=VECTOR('',#23713,0.203199997275109);
#23713=DIRECTION('',(0.0,1.0,0.0));
#23704=ORIENTED_EDGE('',*,*,#23705,.F.);
#23717=CARTESIAN_POINT('',(-1.168,-1.448,5.969));
#23716=VERTEX_POINT('',#23717);
#23715=EDGE_CURVE('',#23716,#23706,#23720,.T.);
#23720=LINE('',#23717,#23722);
#23722=VECTOR('',#23723,0.203200008169614);
#23723=DIRECTION('',(-1.0,0.0,0.0));
#23714=ORIENTED_EDGE('',*,*,#23715,.F.);
#23727=CARTESIAN_POINT('',(-1.168,-1.245,5.969));
#23726=VERTEX_POINT('',#23727);
#23725=EDGE_CURVE('',#23726,#23716,#23730,.T.);
#23730=LINE('',#23727,#23732);
#23732=VECTOR('',#23733,0.203199997275109);
#23733=DIRECTION('',(0.0,-1.0,0.0));
#23724=ORIENTED_EDGE('',*,*,#23725,.F.);
#23735=EDGE_CURVE('',#23708,#23726,#23740,.T.);
#23740=LINE('',#23709,#23742);
#23742=VECTOR('',#23743,0.203199997280168);
#23743=DIRECTION('',(1.0,0.0,0.0));
#23734=ORIENTED_EDGE('',*,*,#23735,.F.);
#23744=STYLED_ITEM('',(#34),#23745);
#23745=ADVANCED_FACE('',(#23751),#23746,.T.);
#23746=PLANE('',#23747);
#23747=AXIS2_PLACEMENT_3D('',#23748,#23749,#23750);
#23748=CARTESIAN_POINT('',(-1.473,-1.549,5.867));
#23749=DIRECTION('',(0.0,-0.707,0.707));
#23750=DIRECTION('',(0.,0.,1.));
#23751=FACE_OUTER_BOUND('',#23752,.T.);
#23752=EDGE_LOOP('',(#23753,#23763,#23773,#23783));
#23756=CARTESIAN_POINT('',(-1.067,-1.549,5.867));
#23755=VERTEX_POINT('',#23756);
#23758=CARTESIAN_POINT('',(-1.473,-1.549,5.867));
#23757=VERTEX_POINT('',#23758);
#23754=EDGE_CURVE('',#23755,#23757,#23759,.T.);
#23759=LINE('',#23756,#23761);
#23761=VECTOR('',#23762,0.406400016339228);
#23762=DIRECTION('',(-1.0,0.0,0.0));
#23753=ORIENTED_EDGE('',*,*,#23754,.F.);
#23764=EDGE_CURVE('',#23716,#23755,#23769,.T.);
#23769=LINE('',#23717,#23771);
#23771=VECTOR('',#23772,0.175976362048998);
#23772=DIRECTION('',(0.577,-0.577,-0.577));
#23763=ORIENTED_EDGE('',*,*,#23764,.F.);
#23773=ORIENTED_EDGE('',*,*,#23715,.T.);
#23784=EDGE_CURVE('',#23757,#23706,#23789,.T.);
#23789=LINE('',#23758,#23791);
#23791=VECTOR('',#23792,0.175976362048998);
#23792=DIRECTION('',(0.577,0.577,0.577));
#23783=ORIENTED_EDGE('',*,*,#23784,.F.);
#23793=STYLED_ITEM('',(#34),#23794);
#23794=ADVANCED_FACE('',(#23800),#23795,.T.);
#23795=PLANE('',#23796);
#23796=AXIS2_PLACEMENT_3D('',#23797,#23798,#23799);
#23797=CARTESIAN_POINT('',(-1.067,-1.549,5.867));
#23798=DIRECTION('',(0.707,0.0,0.707));
#23799=DIRECTION('',(0.,0.,1.));
#23800=FACE_OUTER_BOUND('',#23801,.T.);
#23801=EDGE_LOOP('',(#23802,#23812,#23822,#23832));
#23805=CARTESIAN_POINT('',(-1.067,-1.143,5.867));
#23804=VERTEX_POINT('',#23805);
#23803=EDGE_CURVE('',#23804,#23755,#23808,.T.);
#23808=LINE('',#23805,#23810);
#23810=VECTOR('',#23811,0.406399994550218);
#23811=DIRECTION('',(0.0,-1.0,0.0));
#23802=ORIENTED_EDGE('',*,*,#23803,.F.);
#23813=EDGE_CURVE('',#23726,#23804,#23818,.T.);
#23818=LINE('',#23727,#23820);
#23820=VECTOR('',#23821,0.175976362048998);
#23821=DIRECTION('',(0.577,0.577,-0.577));
#23812=ORIENTED_EDGE('',*,*,#23813,.F.);
#23822=ORIENTED_EDGE('',*,*,#23725,.T.);
#23832=ORIENTED_EDGE('',*,*,#23764,.T.);
#23842=STYLED_ITEM('',(#34),#23843);
#23843=ADVANCED_FACE('',(#23849),#23844,.T.);
#23844=PLANE('',#23845);
#23845=AXIS2_PLACEMENT_3D('',#23846,#23847,#23848);
#23846=CARTESIAN_POINT('',(-1.067,-1.143,5.867));
#23847=DIRECTION('',(0.0,0.707,0.707));
#23848=DIRECTION('',(0.,0.,1.));
#23849=FACE_OUTER_BOUND('',#23850,.T.);
#23850=EDGE_LOOP('',(#23851,#23861,#23871,#23881));
#23854=CARTESIAN_POINT('',(-1.473,-1.143,5.867));
#23853=VERTEX_POINT('',#23854);
#23852=EDGE_CURVE('',#23853,#23804,#23857,.T.);
#23857=LINE('',#23854,#23859);
#23859=VECTOR('',#23860,0.406399994560336);
#23860=DIRECTION('',(1.0,0.0,0.0));
#23851=ORIENTED_EDGE('',*,*,#23852,.F.);
#23862=EDGE_CURVE('',#23708,#23853,#23867,.T.);
#23867=LINE('',#23709,#23869);
#23869=VECTOR('',#23870,0.175976362048998);
#23870=DIRECTION('',(-0.577,0.577,-0.577));
#23861=ORIENTED_EDGE('',*,*,#23862,.F.);
#23871=ORIENTED_EDGE('',*,*,#23735,.T.);
#23881=ORIENTED_EDGE('',*,*,#23813,.T.);
#23891=STYLED_ITEM('',(#34),#23892);
#23892=ADVANCED_FACE('',(#23898),#23893,.T.);
#23893=PLANE('',#23894);
#23894=AXIS2_PLACEMENT_3D('',#23895,#23896,#23897);
#23895=CARTESIAN_POINT('',(-1.473,-1.143,5.867));
#23896=DIRECTION('',(-0.707,0.0,0.707));
#23897=DIRECTION('',(0.,0.,1.));
#23898=FACE_OUTER_BOUND('',#23899,.T.);
#23899=EDGE_LOOP('',(#23900,#23910,#23920,#23930));
#23901=EDGE_CURVE('',#23757,#23853,#23906,.T.);
#23906=LINE('',#23758,#23908);
#23908=VECTOR('',#23909,0.406399994550218);
#23909=DIRECTION('',(0.0,1.0,0.0));
#23900=ORIENTED_EDGE('',*,*,#23901,.F.);
#23910=ORIENTED_EDGE('',*,*,#23784,.T.);
#23920=ORIENTED_EDGE('',*,*,#23705,.T.);
#23930=ORIENTED_EDGE('',*,*,#23862,.T.);
#23940=STYLED_ITEM('',(#34),#23941);
#23941=ADVANCED_FACE('',(#23947),#23942,.T.);
#23942=PLANE('',#23943);
#23943=AXIS2_PLACEMENT_3D('',#23944,#23945,#23946);
#23944=CARTESIAN_POINT('',(-1.473,-1.549,2.438));
#23945=DIRECTION('',(0.0,-1.0,0.0));
#23946=DIRECTION('',(0.,0.,1.));
#23947=FACE_OUTER_BOUND('',#23948,.T.);
#23948=EDGE_LOOP('',(#23949,#23959,#23969,#23979));
#23952=CARTESIAN_POINT('',(-1.067,-1.549,2.438));
#23951=VERTEX_POINT('',#23952);
#23954=CARTESIAN_POINT('',(-1.473,-1.549,2.438));
#23953=VERTEX_POINT('',#23954);
#23950=EDGE_CURVE('',#23951,#23953,#23955,.T.);
#23955=LINE('',#23952,#23957);
#23957=VECTOR('',#23958,0.406400016339228);
#23958=DIRECTION('',(-1.0,0.0,0.0));
#23949=ORIENTED_EDGE('',*,*,#23950,.F.);
#23960=EDGE_CURVE('',#23755,#23951,#23965,.T.);
#23965=LINE('',#23756,#23967);
#23967=VECTOR('',#23968,3.4290254);
#23968=DIRECTION('',(0.0,0.0,-1.0));
#23959=ORIENTED_EDGE('',*,*,#23960,.F.);
#23969=ORIENTED_EDGE('',*,*,#23754,.T.);
#23980=EDGE_CURVE('',#23953,#23757,#23985,.T.);
#23985=LINE('',#23954,#23987);
#23987=VECTOR('',#23988,3.4290254);
#23988=DIRECTION('',(0.0,0.0,1.0));
#23979=ORIENTED_EDGE('',*,*,#23980,.F.);
#23989=STYLED_ITEM('',(#34),#23990);
#23990=ADVANCED_FACE('',(#23996),#23991,.T.);
#23991=PLANE('',#23992);
#23992=AXIS2_PLACEMENT_3D('',#23993,#23994,#23995);
#23993=CARTESIAN_POINT('',(-1.067,-1.549,2.438));
#23994=DIRECTION('',(1.0,0.0,0.0));
#23995=DIRECTION('',(0.,0.,1.));
#23996=FACE_OUTER_BOUND('',#23997,.T.);
#23997=EDGE_LOOP('',(#23998,#24008,#24018,#24028));
#24001=CARTESIAN_POINT('',(-1.067,-1.143,2.438));
#24000=VERTEX_POINT('',#24001);
#23999=EDGE_CURVE('',#24000,#23951,#24004,.T.);
#24004=LINE('',#24001,#24006);
#24006=VECTOR('',#24007,0.406399994550218);
#24007=DIRECTION('',(0.0,-1.0,0.0));
#23998=ORIENTED_EDGE('',*,*,#23999,.F.);
#24009=EDGE_CURVE('',#23804,#24000,#24014,.T.);
#24014=LINE('',#23805,#24016);
#24016=VECTOR('',#24017,3.4290254);
#24017=DIRECTION('',(0.0,0.0,-1.0));
#24008=ORIENTED_EDGE('',*,*,#24009,.F.);
#24018=ORIENTED_EDGE('',*,*,#23803,.T.);
#24028=ORIENTED_EDGE('',*,*,#23960,.T.);
#24038=STYLED_ITEM('',(#34),#24039);
#24039=ADVANCED_FACE('',(#24045),#24040,.T.);
#24040=PLANE('',#24041);
#24041=AXIS2_PLACEMENT_3D('',#24042,#24043,#24044);
#24042=CARTESIAN_POINT('',(-1.067,-1.143,2.438));
#24043=DIRECTION('',(0.0,1.0,0.0));
#24044=DIRECTION('',(0.,0.,1.));
#24045=FACE_OUTER_BOUND('',#24046,.T.);
#24046=EDGE_LOOP('',(#24047,#24057,#24067,#24077));
#24050=CARTESIAN_POINT('',(-1.473,-1.143,2.438));
#24049=VERTEX_POINT('',#24050);
#24048=EDGE_CURVE('',#24049,#24000,#24053,.T.);
#24053=LINE('',#24050,#24055);
#24055=VECTOR('',#24056,0.406399994560336);
#24056=DIRECTION('',(1.0,0.0,0.0));
#24047=ORIENTED_EDGE('',*,*,#24048,.F.);
#24058=EDGE_CURVE('',#23853,#24049,#24063,.T.);
#24063=LINE('',#23854,#24065);
#24065=VECTOR('',#24066,3.4290254);
#24066=DIRECTION('',(0.0,0.0,-1.0));
#24057=ORIENTED_EDGE('',*,*,#24058,.F.);
#24067=ORIENTED_EDGE('',*,*,#23852,.T.);
#24077=ORIENTED_EDGE('',*,*,#24009,.T.);
#24087=STYLED_ITEM('',(#34),#24088);
#24088=ADVANCED_FACE('',(#24094),#24089,.T.);
#24089=PLANE('',#24090);
#24090=AXIS2_PLACEMENT_3D('',#24091,#24092,#24093);
#24091=CARTESIAN_POINT('',(-1.473,-1.143,2.438));
#24092=DIRECTION('',(-1.0,0.0,0.0));
#24093=DIRECTION('',(0.,0.,1.));
#24094=FACE_OUTER_BOUND('',#24095,.T.);
#24095=EDGE_LOOP('',(#24096,#24106,#24116,#24126));
#24097=EDGE_CURVE('',#23953,#24049,#24102,.T.);
#24102=LINE('',#23954,#24104);
#24104=VECTOR('',#24105,0.406399994550218);
#24105=DIRECTION('',(0.0,1.0,0.0));
#24096=ORIENTED_EDGE('',*,*,#24097,.F.);
#24106=ORIENTED_EDGE('',*,*,#23980,.T.);
#24116=ORIENTED_EDGE('',*,*,#23901,.T.);
#24126=ORIENTED_EDGE('',*,*,#24058,.T.);
#24136=STYLED_ITEM('',(#34),#24137);
#24137=ADVANCED_FACE('',(#24143),#24138,.T.);
#24138=PLANE('',#24139);
#24139=AXIS2_PLACEMENT_3D('',#24140,#24141,#24142);
#24140=CARTESIAN_POINT('',(-1.067,-1.143,2.438));
#24141=DIRECTION('',(0.0,0.0,-1.0));
#24142=DIRECTION('',(0.,1.,0.));
#24143=FACE_OUTER_BOUND('',#24144,.T.);
#24144=EDGE_LOOP('',(#24145,#24155,#24165,#24175));
#24145=ORIENTED_EDGE('',*,*,#23999,.T.);
#24155=ORIENTED_EDGE('',*,*,#23950,.T.);
#24165=ORIENTED_EDGE('',*,*,#24097,.T.);
#24175=ORIENTED_EDGE('',*,*,#24048,.T.);
#24185=STYLED_ITEM('',(#34),#24186);
#24186=ADVANCED_FACE('',(#24192),#24187,.T.);
#24187=PLANE('',#24188);
#24188=AXIS2_PLACEMENT_3D('',#24189,#24190,#24191);
#24189=CARTESIAN_POINT('',(-1.473,-1.143,0.61));
#24190=DIRECTION('',(0.0,0.0,1.0));
#24191=DIRECTION('',(0.,1.,0.));
#24192=FACE_OUTER_BOUND('',#24193,.T.);
#24193=EDGE_LOOP('',(#24194,#24204,#24214,#24224));
#24197=CARTESIAN_POINT('',(-1.473,-1.549,0.61));
#24196=VERTEX_POINT('',#24197);
#24199=CARTESIAN_POINT('',(-1.473,-1.143,0.61));
#24198=VERTEX_POINT('',#24199);
#24195=EDGE_CURVE('',#24196,#24198,#24200,.T.);
#24200=LINE('',#24197,#24202);
#24202=VECTOR('',#24203,0.406399994550218);
#24203=DIRECTION('',(0.0,1.0,0.0));
#24194=ORIENTED_EDGE('',*,*,#24195,.F.);
#24207=CARTESIAN_POINT('',(-1.067,-1.549,0.61));
#24206=VERTEX_POINT('',#24207);
#24205=EDGE_CURVE('',#24206,#24196,#24210,.T.);
#24210=LINE('',#24207,#24212);
#24212=VECTOR('',#24213,0.406400016339228);
#24213=DIRECTION('',(-1.0,0.0,0.0));
#24204=ORIENTED_EDGE('',*,*,#24205,.F.);
#24217=CARTESIAN_POINT('',(-1.067,-1.143,0.61));
#24216=VERTEX_POINT('',#24217);
#24215=EDGE_CURVE('',#24216,#24206,#24220,.T.);
#24220=LINE('',#24217,#24222);
#24222=VECTOR('',#24223,0.406399994550218);
#24223=DIRECTION('',(0.0,-1.0,0.0));
#24214=ORIENTED_EDGE('',*,*,#24215,.F.);
#24225=EDGE_CURVE('',#24198,#24216,#24230,.T.);
#24230=LINE('',#24199,#24232);
#24232=VECTOR('',#24233,0.406399994560336);
#24233=DIRECTION('',(1.0,0.0,0.0));
#24224=ORIENTED_EDGE('',*,*,#24225,.F.);
#24234=STYLED_ITEM('',(#34),#24235);
#24235=ADVANCED_FACE('',(#24241),#24236,.T.);
#24236=PLANE('',#24237);
#24237=AXIS2_PLACEMENT_3D('',#24238,#24239,#24240);
#24238=CARTESIAN_POINT('',(-1.473,-1.549,0.508));
#24239=DIRECTION('',(0.0,-1.0,0.0));
#24240=DIRECTION('',(0.,0.,1.));
#24241=FACE_OUTER_BOUND('',#24242,.T.);
#24242=EDGE_LOOP('',(#24243,#24253,#24263,#24273));
#24246=CARTESIAN_POINT('',(-1.067,-1.549,0.508));
#24245=VERTEX_POINT('',#24246);
#24248=CARTESIAN_POINT('',(-1.473,-1.549,0.508));
#24247=VERTEX_POINT('',#24248);
#24244=EDGE_CURVE('',#24245,#24247,#24249,.T.);
#24249=LINE('',#24246,#24251);
#24251=VECTOR('',#24252,0.406400016339228);
#24252=DIRECTION('',(-1.0,0.0,0.0));
#24243=ORIENTED_EDGE('',*,*,#24244,.F.);
#24254=EDGE_CURVE('',#24206,#24245,#24259,.T.);
#24259=LINE('',#24207,#24261);
#24261=VECTOR('',#24262,0.10159365);
#24262=DIRECTION('',(0.0,0.0,-1.0));
#24253=ORIENTED_EDGE('',*,*,#24254,.F.);
#24263=ORIENTED_EDGE('',*,*,#24205,.T.);
#24274=EDGE_CURVE('',#24247,#24196,#24279,.T.);
#24279=LINE('',#24248,#24281);
#24281=VECTOR('',#24282,0.10159365);
#24282=DIRECTION('',(0.0,0.0,1.0));
#24273=ORIENTED_EDGE('',*,*,#24274,.F.);
#24283=STYLED_ITEM('',(#34),#24284);
#24284=ADVANCED_FACE('',(#24290),#24285,.T.);
#24285=PLANE('',#24286);
#24286=AXIS2_PLACEMENT_3D('',#24287,#24288,#24289);
#24287=CARTESIAN_POINT('',(-1.067,-1.143,0.508));
#24288=DIRECTION('',(0.0,1.0,0.0));
#24289=DIRECTION('',(0.,0.,1.));
#24290=FACE_OUTER_BOUND('',#24291,.T.);
#24291=EDGE_LOOP('',(#24292,#24302,#24312,#24322));
#24295=CARTESIAN_POINT('',(-1.473,-1.143,0.508));
#24294=VERTEX_POINT('',#24295);
#24297=CARTESIAN_POINT('',(-1.067,-1.143,0.508));
#24296=VERTEX_POINT('',#24297);
#24293=EDGE_CURVE('',#24294,#24296,#24298,.T.);
#24298=LINE('',#24295,#24300);
#24300=VECTOR('',#24301,0.406399994560336);
#24301=DIRECTION('',(1.0,0.0,0.0));
#24292=ORIENTED_EDGE('',*,*,#24293,.F.);
#24303=EDGE_CURVE('',#24198,#24294,#24308,.T.);
#24308=LINE('',#24199,#24310);
#24310=VECTOR('',#24311,0.10159365);
#24311=DIRECTION('',(0.0,0.0,-1.0));
#24302=ORIENTED_EDGE('',*,*,#24303,.F.);
#24312=ORIENTED_EDGE('',*,*,#24225,.T.);
#24323=EDGE_CURVE('',#24296,#24216,#24328,.T.);
#24328=LINE('',#24297,#24330);
#24330=VECTOR('',#24331,0.10159365);
#24331=DIRECTION('',(0.0,0.0,1.0));
#24322=ORIENTED_EDGE('',*,*,#24323,.F.);
#24332=STYLED_ITEM('',(#34),#24333);
#24333=ADVANCED_FACE('',(#24339),#24334,.T.);
#24334=PLANE('',#24335);
#24335=AXIS2_PLACEMENT_3D('',#24336,#24337,#24338);
#24336=CARTESIAN_POINT('',(-1.473,-1.651,0.406));
#24337=DIRECTION('',(0.0,0.0,1.0));
#24338=DIRECTION('',(0.,1.,0.));
#24339=FACE_OUTER_BOUND('',#24340,.T.);
#24340=EDGE_LOOP('',(#24341,#24351,#24361,#24371));
#24344=CARTESIAN_POINT('',(-1.473,-3.023,0.406));
#24343=VERTEX_POINT('',#24344);
#24346=CARTESIAN_POINT('',(-1.473,-1.651,0.406));
#24345=VERTEX_POINT('',#24346);
#24342=EDGE_CURVE('',#24343,#24345,#24347,.T.);
#24347=LINE('',#24344,#24349);
#24349=VECTOR('',#24350,1.37160634838143);
#24350=DIRECTION('',(0.0,1.0,0.0));
#24341=ORIENTED_EDGE('',*,*,#24342,.F.);
#24354=CARTESIAN_POINT('',(-1.067,-3.023,0.406));
#24353=VERTEX_POINT('',#24354);
#24352=EDGE_CURVE('',#24353,#24343,#24357,.T.);
#24357=LINE('',#24354,#24359);
#24359=VECTOR('',#24360,0.406400172783485);
#24360=DIRECTION('',(-1.0,0.0,0.0));
#24351=ORIENTED_EDGE('',*,*,#24352,.F.);
#24364=CARTESIAN_POINT('',(-1.067,-1.651,0.406));
#24363=VERTEX_POINT('',#24364);
#24362=EDGE_CURVE('',#24363,#24353,#24367,.T.);
#24367=LINE('',#24364,#24369);
#24369=VECTOR('',#24370,1.37160634838143);
#24370=DIRECTION('',(0.0,-1.0,0.0));
#24361=ORIENTED_EDGE('',*,*,#24362,.F.);
#24372=EDGE_CURVE('',#24345,#24363,#24377,.T.);
#24377=LINE('',#24346,#24379);
#24379=VECTOR('',#24380,0.406400026558929);
#24380=DIRECTION('',(1.0,0.0,0.0));
#24371=ORIENTED_EDGE('',*,*,#24372,.F.);
#24430=STYLED_ITEM('',(#34),#24431);
#24431=ADVANCED_FACE('',(#24437),#24432,.T.);
#24432=PLANE('',#24433);
#24433=AXIS2_PLACEMENT_3D('',#24434,#24435,#24436);
#24434=CARTESIAN_POINT('',(-1.067,-1.651,0.0));
#24435=DIRECTION('',(0.0,0.0,-1.0));
#24436=DIRECTION('',(0.,1.,0.));
#24437=FACE_OUTER_BOUND('',#24438,.T.);
#24438=EDGE_LOOP('',(#24439,#24449,#24459,#24469));
#24442=CARTESIAN_POINT('',(-1.067,-3.023,0.0));
#24441=VERTEX_POINT('',#24442);
#24444=CARTESIAN_POINT('',(-1.067,-1.651,0.0));
#24443=VERTEX_POINT('',#24444);
#24440=EDGE_CURVE('',#24441,#24443,#24445,.T.);
#24445=LINE('',#24442,#24447);
#24447=VECTOR('',#24448,1.37160634838143);
#24448=DIRECTION('',(0.0,1.0,0.0));
#24439=ORIENTED_EDGE('',*,*,#24440,.F.);
#24452=CARTESIAN_POINT('',(-1.473,-3.023,0.0));
#24451=VERTEX_POINT('',#24452);
#24450=EDGE_CURVE('',#24451,#24441,#24455,.T.);
#24455=LINE('',#24452,#24457);
#24457=VECTOR('',#24458,0.406400172783485);
#24458=DIRECTION('',(1.0,0.0,0.0));
#24449=ORIENTED_EDGE('',*,*,#24450,.F.);
#24462=CARTESIAN_POINT('',(-1.473,-1.651,0.0));
#24461=VERTEX_POINT('',#24462);
#24460=EDGE_CURVE('',#24461,#24451,#24465,.T.);
#24465=LINE('',#24462,#24467);
#24467=VECTOR('',#24468,1.37160634838143);
#24468=DIRECTION('',(0.0,-1.0,0.0));
#24459=ORIENTED_EDGE('',*,*,#24460,.F.);
#24470=EDGE_CURVE('',#24443,#24461,#24475,.T.);
#24475=LINE('',#24444,#24477);
#24477=VECTOR('',#24478,0.406400026558929);
#24478=DIRECTION('',(-1.0,0.0,0.0));
#24469=ORIENTED_EDGE('',*,*,#24470,.F.);
#24528=STYLED_ITEM('',(#34),#24529);
#24529=ADVANCED_FACE('',(#24535),#24530,.T.);
#24530=PLANE('',#24531);
#24531=AXIS2_PLACEMENT_3D('',#24532,#24533,#24534);
#24532=CARTESIAN_POINT('',(-1.372,-3.124,0.305));
#24533=DIRECTION('',(0.0,-0.707,0.707));
#24534=DIRECTION('',(0.,0.,1.));
#24535=FACE_OUTER_BOUND('',#24536,.T.);
#24536=EDGE_LOOP('',(#24537,#24547,#24557,#24567));
#24540=CARTESIAN_POINT('',(-1.168,-3.124,0.305));
#24539=VERTEX_POINT('',#24540);
#24542=CARTESIAN_POINT('',(-1.372,-3.124,0.305));
#24541=VERTEX_POINT('',#24542);
#24538=EDGE_CURVE('',#24539,#24541,#24543,.T.);
#24543=LINE('',#24540,#24545);
#24545=VECTOR('',#24546,0.203200187106065);
#24546=DIRECTION('',(-1.0,0.0,0.0));
#24537=ORIENTED_EDGE('',*,*,#24538,.F.);
#24548=EDGE_CURVE('',#24353,#24539,#24553,.T.);
#24553=LINE('',#24354,#24555);
#24555=VECTOR('',#24556,0.175976360873829);
#24556=DIRECTION('',(-0.577,-0.577,-0.577));
#24547=ORIENTED_EDGE('',*,*,#24548,.F.);
#24557=ORIENTED_EDGE('',*,*,#24352,.T.);
#24568=EDGE_CURVE('',#24541,#24343,#24573,.T.);
#24573=LINE('',#24542,#24575);
#24575=VECTOR('',#24576,0.17597636087383);
#24576=DIRECTION('',(-0.577,0.577,0.577));
#24567=ORIENTED_EDGE('',*,*,#24568,.F.);
#24577=STYLED_ITEM('',(#34),#24578);
#24578=ADVANCED_FACE('',(#24584),#24579,.T.);
#24579=PLANE('',#24580);
#24580=AXIS2_PLACEMENT_3D('',#24581,#24582,#24583);
#24581=CARTESIAN_POINT('',(-1.473,-3.023,0.0));
#24582=DIRECTION('',(-0.707,-0.707,0.0));
#24583=DIRECTION('',(0.,0.,1.));
#24584=FACE_OUTER_BOUND('',#24585,.T.);
#24585=EDGE_LOOP('',(#24586,#24596,#24606,#24616));
#24589=CARTESIAN_POINT('',(-1.372,-3.124,0.102));
#24588=VERTEX_POINT('',#24589);
#24587=EDGE_CURVE('',#24588,#24451,#24592,.T.);
#24592=LINE('',#24589,#24594);
#24594=VECTOR('',#24595,0.17597636087383);
#24595=DIRECTION('',(-0.577,0.577,-0.577));
#24586=ORIENTED_EDGE('',*,*,#24587,.F.);
#24597=EDGE_CURVE('',#24541,#24588,#24602,.T.);
#24602=LINE('',#24542,#24604);
#24604=VECTOR('',#24605,0.2032);
#24605=DIRECTION('',(0.0,0.0,-1.0));
#24596=ORIENTED_EDGE('',*,*,#24597,.F.);
#24606=ORIENTED_EDGE('',*,*,#24568,.T.);
#24617=EDGE_CURVE('',#24451,#24343,#24622,.T.);
#24622=LINE('',#24452,#24624);
#24624=VECTOR('',#24625,0.4064);
#24625=DIRECTION('',(0.0,0.0,1.0));
#24616=ORIENTED_EDGE('',*,*,#24617,.F.);
#24626=STYLED_ITEM('',(#34),#24627);
#24627=ADVANCED_FACE('',(#24633),#24628,.T.);
#24628=PLANE('',#24629);
#24629=AXIS2_PLACEMENT_3D('',#24630,#24631,#24632);
#24630=CARTESIAN_POINT('',(-1.473,-3.023,0.0));
#24631=DIRECTION('',(0.0,-0.707,-0.707));
#24632=DIRECTION('',(0.,0.,1.));
#24633=FACE_OUTER_BOUND('',#24634,.T.);
#24634=EDGE_LOOP('',(#24635,#24645,#24655,#24665));
#24635=ORIENTED_EDGE('',*,*,#24450,.T.);
#24648=CARTESIAN_POINT('',(-1.168,-3.124,0.102));
#24647=VERTEX_POINT('',#24648);
#24646=EDGE_CURVE('',#24647,#24441,#24651,.T.);
#24651=LINE('',#24648,#24653);
#24653=VECTOR('',#24654,0.175976360873829);
#24654=DIRECTION('',(0.577,0.577,-0.577));
#24645=ORIENTED_EDGE('',*,*,#24646,.F.);
#24656=EDGE_CURVE('',#24588,#24647,#24661,.T.);
#24661=LINE('',#24589,#24663);
#24663=VECTOR('',#24664,0.203200187106065);
#24664=DIRECTION('',(1.0,0.0,0.0));
#24655=ORIENTED_EDGE('',*,*,#24656,.F.);
#24665=ORIENTED_EDGE('',*,*,#24587,.T.);
#24675=STYLED_ITEM('',(#34),#24676);
#24676=ADVANCED_FACE('',(#24682),#24677,.T.);
#24677=PLANE('',#24678);
#24678=AXIS2_PLACEMENT_3D('',#24679,#24680,#24681);
#24679=CARTESIAN_POINT('',(-1.168,-3.124,0.102));
#24680=DIRECTION('',(0.707,-0.707,0.0));
#24681=DIRECTION('',(0.,0.,1.));
#24682=FACE_OUTER_BOUND('',#24683,.T.);
#24683=EDGE_LOOP('',(#24684,#24694,#24704,#24714));
#24684=ORIENTED_EDGE('',*,*,#24646,.T.);
#24695=EDGE_CURVE('',#24353,#24441,#24700,.T.);
#24700=LINE('',#24354,#24702);
#24702=VECTOR('',#24703,0.4064);
#24703=DIRECTION('',(0.0,0.0,-1.0));
#24694=ORIENTED_EDGE('',*,*,#24695,.F.);
#24704=ORIENTED_EDGE('',*,*,#24548,.T.);
#24715=EDGE_CURVE('',#24647,#24539,#24720,.T.);
#24720=LINE('',#24648,#24722);
#24722=VECTOR('',#24723,0.2032);
#24723=DIRECTION('',(0.0,0.0,1.0));
#24714=ORIENTED_EDGE('',*,*,#24715,.F.);
#24724=STYLED_ITEM('',(#34),#24725);
#24725=ADVANCED_FACE('',(#24731),#24726,.T.);
#24726=PLANE('',#24727);
#24727=AXIS2_PLACEMENT_3D('',#24728,#24729,#24730);
#24728=CARTESIAN_POINT('',(-1.372,-3.124,0.102));
#24729=DIRECTION('',(0.0,-1.0,0.0));
#24730=DIRECTION('',(0.,0.,1.));
#24731=FACE_OUTER_BOUND('',#24732,.T.);
#24732=EDGE_LOOP('',(#24733,#24743,#24753,#24763));
#24733=ORIENTED_EDGE('',*,*,#24656,.T.);
#24743=ORIENTED_EDGE('',*,*,#24715,.T.);
#24753=ORIENTED_EDGE('',*,*,#24538,.T.);
#24763=ORIENTED_EDGE('',*,*,#24597,.T.);
#24773=STYLED_ITEM($,(#34),#24774);
#24774=ADVANCED_FACE($,(#24780),#24775,.F.);
#24775=CYLINDRICAL_SURFACE($,#24776,0.10159365);
#24776=AXIS2_PLACEMENT_3D($,#24777,#24778,#24779);
#24777=CARTESIAN_POINT('',(-1.473,-1.651,0.508));
#24778=DIRECTION('',(-1.0,0.0,0.0));
#24779=DIRECTION('',(0.,0.,1.));
#24780=FACE_OUTER_BOUND($,#24781,.T.);
#24781=EDGE_LOOP($,(#24793,#24803,#24814,#24782));
#24793=ORIENTED_EDGE('',*,*,#24372,.T.);
#24804=EDGE_CURVE($,#24245,#24363,#24809,.T.);
#24809=CIRCLE($,#24810,0.10159365);
#24811=CARTESIAN_POINT('',(-1.067,-1.651,0.508));
#24810=AXIS2_PLACEMENT_3D($,#24811,#24812,#24813);
#24812=DIRECTION('',(-1.0,0.0,0.0));
#24813=DIRECTION('',(0.0,-0.707,-0.707));
#24803=ORIENTED_EDGE('',*,*,#24804,.F.);
#24814=ORIENTED_EDGE('',*,*,#24244,.T.);
#24783=EDGE_CURVE($,#24345,#24247,#24788,.T.);
#24788=CIRCLE($,#24789,0.10159365);
#24790=CARTESIAN_POINT('',(-1.473,-1.651,0.508));
#24789=AXIS2_PLACEMENT_3D($,#24790,#24791,#24792);
#24791=DIRECTION('',(1.0,0.0,0.0));
#24792=DIRECTION('',(0.0,0.707,0.707));
#24782=ORIENTED_EDGE('',*,*,#24783,.F.);
#24824=STYLED_ITEM($,(#34),#24825);
#24825=ADVANCED_FACE($,(#24831),#24826,.T.);
#24826=CYLINDRICAL_SURFACE($,#24827,0.50799365);
#24827=AXIS2_PLACEMENT_3D($,#24828,#24829,#24830);
#24828=CARTESIAN_POINT('',(-1.473,-1.651,0.508));
#24829=DIRECTION('',(1.0,0.0,0.0));
#24830=DIRECTION('',(0.,0.,1.));
#24831=FACE_OUTER_BOUND($,#24832,.T.);
#24832=EDGE_LOOP($,(#24844,#24854,#24865,#24833));
#24844=ORIENTED_EDGE('',*,*,#24470,.T.);
#24855=EDGE_CURVE($,#24294,#24461,#24860,.T.);
#24860=CIRCLE($,#24861,0.50799365);
#24861=AXIS2_PLACEMENT_3D($,#24790,#24863,#24864);
#24863=DIRECTION('',(-1.0,0.0,0.0));
#24864=DIRECTION('',(0.0,-0.707,-0.707));
#24854=ORIENTED_EDGE('',*,*,#24855,.F.);
#24865=ORIENTED_EDGE('',*,*,#24293,.T.);
#24834=EDGE_CURVE($,#24443,#24296,#24839,.T.);
#24839=CIRCLE($,#24840,0.50799365);
#24840=AXIS2_PLACEMENT_3D($,#24811,#24842,#24843);
#24842=DIRECTION('',(1.0,0.0,0.0));
#24843=DIRECTION('',(0.0,0.707,0.707));
#24833=ORIENTED_EDGE('',*,*,#24834,.F.);
#24875=STYLED_ITEM('color',(#34),#24876);
#24876=ADVANCED_FACE($,(#24882),#24877,.T.);
#24877=PLANE($,#24878);
#24878=AXIS2_PLACEMENT_3D($,#24879,#24880,#24881);
#24879=CARTESIAN_POINT('',(-1.473,-1.143,0.508));
#24880=DIRECTION('',(-1.0,0.0,0.0));
#24881=DIRECTION('',(1.,0.,0.));
#24882=FACE_OUTER_BOUND($,#24883,.T.);
#24883=EDGE_LOOP($,(#24886, #24896, #24906, #24916, #24927, #24937, #24947, #24957));
#24886=ORIENTED_EDGE('',*,*,#24274,.T.);
#24896=ORIENTED_EDGE('',*,*,#24195,.T.);
#24906=ORIENTED_EDGE('',*,*,#24303,.T.);
#24916=ORIENTED_EDGE('',*,*,#24855,.T.);
#24927=ORIENTED_EDGE('',*,*,#24460,.T.);
#24937=ORIENTED_EDGE('',*,*,#24617,.T.);
#24947=ORIENTED_EDGE('',*,*,#24342,.T.);
#24957=ORIENTED_EDGE('',*,*,#24783,.T.);
#24968=STYLED_ITEM('color',(#34),#24969);
#24969=ADVANCED_FACE($,(#24975),#24970,.T.);
#24970=PLANE($,#24971);
#24971=AXIS2_PLACEMENT_3D($,#24972,#24973,#24974);
#24972=CARTESIAN_POINT('',(-1.067,-1.143,0.508));
#24973=DIRECTION('',(1.0,0.0,0.0));
#24974=DIRECTION('',(-1.,0.,0.));
#24975=FACE_OUTER_BOUND($,#24976,.T.);
#24976=EDGE_LOOP($,(#24979, #24989, #24999, #25009, #25020, #25030, #25040, #25050));
#24979=ORIENTED_EDGE('',*,*,#24323,.T.);
#24989=ORIENTED_EDGE('',*,*,#24215,.T.);
#24999=ORIENTED_EDGE('',*,*,#24254,.T.);
#25009=ORIENTED_EDGE('',*,*,#24804,.T.);
#25020=ORIENTED_EDGE('',*,*,#24362,.T.);
#25030=ORIENTED_EDGE('',*,*,#24695,.T.);
#25040=ORIENTED_EDGE('',*,*,#24440,.T.);
#25050=ORIENTED_EDGE('',*,*,#24834,.T.);
#25061=MANIFOLD_SOLID_BREP($,#25062);
#25062=CLOSED_SHELL('',(#25066,#25115,#25164,#25213,#25262,#25311,#25360,#25409,#25458,#25507));
#25063=MANIFOLD_SOLID_BREP($,#25064);
#25064=CLOSED_SHELL('',(#25556,#25605,#25654,#25703,#25801,#25899,#25948,#25997,#26046,#26095,#26144,#26195,#26246,#26339));
#25065=STYLED_ITEM('',(#34),#25066);
#25066=ADVANCED_FACE('',(#25072),#25067,.T.);
#25067=PLANE('',#25068);
#25068=AXIS2_PLACEMENT_3D('',#25069,#25070,#25071);
#25069=CARTESIAN_POINT('',(-2.642,-1.245,5.969));
#25070=DIRECTION('',(0.0,0.0,1.0));
#25071=DIRECTION('',(0.,1.,0.));
#25072=FACE_OUTER_BOUND('',#25073,.T.);
#25073=EDGE_LOOP('',(#25074,#25084,#25094,#25104));
#25077=CARTESIAN_POINT('',(-2.642,-1.448,5.969));
#25076=VERTEX_POINT('',#25077);
#25079=CARTESIAN_POINT('',(-2.642,-1.245,5.969));
#25078=VERTEX_POINT('',#25079);
#25075=EDGE_CURVE('',#25076,#25078,#25080,.T.);
#25080=LINE('',#25077,#25082);
#25082=VECTOR('',#25083,0.203199997275109);
#25083=DIRECTION('',(0.0,1.0,0.0));
#25074=ORIENTED_EDGE('',*,*,#25075,.F.);
#25087=CARTESIAN_POINT('',(-2.438,-1.448,5.969));
#25086=VERTEX_POINT('',#25087);
#25085=EDGE_CURVE('',#25086,#25076,#25090,.T.);
#25090=LINE('',#25087,#25092);
#25092=VECTOR('',#25093,0.203200008169614);
#25093=DIRECTION('',(-1.0,0.0,0.0));
#25084=ORIENTED_EDGE('',*,*,#25085,.F.);
#25097=CARTESIAN_POINT('',(-2.438,-1.245,5.969));
#25096=VERTEX_POINT('',#25097);
#25095=EDGE_CURVE('',#25096,#25086,#25100,.T.);
#25100=LINE('',#25097,#25102);
#25102=VECTOR('',#25103,0.203199997275109);
#25103=DIRECTION('',(0.0,-1.0,0.0));
#25094=ORIENTED_EDGE('',*,*,#25095,.F.);
#25105=EDGE_CURVE('',#25078,#25096,#25110,.T.);
#25110=LINE('',#25079,#25112);
#25112=VECTOR('',#25113,0.203199997280168);
#25113=DIRECTION('',(1.0,0.0,0.0));
#25104=ORIENTED_EDGE('',*,*,#25105,.F.);
#25114=STYLED_ITEM('',(#34),#25115);
#25115=ADVANCED_FACE('',(#25121),#25116,.T.);
#25116=PLANE('',#25117);
#25117=AXIS2_PLACEMENT_3D('',#25118,#25119,#25120);
#25118=CARTESIAN_POINT('',(-2.743,-1.549,5.867));
#25119=DIRECTION('',(0.0,-0.707,0.707));
#25120=DIRECTION('',(0.,0.,1.));
#25121=FACE_OUTER_BOUND('',#25122,.T.);
#25122=EDGE_LOOP('',(#25123,#25133,#25143,#25153));
#25126=CARTESIAN_POINT('',(-2.337,-1.549,5.867));
#25125=VERTEX_POINT('',#25126);
#25128=CARTESIAN_POINT('',(-2.743,-1.549,5.867));
#25127=VERTEX_POINT('',#25128);
#25124=EDGE_CURVE('',#25125,#25127,#25129,.T.);
#25129=LINE('',#25126,#25131);
#25131=VECTOR('',#25132,0.406400016339228);
#25132=DIRECTION('',(-1.0,0.0,0.0));
#25123=ORIENTED_EDGE('',*,*,#25124,.F.);
#25134=EDGE_CURVE('',#25086,#25125,#25139,.T.);
#25139=LINE('',#25087,#25141);
#25141=VECTOR('',#25142,0.175976362048998);
#25142=DIRECTION('',(0.577,-0.577,-0.577));
#25133=ORIENTED_EDGE('',*,*,#25134,.F.);
#25143=ORIENTED_EDGE('',*,*,#25085,.T.);
#25154=EDGE_CURVE('',#25127,#25076,#25159,.T.);
#25159=LINE('',#25128,#25161);
#25161=VECTOR('',#25162,0.175976362048998);
#25162=DIRECTION('',(0.577,0.577,0.577));
#25153=ORIENTED_EDGE('',*,*,#25154,.F.);
#25163=STYLED_ITEM('',(#34),#25164);
#25164=ADVANCED_FACE('',(#25170),#25165,.T.);
#25165=PLANE('',#25166);
#25166=AXIS2_PLACEMENT_3D('',#25167,#25168,#25169);
#25167=CARTESIAN_POINT('',(-2.337,-1.549,5.867));
#25168=DIRECTION('',(0.707,0.0,0.707));
#25169=DIRECTION('',(0.,0.,1.));
#25170=FACE_OUTER_BOUND('',#25171,.T.);
#25171=EDGE_LOOP('',(#25172,#25182,#25192,#25202));
#25175=CARTESIAN_POINT('',(-2.337,-1.143,5.867));
#25174=VERTEX_POINT('',#25175);
#25173=EDGE_CURVE('',#25174,#25125,#25178,.T.);
#25178=LINE('',#25175,#25180);
#25180=VECTOR('',#25181,0.406399994550218);
#25181=DIRECTION('',(0.0,-1.0,0.0));
#25172=ORIENTED_EDGE('',*,*,#25173,.F.);
#25183=EDGE_CURVE('',#25096,#25174,#25188,.T.);
#25188=LINE('',#25097,#25190);
#25190=VECTOR('',#25191,0.175976362048998);
#25191=DIRECTION('',(0.577,0.577,-0.577));
#25182=ORIENTED_EDGE('',*,*,#25183,.F.);
#25192=ORIENTED_EDGE('',*,*,#25095,.T.);
#25202=ORIENTED_EDGE('',*,*,#25134,.T.);
#25212=STYLED_ITEM('',(#34),#25213);
#25213=ADVANCED_FACE('',(#25219),#25214,.T.);
#25214=PLANE('',#25215);
#25215=AXIS2_PLACEMENT_3D('',#25216,#25217,#25218);
#25216=CARTESIAN_POINT('',(-2.337,-1.143,5.867));
#25217=DIRECTION('',(0.0,0.707,0.707));
#25218=DIRECTION('',(0.,0.,1.));
#25219=FACE_OUTER_BOUND('',#25220,.T.);
#25220=EDGE_LOOP('',(#25221,#25231,#25241,#25251));
#25224=CARTESIAN_POINT('',(-2.743,-1.143,5.867));
#25223=VERTEX_POINT('',#25224);
#25222=EDGE_CURVE('',#25223,#25174,#25227,.T.);
#25227=LINE('',#25224,#25229);
#25229=VECTOR('',#25230,0.406399994560336);
#25230=DIRECTION('',(1.0,0.0,0.0));
#25221=ORIENTED_EDGE('',*,*,#25222,.F.);
#25232=EDGE_CURVE('',#25078,#25223,#25237,.T.);
#25237=LINE('',#25079,#25239);
#25239=VECTOR('',#25240,0.175976362048998);
#25240=DIRECTION('',(-0.577,0.577,-0.577));
#25231=ORIENTED_EDGE('',*,*,#25232,.F.);
#25241=ORIENTED_EDGE('',*,*,#25105,.T.);
#25251=ORIENTED_EDGE('',*,*,#25183,.T.);
#25261=STYLED_ITEM('',(#34),#25262);
#25262=ADVANCED_FACE('',(#25268),#25263,.T.);
#25263=PLANE('',#25264);
#25264=AXIS2_PLACEMENT_3D('',#25265,#25266,#25267);
#25265=CARTESIAN_POINT('',(-2.743,-1.143,5.867));
#25266=DIRECTION('',(-0.707,0.0,0.707));
#25267=DIRECTION('',(0.,0.,1.));
#25268=FACE_OUTER_BOUND('',#25269,.T.);
#25269=EDGE_LOOP('',(#25270,#25280,#25290,#25300));
#25271=EDGE_CURVE('',#25127,#25223,#25276,.T.);
#25276=LINE('',#25128,#25278);
#25278=VECTOR('',#25279,0.406399994550218);
#25279=DIRECTION('',(0.0,1.0,0.0));
#25270=ORIENTED_EDGE('',*,*,#25271,.F.);
#25280=ORIENTED_EDGE('',*,*,#25154,.T.);
#25290=ORIENTED_EDGE('',*,*,#25075,.T.);
#25300=ORIENTED_EDGE('',*,*,#25232,.T.);
#25310=STYLED_ITEM('',(#34),#25311);
#25311=ADVANCED_FACE('',(#25317),#25312,.T.);
#25312=PLANE('',#25313);
#25313=AXIS2_PLACEMENT_3D('',#25314,#25315,#25316);
#25314=CARTESIAN_POINT('',(-2.743,-1.549,2.438));
#25315=DIRECTION('',(0.0,-1.0,0.0));
#25316=DIRECTION('',(0.,0.,1.));
#25317=FACE_OUTER_BOUND('',#25318,.T.);
#25318=EDGE_LOOP('',(#25319,#25329,#25339,#25349));
#25322=CARTESIAN_POINT('',(-2.337,-1.549,2.438));
#25321=VERTEX_POINT('',#25322);
#25324=CARTESIAN_POINT('',(-2.743,-1.549,2.438));
#25323=VERTEX_POINT('',#25324);
#25320=EDGE_CURVE('',#25321,#25323,#25325,.T.);
#25325=LINE('',#25322,#25327);
#25327=VECTOR('',#25328,0.406400016339228);
#25328=DIRECTION('',(-1.0,0.0,0.0));
#25319=ORIENTED_EDGE('',*,*,#25320,.F.);
#25330=EDGE_CURVE('',#25125,#25321,#25335,.T.);
#25335=LINE('',#25126,#25337);
#25337=VECTOR('',#25338,3.4290254);
#25338=DIRECTION('',(0.0,0.0,-1.0));
#25329=ORIENTED_EDGE('',*,*,#25330,.F.);
#25339=ORIENTED_EDGE('',*,*,#25124,.T.);
#25350=EDGE_CURVE('',#25323,#25127,#25355,.T.);
#25355=LINE('',#25324,#25357);
#25357=VECTOR('',#25358,3.4290254);
#25358=DIRECTION('',(0.0,0.0,1.0));
#25349=ORIENTED_EDGE('',*,*,#25350,.F.);
#25359=STYLED_ITEM('',(#34),#25360);
#25360=ADVANCED_FACE('',(#25366),#25361,.T.);
#25361=PLANE('',#25362);
#25362=AXIS2_PLACEMENT_3D('',#25363,#25364,#25365);
#25363=CARTESIAN_POINT('',(-2.337,-1.549,2.438));
#25364=DIRECTION('',(1.0,0.0,0.0));
#25365=DIRECTION('',(0.,0.,1.));
#25366=FACE_OUTER_BOUND('',#25367,.T.);
#25367=EDGE_LOOP('',(#25368,#25378,#25388,#25398));
#25371=CARTESIAN_POINT('',(-2.337,-1.143,2.438));
#25370=VERTEX_POINT('',#25371);
#25369=EDGE_CURVE('',#25370,#25321,#25374,.T.);
#25374=LINE('',#25371,#25376);
#25376=VECTOR('',#25377,0.406399994550218);
#25377=DIRECTION('',(0.0,-1.0,0.0));
#25368=ORIENTED_EDGE('',*,*,#25369,.F.);
#25379=EDGE_CURVE('',#25174,#25370,#25384,.T.);
#25384=LINE('',#25175,#25386);
#25386=VECTOR('',#25387,3.4290254);
#25387=DIRECTION('',(0.0,0.0,-1.0));
#25378=ORIENTED_EDGE('',*,*,#25379,.F.);
#25388=ORIENTED_EDGE('',*,*,#25173,.T.);
#25398=ORIENTED_EDGE('',*,*,#25330,.T.);
#25408=STYLED_ITEM('',(#34),#25409);
#25409=ADVANCED_FACE('',(#25415),#25410,.T.);
#25410=PLANE('',#25411);
#25411=AXIS2_PLACEMENT_3D('',#25412,#25413,#25414);
#25412=CARTESIAN_POINT('',(-2.337,-1.143,2.438));
#25413=DIRECTION('',(0.0,1.0,0.0));
#25414=DIRECTION('',(0.,0.,1.));
#25415=FACE_OUTER_BOUND('',#25416,.T.);
#25416=EDGE_LOOP('',(#25417,#25427,#25437,#25447));
#25420=CARTESIAN_POINT('',(-2.743,-1.143,2.438));
#25419=VERTEX_POINT('',#25420);
#25418=EDGE_CURVE('',#25419,#25370,#25423,.T.);
#25423=LINE('',#25420,#25425);
#25425=VECTOR('',#25426,0.406399994560336);
#25426=DIRECTION('',(1.0,0.0,0.0));
#25417=ORIENTED_EDGE('',*,*,#25418,.F.);
#25428=EDGE_CURVE('',#25223,#25419,#25433,.T.);
#25433=LINE('',#25224,#25435);
#25435=VECTOR('',#25436,3.4290254);
#25436=DIRECTION('',(0.0,0.0,-1.0));
#25427=ORIENTED_EDGE('',*,*,#25428,.F.);
#25437=ORIENTED_EDGE('',*,*,#25222,.T.);
#25447=ORIENTED_EDGE('',*,*,#25379,.T.);
#25457=STYLED_ITEM('',(#34),#25458);
#25458=ADVANCED_FACE('',(#25464),#25459,.T.);
#25459=PLANE('',#25460);
#25460=AXIS2_PLACEMENT_3D('',#25461,#25462,#25463);
#25461=CARTESIAN_POINT('',(-2.743,-1.143,2.438));
#25462=DIRECTION('',(-1.0,0.0,0.0));
#25463=DIRECTION('',(0.,0.,1.));
#25464=FACE_OUTER_BOUND('',#25465,.T.);
#25465=EDGE_LOOP('',(#25466,#25476,#25486,#25496));
#25467=EDGE_CURVE('',#25323,#25419,#25472,.T.);
#25472=LINE('',#25324,#25474);
#25474=VECTOR('',#25475,0.406399994550218);
#25475=DIRECTION('',(0.0,1.0,0.0));
#25466=ORIENTED_EDGE('',*,*,#25467,.F.);
#25476=ORIENTED_EDGE('',*,*,#25350,.T.);
#25486=ORIENTED_EDGE('',*,*,#25271,.T.);
#25496=ORIENTED_EDGE('',*,*,#25428,.T.);
#25506=STYLED_ITEM('',(#34),#25507);
#25507=ADVANCED_FACE('',(#25513),#25508,.T.);
#25508=PLANE('',#25509);
#25509=AXIS2_PLACEMENT_3D('',#25510,#25511,#25512);
#25510=CARTESIAN_POINT('',(-2.337,-1.143,2.438));
#25511=DIRECTION('',(0.0,0.0,-1.0));
#25512=DIRECTION('',(0.,1.,0.));
#25513=FACE_OUTER_BOUND('',#25514,.T.);
#25514=EDGE_LOOP('',(#25515,#25525,#25535,#25545));
#25515=ORIENTED_EDGE('',*,*,#25369,.T.);
#25525=ORIENTED_EDGE('',*,*,#25320,.T.);
#25535=ORIENTED_EDGE('',*,*,#25467,.T.);
#25545=ORIENTED_EDGE('',*,*,#25418,.T.);
#25555=STYLED_ITEM('',(#34),#25556);
#25556=ADVANCED_FACE('',(#25562),#25557,.T.);
#25557=PLANE('',#25558);
#25558=AXIS2_PLACEMENT_3D('',#25559,#25560,#25561);
#25559=CARTESIAN_POINT('',(-2.743,-1.143,0.61));
#25560=DIRECTION('',(0.0,0.0,1.0));
#25561=DIRECTION('',(0.,1.,0.));
#25562=FACE_OUTER_BOUND('',#25563,.T.);
#25563=EDGE_LOOP('',(#25564,#25574,#25584,#25594));
#25567=CARTESIAN_POINT('',(-2.743,-1.549,0.61));
#25566=VERTEX_POINT('',#25567);
#25569=CARTESIAN_POINT('',(-2.743,-1.143,0.61));
#25568=VERTEX_POINT('',#25569);
#25565=EDGE_CURVE('',#25566,#25568,#25570,.T.);
#25570=LINE('',#25567,#25572);
#25572=VECTOR('',#25573,0.406399994550218);
#25573=DIRECTION('',(0.0,1.0,0.0));
#25564=ORIENTED_EDGE('',*,*,#25565,.F.);
#25577=CARTESIAN_POINT('',(-2.337,-1.549,0.61));
#25576=VERTEX_POINT('',#25577);
#25575=EDGE_CURVE('',#25576,#25566,#25580,.T.);
#25580=LINE('',#25577,#25582);
#25582=VECTOR('',#25583,0.406400016339228);
#25583=DIRECTION('',(-1.0,0.0,0.0));
#25574=ORIENTED_EDGE('',*,*,#25575,.F.);
#25587=CARTESIAN_POINT('',(-2.337,-1.143,0.61));
#25586=VERTEX_POINT('',#25587);
#25585=EDGE_CURVE('',#25586,#25576,#25590,.T.);
#25590=LINE('',#25587,#25592);
#25592=VECTOR('',#25593,0.406399994550218);
#25593=DIRECTION('',(0.0,-1.0,0.0));
#25584=ORIENTED_EDGE('',*,*,#25585,.F.);
#25595=EDGE_CURVE('',#25568,#25586,#25600,.T.);
#25600=LINE('',#25569,#25602);
#25602=VECTOR('',#25603,0.406399994560336);
#25603=DIRECTION('',(1.0,0.0,0.0));
#25594=ORIENTED_EDGE('',*,*,#25595,.F.);
#25604=STYLED_ITEM('',(#34),#25605);
#25605=ADVANCED_FACE('',(#25611),#25606,.T.);
#25606=PLANE('',#25607);
#25607=AXIS2_PLACEMENT_3D('',#25608,#25609,#25610);
#25608=CARTESIAN_POINT('',(-2.743,-1.549,0.508));
#25609=DIRECTION('',(0.0,-1.0,0.0));
#25610=DIRECTION('',(0.,0.,1.));
#25611=FACE_OUTER_BOUND('',#25612,.T.);
#25612=EDGE_LOOP('',(#25613,#25623,#25633,#25643));
#25616=CARTESIAN_POINT('',(-2.337,-1.549,0.508));
#25615=VERTEX_POINT('',#25616);
#25618=CARTESIAN_POINT('',(-2.743,-1.549,0.508));
#25617=VERTEX_POINT('',#25618);
#25614=EDGE_CURVE('',#25615,#25617,#25619,.T.);
#25619=LINE('',#25616,#25621);
#25621=VECTOR('',#25622,0.406400016339228);
#25622=DIRECTION('',(-1.0,0.0,0.0));
#25613=ORIENTED_EDGE('',*,*,#25614,.F.);
#25624=EDGE_CURVE('',#25576,#25615,#25629,.T.);
#25629=LINE('',#25577,#25631);
#25631=VECTOR('',#25632,0.10159365);
#25632=DIRECTION('',(0.0,0.0,-1.0));
#25623=ORIENTED_EDGE('',*,*,#25624,.F.);
#25633=ORIENTED_EDGE('',*,*,#25575,.T.);
#25644=EDGE_CURVE('',#25617,#25566,#25649,.T.);
#25649=LINE('',#25618,#25651);
#25651=VECTOR('',#25652,0.10159365);
#25652=DIRECTION('',(0.0,0.0,1.0));
#25643=ORIENTED_EDGE('',*,*,#25644,.F.);
#25653=STYLED_ITEM('',(#34),#25654);
#25654=ADVANCED_FACE('',(#25660),#25655,.T.);
#25655=PLANE('',#25656);
#25656=AXIS2_PLACEMENT_3D('',#25657,#25658,#25659);
#25657=CARTESIAN_POINT('',(-2.337,-1.143,0.508));
#25658=DIRECTION('',(0.0,1.0,0.0));
#25659=DIRECTION('',(0.,0.,1.));
#25660=FACE_OUTER_BOUND('',#25661,.T.);
#25661=EDGE_LOOP('',(#25662,#25672,#25682,#25692));
#25665=CARTESIAN_POINT('',(-2.743,-1.143,0.508));
#25664=VERTEX_POINT('',#25665);
#25667=CARTESIAN_POINT('',(-2.337,-1.143,0.508));
#25666=VERTEX_POINT('',#25667);
#25663=EDGE_CURVE('',#25664,#25666,#25668,.T.);
#25668=LINE('',#25665,#25670);
#25670=VECTOR('',#25671,0.406399994560336);
#25671=DIRECTION('',(1.0,0.0,0.0));
#25662=ORIENTED_EDGE('',*,*,#25663,.F.);
#25673=EDGE_CURVE('',#25568,#25664,#25678,.T.);
#25678=LINE('',#25569,#25680);
#25680=VECTOR('',#25681,0.10159365);
#25681=DIRECTION('',(0.0,0.0,-1.0));
#25672=ORIENTED_EDGE('',*,*,#25673,.F.);
#25682=ORIENTED_EDGE('',*,*,#25595,.T.);
#25693=EDGE_CURVE('',#25666,#25586,#25698,.T.);
#25698=LINE('',#25667,#25700);
#25700=VECTOR('',#25701,0.10159365);
#25701=DIRECTION('',(0.0,0.0,1.0));
#25692=ORIENTED_EDGE('',*,*,#25693,.F.);
#25702=STYLED_ITEM('',(#34),#25703);
#25703=ADVANCED_FACE('',(#25709),#25704,.T.);
#25704=PLANE('',#25705);
#25705=AXIS2_PLACEMENT_3D('',#25706,#25707,#25708);
#25706=CARTESIAN_POINT('',(-2.743,-1.651,0.406));
#25707=DIRECTION('',(0.0,0.0,1.0));
#25708=DIRECTION('',(0.,1.,0.));
#25709=FACE_OUTER_BOUND('',#25710,.T.);
#25710=EDGE_LOOP('',(#25711,#25721,#25731,#25741));
#25714=CARTESIAN_POINT('',(-2.743,-3.023,0.406));
#25713=VERTEX_POINT('',#25714);
#25716=CARTESIAN_POINT('',(-2.743,-1.651,0.406));
#25715=VERTEX_POINT('',#25716);
#25712=EDGE_CURVE('',#25713,#25715,#25717,.T.);
#25717=LINE('',#25714,#25719);
#25719=VECTOR('',#25720,1.37160634838143);
#25720=DIRECTION('',(0.0,1.0,0.0));
#25711=ORIENTED_EDGE('',*,*,#25712,.F.);
#25724=CARTESIAN_POINT('',(-2.337,-3.023,0.406));
#25723=VERTEX_POINT('',#25724);
#25722=EDGE_CURVE('',#25723,#25713,#25727,.T.);
#25727=LINE('',#25724,#25729);
#25729=VECTOR('',#25730,0.406400172783485);
#25730=DIRECTION('',(-1.0,0.0,0.0));
#25721=ORIENTED_EDGE('',*,*,#25722,.F.);
#25734=CARTESIAN_POINT('',(-2.337,-1.651,0.406));
#25733=VERTEX_POINT('',#25734);
#25732=EDGE_CURVE('',#25733,#25723,#25737,.T.);
#25737=LINE('',#25734,#25739);
#25739=VECTOR('',#25740,1.37160634838143);
#25740=DIRECTION('',(0.0,-1.0,0.0));
#25731=ORIENTED_EDGE('',*,*,#25732,.F.);
#25742=EDGE_CURVE('',#25715,#25733,#25747,.T.);
#25747=LINE('',#25716,#25749);
#25749=VECTOR('',#25750,0.406400026558929);
#25750=DIRECTION('',(1.0,0.0,0.0));
#25741=ORIENTED_EDGE('',*,*,#25742,.F.);
#25800=STYLED_ITEM('',(#34),#25801);
#25801=ADVANCED_FACE('',(#25807),#25802,.T.);
#25802=PLANE('',#25803);
#25803=AXIS2_PLACEMENT_3D('',#25804,#25805,#25806);
#25804=CARTESIAN_POINT('',(-2.337,-1.651,0.0));
#25805=DIRECTION('',(0.0,0.0,-1.0));
#25806=DIRECTION('',(0.,1.,0.));
#25807=FACE_OUTER_BOUND('',#25808,.T.);
#25808=EDGE_LOOP('',(#25809,#25819,#25829,#25839));
#25812=CARTESIAN_POINT('',(-2.337,-3.023,0.0));
#25811=VERTEX_POINT('',#25812);
#25814=CARTESIAN_POINT('',(-2.337,-1.651,0.0));
#25813=VERTEX_POINT('',#25814);
#25810=EDGE_CURVE('',#25811,#25813,#25815,.T.);
#25815=LINE('',#25812,#25817);
#25817=VECTOR('',#25818,1.37160634838143);
#25818=DIRECTION('',(0.0,1.0,0.0));
#25809=ORIENTED_EDGE('',*,*,#25810,.F.);
#25822=CARTESIAN_POINT('',(-2.743,-3.023,0.0));
#25821=VERTEX_POINT('',#25822);
#25820=EDGE_CURVE('',#25821,#25811,#25825,.T.);
#25825=LINE('',#25822,#25827);
#25827=VECTOR('',#25828,0.406400172783485);
#25828=DIRECTION('',(1.0,0.0,0.0));
#25819=ORIENTED_EDGE('',*,*,#25820,.F.);
#25832=CARTESIAN_POINT('',(-2.743,-1.651,0.0));
#25831=VERTEX_POINT('',#25832);
#25830=EDGE_CURVE('',#25831,#25821,#25835,.T.);
#25835=LINE('',#25832,#25837);
#25837=VECTOR('',#25838,1.37160634838143);
#25838=DIRECTION('',(0.0,-1.0,0.0));
#25829=ORIENTED_EDGE('',*,*,#25830,.F.);
#25840=EDGE_CURVE('',#25813,#25831,#25845,.T.);
#25845=LINE('',#25814,#25847);
#25847=VECTOR('',#25848,0.406400026558929);
#25848=DIRECTION('',(-1.0,0.0,0.0));
#25839=ORIENTED_EDGE('',*,*,#25840,.F.);
#25898=STYLED_ITEM('',(#34),#25899);
#25899=ADVANCED_FACE('',(#25905),#25900,.T.);
#25900=PLANE('',#25901);
#25901=AXIS2_PLACEMENT_3D('',#25902,#25903,#25904);
#25902=CARTESIAN_POINT('',(-2.642,-3.124,0.305));
#25903=DIRECTION('',(0.0,-0.707,0.707));
#25904=DIRECTION('',(0.,0.,1.));
#25905=FACE_OUTER_BOUND('',#25906,.T.);
#25906=EDGE_LOOP('',(#25907,#25917,#25927,#25937));
#25910=CARTESIAN_POINT('',(-2.438,-3.124,0.305));
#25909=VERTEX_POINT('',#25910);
#25912=CARTESIAN_POINT('',(-2.642,-3.124,0.305));
#25911=VERTEX_POINT('',#25912);
#25908=EDGE_CURVE('',#25909,#25911,#25913,.T.);
#25913=LINE('',#25910,#25915);
#25915=VECTOR('',#25916,0.203200187106065);
#25916=DIRECTION('',(-1.0,0.0,0.0));
#25907=ORIENTED_EDGE('',*,*,#25908,.F.);
#25918=EDGE_CURVE('',#25723,#25909,#25923,.T.);
#25923=LINE('',#25724,#25925);
#25925=VECTOR('',#25926,0.175976360873829);
#25926=DIRECTION('',(-0.577,-0.577,-0.577));
#25917=ORIENTED_EDGE('',*,*,#25918,.F.);
#25927=ORIENTED_EDGE('',*,*,#25722,.T.);
#25938=EDGE_CURVE('',#25911,#25713,#25943,.T.);
#25943=LINE('',#25912,#25945);
#25945=VECTOR('',#25946,0.17597636087383);
#25946=DIRECTION('',(-0.577,0.577,0.577));
#25937=ORIENTED_EDGE('',*,*,#25938,.F.);
#25947=STYLED_ITEM('',(#34),#25948);
#25948=ADVANCED_FACE('',(#25954),#25949,.T.);
#25949=PLANE('',#25950);
#25950=AXIS2_PLACEMENT_3D('',#25951,#25952,#25953);
#25951=CARTESIAN_POINT('',(-2.743,-3.023,0.0));
#25952=DIRECTION('',(-0.707,-0.707,0.0));
#25953=DIRECTION('',(0.,0.,1.));
#25954=FACE_OUTER_BOUND('',#25955,.T.);
#25955=EDGE_LOOP('',(#25956,#25966,#25976,#25986));
#25959=CARTESIAN_POINT('',(-2.642,-3.124,0.102));
#25958=VERTEX_POINT('',#25959);
#25957=EDGE_CURVE('',#25958,#25821,#25962,.T.);
#25962=LINE('',#25959,#25964);
#25964=VECTOR('',#25965,0.17597636087383);
#25965=DIRECTION('',(-0.577,0.577,-0.577));
#25956=ORIENTED_EDGE('',*,*,#25957,.F.);
#25967=EDGE_CURVE('',#25911,#25958,#25972,.T.);
#25972=LINE('',#25912,#25974);
#25974=VECTOR('',#25975,0.2032);
#25975=DIRECTION('',(0.0,0.0,-1.0));
#25966=ORIENTED_EDGE('',*,*,#25967,.F.);
#25976=ORIENTED_EDGE('',*,*,#25938,.T.);
#25987=EDGE_CURVE('',#25821,#25713,#25992,.T.);
#25992=LINE('',#25822,#25994);
#25994=VECTOR('',#25995,0.4064);
#25995=DIRECTION('',(0.0,0.0,1.0));
#25986=ORIENTED_EDGE('',*,*,#25987,.F.);
#25996=STYLED_ITEM('',(#34),#25997);
#25997=ADVANCED_FACE('',(#26003),#25998,.T.);
#25998=PLANE('',#25999);
#25999=AXIS2_PLACEMENT_3D('',#26000,#26001,#26002);
#26000=CARTESIAN_POINT('',(-2.743,-3.023,0.0));
#26001=DIRECTION('',(0.0,-0.707,-0.707));
#26002=DIRECTION('',(0.,0.,1.));
#26003=FACE_OUTER_BOUND('',#26004,.T.);
#26004=EDGE_LOOP('',(#26005,#26015,#26025,#26035));
#26005=ORIENTED_EDGE('',*,*,#25820,.T.);
#26018=CARTESIAN_POINT('',(-2.438,-3.124,0.102));
#26017=VERTEX_POINT('',#26018);
#26016=EDGE_CURVE('',#26017,#25811,#26021,.T.);
#26021=LINE('',#26018,#26023);
#26023=VECTOR('',#26024,0.175976360873829);
#26024=DIRECTION('',(0.577,0.577,-0.577));
#26015=ORIENTED_EDGE('',*,*,#26016,.F.);
#26026=EDGE_CURVE('',#25958,#26017,#26031,.T.);
#26031=LINE('',#25959,#26033);
#26033=VECTOR('',#26034,0.203200187106065);
#26034=DIRECTION('',(1.0,0.0,0.0));
#26025=ORIENTED_EDGE('',*,*,#26026,.F.);
#26035=ORIENTED_EDGE('',*,*,#25957,.T.);
#26045=STYLED_ITEM('',(#34),#26046);
#26046=ADVANCED_FACE('',(#26052),#26047,.T.);
#26047=PLANE('',#26048);
#26048=AXIS2_PLACEMENT_3D('',#26049,#26050,#26051);
#26049=CARTESIAN_POINT('',(-2.438,-3.124,0.102));
#26050=DIRECTION('',(0.707,-0.707,0.0));
#26051=DIRECTION('',(0.,0.,1.));
#26052=FACE_OUTER_BOUND('',#26053,.T.);
#26053=EDGE_LOOP('',(#26054,#26064,#26074,#26084));
#26054=ORIENTED_EDGE('',*,*,#26016,.T.);
#26065=EDGE_CURVE('',#25723,#25811,#26070,.T.);
#26070=LINE('',#25724,#26072);
#26072=VECTOR('',#26073,0.4064);
#26073=DIRECTION('',(0.0,0.0,-1.0));
#26064=ORIENTED_EDGE('',*,*,#26065,.F.);
#26074=ORIENTED_EDGE('',*,*,#25918,.T.);
#26085=EDGE_CURVE('',#26017,#25909,#26090,.T.);
#26090=LINE('',#26018,#26092);
#26092=VECTOR('',#26093,0.2032);
#26093=DIRECTION('',(0.0,0.0,1.0));
#26084=ORIENTED_EDGE('',*,*,#26085,.F.);
#26094=STYLED_ITEM('',(#34),#26095);
#26095=ADVANCED_FACE('',(#26101),#26096,.T.);
#26096=PLANE('',#26097);
#26097=AXIS2_PLACEMENT_3D('',#26098,#26099,#26100);
#26098=CARTESIAN_POINT('',(-2.642,-3.124,0.102));
#26099=DIRECTION('',(0.0,-1.0,0.0));
#26100=DIRECTION('',(0.,0.,1.));
#26101=FACE_OUTER_BOUND('',#26102,.T.);
#26102=EDGE_LOOP('',(#26103,#26113,#26123,#26133));
#26103=ORIENTED_EDGE('',*,*,#26026,.T.);
#26113=ORIENTED_EDGE('',*,*,#26085,.T.);
#26123=ORIENTED_EDGE('',*,*,#25908,.T.);
#26133=ORIENTED_EDGE('',*,*,#25967,.T.);
#26143=STYLED_ITEM($,(#34),#26144);
#26144=ADVANCED_FACE($,(#26150),#26145,.F.);
#26145=CYLINDRICAL_SURFACE($,#26146,0.10159365);
#26146=AXIS2_PLACEMENT_3D($,#26147,#26148,#26149);
#26147=CARTESIAN_POINT('',(-2.743,-1.651,0.508));
#26148=DIRECTION('',(-1.0,0.0,0.0));
#26149=DIRECTION('',(0.,0.,1.));
#26150=FACE_OUTER_BOUND($,#26151,.T.);
#26151=EDGE_LOOP($,(#26163,#26173,#26184,#26152));
#26163=ORIENTED_EDGE('',*,*,#25742,.T.);
#26174=EDGE_CURVE($,#25615,#25733,#26179,.T.);
#26179=CIRCLE($,#26180,0.10159365);
#26181=CARTESIAN_POINT('',(-2.337,-1.651,0.508));
#26180=AXIS2_PLACEMENT_3D($,#26181,#26182,#26183);
#26182=DIRECTION('',(-1.0,0.0,0.0));
#26183=DIRECTION('',(0.0,-0.707,-0.707));
#26173=ORIENTED_EDGE('',*,*,#26174,.F.);
#26184=ORIENTED_EDGE('',*,*,#25614,.T.);
#26153=EDGE_CURVE($,#25715,#25617,#26158,.T.);
#26158=CIRCLE($,#26159,0.10159365);
#26160=CARTESIAN_POINT('',(-2.743,-1.651,0.508));
#26159=AXIS2_PLACEMENT_3D($,#26160,#26161,#26162);
#26161=DIRECTION('',(1.0,0.0,0.0));
#26162=DIRECTION('',(0.0,0.707,0.707));
#26152=ORIENTED_EDGE('',*,*,#26153,.F.);
#26194=STYLED_ITEM($,(#34),#26195);
#26195=ADVANCED_FACE($,(#26201),#26196,.T.);
#26196=CYLINDRICAL_SURFACE($,#26197,0.50799365);
#26197=AXIS2_PLACEMENT_3D($,#26198,#26199,#26200);
#26198=CARTESIAN_POINT('',(-2.743,-1.651,0.508));
#26199=DIRECTION('',(1.0,0.0,0.0));
#26200=DIRECTION('',(0.,0.,1.));
#26201=FACE_OUTER_BOUND($,#26202,.T.);
#26202=EDGE_LOOP($,(#26214,#26224,#26235,#26203));
#26214=ORIENTED_EDGE('',*,*,#25840,.T.);
#26225=EDGE_CURVE($,#25664,#25831,#26230,.T.);
#26230=CIRCLE($,#26231,0.50799365);
#26231=AXIS2_PLACEMENT_3D($,#26160,#26233,#26234);
#26233=DIRECTION('',(-1.0,0.0,0.0));
#26234=DIRECTION('',(0.0,-0.707,-0.707));
#26224=ORIENTED_EDGE('',*,*,#26225,.F.);
#26235=ORIENTED_EDGE('',*,*,#25663,.T.);
#26204=EDGE_CURVE($,#25813,#25666,#26209,.T.);
#26209=CIRCLE($,#26210,0.50799365);
#26210=AXIS2_PLACEMENT_3D($,#26181,#26212,#26213);
#26212=DIRECTION('',(1.0,0.0,0.0));
#26213=DIRECTION('',(0.0,0.707,0.707));
#26203=ORIENTED_EDGE('',*,*,#26204,.F.);
#26245=STYLED_ITEM('color',(#34),#26246);
#26246=ADVANCED_FACE($,(#26252),#26247,.T.);
#26247=PLANE($,#26248);
#26248=AXIS2_PLACEMENT_3D($,#26249,#26250,#26251);
#26249=CARTESIAN_POINT('',(-2.743,-1.143,0.508));
#26250=DIRECTION('',(-1.0,0.0,0.0));
#26251=DIRECTION('',(1.,0.,0.));
#26252=FACE_OUTER_BOUND($,#26253,.T.);
#26253=EDGE_LOOP($,(#26256, #26266, #26276, #26286, #26297, #26307, #26317, #26327));
#26256=ORIENTED_EDGE('',*,*,#25644,.T.);
#26266=ORIENTED_EDGE('',*,*,#25565,.T.);
#26276=ORIENTED_EDGE('',*,*,#25673,.T.);
#26286=ORIENTED_EDGE('',*,*,#26225,.T.);
#26297=ORIENTED_EDGE('',*,*,#25830,.T.);
#26307=ORIENTED_EDGE('',*,*,#25987,.T.);
#26317=ORIENTED_EDGE('',*,*,#25712,.T.);
#26327=ORIENTED_EDGE('',*,*,#26153,.T.);
#26338=STYLED_ITEM('color',(#34),#26339);
#26339=ADVANCED_FACE($,(#26345),#26340,.T.);
#26340=PLANE($,#26341);
#26341=AXIS2_PLACEMENT_3D($,#26342,#26343,#26344);
#26342=CARTESIAN_POINT('',(-2.337,-1.143,0.508));
#26343=DIRECTION('',(1.0,0.0,0.0));
#26344=DIRECTION('',(-1.,0.,0.));
#26345=FACE_OUTER_BOUND($,#26346,.T.);
#26346=EDGE_LOOP($,(#26349, #26359, #26369, #26379, #26390, #26400, #26410, #26420));
#26349=ORIENTED_EDGE('',*,*,#25693,.T.);
#26359=ORIENTED_EDGE('',*,*,#25585,.T.);
#26369=ORIENTED_EDGE('',*,*,#25624,.T.);
#26379=ORIENTED_EDGE('',*,*,#26174,.T.);
#26390=ORIENTED_EDGE('',*,*,#25732,.T.);
#26400=ORIENTED_EDGE('',*,*,#26065,.T.);
#26410=ORIENTED_EDGE('',*,*,#25810,.T.);
#26420=ORIENTED_EDGE('',*,*,#26204,.T.);
#26431=MANIFOLD_SOLID_BREP($,#26432);
#26432=CLOSED_SHELL('',(#26436,#26485,#26534,#26583,#26632,#26681,#26730,#26779,#26828,#26877));
#26433=MANIFOLD_SOLID_BREP($,#26434);
#26434=CLOSED_SHELL('',(#26926,#26975,#27024,#27073,#27171,#27269,#27318,#27367,#27416,#27465,#27514,#27565,#27616,#27709));
#26435=STYLED_ITEM('',(#34),#26436);
#26436=ADVANCED_FACE('',(#26442),#26437,.T.);
#26437=PLANE('',#26438);
#26438=AXIS2_PLACEMENT_3D('',#26439,#26440,#26441);
#26439=CARTESIAN_POINT('',(-3.912,-1.245,5.969));
#26440=DIRECTION('',(0.0,0.0,1.0));
#26441=DIRECTION('',(0.,1.,0.));
#26442=FACE_OUTER_BOUND('',#26443,.T.);
#26443=EDGE_LOOP('',(#26444,#26454,#26464,#26474));
#26447=CARTESIAN_POINT('',(-3.912,-1.448,5.969));
#26446=VERTEX_POINT('',#26447);
#26449=CARTESIAN_POINT('',(-3.912,-1.245,5.969));
#26448=VERTEX_POINT('',#26449);
#26445=EDGE_CURVE('',#26446,#26448,#26450,.T.);
#26450=LINE('',#26447,#26452);
#26452=VECTOR('',#26453,0.203199997275109);
#26453=DIRECTION('',(0.0,1.0,0.0));
#26444=ORIENTED_EDGE('',*,*,#26445,.F.);
#26457=CARTESIAN_POINT('',(-3.708,-1.448,5.969));
#26456=VERTEX_POINT('',#26457);
#26455=EDGE_CURVE('',#26456,#26446,#26460,.T.);
#26460=LINE('',#26457,#26462);
#26462=VECTOR('',#26463,0.203200008169614);
#26463=DIRECTION('',(-1.0,0.0,0.0));
#26454=ORIENTED_EDGE('',*,*,#26455,.F.);
#26467=CARTESIAN_POINT('',(-3.708,-1.245,5.969));
#26466=VERTEX_POINT('',#26467);
#26465=EDGE_CURVE('',#26466,#26456,#26470,.T.);
#26470=LINE('',#26467,#26472);
#26472=VECTOR('',#26473,0.203199997275109);
#26473=DIRECTION('',(0.0,-1.0,0.0));
#26464=ORIENTED_EDGE('',*,*,#26465,.F.);
#26475=EDGE_CURVE('',#26448,#26466,#26480,.T.);
#26480=LINE('',#26449,#26482);
#26482=VECTOR('',#26483,0.203199997280168);
#26483=DIRECTION('',(1.0,0.0,0.0));
#26474=ORIENTED_EDGE('',*,*,#26475,.F.);
#26484=STYLED_ITEM('',(#34),#26485);
#26485=ADVANCED_FACE('',(#26491),#26486,.T.);
#26486=PLANE('',#26487);
#26487=AXIS2_PLACEMENT_3D('',#26488,#26489,#26490);
#26488=CARTESIAN_POINT('',(-4.013,-1.549,5.867));
#26489=DIRECTION('',(0.0,-0.707,0.707));
#26490=DIRECTION('',(0.,0.,1.));
#26491=FACE_OUTER_BOUND('',#26492,.T.);
#26492=EDGE_LOOP('',(#26493,#26503,#26513,#26523));
#26496=CARTESIAN_POINT('',(-3.607,-1.549,5.867));
#26495=VERTEX_POINT('',#26496);
#26498=CARTESIAN_POINT('',(-4.013,-1.549,5.867));
#26497=VERTEX_POINT('',#26498);
#26494=EDGE_CURVE('',#26495,#26497,#26499,.T.);
#26499=LINE('',#26496,#26501);
#26501=VECTOR('',#26502,0.406400016339228);
#26502=DIRECTION('',(-1.0,0.0,0.0));
#26493=ORIENTED_EDGE('',*,*,#26494,.F.);
#26504=EDGE_CURVE('',#26456,#26495,#26509,.T.);
#26509=LINE('',#26457,#26511);
#26511=VECTOR('',#26512,0.175976362048998);
#26512=DIRECTION('',(0.577,-0.577,-0.577));
#26503=ORIENTED_EDGE('',*,*,#26504,.F.);
#26513=ORIENTED_EDGE('',*,*,#26455,.T.);
#26524=EDGE_CURVE('',#26497,#26446,#26529,.T.);
#26529=LINE('',#26498,#26531);
#26531=VECTOR('',#26532,0.175976362048998);
#26532=DIRECTION('',(0.577,0.577,0.577));
#26523=ORIENTED_EDGE('',*,*,#26524,.F.);
#26533=STYLED_ITEM('',(#34),#26534);
#26534=ADVANCED_FACE('',(#26540),#26535,.T.);
#26535=PLANE('',#26536);
#26536=AXIS2_PLACEMENT_3D('',#26537,#26538,#26539);
#26537=CARTESIAN_POINT('',(-3.607,-1.549,5.867));
#26538=DIRECTION('',(0.707,0.0,0.707));
#26539=DIRECTION('',(0.,0.,1.));
#26540=FACE_OUTER_BOUND('',#26541,.T.);
#26541=EDGE_LOOP('',(#26542,#26552,#26562,#26572));
#26545=CARTESIAN_POINT('',(-3.607,-1.143,5.867));
#26544=VERTEX_POINT('',#26545);
#26543=EDGE_CURVE('',#26544,#26495,#26548,.T.);
#26548=LINE('',#26545,#26550);
#26550=VECTOR('',#26551,0.406399994550218);
#26551=DIRECTION('',(0.0,-1.0,0.0));
#26542=ORIENTED_EDGE('',*,*,#26543,.F.);
#26553=EDGE_CURVE('',#26466,#26544,#26558,.T.);
#26558=LINE('',#26467,#26560);
#26560=VECTOR('',#26561,0.175976362048998);
#26561=DIRECTION('',(0.577,0.577,-0.577));
#26552=ORIENTED_EDGE('',*,*,#26553,.F.);
#26562=ORIENTED_EDGE('',*,*,#26465,.T.);
#26572=ORIENTED_EDGE('',*,*,#26504,.T.);
#26582=STYLED_ITEM('',(#34),#26583);
#26583=ADVANCED_FACE('',(#26589),#26584,.T.);
#26584=PLANE('',#26585);
#26585=AXIS2_PLACEMENT_3D('',#26586,#26587,#26588);
#26586=CARTESIAN_POINT('',(-3.607,-1.143,5.867));
#26587=DIRECTION('',(0.0,0.707,0.707));
#26588=DIRECTION('',(0.,0.,1.));
#26589=FACE_OUTER_BOUND('',#26590,.T.);
#26590=EDGE_LOOP('',(#26591,#26601,#26611,#26621));
#26594=CARTESIAN_POINT('',(-4.013,-1.143,5.867));
#26593=VERTEX_POINT('',#26594);
#26592=EDGE_CURVE('',#26593,#26544,#26597,.T.);
#26597=LINE('',#26594,#26599);
#26599=VECTOR('',#26600,0.406399994560336);
#26600=DIRECTION('',(1.0,0.0,0.0));
#26591=ORIENTED_EDGE('',*,*,#26592,.F.);
#26602=EDGE_CURVE('',#26448,#26593,#26607,.T.);
#26607=LINE('',#26449,#26609);
#26609=VECTOR('',#26610,0.175976362048998);
#26610=DIRECTION('',(-0.577,0.577,-0.577));
#26601=ORIENTED_EDGE('',*,*,#26602,.F.);
#26611=ORIENTED_EDGE('',*,*,#26475,.T.);
#26621=ORIENTED_EDGE('',*,*,#26553,.T.);
#26631=STYLED_ITEM('',(#34),#26632);
#26632=ADVANCED_FACE('',(#26638),#26633,.T.);
#26633=PLANE('',#26634);
#26634=AXIS2_PLACEMENT_3D('',#26635,#26636,#26637);
#26635=CARTESIAN_POINT('',(-4.013,-1.143,5.867));
#26636=DIRECTION('',(-0.707,0.0,0.707));
#26637=DIRECTION('',(0.,0.,1.));
#26638=FACE_OUTER_BOUND('',#26639,.T.);
#26639=EDGE_LOOP('',(#26640,#26650,#26660,#26670));
#26641=EDGE_CURVE('',#26497,#26593,#26646,.T.);
#26646=LINE('',#26498,#26648);
#26648=VECTOR('',#26649,0.406399994550218);
#26649=DIRECTION('',(0.0,1.0,0.0));
#26640=ORIENTED_EDGE('',*,*,#26641,.F.);
#26650=ORIENTED_EDGE('',*,*,#26524,.T.);
#26660=ORIENTED_EDGE('',*,*,#26445,.T.);
#26670=ORIENTED_EDGE('',*,*,#26602,.T.);
#26680=STYLED_ITEM('',(#34),#26681);
#26681=ADVANCED_FACE('',(#26687),#26682,.T.);
#26682=PLANE('',#26683);
#26683=AXIS2_PLACEMENT_3D('',#26684,#26685,#26686);
#26684=CARTESIAN_POINT('',(-4.013,-1.549,2.438));
#26685=DIRECTION('',(0.0,-1.0,0.0));
#26686=DIRECTION('',(0.,0.,1.));
#26687=FACE_OUTER_BOUND('',#26688,.T.);
#26688=EDGE_LOOP('',(#26689,#26699,#26709,#26719));
#26692=CARTESIAN_POINT('',(-3.607,-1.549,2.438));
#26691=VERTEX_POINT('',#26692);
#26694=CARTESIAN_POINT('',(-4.013,-1.549,2.438));
#26693=VERTEX_POINT('',#26694);
#26690=EDGE_CURVE('',#26691,#26693,#26695,.T.);
#26695=LINE('',#26692,#26697);
#26697=VECTOR('',#26698,0.406400016339228);
#26698=DIRECTION('',(-1.0,0.0,0.0));
#26689=ORIENTED_EDGE('',*,*,#26690,.F.);
#26700=EDGE_CURVE('',#26495,#26691,#26705,.T.);
#26705=LINE('',#26496,#26707);
#26707=VECTOR('',#26708,3.4290254);
#26708=DIRECTION('',(0.0,0.0,-1.0));
#26699=ORIENTED_EDGE('',*,*,#26700,.F.);
#26709=ORIENTED_EDGE('',*,*,#26494,.T.);
#26720=EDGE_CURVE('',#26693,#26497,#26725,.T.);
#26725=LINE('',#26694,#26727);
#26727=VECTOR('',#26728,3.4290254);
#26728=DIRECTION('',(0.0,0.0,1.0));
#26719=ORIENTED_EDGE('',*,*,#26720,.F.);
#26729=STYLED_ITEM('',(#34),#26730);
#26730=ADVANCED_FACE('',(#26736),#26731,.T.);
#26731=PLANE('',#26732);
#26732=AXIS2_PLACEMENT_3D('',#26733,#26734,#26735);
#26733=CARTESIAN_POINT('',(-3.607,-1.549,2.438));
#26734=DIRECTION('',(1.0,0.0,0.0));
#26735=DIRECTION('',(0.,0.,1.));
#26736=FACE_OUTER_BOUND('',#26737,.T.);
#26737=EDGE_LOOP('',(#26738,#26748,#26758,#26768));
#26741=CARTESIAN_POINT('',(-3.607,-1.143,2.438));
#26740=VERTEX_POINT('',#26741);
#26739=EDGE_CURVE('',#26740,#26691,#26744,.T.);
#26744=LINE('',#26741,#26746);
#26746=VECTOR('',#26747,0.406399994550218);
#26747=DIRECTION('',(0.0,-1.0,0.0));
#26738=ORIENTED_EDGE('',*,*,#26739,.F.);
#26749=EDGE_CURVE('',#26544,#26740,#26754,.T.);
#26754=LINE('',#26545,#26756);
#26756=VECTOR('',#26757,3.4290254);
#26757=DIRECTION('',(0.0,0.0,-1.0));
#26748=ORIENTED_EDGE('',*,*,#26749,.F.);
#26758=ORIENTED_EDGE('',*,*,#26543,.T.);
#26768=ORIENTED_EDGE('',*,*,#26700,.T.);
#26778=STYLED_ITEM('',(#34),#26779);
#26779=ADVANCED_FACE('',(#26785),#26780,.T.);
#26780=PLANE('',#26781);
#26781=AXIS2_PLACEMENT_3D('',#26782,#26783,#26784);
#26782=CARTESIAN_POINT('',(-3.607,-1.143,2.438));
#26783=DIRECTION('',(0.0,1.0,0.0));
#26784=DIRECTION('',(0.,0.,1.));
#26785=FACE_OUTER_BOUND('',#26786,.T.);
#26786=EDGE_LOOP('',(#26787,#26797,#26807,#26817));
#26790=CARTESIAN_POINT('',(-4.013,-1.143,2.438));
#26789=VERTEX_POINT('',#26790);
#26788=EDGE_CURVE('',#26789,#26740,#26793,.T.);
#26793=LINE('',#26790,#26795);
#26795=VECTOR('',#26796,0.406399994560336);
#26796=DIRECTION('',(1.0,0.0,0.0));
#26787=ORIENTED_EDGE('',*,*,#26788,.F.);
#26798=EDGE_CURVE('',#26593,#26789,#26803,.T.);
#26803=LINE('',#26594,#26805);
#26805=VECTOR('',#26806,3.4290254);
#26806=DIRECTION('',(0.0,0.0,-1.0));
#26797=ORIENTED_EDGE('',*,*,#26798,.F.);
#26807=ORIENTED_EDGE('',*,*,#26592,.T.);
#26817=ORIENTED_EDGE('',*,*,#26749,.T.);
#26827=STYLED_ITEM('',(#34),#26828);
#26828=ADVANCED_FACE('',(#26834),#26829,.T.);
#26829=PLANE('',#26830);
#26830=AXIS2_PLACEMENT_3D('',#26831,#26832,#26833);
#26831=CARTESIAN_POINT('',(-4.013,-1.143,2.438));
#26832=DIRECTION('',(-1.0,0.0,0.0));
#26833=DIRECTION('',(0.,0.,1.));
#26834=FACE_OUTER_BOUND('',#26835,.T.);
#26835=EDGE_LOOP('',(#26836,#26846,#26856,#26866));
#26837=EDGE_CURVE('',#26693,#26789,#26842,.T.);
#26842=LINE('',#26694,#26844);
#26844=VECTOR('',#26845,0.406399994550218);
#26845=DIRECTION('',(0.0,1.0,0.0));
#26836=ORIENTED_EDGE('',*,*,#26837,.F.);
#26846=ORIENTED_EDGE('',*,*,#26720,.T.);
#26856=ORIENTED_EDGE('',*,*,#26641,.T.);
#26866=ORIENTED_EDGE('',*,*,#26798,.T.);
#26876=STYLED_ITEM('',(#34),#26877);
#26877=ADVANCED_FACE('',(#26883),#26878,.T.);
#26878=PLANE('',#26879);
#26879=AXIS2_PLACEMENT_3D('',#26880,#26881,#26882);
#26880=CARTESIAN_POINT('',(-3.607,-1.143,2.438));
#26881=DIRECTION('',(0.0,0.0,-1.0));
#26882=DIRECTION('',(0.,1.,0.));
#26883=FACE_OUTER_BOUND('',#26884,.T.);
#26884=EDGE_LOOP('',(#26885,#26895,#26905,#26915));
#26885=ORIENTED_EDGE('',*,*,#26739,.T.);
#26895=ORIENTED_EDGE('',*,*,#26690,.T.);
#26905=ORIENTED_EDGE('',*,*,#26837,.T.);
#26915=ORIENTED_EDGE('',*,*,#26788,.T.);
#26925=STYLED_ITEM('',(#34),#26926);
#26926=ADVANCED_FACE('',(#26932),#26927,.T.);
#26927=PLANE('',#26928);
#26928=AXIS2_PLACEMENT_3D('',#26929,#26930,#26931);
#26929=CARTESIAN_POINT('',(-4.013,-1.143,0.61));
#26930=DIRECTION('',(0.0,0.0,1.0));
#26931=DIRECTION('',(0.,1.,0.));
#26932=FACE_OUTER_BOUND('',#26933,.T.);
#26933=EDGE_LOOP('',(#26934,#26944,#26954,#26964));
#26937=CARTESIAN_POINT('',(-4.013,-1.549,0.61));
#26936=VERTEX_POINT('',#26937);
#26939=CARTESIAN_POINT('',(-4.013,-1.143,0.61));
#26938=VERTEX_POINT('',#26939);
#26935=EDGE_CURVE('',#26936,#26938,#26940,.T.);
#26940=LINE('',#26937,#26942);
#26942=VECTOR('',#26943,0.406399994550218);
#26943=DIRECTION('',(0.0,1.0,0.0));
#26934=ORIENTED_EDGE('',*,*,#26935,.F.);
#26947=CARTESIAN_POINT('',(-3.607,-1.549,0.61));
#26946=VERTEX_POINT('',#26947);
#26945=EDGE_CURVE('',#26946,#26936,#26950,.T.);
#26950=LINE('',#26947,#26952);
#26952=VECTOR('',#26953,0.406400016339228);
#26953=DIRECTION('',(-1.0,0.0,0.0));
#26944=ORIENTED_EDGE('',*,*,#26945,.F.);
#26957=CARTESIAN_POINT('',(-3.607,-1.143,0.61));
#26956=VERTEX_POINT('',#26957);
#26955=EDGE_CURVE('',#26956,#26946,#26960,.T.);
#26960=LINE('',#26957,#26962);
#26962=VECTOR('',#26963,0.406399994550218);
#26963=DIRECTION('',(0.0,-1.0,0.0));
#26954=ORIENTED_EDGE('',*,*,#26955,.F.);
#26965=EDGE_CURVE('',#26938,#26956,#26970,.T.);
#26970=LINE('',#26939,#26972);
#26972=VECTOR('',#26973,0.406399994560336);
#26973=DIRECTION('',(1.0,0.0,0.0));
#26964=ORIENTED_EDGE('',*,*,#26965,.F.);
#26974=STYLED_ITEM('',(#34),#26975);
#26975=ADVANCED_FACE('',(#26981),#26976,.T.);
#26976=PLANE('',#26977);
#26977=AXIS2_PLACEMENT_3D('',#26978,#26979,#26980);
#26978=CARTESIAN_POINT('',(-4.013,-1.549,0.508));
#26979=DIRECTION('',(0.0,-1.0,0.0));
#26980=DIRECTION('',(0.,0.,1.));
#26981=FACE_OUTER_BOUND('',#26982,.T.);
#26982=EDGE_LOOP('',(#26983,#26993,#27003,#27013));
#26986=CARTESIAN_POINT('',(-3.607,-1.549,0.508));
#26985=VERTEX_POINT('',#26986);
#26988=CARTESIAN_POINT('',(-4.013,-1.549,0.508));
#26987=VERTEX_POINT('',#26988);
#26984=EDGE_CURVE('',#26985,#26987,#26989,.T.);
#26989=LINE('',#26986,#26991);
#26991=VECTOR('',#26992,0.406400016339228);
#26992=DIRECTION('',(-1.0,0.0,0.0));
#26983=ORIENTED_EDGE('',*,*,#26984,.F.);
#26994=EDGE_CURVE('',#26946,#26985,#26999,.T.);
#26999=LINE('',#26947,#27001);
#27001=VECTOR('',#27002,0.10159365);
#27002=DIRECTION('',(0.0,0.0,-1.0));
#26993=ORIENTED_EDGE('',*,*,#26994,.F.);
#27003=ORIENTED_EDGE('',*,*,#26945,.T.);
#27014=EDGE_CURVE('',#26987,#26936,#27019,.T.);
#27019=LINE('',#26988,#27021);
#27021=VECTOR('',#27022,0.10159365);
#27022=DIRECTION('',(0.0,0.0,1.0));
#27013=ORIENTED_EDGE('',*,*,#27014,.F.);
#27023=STYLED_ITEM('',(#34),#27024);
#27024=ADVANCED_FACE('',(#27030),#27025,.T.);
#27025=PLANE('',#27026);
#27026=AXIS2_PLACEMENT_3D('',#27027,#27028,#27029);
#27027=CARTESIAN_POINT('',(-3.607,-1.143,0.508));
#27028=DIRECTION('',(0.0,1.0,0.0));
#27029=DIRECTION('',(0.,0.,1.));
#27030=FACE_OUTER_BOUND('',#27031,.T.);
#27031=EDGE_LOOP('',(#27032,#27042,#27052,#27062));
#27035=CARTESIAN_POINT('',(-4.013,-1.143,0.508));
#27034=VERTEX_POINT('',#27035);
#27037=CARTESIAN_POINT('',(-3.607,-1.143,0.508));
#27036=VERTEX_POINT('',#27037);
#27033=EDGE_CURVE('',#27034,#27036,#27038,.T.);
#27038=LINE('',#27035,#27040);
#27040=VECTOR('',#27041,0.406399994560336);
#27041=DIRECTION('',(1.0,0.0,0.0));
#27032=ORIENTED_EDGE('',*,*,#27033,.F.);
#27043=EDGE_CURVE('',#26938,#27034,#27048,.T.);
#27048=LINE('',#26939,#27050);
#27050=VECTOR('',#27051,0.10159365);
#27051=DIRECTION('',(0.0,0.0,-1.0));
#27042=ORIENTED_EDGE('',*,*,#27043,.F.);
#27052=ORIENTED_EDGE('',*,*,#26965,.T.);
#27063=EDGE_CURVE('',#27036,#26956,#27068,.T.);
#27068=LINE('',#27037,#27070);
#27070=VECTOR('',#27071,0.10159365);
#27071=DIRECTION('',(0.0,0.0,1.0));
#27062=ORIENTED_EDGE('',*,*,#27063,.F.);
#27072=STYLED_ITEM('',(#34),#27073);
#27073=ADVANCED_FACE('',(#27079),#27074,.T.);
#27074=PLANE('',#27075);
#27075=AXIS2_PLACEMENT_3D('',#27076,#27077,#27078);
#27076=CARTESIAN_POINT('',(-4.013,-1.651,0.406));
#27077=DIRECTION('',(0.0,0.0,1.0));
#27078=DIRECTION('',(0.,1.,0.));
#27079=FACE_OUTER_BOUND('',#27080,.T.);
#27080=EDGE_LOOP('',(#27081,#27091,#27101,#27111));
#27084=CARTESIAN_POINT('',(-4.013,-3.023,0.406));
#27083=VERTEX_POINT('',#27084);
#27086=CARTESIAN_POINT('',(-4.013,-1.651,0.406));
#27085=VERTEX_POINT('',#27086);
#27082=EDGE_CURVE('',#27083,#27085,#27087,.T.);
#27087=LINE('',#27084,#27089);
#27089=VECTOR('',#27090,1.37160634838143);
#27090=DIRECTION('',(0.0,1.0,0.0));
#27081=ORIENTED_EDGE('',*,*,#27082,.F.);
#27094=CARTESIAN_POINT('',(-3.607,-3.023,0.406));
#27093=VERTEX_POINT('',#27094);
#27092=EDGE_CURVE('',#27093,#27083,#27097,.T.);
#27097=LINE('',#27094,#27099);
#27099=VECTOR('',#27100,0.406400172783485);
#27100=DIRECTION('',(-1.0,0.0,0.0));
#27091=ORIENTED_EDGE('',*,*,#27092,.F.);
#27104=CARTESIAN_POINT('',(-3.607,-1.651,0.406));
#27103=VERTEX_POINT('',#27104);
#27102=EDGE_CURVE('',#27103,#27093,#27107,.T.);
#27107=LINE('',#27104,#27109);
#27109=VECTOR('',#27110,1.37160634838143);
#27110=DIRECTION('',(0.0,-1.0,0.0));
#27101=ORIENTED_EDGE('',*,*,#27102,.F.);
#27112=EDGE_CURVE('',#27085,#27103,#27117,.T.);
#27117=LINE('',#27086,#27119);
#27119=VECTOR('',#27120,0.406400026558929);
#27120=DIRECTION('',(1.0,0.0,0.0));
#27111=ORIENTED_EDGE('',*,*,#27112,.F.);
#27170=STYLED_ITEM('',(#34),#27171);
#27171=ADVANCED_FACE('',(#27177),#27172,.T.);
#27172=PLANE('',#27173);
#27173=AXIS2_PLACEMENT_3D('',#27174,#27175,#27176);
#27174=CARTESIAN_POINT('',(-3.607,-1.651,0.0));
#27175=DIRECTION('',(0.0,0.0,-1.0));
#27176=DIRECTION('',(0.,1.,0.));
#27177=FACE_OUTER_BOUND('',#27178,.T.);
#27178=EDGE_LOOP('',(#27179,#27189,#27199,#27209));
#27182=CARTESIAN_POINT('',(-3.607,-3.023,0.0));
#27181=VERTEX_POINT('',#27182);
#27184=CARTESIAN_POINT('',(-3.607,-1.651,0.0));
#27183=VERTEX_POINT('',#27184);
#27180=EDGE_CURVE('',#27181,#27183,#27185,.T.);
#27185=LINE('',#27182,#27187);
#27187=VECTOR('',#27188,1.37160634838143);
#27188=DIRECTION('',(0.0,1.0,0.0));
#27179=ORIENTED_EDGE('',*,*,#27180,.F.);
#27192=CARTESIAN_POINT('',(-4.013,-3.023,0.0));
#27191=VERTEX_POINT('',#27192);
#27190=EDGE_CURVE('',#27191,#27181,#27195,.T.);
#27195=LINE('',#27192,#27197);
#27197=VECTOR('',#27198,0.406400172783485);
#27198=DIRECTION('',(1.0,0.0,0.0));
#27189=ORIENTED_EDGE('',*,*,#27190,.F.);
#27202=CARTESIAN_POINT('',(-4.013,-1.651,0.0));
#27201=VERTEX_POINT('',#27202);
#27200=EDGE_CURVE('',#27201,#27191,#27205,.T.);
#27205=LINE('',#27202,#27207);
#27207=VECTOR('',#27208,1.37160634838143);
#27208=DIRECTION('',(0.0,-1.0,0.0));
#27199=ORIENTED_EDGE('',*,*,#27200,.F.);
#27210=EDGE_CURVE('',#27183,#27201,#27215,.T.);
#27215=LINE('',#27184,#27217);
#27217=VECTOR('',#27218,0.406400026558929);
#27218=DIRECTION('',(-1.0,0.0,0.0));
#27209=ORIENTED_EDGE('',*,*,#27210,.F.);
#27268=STYLED_ITEM('',(#34),#27269);
#27269=ADVANCED_FACE('',(#27275),#27270,.T.);
#27270=PLANE('',#27271);
#27271=AXIS2_PLACEMENT_3D('',#27272,#27273,#27274);
#27272=CARTESIAN_POINT('',(-3.912,-3.124,0.305));
#27273=DIRECTION('',(0.0,-0.707,0.707));
#27274=DIRECTION('',(0.,0.,1.));
#27275=FACE_OUTER_BOUND('',#27276,.T.);
#27276=EDGE_LOOP('',(#27277,#27287,#27297,#27307));
#27280=CARTESIAN_POINT('',(-3.708,-3.124,0.305));
#27279=VERTEX_POINT('',#27280);
#27282=CARTESIAN_POINT('',(-3.912,-3.124,0.305));
#27281=VERTEX_POINT('',#27282);
#27278=EDGE_CURVE('',#27279,#27281,#27283,.T.);
#27283=LINE('',#27280,#27285);
#27285=VECTOR('',#27286,0.203200187106065);
#27286=DIRECTION('',(-1.0,0.0,0.0));
#27277=ORIENTED_EDGE('',*,*,#27278,.F.);
#27288=EDGE_CURVE('',#27093,#27279,#27293,.T.);
#27293=LINE('',#27094,#27295);
#27295=VECTOR('',#27296,0.175976360873829);
#27296=DIRECTION('',(-0.577,-0.577,-0.577));
#27287=ORIENTED_EDGE('',*,*,#27288,.F.);
#27297=ORIENTED_EDGE('',*,*,#27092,.T.);
#27308=EDGE_CURVE('',#27281,#27083,#27313,.T.);
#27313=LINE('',#27282,#27315);
#27315=VECTOR('',#27316,0.175976360873831);
#27316=DIRECTION('',(-0.577,0.577,0.577));
#27307=ORIENTED_EDGE('',*,*,#27308,.F.);
#27317=STYLED_ITEM('',(#34),#27318);
#27318=ADVANCED_FACE('',(#27324),#27319,.T.);
#27319=PLANE('',#27320);
#27320=AXIS2_PLACEMENT_3D('',#27321,#27322,#27323);
#27321=CARTESIAN_POINT('',(-4.013,-3.023,0.0));
#27322=DIRECTION('',(-0.707,-0.707,0.0));
#27323=DIRECTION('',(0.,0.,1.));
#27324=FACE_OUTER_BOUND('',#27325,.T.);
#27325=EDGE_LOOP('',(#27326,#27336,#27346,#27356));
#27329=CARTESIAN_POINT('',(-3.912,-3.124,0.102));
#27328=VERTEX_POINT('',#27329);
#27327=EDGE_CURVE('',#27328,#27191,#27332,.T.);
#27332=LINE('',#27329,#27334);
#27334=VECTOR('',#27335,0.175976360873831);
#27335=DIRECTION('',(-0.577,0.577,-0.577));
#27326=ORIENTED_EDGE('',*,*,#27327,.F.);
#27337=EDGE_CURVE('',#27281,#27328,#27342,.T.);
#27342=LINE('',#27282,#27344);
#27344=VECTOR('',#27345,0.2032);
#27345=DIRECTION('',(0.0,0.0,-1.0));
#27336=ORIENTED_EDGE('',*,*,#27337,.F.);
#27346=ORIENTED_EDGE('',*,*,#27308,.T.);
#27357=EDGE_CURVE('',#27191,#27083,#27362,.T.);
#27362=LINE('',#27192,#27364);
#27364=VECTOR('',#27365,0.4064);
#27365=DIRECTION('',(0.0,0.0,1.0));
#27356=ORIENTED_EDGE('',*,*,#27357,.F.);
#27366=STYLED_ITEM('',(#34),#27367);
#27367=ADVANCED_FACE('',(#27373),#27368,.T.);
#27368=PLANE('',#27369);
#27369=AXIS2_PLACEMENT_3D('',#27370,#27371,#27372);
#27370=CARTESIAN_POINT('',(-4.013,-3.023,0.0));
#27371=DIRECTION('',(0.0,-0.707,-0.707));
#27372=DIRECTION('',(0.,0.,1.));
#27373=FACE_OUTER_BOUND('',#27374,.T.);
#27374=EDGE_LOOP('',(#27375,#27385,#27395,#27405));
#27375=ORIENTED_EDGE('',*,*,#27190,.T.);
#27388=CARTESIAN_POINT('',(-3.708,-3.124,0.102));
#27387=VERTEX_POINT('',#27388);
#27386=EDGE_CURVE('',#27387,#27181,#27391,.T.);
#27391=LINE('',#27388,#27393);
#27393=VECTOR('',#27394,0.175976360873829);
#27394=DIRECTION('',(0.577,0.577,-0.577));
#27385=ORIENTED_EDGE('',*,*,#27386,.F.);
#27396=EDGE_CURVE('',#27328,#27387,#27401,.T.);
#27401=LINE('',#27329,#27403);
#27403=VECTOR('',#27404,0.203200187106065);
#27404=DIRECTION('',(1.0,0.0,0.0));
#27395=ORIENTED_EDGE('',*,*,#27396,.F.);
#27405=ORIENTED_EDGE('',*,*,#27327,.T.);
#27415=STYLED_ITEM('',(#34),#27416);
#27416=ADVANCED_FACE('',(#27422),#27417,.T.);
#27417=PLANE('',#27418);
#27418=AXIS2_PLACEMENT_3D('',#27419,#27420,#27421);
#27419=CARTESIAN_POINT('',(-3.708,-3.124,0.102));
#27420=DIRECTION('',(0.707,-0.707,0.0));
#27421=DIRECTION('',(0.,0.,1.));
#27422=FACE_OUTER_BOUND('',#27423,.T.);
#27423=EDGE_LOOP('',(#27424,#27434,#27444,#27454));
#27424=ORIENTED_EDGE('',*,*,#27386,.T.);
#27435=EDGE_CURVE('',#27093,#27181,#27440,.T.);
#27440=LINE('',#27094,#27442);
#27442=VECTOR('',#27443,0.4064);
#27443=DIRECTION('',(0.0,0.0,-1.0));
#27434=ORIENTED_EDGE('',*,*,#27435,.F.);
#27444=ORIENTED_EDGE('',*,*,#27288,.T.);
#27455=EDGE_CURVE('',#27387,#27279,#27460,.T.);
#27460=LINE('',#27388,#27462);
#27462=VECTOR('',#27463,0.2032);
#27463=DIRECTION('',(0.0,0.0,1.0));
#27454=ORIENTED_EDGE('',*,*,#27455,.F.);
#27464=STYLED_ITEM('',(#34),#27465);
#27465=ADVANCED_FACE('',(#27471),#27466,.T.);
#27466=PLANE('',#27467);
#27467=AXIS2_PLACEMENT_3D('',#27468,#27469,#27470);
#27468=CARTESIAN_POINT('',(-3.912,-3.124,0.102));
#27469=DIRECTION('',(0.0,-1.0,0.0));
#27470=DIRECTION('',(0.,0.,1.));
#27471=FACE_OUTER_BOUND('',#27472,.T.);
#27472=EDGE_LOOP('',(#27473,#27483,#27493,#27503));
#27473=ORIENTED_EDGE('',*,*,#27396,.T.);
#27483=ORIENTED_EDGE('',*,*,#27455,.T.);
#27493=ORIENTED_EDGE('',*,*,#27278,.T.);
#27503=ORIENTED_EDGE('',*,*,#27337,.T.);
#27513=STYLED_ITEM($,(#34),#27514);
#27514=ADVANCED_FACE($,(#27520),#27515,.F.);
#27515=CYLINDRICAL_SURFACE($,#27516,0.10159365);
#27516=AXIS2_PLACEMENT_3D($,#27517,#27518,#27519);
#27517=CARTESIAN_POINT('',(-4.013,-1.651,0.508));
#27518=DIRECTION('',(-1.0,0.0,0.0));
#27519=DIRECTION('',(0.,0.,1.));
#27520=FACE_OUTER_BOUND($,#27521,.T.);
#27521=EDGE_LOOP($,(#27533,#27543,#27554,#27522));
#27533=ORIENTED_EDGE('',*,*,#27112,.T.);
#27544=EDGE_CURVE($,#26985,#27103,#27549,.T.);
#27549=CIRCLE($,#27550,0.10159365);
#27551=CARTESIAN_POINT('',(-3.607,-1.651,0.508));
#27550=AXIS2_PLACEMENT_3D($,#27551,#27552,#27553);
#27552=DIRECTION('',(-1.0,0.0,0.0));
#27553=DIRECTION('',(0.0,-0.707,-0.707));
#27543=ORIENTED_EDGE('',*,*,#27544,.F.);
#27554=ORIENTED_EDGE('',*,*,#26984,.T.);
#27523=EDGE_CURVE($,#27085,#26987,#27528,.T.);
#27528=CIRCLE($,#27529,0.10159365);
#27530=CARTESIAN_POINT('',(-4.013,-1.651,0.508));
#27529=AXIS2_PLACEMENT_3D($,#27530,#27531,#27532);
#27531=DIRECTION('',(1.0,0.0,0.0));
#27532=DIRECTION('',(0.0,0.707,0.707));
#27522=ORIENTED_EDGE('',*,*,#27523,.F.);
#27564=STYLED_ITEM($,(#34),#27565);
#27565=ADVANCED_FACE($,(#27571),#27566,.T.);
#27566=CYLINDRICAL_SURFACE($,#27567,0.50799365);
#27567=AXIS2_PLACEMENT_3D($,#27568,#27569,#27570);
#27568=CARTESIAN_POINT('',(-4.013,-1.651,0.508));
#27569=DIRECTION('',(1.0,0.0,0.0));
#27570=DIRECTION('',(0.,0.,1.));
#27571=FACE_OUTER_BOUND($,#27572,.T.);
#27572=EDGE_LOOP($,(#27584,#27594,#27605,#27573));
#27584=ORIENTED_EDGE('',*,*,#27210,.T.);
#27595=EDGE_CURVE($,#27034,#27201,#27600,.T.);
#27600=CIRCLE($,#27601,0.50799365);
#27601=AXIS2_PLACEMENT_3D($,#27530,#27603,#27604);
#27603=DIRECTION('',(-1.0,0.0,0.0));
#27604=DIRECTION('',(0.0,-0.707,-0.707));
#27594=ORIENTED_EDGE('',*,*,#27595,.F.);
#27605=ORIENTED_EDGE('',*,*,#27033,.T.);
#27574=EDGE_CURVE($,#27183,#27036,#27579,.T.);
#27579=CIRCLE($,#27580,0.50799365);
#27580=AXIS2_PLACEMENT_3D($,#27551,#27582,#27583);
#27582=DIRECTION('',(1.0,0.0,0.0));
#27583=DIRECTION('',(0.0,0.707,0.707));
#27573=ORIENTED_EDGE('',*,*,#27574,.F.);
#27615=STYLED_ITEM('color',(#34),#27616);
#27616=ADVANCED_FACE($,(#27622),#27617,.T.);
#27617=PLANE($,#27618);
#27618=AXIS2_PLACEMENT_3D($,#27619,#27620,#27621);
#27619=CARTESIAN_POINT('',(-4.013,-1.143,0.508));
#27620=DIRECTION('',(-1.0,0.0,0.0));
#27621=DIRECTION('',(1.,0.,0.));
#27622=FACE_OUTER_BOUND($,#27623,.T.);
#27623=EDGE_LOOP($,(#27626, #27636, #27646, #27656, #27667, #27677, #27687, #27697));
#27626=ORIENTED_EDGE('',*,*,#27014,.T.);
#27636=ORIENTED_EDGE('',*,*,#26935,.T.);
#27646=ORIENTED_EDGE('',*,*,#27043,.T.);
#27656=ORIENTED_EDGE('',*,*,#27595,.T.);
#27667=ORIENTED_EDGE('',*,*,#27200,.T.);
#27677=ORIENTED_EDGE('',*,*,#27357,.T.);
#27687=ORIENTED_EDGE('',*,*,#27082,.T.);
#27697=ORIENTED_EDGE('',*,*,#27523,.T.);
#27708=STYLED_ITEM('color',(#34),#27709);
#27709=ADVANCED_FACE($,(#27715),#27710,.T.);
#27710=PLANE($,#27711);
#27711=AXIS2_PLACEMENT_3D($,#27712,#27713,#27714);
#27712=CARTESIAN_POINT('',(-3.607,-1.143,0.508));
#27713=DIRECTION('',(1.0,0.0,0.0));
#27714=DIRECTION('',(-1.,0.,0.));
#27715=FACE_OUTER_BOUND($,#27716,.T.);
#27716=EDGE_LOOP($,(#27719, #27729, #27739, #27749, #27760, #27770, #27780, #27790));
#27719=ORIENTED_EDGE('',*,*,#27063,.T.);
#27729=ORIENTED_EDGE('',*,*,#26955,.T.);
#27739=ORIENTED_EDGE('',*,*,#26994,.T.);
#27749=ORIENTED_EDGE('',*,*,#27544,.T.);
#27760=ORIENTED_EDGE('',*,*,#27102,.T.);
#27770=ORIENTED_EDGE('',*,*,#27435,.T.);
#27780=ORIENTED_EDGE('',*,*,#27180,.T.);
#27790=ORIENTED_EDGE('',*,*,#27574,.T.);
ENDSEC;
END-ISO-10303-21;
