ISO-10303-21;
HEADER;
FILE_DESCRIPTION(('CATIA V5 STEP Exchange','CAx-IF Rec.Pracs.--- Model Styling and Organization---1.2---2011-12-15'),'2;1');

FILE_NAME('\\\\dsl-hyd-pc-02\\D\\Quality_Check\\Weid_Muller\\VPD\\WIP\\From Kshithija\\22-09-2018\\1433900000\\1433900000.stp','2018-09-22T13:50:20+00:00',('none'),('none'),'CATIA Version 5-6 Release 2014','CATIA V5 STEP AP214','none');

FILE_SCHEMA(('AUTOMOTIVE_DESIGN { 1 0 10303 214 1 1 1 1 }'));

ENDSEC;
DATA;
#5=PRODUCT('1433900000','','',(#2)) ;
#2=PRODUCT_CONTEXT(' ',#1,'mechanical') ;
#1=APPLICATION_CONTEXT('automotive design') ;
#10=PRODUCT_DEFINITION('',' ',#6,#3) ;
#3=PRODUCT_DEFINITION_CONTEXT('part definition',#1,' ') ;
#11=PRODUCT_DEFINITION_SHAPE(' ',' ',#10) ;
#11085=MECHANICAL_DESIGN_GEOMETRIC_PRESENTATION_REPRESENTATION(' ',(#29),#16) ;
#19=SHAPE_REPRESENTATION(' ',(#18),#16) ;
#18=AXIS2_PLACEMENT_3D(' ',#17,$,$) ;
#34=AXIS2_PLACEMENT_3D('Plane Axis2P3D',#31,#32,#33) ;
#138=AXIS2_PLACEMENT_3D('Cylinder Axis2P3D',#135,#136,#137) ;
#151=AXIS2_PLACEMENT_3D('Circle Axis2P3D',#149,#150,$) ;
#156=AXIS2_PLACEMENT_3D('Circle Axis2P3D',#154,#155,$) ;
#169=AXIS2_PLACEMENT_3D('Cylinder Axis2P3D',#166,#167,#168) ;
#173=AXIS2_PLACEMENT_3D('Circle Axis2P3D',#171,#172,$) ;
#187=AXIS2_PLACEMENT_3D('Circle Axis2P3D',#185,#186,$) ;
#200=AXIS2_PLACEMENT_3D('Cylinder Axis2P3D',#197,#198,#199) ;
#204=AXIS2_PLACEMENT_3D('Circle Axis2P3D',#202,#203,$) ;
#211=AXIS2_PLACEMENT_3D('Circle Axis2P3D',#209,#210,$) ;
#231=AXIS2_PLACEMENT_3D('Cylinder Axis2P3D',#228,#229,#230) ;
#235=AXIS2_PLACEMENT_3D('Circle Axis2P3D',#233,#234,$) ;
#249=AXIS2_PLACEMENT_3D('Circle Axis2P3D',#247,#248,$) ;
#262=AXIS2_PLACEMENT_3D('Plane Axis2P3D',#259,#260,#261) ;
#293=AXIS2_PLACEMENT_3D('Cylinder Axis2P3D',#290,#291,#292) ;
#297=AXIS2_PLACEMENT_3D('Circle Axis2P3D',#295,#296,$) ;
#304=AXIS2_PLACEMENT_3D('Circle Axis2P3D',#302,#303,$) ;
#324=AXIS2_PLACEMENT_3D('Plane Axis2P3D',#321,#322,#323) ;
#355=AXIS2_PLACEMENT_3D('Cylinder Axis2P3D',#352,#353,#354) ;
#359=AXIS2_PLACEMENT_3D('Circle Axis2P3D',#357,#358,$) ;
#366=AXIS2_PLACEMENT_3D('Circle Axis2P3D',#364,#365,$) ;
#386=AXIS2_PLACEMENT_3D('Plane Axis2P3D',#383,#384,#385) ;
#408=AXIS2_PLACEMENT_3D('Plane Axis2P3D',#405,#406,#407) ;
#421=AXIS2_PLACEMENT_3D('Circle Axis2P3D',#419,#420,$) ;
#454=AXIS2_PLACEMENT_3D('Circle Axis2P3D',#452,#453,$) ;
#468=AXIS2_PLACEMENT_3D('Circle Axis2P3D',#466,#467,$) ;
#482=AXIS2_PLACEMENT_3D('Circle Axis2P3D',#480,#481,$) ;
#537=AXIS2_PLACEMENT_3D('Plane Axis2P3D',#534,#535,#536) ;
#715=AXIS2_PLACEMENT_3D('Cylinder Axis2P3D',#712,#713,#714) ;
#752=AXIS2_PLACEMENT_3D('Cylinder Axis2P3D',#749,#750,#751) ;
#756=AXIS2_PLACEMENT_3D('Circle Axis2P3D',#754,#755,$) ;
#776=AXIS2_PLACEMENT_3D('Cylinder Axis2P3D',#773,#774,#775) ;
#797=AXIS2_PLACEMENT_3D('Circle Axis2P3D',#795,#796,$) ;
#810=AXIS2_PLACEMENT_3D('Cylinder Axis2P3D',#807,#808,#809) ;
#814=AXIS2_PLACEMENT_3D('Circle Axis2P3D',#812,#813,$) ;
#844=AXIS2_PLACEMENT_3D('Cylinder Axis2P3D',#841,#842,#843) ;
#855=AXIS2_PLACEMENT_3D('Circle Axis2P3D',#853,#854,$) ;
#868=AXIS2_PLACEMENT_3D('Cylinder Axis2P3D',#865,#866,#867) ;
#895=AXIS2_PLACEMENT_3D('Cylinder Axis2P3D',#892,#893,#894) ;
#922=AXIS2_PLACEMENT_3D('Cylinder Axis2P3D',#919,#920,#921) ;
#949=AXIS2_PLACEMENT_3D('Cylinder Axis2P3D',#946,#947,#948) ;
#976=AXIS2_PLACEMENT_3D('Cylinder Axis2P3D',#973,#974,#975) ;
#1003=AXIS2_PLACEMENT_3D('Cylinder Axis2P3D',#1000,#1001,#1002) ;
#1029=AXIS2_PLACEMENT_3D('Cylinder Axis2P3D',#1026,#1027,#1028) ;
#1065=AXIS2_PLACEMENT_3D('Cylinder Axis2P3D',#1062,#1063,#1064) ;
#1082=AXIS2_PLACEMENT_3D('Plane Axis2P3D',#1079,#1080,#1081) ;
#1122=AXIS2_PLACEMENT_3D('Plane Axis2P3D',#1119,#1120,#1121) ;
#1147=AXIS2_PLACEMENT_3D('Circle Axis2P3D',#1145,#1146,$) ;
#1170=AXIS2_PLACEMENT_3D('Cylinder Axis2P3D',#1167,#1168,#1169) ;
#1181=AXIS2_PLACEMENT_3D('Circle Axis2P3D',#1179,#1180,$) ;
#1194=AXIS2_PLACEMENT_3D('Plane Axis2P3D',#1191,#1192,#1193) ;
#1235=AXIS2_PLACEMENT_3D('Plane Axis2P3D',#1232,#1233,#1234) ;
#1250=AXIS2_PLACEMENT_3D('Circle Axis2P3D',#1248,#1249,$) ;
#1259=AXIS2_PLACEMENT_3D('Circle Axis2P3D',#1257,#1258,$) ;
#1270=AXIS2_PLACEMENT_3D('Plane Axis2P3D',#1267,#1268,#1269) ;
#1287=AXIS2_PLACEMENT_3D('Plane Axis2P3D',#1284,#1285,#1286) ;
#1297=AXIS2_PLACEMENT_3D('Circle Axis2P3D',#1295,#1296,$) ;
#1306=AXIS2_PLACEMENT_3D('Circle Axis2P3D',#1304,#1305,$) ;
#1317=AXIS2_PLACEMENT_3D('Plane Axis2P3D',#1314,#1315,#1316) ;
#1380=AXIS2_PLACEMENT_3D('Cylinder Axis2P3D',#1377,#1378,#1379) ;
#1384=AXIS2_PLACEMENT_3D('Circle Axis2P3D',#1382,#1383,$) ;
#1404=AXIS2_PLACEMENT_3D('Cylinder Axis2P3D',#1401,#1402,#1403) ;
#1408=AXIS2_PLACEMENT_3D('Circle Axis2P3D',#1406,#1407,$) ;
#1428=AXIS2_PLACEMENT_3D('Plane Axis2P3D',#1425,#1426,#1427) ;
#1462=AXIS2_PLACEMENT_3D('Circle Axis2P3D',#1460,#1461,$) ;
#1505=AXIS2_PLACEMENT_3D('Circle Axis2P3D',#1503,#1504,$) ;
#1573=AXIS2_PLACEMENT_3D('Plane Axis2P3D',#1570,#1571,#1572) ;
#1901=AXIS2_PLACEMENT_3D('Cylinder Axis2P3D',#1898,#1899,#1900) ;
#1918=AXIS2_PLACEMENT_3D('Plane Axis2P3D',#1915,#1916,#1917) ;
#1985=AXIS2_PLACEMENT_3D('Cylinder Axis2P3D',#1982,#1983,#1984) ;
#2002=AXIS2_PLACEMENT_3D('Plane Axis2P3D',#1999,#2000,#2001) ;
#2063=AXIS2_PLACEMENT_3D('Plane Axis2P3D',#2060,#2061,#2062) ;
#2067=AXIS2_PLACEMENT_3D('Circle Axis2P3D',#2065,#2066,$) ;
#2106=AXIS2_PLACEMENT_3D('Cylinder Axis2P3D',#2103,#2104,#2105) ;
#2110=AXIS2_PLACEMENT_3D('Circle Axis2P3D',#2108,#2109,$) ;
#2130=AXIS2_PLACEMENT_3D('Plane Axis2P3D',#2127,#2128,#2129) ;
#2176=AXIS2_PLACEMENT_3D('Circle Axis2P3D',#2174,#2175,$) ;
#2185=AXIS2_PLACEMENT_3D('Circle Axis2P3D',#2183,#2184,$) ;
#2213=AXIS2_PLACEMENT_3D('Circle Axis2P3D',#2211,#2212,$) ;
#2222=AXIS2_PLACEMENT_3D('Circle Axis2P3D',#2220,#2221,$) ;
#2233=AXIS2_PLACEMENT_3D('Plane Axis2P3D',#2230,#2231,#2232) ;
#2257=AXIS2_PLACEMENT_3D('Plane Axis2P3D',#2254,#2255,#2256) ;
#2274=AXIS2_PLACEMENT_3D('Plane Axis2P3D',#2271,#2272,#2273) ;
#2310=AXIS2_PLACEMENT_3D('Plane Axis2P3D',#2307,#2308,#2309) ;
#2377=AXIS2_PLACEMENT_3D('Plane Axis2P3D',#2374,#2375,#2376) ;
#2452=AXIS2_PLACEMENT_3D('Plane Axis2P3D',#2449,#2450,#2451) ;
#2483=AXIS2_PLACEMENT_3D('Plane Axis2P3D',#2480,#2481,#2482) ;
#2507=AXIS2_PLACEMENT_3D('Plane Axis2P3D',#2504,#2505,#2506) ;
#2531=AXIS2_PLACEMENT_3D('Plane Axis2P3D',#2528,#2529,#2530) ;
#2851=AXIS2_PLACEMENT_3D('Plane Axis2P3D',#2848,#2849,#2850) ;
#3047=AXIS2_PLACEMENT_3D('Plane Axis2P3D',#3044,#3045,#3046) ;
#3064=AXIS2_PLACEMENT_3D('Plane Axis2P3D',#3061,#3062,#3063) ;
#3200=AXIS2_PLACEMENT_3D('Plane Axis2P3D',#3197,#3198,#3199) ;
#3229=AXIS2_PLACEMENT_3D('Cylinder Axis2P3D',#3226,#3227,#3228) ;
#3233=AXIS2_PLACEMENT_3D('Circle Axis2P3D',#3231,#3232,$) ;
#3247=AXIS2_PLACEMENT_3D('Circle Axis2P3D',#3245,#3246,$) ;
#3260=AXIS2_PLACEMENT_3D('Plane Axis2P3D',#3257,#3258,#3259) ;
#3291=AXIS2_PLACEMENT_3D('Cylinder Axis2P3D',#3288,#3289,#3290) ;
#3295=AXIS2_PLACEMENT_3D('Circle Axis2P3D',#3293,#3294,$) ;
#3309=AXIS2_PLACEMENT_3D('Circle Axis2P3D',#3307,#3308,$) ;
#3322=AXIS2_PLACEMENT_3D('Plane Axis2P3D',#3319,#3320,#3321) ;
#3353=AXIS2_PLACEMENT_3D('Plane Axis2P3D',#3350,#3351,#3352) ;
#3384=AXIS2_PLACEMENT_3D('Plane Axis2P3D',#3381,#3382,#3383) ;
#3415=AXIS2_PLACEMENT_3D('Plane Axis2P3D',#3412,#3413,#3414) ;
#3446=AXIS2_PLACEMENT_3D('Plane Axis2P3D',#3443,#3444,#3445) ;
#3477=AXIS2_PLACEMENT_3D('Cylinder Axis2P3D',#3474,#3475,#3476) ;
#3481=AXIS2_PLACEMENT_3D('Circle Axis2P3D',#3479,#3480,$) ;
#3495=AXIS2_PLACEMENT_3D('Circle Axis2P3D',#3493,#3494,$) ;
#3508=AXIS2_PLACEMENT_3D('Plane Axis2P3D',#3505,#3506,#3507) ;
#3539=AXIS2_PLACEMENT_3D('Plane Axis2P3D',#3536,#3537,#3538) ;
#3570=AXIS2_PLACEMENT_3D('Plane Axis2P3D',#3567,#3568,#3569) ;
#3592=AXIS2_PLACEMENT_3D('Plane Axis2P3D',#3589,#3590,#3591) ;
#3616=AXIS2_PLACEMENT_3D('Plane Axis2P3D',#3613,#3614,#3615) ;
#3639=AXIS2_PLACEMENT_3D('Circle Axis2P3D',#3637,#3638,$) ;
#3653=AXIS2_PLACEMENT_3D('Circle Axis2P3D',#3651,#3652,$) ;
#3691=AXIS2_PLACEMENT_3D('Circle Axis2P3D',#3689,#3690,$) ;
#3705=AXIS2_PLACEMENT_3D('Circle Axis2P3D',#3703,#3704,$) ;
#3847=AXIS2_PLACEMENT_3D('Circle Axis2P3D',#3845,#3846,$) ;
#3861=AXIS2_PLACEMENT_3D('Circle Axis2P3D',#3859,#3860,$) ;
#3943=AXIS2_PLACEMENT_3D('Plane Axis2P3D',#3940,#3941,#3942) ;
#3967=AXIS2_PLACEMENT_3D('Plane Axis2P3D',#3964,#3965,#3966) ;
#3990=AXIS2_PLACEMENT_3D('Circle Axis2P3D',#3988,#3989,$) ;
#4004=AXIS2_PLACEMENT_3D('Circle Axis2P3D',#4002,#4003,$) ;
#4042=AXIS2_PLACEMENT_3D('Circle Axis2P3D',#4040,#4041,$) ;
#4056=AXIS2_PLACEMENT_3D('Circle Axis2P3D',#4054,#4055,$) ;
#4198=AXIS2_PLACEMENT_3D('Circle Axis2P3D',#4196,#4197,$) ;
#4212=AXIS2_PLACEMENT_3D('Circle Axis2P3D',#4210,#4211,$) ;
#4294=AXIS2_PLACEMENT_3D('Plane Axis2P3D',#4291,#4292,#4293) ;
#4318=AXIS2_PLACEMENT_3D('Plane Axis2P3D',#4315,#4316,#4317) ;
#4341=AXIS2_PLACEMENT_3D('Circle Axis2P3D',#4339,#4340,$) ;
#4355=AXIS2_PLACEMENT_3D('Circle Axis2P3D',#4353,#4354,$) ;
#4393=AXIS2_PLACEMENT_3D('Circle Axis2P3D',#4391,#4392,$) ;
#4407=AXIS2_PLACEMENT_3D('Circle Axis2P3D',#4405,#4406,$) ;
#4549=AXIS2_PLACEMENT_3D('Circle Axis2P3D',#4547,#4548,$) ;
#4563=AXIS2_PLACEMENT_3D('Circle Axis2P3D',#4561,#4562,$) ;
#4645=AXIS2_PLACEMENT_3D('Plane Axis2P3D',#4642,#4643,#4644) ;
#4669=AXIS2_PLACEMENT_3D('Plane Axis2P3D',#4666,#4667,#4668) ;
#4692=AXIS2_PLACEMENT_3D('Circle Axis2P3D',#4690,#4691,$) ;
#4706=AXIS2_PLACEMENT_3D('Circle Axis2P3D',#4704,#4705,$) ;
#4744=AXIS2_PLACEMENT_3D('Circle Axis2P3D',#4742,#4743,$) ;
#4758=AXIS2_PLACEMENT_3D('Circle Axis2P3D',#4756,#4757,$) ;
#4900=AXIS2_PLACEMENT_3D('Circle Axis2P3D',#4898,#4899,$) ;
#4914=AXIS2_PLACEMENT_3D('Circle Axis2P3D',#4912,#4913,$) ;
#4996=AXIS2_PLACEMENT_3D('Plane Axis2P3D',#4993,#4994,#4995) ;
#5020=AXIS2_PLACEMENT_3D('Plane Axis2P3D',#5017,#5018,#5019) ;
#5043=AXIS2_PLACEMENT_3D('Circle Axis2P3D',#5041,#5042,$) ;
#5057=AXIS2_PLACEMENT_3D('Circle Axis2P3D',#5055,#5056,$) ;
#5095=AXIS2_PLACEMENT_3D('Circle Axis2P3D',#5093,#5094,$) ;
#5109=AXIS2_PLACEMENT_3D('Circle Axis2P3D',#5107,#5108,$) ;
#5251=AXIS2_PLACEMENT_3D('Circle Axis2P3D',#5249,#5250,$) ;
#5265=AXIS2_PLACEMENT_3D('Circle Axis2P3D',#5263,#5264,$) ;
#5347=AXIS2_PLACEMENT_3D('Plane Axis2P3D',#5344,#5345,#5346) ;
#5371=AXIS2_PLACEMENT_3D('Plane Axis2P3D',#5368,#5369,#5370) ;
#5394=AXIS2_PLACEMENT_3D('Circle Axis2P3D',#5392,#5393,$) ;
#5408=AXIS2_PLACEMENT_3D('Circle Axis2P3D',#5406,#5407,$) ;
#5446=AXIS2_PLACEMENT_3D('Circle Axis2P3D',#5444,#5445,$) ;
#5460=AXIS2_PLACEMENT_3D('Circle Axis2P3D',#5458,#5459,$) ;
#5602=AXIS2_PLACEMENT_3D('Circle Axis2P3D',#5600,#5601,$) ;
#5616=AXIS2_PLACEMENT_3D('Circle Axis2P3D',#5614,#5615,$) ;
#5698=AXIS2_PLACEMENT_3D('Plane Axis2P3D',#5695,#5696,#5697) ;
#5722=AXIS2_PLACEMENT_3D('Plane Axis2P3D',#5719,#5720,#5721) ;
#5745=AXIS2_PLACEMENT_3D('Circle Axis2P3D',#5743,#5744,$) ;
#5759=AXIS2_PLACEMENT_3D('Circle Axis2P3D',#5757,#5758,$) ;
#5797=AXIS2_PLACEMENT_3D('Circle Axis2P3D',#5795,#5796,$) ;
#5811=AXIS2_PLACEMENT_3D('Circle Axis2P3D',#5809,#5810,$) ;
#5953=AXIS2_PLACEMENT_3D('Circle Axis2P3D',#5951,#5952,$) ;
#5967=AXIS2_PLACEMENT_3D('Circle Axis2P3D',#5965,#5966,$) ;
#6049=AXIS2_PLACEMENT_3D('Plane Axis2P3D',#6046,#6047,#6048) ;
#6073=AXIS2_PLACEMENT_3D('Plane Axis2P3D',#6070,#6071,#6072) ;
#6097=AXIS2_PLACEMENT_3D('Plane Axis2P3D',#6094,#6095,#6096) ;
#6656=AXIS2_PLACEMENT_3D('Plane Axis2P3D',#6653,#6654,#6655) ;
#6704=AXIS2_PLACEMENT_3D('Plane Axis2P3D',#6701,#6702,#6703) ;
#6748=AXIS2_PLACEMENT_3D('Circle Axis2P3D',#6746,#6747,$) ;
#6762=AXIS2_PLACEMENT_3D('Circle Axis2P3D',#6760,#6761,$) ;
#6790=AXIS2_PLACEMENT_3D('Plane Axis2P3D',#6787,#6788,#6789) ;
#6821=AXIS2_PLACEMENT_3D('Plane Axis2P3D',#6818,#6819,#6820) ;
#6834=AXIS2_PLACEMENT_3D('Circle Axis2P3D',#6832,#6833,$) ;
#6848=AXIS2_PLACEMENT_3D('Circle Axis2P3D',#6846,#6847,$) ;
#6964=AXIS2_PLACEMENT_3D('Plane Axis2P3D',#6961,#6962,#6963) ;
#7030=AXIS2_PLACEMENT_3D('Plane Axis2P3D',#7027,#7028,#7029) ;
#7131=AXIS2_PLACEMENT_3D('Circle Axis2P3D',#7129,#7130,$) ;
#7145=AXIS2_PLACEMENT_3D('Circle Axis2P3D',#7143,#7144,$) ;
#7173=AXIS2_PLACEMENT_3D('Plane Axis2P3D',#7170,#7171,#7172) ;
#7219=AXIS2_PLACEMENT_3D('Circle Axis2P3D',#7217,#7218,$) ;
#7233=AXIS2_PLACEMENT_3D('Circle Axis2P3D',#7231,#7232,$) ;
#7319=AXIS2_PLACEMENT_3D('Plane Axis2P3D',#7316,#7317,#7318) ;
#7802=AXIS2_PLACEMENT_3D('Plane Axis2P3D',#7799,#7800,#7801) ;
#7826=AXIS2_PLACEMENT_3D('Plane Axis2P3D',#7823,#7824,#7825) ;
#7874=AXIS2_PLACEMENT_3D('Plane Axis2P3D',#7871,#7872,#7873) ;
#7941=AXIS2_PLACEMENT_3D('Plane Axis2P3D',#7938,#7939,#7940) ;
#7965=AXIS2_PLACEMENT_3D('Plane Axis2P3D',#7962,#7963,#7964) ;
#8025=AXIS2_PLACEMENT_3D('Plane Axis2P3D',#8022,#8023,#8024) ;
#8042=AXIS2_PLACEMENT_3D('Plane Axis2P3D',#8039,#8040,#8041) ;
#8066=AXIS2_PLACEMENT_3D('Plane Axis2P3D',#8063,#8064,#8065) ;
#8098=AXIS2_PLACEMENT_3D('Plane Axis2P3D',#8095,#8096,#8097) ;
#8123=AXIS2_PLACEMENT_3D('Circle Axis2P3D',#8121,#8122,$) ;
#8151=AXIS2_PLACEMENT_3D('Circle Axis2P3D',#8149,#8150,$) ;
#8219=AXIS2_PLACEMENT_3D('Plane Axis2P3D',#8216,#8217,#8218) ;
#8268=AXIS2_PLACEMENT_3D('Plane Axis2P3D',#8265,#8266,#8267) ;
#8285=AXIS2_PLACEMENT_3D('Plane Axis2P3D',#8282,#8283,#8284) ;
#8421=AXIS2_PLACEMENT_3D('Plane Axis2P3D',#8418,#8419,#8420) ;
#8562=AXIS2_PLACEMENT_3D('Plane Axis2P3D',#8559,#8560,#8561) ;
#8587=AXIS2_PLACEMENT_3D('Plane Axis2P3D',#8584,#8585,#8586) ;
#8616=AXIS2_PLACEMENT_3D('Plane Axis2P3D',#8613,#8614,#8615) ;
#8634=AXIS2_PLACEMENT_3D('Plane Axis2P3D',#8631,#8632,#8633) ;
#8646=AXIS2_PLACEMENT_3D('Plane Axis2P3D',#8643,#8644,#8645) ;
#8695=AXIS2_PLACEMENT_3D('Plane Axis2P3D',#8692,#8693,#8694) ;
#8720=AXIS2_PLACEMENT_3D('Plane Axis2P3D',#8717,#8718,#8719) ;
#8769=AXIS2_PLACEMENT_3D('Plane Axis2P3D',#8766,#8767,#8768) ;
#8794=AXIS2_PLACEMENT_3D('Plane Axis2P3D',#8791,#8792,#8793) ;
#8843=AXIS2_PLACEMENT_3D('Plane Axis2P3D',#8840,#8841,#8842) ;
#8868=AXIS2_PLACEMENT_3D('Plane Axis2P3D',#8865,#8866,#8867) ;
#8917=AXIS2_PLACEMENT_3D('Plane Axis2P3D',#8914,#8915,#8916) ;
#8942=AXIS2_PLACEMENT_3D('Plane Axis2P3D',#8939,#8940,#8941) ;
#8991=AXIS2_PLACEMENT_3D('Plane Axis2P3D',#8988,#8989,#8990) ;
#9016=AXIS2_PLACEMENT_3D('Plane Axis2P3D',#9013,#9014,#9015) ;
#9065=AXIS2_PLACEMENT_3D('Plane Axis2P3D',#9062,#9063,#9064) ;
#9090=AXIS2_PLACEMENT_3D('Plane Axis2P3D',#9087,#9088,#9089) ;
#9139=AXIS2_PLACEMENT_3D('Plane Axis2P3D',#9136,#9137,#9138) ;
#9164=AXIS2_PLACEMENT_3D('Plane Axis2P3D',#9161,#9162,#9163) ;
#9202=AXIS2_PLACEMENT_3D('Cylinder Axis2P3D',#9199,#9200,#9201) ;
#9206=AXIS2_PLACEMENT_3D('Circle Axis2P3D',#9204,#9205,$) ;
#9220=AXIS2_PLACEMENT_3D('Circle Axis2P3D',#9218,#9219,$) ;
#9233=AXIS2_PLACEMENT_3D('Plane Axis2P3D',#9230,#9231,#9232) ;
#9257=AXIS2_PLACEMENT_3D('Cylinder Axis2P3D',#9254,#9255,#9256) ;
#9261=AXIS2_PLACEMENT_3D('Circle Axis2P3D',#9259,#9260,$) ;
#9275=AXIS2_PLACEMENT_3D('Circle Axis2P3D',#9273,#9274,$) ;
#9288=AXIS2_PLACEMENT_3D('Plane Axis2P3D',#9285,#9286,#9287) ;
#9319=AXIS2_PLACEMENT_3D('Cylinder Axis2P3D',#9316,#9317,#9318) ;
#9323=AXIS2_PLACEMENT_3D('Circle Axis2P3D',#9321,#9322,$) ;
#9337=AXIS2_PLACEMENT_3D('Circle Axis2P3D',#9335,#9336,$) ;
#9350=AXIS2_PLACEMENT_3D('Plane Axis2P3D',#9347,#9348,#9349) ;
#9381=AXIS2_PLACEMENT_3D('Cylinder Axis2P3D',#9378,#9379,#9380) ;
#9385=AXIS2_PLACEMENT_3D('Circle Axis2P3D',#9383,#9384,$) ;
#9399=AXIS2_PLACEMENT_3D('Circle Axis2P3D',#9397,#9398,$) ;
#9412=AXIS2_PLACEMENT_3D('Plane Axis2P3D',#9409,#9410,#9411) ;
#9441=AXIS2_PLACEMENT_3D('Plane Axis2P3D',#9438,#9439,#9440) ;
#9458=AXIS2_PLACEMENT_3D('Plane Axis2P3D',#9455,#9456,#9457) ;
#9475=AXIS2_PLACEMENT_3D('Cylinder Axis2P3D',#9472,#9473,#9474) ;
#9492=AXIS2_PLACEMENT_3D('Plane Axis2P3D',#9489,#9490,#9491) ;
#9509=AXIS2_PLACEMENT_3D('Cylinder Axis2P3D',#9506,#9507,#9508) ;
#9521=AXIS2_PLACEMENT_3D('Plane Axis2P3D',#9518,#9519,#9520) ;
#9542=AXIS2_PLACEMENT_3D('Plane Axis2P3D',#9539,#9540,#9541) ;
#9563=AXIS2_PLACEMENT_3D('Plane Axis2P3D',#9560,#9561,#9562) ;
#9601=AXIS2_PLACEMENT_3D('Cylinder Axis2P3D',#9598,#9599,#9600) ;
#9605=AXIS2_PLACEMENT_3D('Circle Axis2P3D',#9603,#9604,$) ;
#9619=AXIS2_PLACEMENT_3D('Circle Axis2P3D',#9617,#9618,$) ;
#9651=AXIS2_PLACEMENT_3D('Cylinder Axis2P3D',#9648,#9649,#9650) ;
#9655=AXIS2_PLACEMENT_3D('Circle Axis2P3D',#9653,#9654,$) ;
#9669=AXIS2_PLACEMENT_3D('Circle Axis2P3D',#9667,#9668,$) ;
#9682=AXIS2_PLACEMENT_3D('Plane Axis2P3D',#9679,#9680,#9681) ;
#9713=AXIS2_PLACEMENT_3D('Cylinder Axis2P3D',#9710,#9711,#9712) ;
#9717=AXIS2_PLACEMENT_3D('Circle Axis2P3D',#9715,#9716,$) ;
#9731=AXIS2_PLACEMENT_3D('Circle Axis2P3D',#9729,#9730,$) ;
#9744=AXIS2_PLACEMENT_3D('Plane Axis2P3D',#9741,#9742,#9743) ;
#9775=AXIS2_PLACEMENT_3D('Cylinder Axis2P3D',#9772,#9773,#9774) ;
#9779=AXIS2_PLACEMENT_3D('Circle Axis2P3D',#9777,#9778,$) ;
#9793=AXIS2_PLACEMENT_3D('Circle Axis2P3D',#9791,#9792,$) ;
#9806=AXIS2_PLACEMENT_3D('Plane Axis2P3D',#9803,#9804,#9805) ;
#9835=AXIS2_PLACEMENT_3D('Plane Axis2P3D',#9832,#9833,#9834) ;
#9852=AXIS2_PLACEMENT_3D('Plane Axis2P3D',#9849,#9850,#9851) ;
#9869=AXIS2_PLACEMENT_3D('Cylinder Axis2P3D',#9866,#9867,#9868) ;
#9886=AXIS2_PLACEMENT_3D('Plane Axis2P3D',#9883,#9884,#9885) ;
#9903=AXIS2_PLACEMENT_3D('Cylinder Axis2P3D',#9900,#9901,#9902) ;
#9947=AXIS2_PLACEMENT_3D('Plane Axis2P3D',#9944,#9945,#9946) ;
#9990=AXIS2_PLACEMENT_3D('Plane Axis2P3D',#9987,#9988,#9989) ;
#10047=AXIS2_PLACEMENT_3D('Plane Axis2P3D',#10044,#10045,#10046) ;
#10108=AXIS2_PLACEMENT_3D('Plane Axis2P3D',#10105,#10106,#10107) ;
#10120=AXIS2_PLACEMENT_3D('Plane Axis2P3D',#10117,#10118,#10119) ;
#10132=AXIS2_PLACEMENT_3D('Plane Axis2P3D',#10129,#10130,#10131) ;
#10149=AXIS2_PLACEMENT_3D('Plane Axis2P3D',#10146,#10147,#10148) ;
#10166=AXIS2_PLACEMENT_3D('Plane Axis2P3D',#10163,#10164,#10165) ;
#10197=AXIS2_PLACEMENT_3D('Plane Axis2P3D',#10194,#10195,#10196) ;
#10214=AXIS2_PLACEMENT_3D('Plane Axis2P3D',#10211,#10212,#10213) ;
#10247=AXIS2_PLACEMENT_3D('Plane Axis2P3D',#10244,#10245,#10246) ;
#10264=AXIS2_PLACEMENT_3D('Plane Axis2P3D',#10261,#10262,#10263) ;
#10307=AXIS2_PLACEMENT_3D('Cylinder Axis2P3D',#10304,#10305,#10306) ;
#10333=AXIS2_PLACEMENT_3D('Cylinder Axis2P3D',#10330,#10331,#10332) ;
#10359=AXIS2_PLACEMENT_3D('Plane Axis2P3D',#10356,#10357,#10358) ;
#10383=AXIS2_PLACEMENT_3D('Plane Axis2P3D',#10380,#10381,#10382) ;
#10409=AXIS2_PLACEMENT_3D('Plane Axis2P3D',#10406,#10407,#10408) ;
#10428=AXIS2_PLACEMENT_3D('Plane Axis2P3D',#10425,#10426,#10427) ;
#10446=AXIS2_PLACEMENT_3D('Cylinder Axis2P3D',#10443,#10444,#10445) ;
#10475=AXIS2_PLACEMENT_3D('Cylinder Axis2P3D',#10472,#10473,#10474) ;
#10504=AXIS2_PLACEMENT_3D('Plane Axis2P3D',#10501,#10502,#10503) ;
#10518=AXIS2_PLACEMENT_3D('Plane Axis2P3D',#10515,#10516,#10517) ;
#10543=AXIS2_PLACEMENT_3D('Plane Axis2P3D',#10540,#10541,#10542) ;
#10567=AXIS2_PLACEMENT_3D('Plane Axis2P3D',#10564,#10565,#10566) ;
#10584=AXIS2_PLACEMENT_3D('Plane Axis2P3D',#10581,#10582,#10583) ;
#10597=AXIS2_PLACEMENT_3D('Plane Axis2P3D',#10594,#10595,#10596) ;
#10653=AXIS2_PLACEMENT_3D('Plane Axis2P3D',#10650,#10651,#10652) ;
#10666=AXIS2_PLACEMENT_3D('Plane Axis2P3D',#10663,#10664,#10665) ;
#10722=AXIS2_PLACEMENT_3D('Plane Axis2P3D',#10719,#10720,#10721) ;
#10735=AXIS2_PLACEMENT_3D('Plane Axis2P3D',#10732,#10733,#10734) ;
#10791=AXIS2_PLACEMENT_3D('Plane Axis2P3D',#10788,#10789,#10790) ;
#10804=AXIS2_PLACEMENT_3D('Plane Axis2P3D',#10801,#10802,#10803) ;
#10860=AXIS2_PLACEMENT_3D('Plane Axis2P3D',#10857,#10858,#10859) ;
#10873=AXIS2_PLACEMENT_3D('Plane Axis2P3D',#10870,#10871,#10872) ;
#10929=AXIS2_PLACEMENT_3D('Plane Axis2P3D',#10926,#10927,#10928) ;
#10942=AXIS2_PLACEMENT_3D('Plane Axis2P3D',#10939,#10940,#10941) ;
#10998=AXIS2_PLACEMENT_3D('Plane Axis2P3D',#10995,#10996,#10997) ;
#11011=AXIS2_PLACEMENT_3D('Plane Axis2P3D',#11008,#11009,#11010) ;
#11067=AXIS2_PLACEMENT_3D('Plane Axis2P3D',#11064,#11065,#11066) ;
#11082=AXIS2_PLACEMENT_3D('Axis System.1',#11079,#11080,#11081) ;
#17=CARTESIAN_POINT(' ',(0.,0.,0.)) ;
#31=CARTESIAN_POINT('Axis2P3D Location',(0.,2.04452283743,0.)) ;
#36=CARTESIAN_POINT('Line Origine',(12.65,2.04452283743,0.728020716732)) ;
#40=CARTESIAN_POINT('Vertex',(12.65,2.04452285142,0.602999999914)) ;
#42=CARTESIAN_POINT('Vertex',(12.65,2.04452285125,0.853041433551)) ;
#45=CARTESIAN_POINT('Line Origine',(14.2239878423,2.04452283743,0.853)) ;
#49=CARTESIAN_POINT('Vertex',(15.7979756846,2.04452283743,0.853)) ;
#52=CARTESIAN_POINT('Line Origine',(15.7979756846,2.04452283743,7.153)) ;
#56=CARTESIAN_POINT('Vertex',(15.7979756846,2.04452283743,13.453)) ;
#59=CARTESIAN_POINT('Line Origine',(8.04898784229,2.04452283743,13.453)) ;
#63=CARTESIAN_POINT('Vertex',(0.3,2.04452283743,13.453)) ;
#66=CARTESIAN_POINT('Line Origine',(0.3,2.04452283743,7.153)) ;
#70=CARTESIAN_POINT('Vertex',(0.3,2.04452283743,0.853)) ;
#73=CARTESIAN_POINT('Line Origine',(1.875,2.04452283743,0.853)) ;
#77=CARTESIAN_POINT('Vertex',(3.45,2.04452283743,0.853)) ;
#80=CARTESIAN_POINT('Line Origine',(3.45,2.04452283743,0.728020716732)) ;
#84=CARTESIAN_POINT('Vertex',(3.45,2.04452285142,0.602999999914)) ;
#87=CARTESIAN_POINT('Line Origine',(4.85,2.04452283743,0.602999999914)) ;
#91=CARTESIAN_POINT('Vertex',(6.25,2.04452285142,0.602999999914)) ;
#94=CARTESIAN_POINT('Line Origine',(6.25,2.04452283743,0.728020716732)) ;
#98=CARTESIAN_POINT('Vertex',(6.25,2.04452285125,0.853041433551)) ;
#101=CARTESIAN_POINT('Line Origine',(8.05,2.04452283743,0.853)) ;
#105=CARTESIAN_POINT('Vertex',(9.85,2.04452283743,0.853)) ;
#108=CARTESIAN_POINT('Line Origine',(9.85,2.04452283743,0.728020716732)) ;
#112=CARTESIAN_POINT('Vertex',(9.85,2.04452285142,0.602999999914)) ;
#115=CARTESIAN_POINT('Line Origine',(11.25,2.04452283743,0.602999999914)) ;
#135=CARTESIAN_POINT('Axis2P3D Location',(8.04898784229,1.94452283743,0.602999999914)) ;
#140=CARTESIAN_POINT('Line Origine',(8.04898784229,1.94452283744,0.502999999914)) ;
#144=CARTESIAN_POINT('Vertex',(6.25,1.94452283744,0.502999999914)) ;
#146=CARTESIAN_POINT('Vertex',(3.45,1.94452283744,0.502999999914)) ;
#149=CARTESIAN_POINT('Axis2P3D Location',(6.25,1.94452283743,0.602999999914)) ;
#154=CARTESIAN_POINT('Axis2P3D Location',(3.45,1.94452283743,0.602999999914)) ;
#166=CARTESIAN_POINT('Axis2P3D Location',(8.04898784229,1.94452283743,0.602999999914)) ;
#171=CARTESIAN_POINT('Axis2P3D Location',(9.85,1.94452283743,0.602999999914)) ;
#175=CARTESIAN_POINT('Vertex',(9.85,1.94452283744,0.502999999914)) ;
#178=CARTESIAN_POINT('Line Origine',(8.04898784229,1.94452283744,0.502999999914)) ;
#182=CARTESIAN_POINT('Vertex',(12.65,1.94452283744,0.502999999914)) ;
#185=CARTESIAN_POINT('Axis2P3D Location',(12.65,1.94452283743,0.602999999914)) ;
#197=CARTESIAN_POINT('Axis2P3D Location',(15.7979756846,2.34452283743,6.97799999996)) ;
#202=CARTESIAN_POINT('Axis2P3D Location',(15.7979756846,2.34452283743,13.453)) ;
#206=CARTESIAN_POINT('Vertex',(16.0979756846,2.34452283743,13.453)) ;
#209=CARTESIAN_POINT('Axis2P3D Location',(15.7979756846,2.34452283743,0.853)) ;
#213=CARTESIAN_POINT('Vertex',(16.0979756846,2.34452283743,0.853)) ;
#216=CARTESIAN_POINT('Line Origine',(16.0979756846,2.34452283743,6.97799999996)) ;
#228=CARTESIAN_POINT('Axis2P3D Location',(0.3,2.34452283743,6.97799999996)) ;
#233=CARTESIAN_POINT('Axis2P3D Location',(0.3,2.34452283743,13.453)) ;
#237=CARTESIAN_POINT('Vertex',(0.,2.34452283743,13.453)) ;
#240=CARTESIAN_POINT('Line Origine',(1.11022302463E-016,2.34452283743,6.97799999996)) ;
#244=CARTESIAN_POINT('Vertex',(0.,2.34452283743,0.853)) ;
#247=CARTESIAN_POINT('Axis2P3D Location',(0.3,2.34452283743,0.853)) ;
#259=CARTESIAN_POINT('Axis2P3D Location',(16.0979756846,2.04452283743,0.)) ;
#264=CARTESIAN_POINT('Line Origine',(16.0979756846,9.49458304434,13.453)) ;
#268=CARTESIAN_POINT('Vertex',(16.0979756846,16.6446432513,13.453)) ;
#271=CARTESIAN_POINT('Line Origine',(16.0979756846,9.49458304434,0.853)) ;
#275=CARTESIAN_POINT('Vertex',(16.0979756846,16.6446432513,0.853)) ;
#278=CARTESIAN_POINT('Line Origine',(16.0979756846,16.6446432513,7.153)) ;
#290=CARTESIAN_POINT('Axis2P3D Location',(15.7979756846,16.6446432513,7.153)) ;
#295=CARTESIAN_POINT('Axis2P3D Location',(15.7979756846,16.6446432513,13.453)) ;
#299=CARTESIAN_POINT('Vertex',(15.7979756846,16.9446432513,13.453)) ;
#302=CARTESIAN_POINT('Axis2P3D Location',(15.7979756846,16.6446432513,0.853)) ;
#306=CARTESIAN_POINT('Vertex',(15.7979756846,16.9446432513,0.853)) ;
#309=CARTESIAN_POINT('Line Origine',(15.7979756846,16.9446432513,7.153)) ;
#321=CARTESIAN_POINT('Axis2P3D Location',(16.0979756846,16.9446432513,0.)) ;
#326=CARTESIAN_POINT('Line Origine',(8.04898784229,16.9446432513,0.853)) ;
#330=CARTESIAN_POINT('Vertex',(0.3,16.9446432513,0.853)) ;
#333=CARTESIAN_POINT('Line Origine',(0.3,16.9446432513,7.153)) ;
#337=CARTESIAN_POINT('Vertex',(0.3,16.9446432513,13.453)) ;
#340=CARTESIAN_POINT('Line Origine',(8.04898784229,16.9446432513,13.453)) ;
#352=CARTESIAN_POINT('Axis2P3D Location',(0.3,16.6446432513,7.153)) ;
#357=CARTESIAN_POINT('Axis2P3D Location',(0.3,16.6446432513,13.453)) ;
#361=CARTESIAN_POINT('Vertex',(0.,16.6446432513,13.453)) ;
#364=CARTESIAN_POINT('Axis2P3D Location',(0.3,16.6446432513,0.853)) ;
#368=CARTESIAN_POINT('Vertex',(0.,16.6446432513,0.853)) ;
#371=CARTESIAN_POINT('Line Origine',(0.,16.6446432513,7.153)) ;
#383=CARTESIAN_POINT('Axis2P3D Location',(0.,16.9446432513,0.)) ;
#388=CARTESIAN_POINT('Line Origine',(0.,9.49458304434,13.453)) ;
#393=CARTESIAN_POINT('Line Origine',(0.,9.49458304434,0.853)) ;
#405=CARTESIAN_POINT('Axis2P3D Location',(0.,0.,0.853)) ;
#410=CARTESIAN_POINT('Line Origine',(0.350039648495,9.49452283687,0.853)) ;
#414=CARTESIAN_POINT('Vertex',(0.350039648495,2.99452283668,0.853)) ;
#416=CARTESIAN_POINT('Vertex',(0.350039648495,15.9945228371,0.853)) ;
#419=CARTESIAN_POINT('Axis2P3D Location',(0.850039648495,2.99452283668,0.853)) ;
#423=CARTESIAN_POINT('Vertex',(0.850039648495,2.49452283668,0.853)) ;
#426=CARTESIAN_POINT('Line Origine',(2.15001982425,2.49452283668,0.853)) ;
#430=CARTESIAN_POINT('Vertex',(3.45,2.49452285165,0.853041433551)) ;
#433=CARTESIAN_POINT('Line Origine',(3.45,2.26952283724,0.853)) ;
#438=CARTESIAN_POINT('Line Origine',(12.65,2.26952283724,0.853)) ;
#442=CARTESIAN_POINT('Vertex',(12.65,2.49452285165,0.853041433551)) ;
#445=CARTESIAN_POINT('Line Origine',(13.9500198235,2.49452283668,0.853)) ;
#449=CARTESIAN_POINT('Vertex',(15.250039647,2.49452283668,0.853)) ;
#452=CARTESIAN_POINT('Axis2P3D Location',(15.250039647,2.99452283668,0.853)) ;
#456=CARTESIAN_POINT('Vertex',(15.750039647,2.99452283668,0.853)) ;
#459=CARTESIAN_POINT('Line Origine',(15.750039647,9.49452283687,0.853)) ;
#463=CARTESIAN_POINT('Vertex',(15.750039647,15.9945228371,0.853)) ;
#466=CARTESIAN_POINT('Axis2P3D Location',(15.250039647,15.9945228371,0.853)) ;
#470=CARTESIAN_POINT('Vertex',(15.250039647,16.4945228371,0.853)) ;
#473=CARTESIAN_POINT('Line Origine',(8.05003964775,16.4945228371,0.853)) ;
#477=CARTESIAN_POINT('Vertex',(0.850039648495,16.4945228371,0.853)) ;
#480=CARTESIAN_POINT('Axis2P3D Location',(0.850039648495,15.9945228371,0.853)) ;
#508=CARTESIAN_POINT('Line Origine',(6.25,2.26952283724,0.853)) ;
#512=CARTESIAN_POINT('Vertex',(6.25,2.49452285165,0.853041433551)) ;
#515=CARTESIAN_POINT('Line Origine',(8.05,2.49452283668,0.853)) ;
#519=CARTESIAN_POINT('Vertex',(9.85,2.49452285165,0.853041433551)) ;
#522=CARTESIAN_POINT('Line Origine',(9.85,2.26952283724,0.853)) ;
#534=CARTESIAN_POINT('Axis2P3D Location',(0.,0.,13.453)) ;
#549=CARTESIAN_POINT('Line Origine',(8.05003964682,2.74618888668,13.453)) ;
#553=CARTESIAN_POINT('Vertex',(5.75003964589,2.74618888668,13.453)) ;
#555=CARTESIAN_POINT('Vertex',(10.3500396478,2.74618888668,13.453)) ;
#558=CARTESIAN_POINT('Line Origine',(5.75003964589,3.42035586168,13.453)) ;
#562=CARTESIAN_POINT('Vertex',(5.75003964589,4.09452283668,13.453)) ;
#565=CARTESIAN_POINT('Line Origine',(5.07503964682,4.09452283668,13.453)) ;
#569=CARTESIAN_POINT('Vertex',(4.40003964775,4.09452283668,13.453)) ;
#572=CARTESIAN_POINT('Line Origine',(4.40003964775,4.99452283326,13.453)) ;
#576=CARTESIAN_POINT('Vertex',(4.40003964775,5.89452282984,13.453)) ;
#579=CARTESIAN_POINT('Line Origine',(3.09003964745,5.89452282891,13.453)) ;
#583=CARTESIAN_POINT('Vertex',(1.78003964715,5.89452282798,13.453)) ;
#586=CARTESIAN_POINT('Line Origine',(1.78003964715,7.14452283196,13.453)) ;
#590=CARTESIAN_POINT('Vertex',(1.78003964715,8.395,13.453)) ;
#593=CARTESIAN_POINT('Line Origine',(1.95122012853,8.395,13.453)) ;
#597=CARTESIAN_POINT('Vertex',(2.12240060991,8.395,13.453)) ;
#600=CARTESIAN_POINT('Line Origine',(2.12240060991,9.645,13.453)) ;
#604=CARTESIAN_POINT('Vertex',(2.12240060991,10.895,13.453)) ;
#607=CARTESIAN_POINT('Line Origine',(1.95122012853,10.895,13.453)) ;
#611=CARTESIAN_POINT('Vertex',(1.78003964715,10.895,13.453)) ;
#614=CARTESIAN_POINT('Line Origine',(1.78003964715,12.1445228365,13.453)) ;
#618=CARTESIAN_POINT('Vertex',(1.78003964715,13.3945228367,13.453)) ;
#621=CARTESIAN_POINT('Line Origine',(8.05003964782,13.3945228367,13.453)) ;
#625=CARTESIAN_POINT('Vertex',(14.3200396485,13.3945228367,13.453)) ;
#628=CARTESIAN_POINT('Line Origine',(14.3200396485,12.1445228367,13.453)) ;
#632=CARTESIAN_POINT('Vertex',(14.3200396485,10.895,13.453)) ;
#635=CARTESIAN_POINT('Line Origine',(14.1488591678,10.895,13.453)) ;
#639=CARTESIAN_POINT('Vertex',(13.9776786871,10.895,13.453)) ;
#642=CARTESIAN_POINT('Line Origine',(13.9776786871,9.645,13.453)) ;
#646=CARTESIAN_POINT('Vertex',(13.9776786871,8.395,13.453)) ;
#649=CARTESIAN_POINT('Line Origine',(14.1488591678,8.395,13.453)) ;
#653=CARTESIAN_POINT('Vertex',(14.3200396485,8.395,13.453)) ;
#656=CARTESIAN_POINT('Line Origine',(14.3200396485,7.1445228366,13.453)) ;
#660=CARTESIAN_POINT('Vertex',(14.3200396485,5.89452283689,13.453)) ;
#663=CARTESIAN_POINT('Line Origine',(13.0100396478,5.89452283596,13.453)) ;
#667=CARTESIAN_POINT('Vertex',(11.700039647,5.89452283503,13.453)) ;
#670=CARTESIAN_POINT('Line Origine',(11.700039647,4.99452283586,13.453)) ;
#674=CARTESIAN_POINT('Vertex',(11.700039647,4.09452283668,13.453)) ;
#677=CARTESIAN_POINT('Line Origine',(11.0250396474,4.09452283668,13.453)) ;
#681=CARTESIAN_POINT('Vertex',(10.3500396478,4.09452283668,13.453)) ;
#684=CARTESIAN_POINT('Line Origine',(10.3500396478,3.42035586168,13.453)) ;
#712=CARTESIAN_POINT('Axis2P3D Location',(8.04898784229,13.3945228367,13.153)) ;
#718=CARTESIAN_POINT('Control Point',(1.78003964715,13.3945228367,13.453)) ;
#719=CARTESIAN_POINT('Control Point',(1.86053873645,13.3140238251,13.453)) ;
#720=CARTESIAN_POINT('Control Point',(1.94032192899,13.2342493496,13.4230455254)) ;
#721=CARTESIAN_POINT('Control Point',(2.02126424686,13.15328607,13.3786067088)) ;
#722=CARTESIAN_POINT('Control Point',(2.08003964715,13.0945228367,13.2668428426)) ;
#723=CARTESIAN_POINT('Control Point',(2.08003964715,13.0945228367,13.153)) ;
#724=CARTESIAN_POINT('Vertex',(2.08003964775,13.0945228367,13.153)) ;
#727=CARTESIAN_POINT('Line Origine',(8.04898784229,13.0945228367,13.153)) ;
#731=CARTESIAN_POINT('Vertex',(14.0200396472,13.0945228367,13.153)) ;
#735=CARTESIAN_POINT('Control Point',(14.3200396485,13.3945228367,13.453)) ;
#736=CARTESIAN_POINT('Control Point',(14.2395405684,13.3140238117,13.453)) ;
#737=CARTESIAN_POINT('Control Point',(14.1597573528,13.2342493698,13.4230455254)) ;
#738=CARTESIAN_POINT('Control Point',(14.0788150557,13.1532860599,13.3786067088)) ;
#739=CARTESIAN_POINT('Control Point',(14.0200396485,13.0945228367,13.2668428426)) ;
#740=CARTESIAN_POINT('Control Point',(14.0200396485,13.0945228367,13.153)) ;
#749=CARTESIAN_POINT('Axis2P3D Location',(1.78003964715,9.49458304434,13.153)) ;
#754=CARTESIAN_POINT('Axis2P3D Location',(1.78003964715,10.8945228363,13.153)) ;
#758=CARTESIAN_POINT('Vertex',(2.08003964715,10.8945228363,13.153)) ;
#761=CARTESIAN_POINT('Line Origine',(2.08003964715,9.49458304434,13.153)) ;
#773=CARTESIAN_POINT('Axis2P3D Location',(1.78003964715,9.49458304434,13.153)) ;
#779=CARTESIAN_POINT('Control Point',(1.78003964715,5.89452282798,13.453)) ;
#780=CARTESIAN_POINT('Control Point',(1.86053866259,5.97502189955,13.453)) ;
#781=CARTESIAN_POINT('Control Point',(1.94031312839,6.05480513657,13.4230455254)) ;
#782=CARTESIAN_POINT('Control Point',(2.02127641669,6.13574741449,13.3786067088)) ;
#783=CARTESIAN_POINT('Control Point',(2.08003964715,6.19452282819,13.2668428426)) ;
#784=CARTESIAN_POINT('Control Point',(2.08003964715,6.19452282819,13.153)) ;
#785=CARTESIAN_POINT('Vertex',(2.08003964715,6.19452283668,13.153)) ;
#788=CARTESIAN_POINT('Line Origine',(2.08003964715,9.49458304434,13.153)) ;
#792=CARTESIAN_POINT('Vertex',(2.08003964715,8.39452283593,13.153)) ;
#795=CARTESIAN_POINT('Axis2P3D Location',(1.78003964715,8.39452283593,13.153)) ;
#807=CARTESIAN_POINT('Axis2P3D Location',(14.3200396485,9.49458304434,13.153)) ;
#812=CARTESIAN_POINT('Axis2P3D Location',(14.3200396485,8.39452283631,13.153)) ;
#816=CARTESIAN_POINT('Vertex',(14.0200396485,8.39452283631,13.153)) ;
#819=CARTESIAN_POINT('Line Origine',(14.0200396485,9.49458304434,13.153)) ;
#823=CARTESIAN_POINT('Vertex',(14.0200396469,6.19452283668,13.153)) ;
#827=CARTESIAN_POINT('Control Point',(14.3200396485,5.89452283689,13.453)) ;
#828=CARTESIAN_POINT('Control Point',(14.2395406391,5.97502191091,13.453)) ;
#829=CARTESIAN_POINT('Control Point',(14.1597661582,6.05480514149,13.4230455254)) ;
#830=CARTESIAN_POINT('Control Point',(14.0788028834,6.13574742504,13.3786067087)) ;
#831=CARTESIAN_POINT('Control Point',(14.0200396485,6.19452283668,13.2668428426)) ;
#832=CARTESIAN_POINT('Control Point',(14.0200396485,6.19452283668,13.153)) ;
#841=CARTESIAN_POINT('Axis2P3D Location',(14.3200396485,9.49458304434,13.153)) ;
#846=CARTESIAN_POINT('Line Origine',(14.0200396485,9.49458304434,13.153)) ;
#850=CARTESIAN_POINT('Vertex',(14.0200396485,10.8945228367,13.153)) ;
#853=CARTESIAN_POINT('Axis2P3D Location',(14.3200396485,10.8945228367,13.153)) ;
#865=CARTESIAN_POINT('Axis2P3D Location',(8.04898784229,5.89452283243,13.153)) ;
#870=CARTESIAN_POINT('Line Origine',(8.04898784207,6.19452283243,13.153)) ;
#874=CARTESIAN_POINT('Vertex',(11.4000396477,6.19452283482,13.153)) ;
#878=CARTESIAN_POINT('Control Point',(11.700039647,5.89452283503,13.453)) ;
#879=CARTESIAN_POINT('Control Point',(11.6195405607,5.97502189202,13.453)) ;
#880=CARTESIAN_POINT('Control Point',(11.5397573606,6.05479625381,13.4230455254)) ;
#881=CARTESIAN_POINT('Control Point',(11.4588150495,6.13575963565,13.3786067087)) ;
#882=CARTESIAN_POINT('Control Point',(11.400039647,6.19452283482,13.2668428426)) ;
#883=CARTESIAN_POINT('Control Point',(11.400039647,6.19452283482,13.153)) ;
#892=CARTESIAN_POINT('Axis2P3D Location',(8.04898784229,5.89452283243,13.153)) ;
#898=CARTESIAN_POINT('Control Point',(4.40003964775,5.89452282984,13.453)) ;
#899=CARTESIAN_POINT('Control Point',(4.48053874563,5.97502200133,13.453)) ;
#900=CARTESIAN_POINT('Control Point',(4.56032191668,6.05479607719,13.4230455254)) ;
#901=CARTESIAN_POINT('Control Point',(4.64126425387,6.13575971654,13.3786067088)) ;
#902=CARTESIAN_POINT('Control Point',(4.70003964775,6.19452283005,13.2668428426)) ;
#903=CARTESIAN_POINT('Control Point',(4.70003964775,6.19452283005,13.153)) ;
#904=CARTESIAN_POINT('Vertex',(4.70003964775,6.19452283005,13.153)) ;
#907=CARTESIAN_POINT('Line Origine',(8.04898784207,6.19452283243,13.153)) ;
#919=CARTESIAN_POINT('Axis2P3D Location',(11.700039647,9.49458304434,13.153)) ;
#924=CARTESIAN_POINT('Line Origine',(11.400039647,9.49458304434,13.153)) ;
#928=CARTESIAN_POINT('Vertex',(11.4000396474,4.39452283668,13.153)) ;
#932=CARTESIAN_POINT('Control Point',(11.700039647,4.09452283668,13.453)) ;
#933=CARTESIAN_POINT('Control Point',(11.6195406375,4.17502190227,13.453)) ;
#934=CARTESIAN_POINT('Control Point',(11.5397661569,4.25480515408,13.4230455254)) ;
#935=CARTESIAN_POINT('Control Point',(11.4588028819,4.33574741861,13.3786067088)) ;
#936=CARTESIAN_POINT('Control Point',(11.400039647,4.39452283668,13.2668428426)) ;
#937=CARTESIAN_POINT('Control Point',(11.400039647,4.39452283668,13.153)) ;
#946=CARTESIAN_POINT('Axis2P3D Location',(4.40003964775,9.49458304434,13.153)) ;
#952=CARTESIAN_POINT('Control Point',(4.40003964775,4.09452283668,13.453)) ;
#953=CARTESIAN_POINT('Control Point',(4.48053866584,4.17502190759,13.453)) ;
#954=CARTESIAN_POINT('Control Point',(4.56031312505,4.25480514609,13.4230455254)) ;
#955=CARTESIAN_POINT('Control Point',(4.6412764193,4.3357474226,13.3786067088)) ;
#956=CARTESIAN_POINT('Control Point',(4.70003964775,4.39452283668,13.2668428426)) ;
#957=CARTESIAN_POINT('Control Point',(4.70003964775,4.39452283668,13.153)) ;
#958=CARTESIAN_POINT('Vertex',(4.70003964775,4.39452283668,13.153)) ;
#961=CARTESIAN_POINT('Line Origine',(4.70003964775,9.49458304434,13.153)) ;
#973=CARTESIAN_POINT('Axis2P3D Location',(8.04898784229,4.09452283668,13.153)) ;
#979=CARTESIAN_POINT('Control Point',(5.75003964589,4.09452283668,13.453)) ;
#980=CARTESIAN_POINT('Control Point',(5.83053870516,4.17502187311,13.453)) ;
#981=CARTESIAN_POINT('Control Point',(5.91032197276,4.25479628647,13.4230455254)) ;
#982=CARTESIAN_POINT('Control Point',(5.99126422308,4.33575962198,13.3786067088)) ;
#983=CARTESIAN_POINT('Control Point',(6.05003964589,4.39452283668,13.2668428426)) ;
#984=CARTESIAN_POINT('Control Point',(6.05003964589,4.39452283668,13.153)) ;
#985=CARTESIAN_POINT('Vertex',(6.05003964738,4.39452283668,13.153)) ;
#988=CARTESIAN_POINT('Line Origine',(8.04898784229,4.39452283668,13.153)) ;
#1000=CARTESIAN_POINT('Axis2P3D Location',(5.75003964589,9.49458304434,13.153)) ;
#1006=CARTESIAN_POINT('Control Point',(6.05003964589,2.82657364437,13.153)) ;
#1007=CARTESIAN_POINT('Control Point',(6.05003964589,2.79560792744,13.268565629)) ;
#1008=CARTESIAN_POINT('Control Point',(5.99088204837,2.76394430508,13.3867426389)) ;
#1009=CARTESIAN_POINT('Control Point',(5.86968198881,2.74618888668,13.453)) ;
#1010=CARTESIAN_POINT('Control Point',(5.75003964589,2.74618888668,13.453)) ;
#1011=CARTESIAN_POINT('Vertex',(6.05003964589,2.82657364437,13.153)) ;
#1014=CARTESIAN_POINT('Line Origine',(6.05003964589,9.49458304434,13.153)) ;
#1026=CARTESIAN_POINT('Axis2P3D Location',(10.3500396478,9.49458304434,13.153)) ;
#1032=CARTESIAN_POINT('Control Point',(10.3500396478,4.09452283668,13.453)) ;
#1033=CARTESIAN_POINT('Control Point',(10.2695406132,4.17502192221,13.453)) ;
#1034=CARTESIAN_POINT('Control Point',(10.1897661952,4.25480512417,13.4230455254)) ;
#1035=CARTESIAN_POINT('Control Point',(10.1088028638,4.33574743356,13.3786067088)) ;
#1036=CARTESIAN_POINT('Control Point',(10.0500396478,4.39452283668,13.2668428426)) ;
#1037=CARTESIAN_POINT('Control Point',(10.0500396478,4.39452283668,13.153)) ;
#1038=CARTESIAN_POINT('Vertex',(10.0500396478,4.39452283743,13.153)) ;
#1041=CARTESIAN_POINT('Line Origine',(10.0500396478,9.49458304434,13.153)) ;
#1045=CARTESIAN_POINT('Vertex',(10.0500396478,2.82657364437,13.153)) ;
#1049=CARTESIAN_POINT('Control Point',(10.0500396478,2.82657364437,13.153)) ;
#1050=CARTESIAN_POINT('Control Point',(10.0500396477,2.79560792743,13.268565629)) ;
#1051=CARTESIAN_POINT('Control Point',(10.1091972452,2.76394430514,13.3867426387)) ;
#1052=CARTESIAN_POINT('Control Point',(10.2303973048,2.74618888668,13.453)) ;
#1053=CARTESIAN_POINT('Control Point',(10.3500396478,2.74618888668,13.453)) ;
#1062=CARTESIAN_POINT('Axis2P3D Location',(8.04898784229,4.09452283668,13.153)) ;
#1067=CARTESIAN_POINT('Line Origine',(8.04898784229,4.39452283668,13.153)) ;
#1079=CARTESIAN_POINT('Axis2P3D Location',(3.45,2.39452283668,0.603041433551)) ;
#1084=CARTESIAN_POINT('Line Origine',(6.25,2.44452283655,0.603041433551)) ;
#1088=CARTESIAN_POINT('Vertex',(6.25,2.49452283668,0.603041433657)) ;
#1090=CARTESIAN_POINT('Vertex',(6.25,2.39452285192,0.603041433551)) ;
#1093=CARTESIAN_POINT('Line Origine',(4.85,2.39452283668,0.603041433551)) ;
#1097=CARTESIAN_POINT('Vertex',(3.45,2.39452283668,0.603041433551)) ;
#1100=CARTESIAN_POINT('Line Origine',(3.45,2.44452283655,0.603041433551)) ;
#1104=CARTESIAN_POINT('Vertex',(3.45,2.49452285165,0.603041433657)) ;
#1107=CARTESIAN_POINT('Line Origine',(4.85,2.49452283641,0.603041433551)) ;
#1119=CARTESIAN_POINT('Axis2P3D Location',(6.25,0.,0.)) ;
#1124=CARTESIAN_POINT('Line Origine',(6.25,0.972022837086,0.502999999771)) ;
#1128=CARTESIAN_POINT('Vertex',(6.25,-0.000477163251824,0.502999999627)) ;
#1131=CARTESIAN_POINT('Line Origine',(6.25,-0.000477163251824,0.327999999814)) ;
#1135=CARTESIAN_POINT('Vertex',(6.25,-0.000477163251824,0.153)) ;
#1138=CARTESIAN_POINT('Line Origine',(6.25,0.972022844343,0.153000000042)) ;
#1142=CARTESIAN_POINT('Vertex',(6.25,1.94452285194,0.153000000085)) ;
#1145=CARTESIAN_POINT('Axis2P3D Location',(6.25,1.94452285192,0.603000000085)) ;
#1150=CARTESIAN_POINT('Line Origine',(6.25,2.49452285165,0.728041433604)) ;
#1167=CARTESIAN_POINT('Axis2P3D Location',(4.85,1.94452285192,0.603000000085)) ;
#1172=CARTESIAN_POINT('Line Origine',(4.85,1.94452285194,0.153000000085)) ;
#1176=CARTESIAN_POINT('Vertex',(3.45,1.94452285194,0.153000000085)) ;
#1179=CARTESIAN_POINT('Axis2P3D Location',(3.45,1.94452285192,0.603000000085)) ;
#1191=CARTESIAN_POINT('Axis2P3D Location',(3.45,0.,0.)) ;
#1196=CARTESIAN_POINT('Line Origine',(3.45,2.49452285165,0.728041433604)) ;
#1201=CARTESIAN_POINT('Line Origine',(3.45,0.972022844343,0.153000000042)) ;
#1205=CARTESIAN_POINT('Vertex',(3.45,-0.000477163251824,0.153)) ;
#1208=CARTESIAN_POINT('Line Origine',(3.45,-0.000477163251824,0.327999999814)) ;
#1212=CARTESIAN_POINT('Vertex',(3.45,-0.000477163251824,0.502999999627)) ;
#1215=CARTESIAN_POINT('Line Origine',(3.45,0.972022837086,0.502999999771)) ;
#1232=CARTESIAN_POINT('Axis2P3D Location',(3.45,-0.000477163251824,0.153)) ;
#1237=CARTESIAN_POINT('Line Origine',(4.85,-0.000477163251824,0.153)) ;
#1248=CARTESIAN_POINT('Axis2P3D Location',(4.92503964775,0.894522836269,0.153000000039)) ;
#1252=CARTESIAN_POINT('Vertex',(5.32503964812,0.894522836269,0.152999999759)) ;
#1254=CARTESIAN_POINT('Vertex',(4.52503964738,0.894522836269,0.152999999759)) ;
#1257=CARTESIAN_POINT('Axis2P3D Location',(4.92503964775,0.894522836269,0.153000000039)) ;
#1267=CARTESIAN_POINT('Axis2P3D Location',(3.45,-0.000477163251824,0.502999999627)) ;
#1272=CARTESIAN_POINT('Line Origine',(4.85,-0.000477163251824,0.502999999627)) ;
#1284=CARTESIAN_POINT('Axis2P3D Location',(3.45,2.04452285149,0.502999999929)) ;
#1295=CARTESIAN_POINT('Axis2P3D Location',(4.92503964775,0.894522836217,0.502999999759)) ;
#1299=CARTESIAN_POINT('Vertex',(5.32503964812,0.894522836217,0.502999999759)) ;
#1301=CARTESIAN_POINT('Vertex',(4.52503964738,0.894522836217,0.502999999759)) ;
#1304=CARTESIAN_POINT('Axis2P3D Location',(4.92503964775,0.894522836217,0.502999999759)) ;
#1314=CARTESIAN_POINT('Axis2P3D Location',(0.350039648495,16.4945228371,0.853)) ;
#1319=CARTESIAN_POINT('Line Origine',(0.350039648495,15.9945228371,0.528)) ;
#1323=CARTESIAN_POINT('Vertex',(0.350039648495,15.9945228371,0.203)) ;
#1326=CARTESIAN_POINT('Line Origine',(0.350039648495,15.7445228378,0.203)) ;
#1330=CARTESIAN_POINT('Vertex',(0.350039648495,15.4945228385,0.203)) ;
#1333=CARTESIAN_POINT('Line Origine',(0.350039648495,15.4945228385,0.353)) ;
#1337=CARTESIAN_POINT('Vertex',(0.35003964775,15.4945228106,0.503)) ;
#1340=CARTESIAN_POINT('Line Origine',(0.350039648495,9.49452283575,0.503)) ;
#1344=CARTESIAN_POINT('Vertex',(0.35003964775,3.49452283668,0.503)) ;
#1347=CARTESIAN_POINT('Line Origine',(0.350039648495,3.49452283295,0.353)) ;
#1351=CARTESIAN_POINT('Vertex',(0.350039648495,3.49452283295,0.203)) ;
#1354=CARTESIAN_POINT('Line Origine',(0.350039648495,3.24452283482,0.203)) ;
#1358=CARTESIAN_POINT('Vertex',(0.350039648495,2.99452283668,0.203)) ;
#1361=CARTESIAN_POINT('Line Origine',(0.350039648495,2.99452283668,0.528)) ;
#1377=CARTESIAN_POINT('Axis2P3D Location',(0.850039648495,15.9945228371,0.528)) ;
#1382=CARTESIAN_POINT('Axis2P3D Location',(0.850039648495,15.9945228371,0.203)) ;
#1386=CARTESIAN_POINT('Vertex',(0.850039648495,16.4945228371,0.203)) ;
#1389=CARTESIAN_POINT('Line Origine',(0.850039648495,16.4945228371,0.528)) ;
#1401=CARTESIAN_POINT('Axis2P3D Location',(0.850039648495,2.99452283668,0.528020716775)) ;
#1406=CARTESIAN_POINT('Axis2P3D Location',(0.850039648495,2.99452283668,0.203)) ;
#1410=CARTESIAN_POINT('Vertex',(0.850039648495,2.49452283668,0.203)) ;
#1413=CARTESIAN_POINT('Line Origine',(0.850039648495,2.49452283668,0.528020716775)) ;
#1425=CARTESIAN_POINT('Axis2P3D Location',(0.,0.,0.203)) ;
#1430=CARTESIAN_POINT('Line Origine',(14.9500396474,2.49452283668,0.203)) ;
#1434=CARTESIAN_POINT('Vertex',(15.250039647,2.49452283668,0.203)) ;
#1436=CARTESIAN_POINT('Vertex',(14.6500396477,2.49452283668,0.203)) ;
#1439=CARTESIAN_POINT('Line Origine',(14.6500396477,2.99452283668,0.203)) ;
#1443=CARTESIAN_POINT('Vertex',(14.6500396504,3.49452283295,0.203)) ;
#1446=CARTESIAN_POINT('Line Origine',(15.2000396492,3.49452283295,0.203)) ;
#1450=CARTESIAN_POINT('Vertex',(15.750039647,3.49452283482,0.203)) ;
#1453=CARTESIAN_POINT('Line Origine',(15.750039647,3.24452283575,0.203)) ;
#1457=CARTESIAN_POINT('Vertex',(15.750039647,2.99452283668,0.203)) ;
#1460=CARTESIAN_POINT('Axis2P3D Location',(15.250039647,2.99452283668,0.203)) ;
#1473=CARTESIAN_POINT('Line Origine',(15.750039647,15.7445228369,0.203)) ;
#1477=CARTESIAN_POINT('Vertex',(15.750039647,15.9945228371,0.203)) ;
#1479=CARTESIAN_POINT('Vertex',(15.750039647,15.4945228367,0.203)) ;
#1482=CARTESIAN_POINT('Line Origine',(15.2000396483,15.4945228367,0.203)) ;
#1486=CARTESIAN_POINT('Vertex',(14.6500396485,15.4945228404,0.203)) ;
#1489=CARTESIAN_POINT('Line Origine',(14.6500396485,15.9945228385,0.203)) ;
#1493=CARTESIAN_POINT('Vertex',(14.6500396481,16.4945228371,0.203)) ;
#1496=CARTESIAN_POINT('Line Origine',(14.9500396476,16.4945228371,0.203)) ;
#1500=CARTESIAN_POINT('Vertex',(15.250039647,16.4945228371,0.203)) ;
#1503=CARTESIAN_POINT('Axis2P3D Location',(15.250039647,15.9945228371,0.203)) ;
#1516=CARTESIAN_POINT('Line Origine',(0.900039647564,3.49452283668,0.203)) ;
#1520=CARTESIAN_POINT('Vertex',(1.45003964775,3.49452283482,0.203)) ;
#1523=CARTESIAN_POINT('Line Origine',(1.45003964775,2.99452283575,0.203)) ;
#1527=CARTESIAN_POINT('Vertex',(1.45003964924,2.49452283668,0.203)) ;
#1530=CARTESIAN_POINT('Line Origine',(1.15003964887,2.49452283668,0.203)) ;
#1543=CARTESIAN_POINT('Line Origine',(1.15003964812,16.4945228371,0.203)) ;
#1547=CARTESIAN_POINT('Vertex',(1.45003964775,16.4945228371,0.203)) ;
#1550=CARTESIAN_POINT('Line Origine',(1.45003964775,15.9945228367,0.203)) ;
#1554=CARTESIAN_POINT('Vertex',(1.45003964738,15.4945228106,0.203)) ;
#1557=CARTESIAN_POINT('Line Origine',(0.900039647564,15.4945228106,0.203)) ;
#1570=CARTESIAN_POINT('Axis2P3D Location',(15.750039647,16.4945228371,0.853)) ;
#1575=CARTESIAN_POINT('Line Origine',(15.250039647,16.4945228371,0.528)) ;
#1580=CARTESIAN_POINT('Line Origine',(14.6500396481,16.4945228371,0.353)) ;
#1584=CARTESIAN_POINT('Vertex',(14.6500396485,16.4945228367,0.503)) ;
#1587=CARTESIAN_POINT('Line Origine',(14.0900396489,16.4945228371,0.503)) ;
#1591=CARTESIAN_POINT('Vertex',(13.5300396493,16.4945228371,0.503)) ;
#1594=CARTESIAN_POINT('Line Origine',(13.5300396493,16.4945228371,0.403)) ;
#1598=CARTESIAN_POINT('Vertex',(13.5300396493,16.4945228367,0.303)) ;
#1601=CARTESIAN_POINT('Line Origine',(13.1500396483,16.4945228371,0.303)) ;
#1605=CARTESIAN_POINT('Vertex',(12.7700396473,16.4945228367,0.303)) ;
#1608=CARTESIAN_POINT('Line Origine',(12.7700396473,16.4945228371,0.450992247943)) ;
#1612=CARTESIAN_POINT('Vertex',(12.77,16.4945228459,0.598984494512)) ;
#1615=CARTESIAN_POINT('Line Origine',(12.4950198247,16.4945228371,0.599)) ;
#1619=CARTESIAN_POINT('Vertex',(12.22,16.4945228459,0.598984494512)) ;
#1622=CARTESIAN_POINT('Line Origine',(12.220039648,16.4945228371,0.450992247943)) ;
#1626=CARTESIAN_POINT('Vertex',(12.220039648,16.4945228347,0.303)) ;
#1629=CARTESIAN_POINT('Line Origine',(11.860039648,16.4945228371,0.303)) ;
#1633=CARTESIAN_POINT('Vertex',(11.5000396479,16.4945228347,0.303)) ;
#1636=CARTESIAN_POINT('Line Origine',(11.5000396479,16.4945228371,0.450992247943)) ;
#1640=CARTESIAN_POINT('Vertex',(11.5,16.4945228409,0.598984494512)) ;
#1643=CARTESIAN_POINT('Line Origine',(11.2250198239,16.4945228371,0.599)) ;
#1647=CARTESIAN_POINT('Vertex',(10.95,16.4945228409,0.598984494512)) ;
#1650=CARTESIAN_POINT('Line Origine',(10.9500396469,16.4945228371,0.450992247943)) ;
#1654=CARTESIAN_POINT('Vertex',(10.9500396469,16.4945228354,0.303)) ;
#1657=CARTESIAN_POINT('Line Origine',(10.5900396474,16.4945228371,0.303)) ;
#1661=CARTESIAN_POINT('Vertex',(10.2300396479,16.4945228354,0.303)) ;
#1664=CARTESIAN_POINT('Line Origine',(10.2300396479,16.4945228371,0.450992247943)) ;
#1668=CARTESIAN_POINT('Vertex',(10.23,16.4945228371,0.598984494512)) ;
#1671=CARTESIAN_POINT('Line Origine',(9.95501982383,16.4945228371,0.599)) ;
#1675=CARTESIAN_POINT('Vertex',(9.68,16.4945228371,0.598984494512)) ;
#1678=CARTESIAN_POINT('Line Origine',(9.68003964678,16.4945228371,0.450992247943)) ;
#1682=CARTESIAN_POINT('Vertex',(9.68003964678,16.4945228367,0.303)) ;
#1685=CARTESIAN_POINT('Line Origine',(9.32003964738,16.4945228371,0.303)) ;
#1689=CARTESIAN_POINT('Vertex',(8.96003964797,16.4945228367,0.303)) ;
#1692=CARTESIAN_POINT('Line Origine',(8.96003964797,16.4945228371,0.450992247943)) ;
#1696=CARTESIAN_POINT('Vertex',(8.96,16.4945228381,0.598984494512)) ;
#1699=CARTESIAN_POINT('Line Origine',(8.68501982428,16.4945228371,0.599)) ;
#1703=CARTESIAN_POINT('Vertex',(8.41,16.4945228381,0.598984494512)) ;
#1706=CARTESIAN_POINT('Line Origine',(8.41003964781,16.4945228371,0.450992247943)) ;
#1710=CARTESIAN_POINT('Vertex',(8.41003964781,16.4945228344,0.303)) ;
#1713=CARTESIAN_POINT('Line Origine',(8.05003964767,16.4945228371,0.303)) ;
#1717=CARTESIAN_POINT('Vertex',(7.69003964754,16.4945228344,0.303)) ;
#1720=CARTESIAN_POINT('Line Origine',(7.69003964754,16.4945228371,0.450992247943)) ;
#1724=CARTESIAN_POINT('Vertex',(7.69,16.4945228379,0.598984494512)) ;
#1727=CARTESIAN_POINT('Line Origine',(7.41501982433,16.4945228371,0.599)) ;
#1731=CARTESIAN_POINT('Vertex',(7.14,16.4945228379,0.598984494512)) ;
#1734=CARTESIAN_POINT('Line Origine',(7.14003964799,16.4945228371,0.450992247943)) ;
#1738=CARTESIAN_POINT('Vertex',(7.14003964799,16.4945228356,0.303)) ;
#1741=CARTESIAN_POINT('Line Origine',(6.78003964792,16.4945228371,0.303)) ;
#1745=CARTESIAN_POINT('Vertex',(6.42003964785,16.4945228356,0.303)) ;
#1748=CARTESIAN_POINT('Line Origine',(6.42003964785,16.4945228371,0.450992247943)) ;
#1752=CARTESIAN_POINT('Vertex',(6.42,16.4945228391,0.598984494512)) ;
#1755=CARTESIAN_POINT('Line Origine',(6.14501982403,16.4945228371,0.599)) ;
#1759=CARTESIAN_POINT('Vertex',(5.87,16.4945228391,0.598984494512)) ;
#1762=CARTESIAN_POINT('Line Origine',(5.87003964684,16.4945228371,0.450992247943)) ;
#1766=CARTESIAN_POINT('Vertex',(5.87003964684,16.494522836,0.303)) ;
#1769=CARTESIAN_POINT('Line Origine',(5.51003964737,16.4945228371,0.303)) ;
#1773=CARTESIAN_POINT('Vertex',(5.1500396479,16.494522836,0.303)) ;
#1776=CARTESIAN_POINT('Line Origine',(5.1500396479,16.4945228371,0.450992247943)) ;
#1780=CARTESIAN_POINT('Vertex',(5.15,16.4945228396,0.598984494512)) ;
#1783=CARTESIAN_POINT('Line Origine',(4.87501982405,16.4945228371,0.599)) ;
#1787=CARTESIAN_POINT('Vertex',(4.6,16.4945228396,0.598984494512)) ;
#1790=CARTESIAN_POINT('Line Origine',(4.6000396476,16.4945228371,0.450992247943)) ;
#1794=CARTESIAN_POINT('Vertex',(4.6000396476,16.4945228355,0.303)) ;
#1797=CARTESIAN_POINT('Line Origine',(4.24003964784,16.4945228371,0.303)) ;
#1801=CARTESIAN_POINT('Vertex',(3.88003964809,16.4945228355,0.303)) ;
#1804=CARTESIAN_POINT('Line Origine',(3.88003964809,16.4945228371,0.450992247943)) ;
#1808=CARTESIAN_POINT('Vertex',(3.88,16.4945228371,0.598984494512)) ;
#1811=CARTESIAN_POINT('Line Origine',(3.60501982432,16.4945228371,0.599)) ;
#1815=CARTESIAN_POINT('Vertex',(3.33,16.4945228371,0.598984494512)) ;
#1818=CARTESIAN_POINT('Line Origine',(3.33003964864,16.4945228371,0.450992247943)) ;
#1822=CARTESIAN_POINT('Vertex',(3.33003964864,16.4945228367,0.303)) ;
#1825=CARTESIAN_POINT('Line Origine',(2.95003964782,16.4945228371,0.303)) ;
#1829=CARTESIAN_POINT('Vertex',(2.570039647,16.4945228367,0.303)) ;
#1832=CARTESIAN_POINT('Line Origine',(2.570039647,16.4945228371,0.403)) ;
#1836=CARTESIAN_POINT('Vertex',(2.570039647,16.4945228371,0.503)) ;
#1839=CARTESIAN_POINT('Line Origine',(2.01003964738,16.4945228371,0.503)) ;
#1843=CARTESIAN_POINT('Vertex',(1.45003964775,16.4945228367,0.503)) ;
#1846=CARTESIAN_POINT('Line Origine',(1.45003964775,16.4945228371,0.353)) ;
#1898=CARTESIAN_POINT('Axis2P3D Location',(15.250039647,15.9945228371,0.528)) ;
#1903=CARTESIAN_POINT('Line Origine',(15.750039647,15.9945228371,0.528)) ;
#1915=CARTESIAN_POINT('Axis2P3D Location',(0.350039648495,2.49452283668,0.853)) ;
#1920=CARTESIAN_POINT('Line Origine',(15.250039647,2.49452283668,0.528)) ;
#1925=CARTESIAN_POINT('Line Origine',(12.65,2.49452283668,0.728041433604)) ;
#1929=CARTESIAN_POINT('Vertex',(12.65,2.49452283668,0.603041433657)) ;
#1932=CARTESIAN_POINT('Line Origine',(11.25,2.49452283668,0.603041433657)) ;
#1936=CARTESIAN_POINT('Vertex',(9.85,2.49452285165,0.603041433657)) ;
#1939=CARTESIAN_POINT('Line Origine',(9.85,2.49452283668,0.728041433604)) ;
#1944=CARTESIAN_POINT('Line Origine',(1.45003964924,2.49452283668,0.353)) ;
#1948=CARTESIAN_POINT('Vertex',(1.45003964775,2.49452283668,0.503)) ;
#1951=CARTESIAN_POINT('Line Origine',(8.0500396498,2.49452283668,0.503)) ;
#1955=CARTESIAN_POINT('Vertex',(14.6500396477,2.49452283668,0.503)) ;
#1958=CARTESIAN_POINT('Line Origine',(14.6500396504,2.49452283668,0.353)) ;
#1982=CARTESIAN_POINT('Axis2P3D Location',(15.250039647,2.99452283668,0.528020716775)) ;
#1987=CARTESIAN_POINT('Line Origine',(15.750039647,2.99452283668,0.528020716775)) ;
#1999=CARTESIAN_POINT('Axis2P3D Location',(15.750039647,2.49452283668,0.853)) ;
#2004=CARTESIAN_POINT('Line Origine',(15.750039647,3.49452283482,0.353)) ;
#2008=CARTESIAN_POINT('Vertex',(15.7500396481,3.49452283295,0.503)) ;
#2011=CARTESIAN_POINT('Line Origine',(15.750039647,9.49452283668,0.503)) ;
#2015=CARTESIAN_POINT('Vertex',(15.7500396481,15.4945228367,0.503)) ;
#2018=CARTESIAN_POINT('Line Origine',(15.750039647,15.4945228385,0.353)) ;
#2034=CARTESIAN_POINT('Line Origine',(12.65,2.44452283655,0.603041433551)) ;
#2038=CARTESIAN_POINT('Vertex',(12.65,2.39452283668,0.603041433551)) ;
#2041=CARTESIAN_POINT('Line Origine',(11.25,2.39452283668,0.603041433551)) ;
#2045=CARTESIAN_POINT('Vertex',(9.85,2.39452285192,0.603041433551)) ;
#2048=CARTESIAN_POINT('Line Origine',(9.85,2.44452283655,0.603041433551)) ;
#2060=CARTESIAN_POINT('Axis2P3D Location',(9.85,0.,0.)) ;
#2065=CARTESIAN_POINT('Axis2P3D Location',(9.85,1.94452285192,0.603000000085)) ;
#2069=CARTESIAN_POINT('Vertex',(9.85,1.94452285194,0.153000000085)) ;
#2072=CARTESIAN_POINT('Line Origine',(9.85,0.972022844343,0.153000000042)) ;
#2076=CARTESIAN_POINT('Vertex',(9.85,-0.000477163251824,0.153)) ;
#2079=CARTESIAN_POINT('Line Origine',(9.85,-0.000477163251824,0.327999999814)) ;
#2083=CARTESIAN_POINT('Vertex',(9.85,-0.000477163251824,0.502999999627)) ;
#2086=CARTESIAN_POINT('Line Origine',(9.85,0.972022837086,0.502999999771)) ;
#2103=CARTESIAN_POINT('Axis2P3D Location',(11.25,1.94452285192,0.603000000085)) ;
#2108=CARTESIAN_POINT('Axis2P3D Location',(12.65,1.94452285192,0.603000000085)) ;
#2112=CARTESIAN_POINT('Vertex',(12.65,1.94452285194,0.153000000085)) ;
#2115=CARTESIAN_POINT('Line Origine',(11.25,1.94452285194,0.153000000085)) ;
#2127=CARTESIAN_POINT('Axis2P3D Location',(12.65,0.,0.)) ;
#2132=CARTESIAN_POINT('Line Origine',(12.65,0.972022837086,0.502999999771)) ;
#2136=CARTESIAN_POINT('Vertex',(12.65,-0.000477163251824,0.502999999627)) ;
#2139=CARTESIAN_POINT('Line Origine',(12.65,-0.000477163251824,0.327999999814)) ;
#2143=CARTESIAN_POINT('Vertex',(12.65,-0.000477163251824,0.153)) ;
#2146=CARTESIAN_POINT('Line Origine',(12.65,0.972022844343,0.153000000042)) ;
#2163=CARTESIAN_POINT('Line Origine',(11.25,-0.000477163251824,0.153)) ;
#2174=CARTESIAN_POINT('Axis2P3D Location',(11.1750396477,0.894522836269,0.153000000039)) ;
#2178=CARTESIAN_POINT('Vertex',(11.5750396481,0.894522836269,0.152999999759)) ;
#2180=CARTESIAN_POINT('Vertex',(10.7750396474,0.894522836269,0.152999999759)) ;
#2183=CARTESIAN_POINT('Axis2P3D Location',(11.1750396477,0.894522836269,0.153000000039)) ;
#2193=CARTESIAN_POINT('Line Origine',(11.25,-0.000477163251824,0.502999999627)) ;
#2211=CARTESIAN_POINT('Axis2P3D Location',(11.1750396477,0.894522836217,0.502999999759)) ;
#2215=CARTESIAN_POINT('Vertex',(11.5750396481,0.894522836217,0.502999999759)) ;
#2217=CARTESIAN_POINT('Vertex',(10.7750396474,0.894522836217,0.502999999759)) ;
#2220=CARTESIAN_POINT('Axis2P3D Location',(11.1750396477,0.894522836217,0.502999999759)) ;
#2230=CARTESIAN_POINT('Axis2P3D Location',(0.35003964775,15.4945228106,0.203)) ;
#2235=CARTESIAN_POINT('Line Origine',(1.45003964738,15.4945228106,0.353)) ;
#2239=CARTESIAN_POINT('Vertex',(1.45003964738,15.4945228106,0.503)) ;
#2242=CARTESIAN_POINT('Line Origine',(0.900039647564,15.4945228106,0.503)) ;
#2254=CARTESIAN_POINT('Axis2P3D Location',(1.45003964775,16.4945228367,0.203)) ;
#2259=CARTESIAN_POINT('Line Origine',(1.45003964775,15.9945228367,0.503)) ;
#2271=CARTESIAN_POINT('Axis2P3D Location',(14.6500396485,15.4945228404,0.203)) ;
#2276=CARTESIAN_POINT('Line Origine',(14.6500396485,15.4945228404,0.353)) ;
#2280=CARTESIAN_POINT('Vertex',(14.6500396485,15.4945228404,0.503)) ;
#2283=CARTESIAN_POINT('Line Origine',(14.6500396485,15.9945228385,0.503)) ;
#2295=CARTESIAN_POINT('Line Origine',(15.2000396483,15.4945228106,0.503)) ;
#2307=CARTESIAN_POINT('Axis2P3D Location',(14.6500396504,3.49452283295,0.203)) ;
#2312=CARTESIAN_POINT('Line Origine',(14.6500396504,3.49452283295,0.353)) ;
#2316=CARTESIAN_POINT('Vertex',(14.6500396504,3.49452283295,0.503)) ;
#2319=CARTESIAN_POINT('Line Origine',(15.2000396492,3.49452283295,0.503)) ;
#2331=CARTESIAN_POINT('Line Origine',(14.6500396485,2.99452283668,0.503)) ;
#2343=CARTESIAN_POINT('Line Origine',(1.45003964775,3.49452283482,0.353)) ;
#2347=CARTESIAN_POINT('Vertex',(1.45003964775,3.49452283482,0.503)) ;
#2350=CARTESIAN_POINT('Line Origine',(1.45003964775,2.99452283575,0.503)) ;
#2362=CARTESIAN_POINT('Line Origine',(0.900039647564,3.49452283295,0.503)) ;
#2374=CARTESIAN_POINT('Axis2P3D Location',(0.,0.,0.503)) ;
#2379=CARTESIAN_POINT('Line Origine',(2.570039647,16.2445228367,0.503)) ;
#2383=CARTESIAN_POINT('Vertex',(2.570039647,15.9945228369,0.503)) ;
#2386=CARTESIAN_POINT('Line Origine',(2.56003964738,15.9945228369,0.503)) ;
#2390=CARTESIAN_POINT('Vertex',(2.55003964775,15.9945228369,0.503)) ;
#2393=CARTESIAN_POINT('Line Origine',(2.55003964775,15.5445228362,0.503)) ;
#2397=CARTESIAN_POINT('Vertex',(2.55003964961,15.0945228367,0.503)) ;
#2400=CARTESIAN_POINT('Line Origine',(8.05003964682,15.0945228367,0.503)) ;
#2404=CARTESIAN_POINT('Vertex',(13.5500396478,15.0945228356,0.503)) ;
#2407=CARTESIAN_POINT('Line Origine',(13.5500396478,15.5445228362,0.503)) ;
#2411=CARTESIAN_POINT('Vertex',(13.5500396478,15.9945228369,0.503)) ;
#2414=CARTESIAN_POINT('Line Origine',(13.5400396487,15.9945228369,0.503)) ;
#2418=CARTESIAN_POINT('Vertex',(13.5300396496,15.9945228367,0.503)) ;
#2421=CARTESIAN_POINT('Line Origine',(13.5300396495,16.2445228367,0.503)) ;
#2449=CARTESIAN_POINT('Axis2P3D Location',(13.5500396478,15.9945228369,0.503)) ;
#2454=CARTESIAN_POINT('Line Origine',(13.5500396478,15.9945228369,0.5505)) ;
#2458=CARTESIAN_POINT('Vertex',(13.5500396478,15.9945228369,0.598)) ;
#2461=CARTESIAN_POINT('Line Origine',(13.5500396478,15.0945228356,0.5505)) ;
#2465=CARTESIAN_POINT('Vertex',(13.5500396478,15.0945228356,0.598)) ;
#2468=CARTESIAN_POINT('Line Origine',(13.5500396478,15.5445228362,0.598)) ;
#2480=CARTESIAN_POINT('Axis2P3D Location',(13.550039644,15.0945228367,0.503)) ;
#2485=CARTESIAN_POINT('Line Origine',(2.55003964961,15.0945228367,0.5505)) ;
#2489=CARTESIAN_POINT('Vertex',(2.55003964961,15.0945228367,0.598)) ;
#2492=CARTESIAN_POINT('Line Origine',(8.05003964682,15.0945228367,0.598)) ;
#2504=CARTESIAN_POINT('Axis2P3D Location',(2.55003964775,15.0945228356,0.503)) ;
#2509=CARTESIAN_POINT('Line Origine',(2.55003964775,15.9945228369,0.5505)) ;
#2513=CARTESIAN_POINT('Vertex',(2.55003964775,15.9945228369,0.598)) ;
#2516=CARTESIAN_POINT('Line Origine',(2.55003964775,15.5445228362,0.598)) ;
#2528=CARTESIAN_POINT('Axis2P3D Location',(13.5500396478,15.9945228369,0.503)) ;
#2533=CARTESIAN_POINT('Line Origine',(12.770039648,15.9945228369,0.450492274132)) ;
#2537=CARTESIAN_POINT('Vertex',(12.770039648,15.9945228367,0.303)) ;
#2539=CARTESIAN_POINT('Vertex',(12.770039648,15.9945228369,0.598)) ;
#2542=CARTESIAN_POINT('Line Origine',(13.1500396488,15.9945228369,0.303)) ;
#2546=CARTESIAN_POINT('Vertex',(13.5300396496,15.9945228367,0.303)) ;
#2549=CARTESIAN_POINT('Line Origine',(13.5300396496,15.9945228369,0.403)) ;
#2554=CARTESIAN_POINT('Line Origine',(13.1600396479,15.9945228369,0.598)) ;
#2568=CARTESIAN_POINT('Line Origine',(12.2200396494,15.9945228369,0.450492274132)) ;
#2572=CARTESIAN_POINT('Vertex',(12.2200396477,15.9945228369,0.598)) ;
#2574=CARTESIAN_POINT('Vertex',(12.2200396494,15.9945228367,0.303)) ;
#2577=CARTESIAN_POINT('Line Origine',(11.860039648,15.9945228369,0.598)) ;
#2581=CARTESIAN_POINT('Vertex',(11.5000396483,15.9945228369,0.598)) ;
#2584=CARTESIAN_POINT('Line Origine',(11.5000396483,15.9945228369,0.450492274132)) ;
#2588=CARTESIAN_POINT('Vertex',(11.5000396483,15.9945228367,0.303)) ;
#2591=CARTESIAN_POINT('Line Origine',(11.8600396488,15.9945228369,0.303)) ;
#2603=CARTESIAN_POINT('Line Origine',(10.2300396478,15.9945228369,0.450492274132)) ;
#2607=CARTESIAN_POINT('Vertex',(10.2300396478,15.9945228354,0.303)) ;
#2609=CARTESIAN_POINT('Vertex',(10.2300396478,15.9945228369,0.598)) ;
#2612=CARTESIAN_POINT('Line Origine',(10.5900396482,15.9945228369,0.303)) ;
#2616=CARTESIAN_POINT('Vertex',(10.9500396486,15.9945228354,0.303)) ;
#2619=CARTESIAN_POINT('Line Origine',(10.9500396486,15.9945228369,0.450492274132)) ;
#2623=CARTESIAN_POINT('Vertex',(10.9500396469,15.9945228369,0.598)) ;
#2626=CARTESIAN_POINT('Line Origine',(10.5900396474,15.9945228369,0.598)) ;
#2638=CARTESIAN_POINT('Line Origine',(8.96003964797,15.9945228369,0.450492274132)) ;
#2642=CARTESIAN_POINT('Vertex',(8.96003964797,15.9945228367,0.303)) ;
#2644=CARTESIAN_POINT('Vertex',(8.96003964797,15.9945228369,0.598)) ;
#2647=CARTESIAN_POINT('Line Origine',(9.32003964831,15.9945228369,0.303)) ;
#2651=CARTESIAN_POINT('Vertex',(9.68003964864,15.9945228367,0.303)) ;
#2654=CARTESIAN_POINT('Line Origine',(9.68003964864,15.9945228369,0.450492274132)) ;
#2658=CARTESIAN_POINT('Vertex',(9.68003964678,15.9945228369,0.598)) ;
#2661=CARTESIAN_POINT('Line Origine',(9.32003964738,15.9945228369,0.598)) ;
#2673=CARTESIAN_POINT('Line Origine',(7.69003964815,15.9945228369,0.450492274132)) ;
#2677=CARTESIAN_POINT('Vertex',(7.69003964815,15.9945228357,0.303)) ;
#2679=CARTESIAN_POINT('Vertex',(7.69003964815,15.9945228369,0.598)) ;
#2682=CARTESIAN_POINT('Line Origine',(8.05003964877,15.9945228369,0.303)) ;
#2686=CARTESIAN_POINT('Vertex',(8.41003964939,15.9945228357,0.303)) ;
#2689=CARTESIAN_POINT('Line Origine',(8.41003964939,15.9945228369,0.450492274132)) ;
#2693=CARTESIAN_POINT('Vertex',(8.41003964775,15.9945228369,0.598)) ;
#2696=CARTESIAN_POINT('Line Origine',(8.05003964795,15.9945228369,0.598)) ;
#2708=CARTESIAN_POINT('Line Origine',(7.14003964939,15.9945228369,0.450492274132)) ;
#2712=CARTESIAN_POINT('Vertex',(7.14003964775,15.9945228369,0.598)) ;
#2714=CARTESIAN_POINT('Vertex',(7.14003964939,15.9945228367,0.303)) ;
#2717=CARTESIAN_POINT('Line Origine',(6.78003964801,15.9945228369,0.598)) ;
#2721=CARTESIAN_POINT('Vertex',(6.42003964828,15.9945228369,0.598)) ;
#2724=CARTESIAN_POINT('Line Origine',(6.42003964828,15.9945228369,0.450492274132)) ;
#2728=CARTESIAN_POINT('Vertex',(6.42003964828,15.9945228367,0.303)) ;
#2731=CARTESIAN_POINT('Line Origine',(6.78003964883,15.9945228369,0.303)) ;
#2743=CARTESIAN_POINT('Line Origine',(5.15003964815,15.9945228369,0.450492274132)) ;
#2747=CARTESIAN_POINT('Vertex',(5.15003964815,15.994522836,0.303)) ;
#2749=CARTESIAN_POINT('Vertex',(5.15003964815,15.9945228369,0.598)) ;
#2752=CARTESIAN_POINT('Line Origine',(5.51003964877,15.9945228369,0.303)) ;
#2756=CARTESIAN_POINT('Vertex',(5.87003964939,15.994522836,0.303)) ;
#2759=CARTESIAN_POINT('Line Origine',(5.87003964939,15.9945228369,0.450492274132)) ;
#2763=CARTESIAN_POINT('Vertex',(5.87003964684,15.9945228369,0.598)) ;
#2766=CARTESIAN_POINT('Line Origine',(5.51003964749,15.9945228369,0.598)) ;
#2778=CARTESIAN_POINT('Line Origine',(3.88003964784,15.9945228369,0.450492274132)) ;
#2782=CARTESIAN_POINT('Vertex',(3.88003964784,15.9945228361,0.303)) ;
#2784=CARTESIAN_POINT('Vertex',(3.88003964784,15.9945228369,0.598)) ;
#2787=CARTESIAN_POINT('Line Origine',(4.24003964824,15.9945228369,0.303)) ;
#2791=CARTESIAN_POINT('Vertex',(4.60003964864,15.9945228361,0.303)) ;
#2794=CARTESIAN_POINT('Line Origine',(4.60003964864,15.9945228369,0.450492274132)) ;
#2798=CARTESIAN_POINT('Vertex',(4.60003964775,15.9945228369,0.598)) ;
#2801=CARTESIAN_POINT('Line Origine',(4.2400396478,15.9945228369,0.598)) ;
#2813=CARTESIAN_POINT('Line Origine',(3.33003964864,15.9945228369,0.450492274132)) ;
#2817=CARTESIAN_POINT('Vertex',(3.33003964864,15.9945228369,0.598)) ;
#2819=CARTESIAN_POINT('Vertex',(3.33003964864,15.9945228367,0.303)) ;
#2822=CARTESIAN_POINT('Line Origine',(2.9400396482,15.9945228369,0.598)) ;
#2827=CARTESIAN_POINT('Line Origine',(2.570039647,15.9945228369,0.403)) ;
#2831=CARTESIAN_POINT('Vertex',(2.570039647,15.9945228367,0.303)) ;
#2834=CARTESIAN_POINT('Line Origine',(2.95003964782,15.9945228369,0.303)) ;
#2848=CARTESIAN_POINT('Axis2P3D Location',(0.,0.,0.598)) ;
#2853=CARTESIAN_POINT('Line Origine',(4.6,15.7351486261,0.598)) ;
#2857=CARTESIAN_POINT('Vertex',(4.6,15.4760001683,0.598)) ;
#2860=CARTESIAN_POINT('Line Origine',(4.875,15.4760001683,0.598)) ;
#2864=CARTESIAN_POINT('Vertex',(5.15,15.4760001683,0.598)) ;
#2867=CARTESIAN_POINT('Line Origine',(5.15,15.7351486261,0.598)) ;
#2872=CARTESIAN_POINT('Line Origine',(5.87,15.7351486261,0.598)) ;
#2876=CARTESIAN_POINT('Vertex',(5.87,15.4760001683,0.598)) ;
#2879=CARTESIAN_POINT('Line Origine',(6.145,15.4760001683,0.598)) ;
#2883=CARTESIAN_POINT('Vertex',(6.42,15.4760001683,0.598)) ;
#2886=CARTESIAN_POINT('Line Origine',(6.42,15.7351486261,0.598)) ;
#2891=CARTESIAN_POINT('Line Origine',(7.14,15.7351486261,0.598)) ;
#2895=CARTESIAN_POINT('Vertex',(7.14,15.4760001683,0.598)) ;
#2898=CARTESIAN_POINT('Line Origine',(7.415,15.4760001683,0.598)) ;
#2902=CARTESIAN_POINT('Vertex',(7.69,15.4760001683,0.598)) ;
#2905=CARTESIAN_POINT('Line Origine',(7.69,15.7351486261,0.598)) ;
#2910=CARTESIAN_POINT('Line Origine',(8.41,15.7351486261,0.598)) ;
#2914=CARTESIAN_POINT('Vertex',(8.41,15.4760001683,0.598)) ;
#2917=CARTESIAN_POINT('Line Origine',(8.685,15.4760001683,0.598)) ;
#2921=CARTESIAN_POINT('Vertex',(8.96,15.4760001683,0.598)) ;
#2924=CARTESIAN_POINT('Line Origine',(8.96,15.7351486261,0.598)) ;
#2929=CARTESIAN_POINT('Line Origine',(9.68,15.7351486261,0.598)) ;
#2933=CARTESIAN_POINT('Vertex',(9.68,15.4760001683,0.598)) ;
#2936=CARTESIAN_POINT('Line Origine',(9.955,15.4760001683,0.598)) ;
#2940=CARTESIAN_POINT('Vertex',(10.23,15.4760001683,0.598)) ;
#2943=CARTESIAN_POINT('Line Origine',(10.23,15.7351486261,0.598)) ;
#2948=CARTESIAN_POINT('Line Origine',(10.95,15.7351486261,0.598)) ;
#2952=CARTESIAN_POINT('Vertex',(10.95,15.4760001683,0.598)) ;
#2955=CARTESIAN_POINT('Line Origine',(11.225,15.4760001683,0.598)) ;
#2959=CARTESIAN_POINT('Vertex',(11.5,15.4760001683,0.598)) ;
#2962=CARTESIAN_POINT('Line Origine',(11.5,15.7351486261,0.598)) ;
#2967=CARTESIAN_POINT('Line Origine',(12.22,15.7351486261,0.598)) ;
#2971=CARTESIAN_POINT('Vertex',(12.22,15.4760001683,0.598)) ;
#2974=CARTESIAN_POINT('Line Origine',(12.495,15.4760001683,0.598)) ;
#2978=CARTESIAN_POINT('Vertex',(12.77,15.4760001683,0.598)) ;
#2981=CARTESIAN_POINT('Line Origine',(12.77,15.7351486261,0.598)) ;
#2986=CARTESIAN_POINT('Line Origine',(3.33,15.7351486261,0.598)) ;
#2990=CARTESIAN_POINT('Vertex',(3.33,15.4760001683,0.598)) ;
#2993=CARTESIAN_POINT('Line Origine',(3.605,15.4760001683,0.598)) ;
#2997=CARTESIAN_POINT('Vertex',(3.88,15.4760001683,0.598)) ;
#3000=CARTESIAN_POINT('Line Origine',(3.88,15.7351486261,0.598)) ;
#3044=CARTESIAN_POINT('Axis2P3D Location',(2.570039647,16.4945228367,0.503)) ;
#3049=CARTESIAN_POINT('Line Origine',(2.570039647,16.2445228367,0.303)) ;
#3061=CARTESIAN_POINT('Axis2P3D Location',(0.,0.,0.303)) ;
#3066=CARTESIAN_POINT('Line Origine',(3.33003964864,16.2445228367,0.303)) ;
#3078=CARTESIAN_POINT('Line Origine',(3.88003964796,16.2445228367,0.303)) ;
#3083=CARTESIAN_POINT('Line Origine',(4.60003964767,16.2445228368,0.303)) ;
#3095=CARTESIAN_POINT('Line Origine',(5.15003964802,16.2445228367,0.303)) ;
#3100=CARTESIAN_POINT('Line Origine',(5.87003964684,16.2445228367,0.303)) ;
#3112=CARTESIAN_POINT('Line Origine',(6.42003964807,16.2445228367,0.303)) ;
#3117=CARTESIAN_POINT('Line Origine',(7.14003964787,16.2445228368,0.303)) ;
#3129=CARTESIAN_POINT('Line Origine',(7.69003964815,16.2445228367,0.303)) ;
#3134=CARTESIAN_POINT('Line Origine',(8.41003964778,16.2445228368,0.303)) ;
#3146=CARTESIAN_POINT('Line Origine',(8.96003964797,16.2445228367,0.303)) ;
#3151=CARTESIAN_POINT('Line Origine',(9.68003964678,16.2445228367,0.303)) ;
#3163=CARTESIAN_POINT('Line Origine',(10.2300396479,16.2445228367,0.303)) ;
#3168=CARTESIAN_POINT('Line Origine',(10.9500396469,16.2445228367,0.303)) ;
#3180=CARTESIAN_POINT('Line Origine',(11.5000396481,16.2445228367,0.303)) ;
#3185=CARTESIAN_POINT('Line Origine',(12.2200396479,16.2445228368,0.303)) ;
#3197=CARTESIAN_POINT('Axis2P3D Location',(13.5300396496,15.9945228367,0.503)) ;
#3202=CARTESIAN_POINT('Line Origine',(13.5300396495,16.2445228367,0.303)) ;
#3214=CARTESIAN_POINT('Line Origine',(12.770039648,16.2445228367,0.303)) ;
#3226=CARTESIAN_POINT('Axis2P3D Location',(3.605,15.9146109568,0.699095214263)) ;
#3231=CARTESIAN_POINT('Axis2P3D Location',(3.33,15.9146109568,0.699095214263)) ;
#3235=CARTESIAN_POINT('Vertex',(3.33,15.9146109568,0.248984487749)) ;
#3238=CARTESIAN_POINT('Line Origine',(3.605,15.9146109568,0.248984487749)) ;
#3242=CARTESIAN_POINT('Vertex',(3.88,15.9146109568,0.248984487749)) ;
#3245=CARTESIAN_POINT('Axis2P3D Location',(3.88,15.9146109568,0.699095214263)) ;
#3257=CARTESIAN_POINT('Axis2P3D Location',(3.33,17.0017061671,0.598984494512)) ;
#3262=CARTESIAN_POINT('Line Origine',(3.88,16.7481145021,0.598984494512)) ;
#3266=CARTESIAN_POINT('Vertex',(3.88,17.0017061671,0.598984494512)) ;
#3269=CARTESIAN_POINT('Line Origine',(3.605,17.0017061671,0.598984494512)) ;
#3273=CARTESIAN_POINT('Vertex',(3.33,17.0017061671,0.598984494512)) ;
#3276=CARTESIAN_POINT('Line Origine',(3.33,16.7481145021,0.598984494512)) ;
#3288=CARTESIAN_POINT('Axis2P3D Location',(3.605,17.0017061671,0.148764211924)) ;
#3293=CARTESIAN_POINT('Axis2P3D Location',(3.88,17.0017061671,0.148764211924)) ;
#3297=CARTESIAN_POINT('Vertex',(3.88,17.0760134542,0.592810076595)) ;
#3300=CARTESIAN_POINT('Line Origine',(3.605,17.0760134542,0.592810076595)) ;
#3304=CARTESIAN_POINT('Vertex',(3.33,17.0760134542,0.592810076595)) ;
#3307=CARTESIAN_POINT('Axis2P3D Location',(3.33,17.0017061671,0.148764211924)) ;
#3319=CARTESIAN_POINT('Axis2P3D Location',(3.33,18.5175716994,0.35157596169)) ;
#3324=CARTESIAN_POINT('Line Origine',(3.88,17.7967925768,0.47219301896)) ;
#3328=CARTESIAN_POINT('Vertex',(3.88,18.5175716994,0.35157596169)) ;
#3331=CARTESIAN_POINT('Line Origine',(3.605,18.5175716994,0.35157596169)) ;
#3335=CARTESIAN_POINT('Vertex',(3.33,18.5175716994,0.35157596169)) ;
#3338=CARTESIAN_POINT('Line Origine',(3.33,17.7967925768,0.47219301896)) ;
#3350=CARTESIAN_POINT('Axis2P3D Location',(3.33,18.5453935145,0.350827815962)) ;
#3355=CARTESIAN_POINT('Line Origine',(3.88,18.5314809737,0.351192128758)) ;
#3359=CARTESIAN_POINT('Vertex',(3.88,18.5453935145,0.350827815962)) ;
#3362=CARTESIAN_POINT('Line Origine',(3.605,18.5453935145,0.350827815962)) ;
#3366=CARTESIAN_POINT('Vertex',(3.33,18.5453935145,0.350827815962)) ;
#3369=CARTESIAN_POINT('Line Origine',(3.33,18.5314809737,0.351192128758)) ;
#3381=CARTESIAN_POINT('Axis2P3D Location',(3.33,19.452345674,0.454161961242)) ;
#3386=CARTESIAN_POINT('Line Origine',(3.88,18.9988695943,0.402494888602)) ;
#3390=CARTESIAN_POINT('Vertex',(3.88,19.452345674,0.454161961242)) ;
#3393=CARTESIAN_POINT('Line Origine',(3.605,19.452345674,0.454161961242)) ;
#3397=CARTESIAN_POINT('Vertex',(3.33,19.452345674,0.454161961242)) ;
#3400=CARTESIAN_POINT('Line Origine',(3.33,18.9988695943,0.402494888602)) ;
#3412=CARTESIAN_POINT('Axis2P3D Location',(3.33,19.4921249137,0.106434352031)) ;
#3417=CARTESIAN_POINT('Line Origine',(3.88,19.4722352939,0.280298156637)) ;
#3421=CARTESIAN_POINT('Vertex',(3.88,19.4921249137,0.106434352031)) ;
#3424=CARTESIAN_POINT('Line Origine',(3.605,19.4921249137,0.106434352031)) ;
#3428=CARTESIAN_POINT('Vertex',(3.33,19.4921249137,0.106434352031)) ;
#3431=CARTESIAN_POINT('Line Origine',(3.33,19.4722352939,0.280298156637)) ;
#3443=CARTESIAN_POINT('Axis2P3D Location',(3.33,18.5851727535,0.00310020695734)) ;
#3448=CARTESIAN_POINT('Line Origine',(3.88,19.0386488336,0.0547672794939)) ;
#3452=CARTESIAN_POINT('Vertex',(3.88,18.5851727535,0.00310020695734)) ;
#3455=CARTESIAN_POINT('Line Origine',(3.605,18.5851727535,0.00310020695734)) ;
#3459=CARTESIAN_POINT('Vertex',(3.33,18.5851727535,0.00310020695734)) ;
#3462=CARTESIAN_POINT('Line Origine',(3.33,19.0386488336,0.0547672794939)) ;
#3474=CARTESIAN_POINT('Axis2P3D Location',(3.605,18.5341609665,0.450820389291)) ;
#3479=CARTESIAN_POINT('Axis2P3D Location',(3.88,18.5341609665,0.450820389291)) ;
#3483=CARTESIAN_POINT('Vertex',(3.88,18.4597869893,0.00637902130866)) ;
#3486=CARTESIAN_POINT('Line Origine',(3.605,18.4597869893,0.00637902130865)) ;
#3490=CARTESIAN_POINT('Vertex',(3.33,18.4597869893,0.00637902130866)) ;
#3493=CARTESIAN_POINT('Axis2P3D Location',(3.33,18.5341609665,0.450820389291)) ;
#3505=CARTESIAN_POINT('Axis2P3D Location',(3.33,17.0182292349,0.247613054172)) ;
#3510=CARTESIAN_POINT('Line Origine',(3.88,17.7390081121,0.12699603774)) ;
#3514=CARTESIAN_POINT('Vertex',(3.88,17.0182292349,0.247613054172)) ;
#3517=CARTESIAN_POINT('Line Origine',(3.605,17.0182292349,0.247613054172)) ;
#3521=CARTESIAN_POINT('Vertex',(3.33,17.0182292349,0.247613054172)) ;
#3524=CARTESIAN_POINT('Line Origine',(3.33,17.7390081121,0.12699603774)) ;
#3536=CARTESIAN_POINT('Axis2P3D Location',(3.33,17.0017244753,0.248984493977)) ;
#3541=CARTESIAN_POINT('Line Origine',(3.88,17.0099768551,0.248298774074)) ;
#3545=CARTESIAN_POINT('Vertex',(3.88,17.0017244753,0.248984493977)) ;
#3548=CARTESIAN_POINT('Line Origine',(3.605,17.0017244753,0.248984493977)) ;
#3552=CARTESIAN_POINT('Vertex',(3.33,17.0017244753,0.248984493977)) ;
#3555=CARTESIAN_POINT('Line Origine',(3.33,17.0099768551,0.248298774074)) ;
#3567=CARTESIAN_POINT('Axis2P3D Location',(3.33,15.9146109568,0.248984487749)) ;
#3572=CARTESIAN_POINT('Line Origine',(3.88,16.4581677161,0.248984487749)) ;
#3577=CARTESIAN_POINT('Line Origine',(3.33,16.4581677161,0.248984487749)) ;
#3589=CARTESIAN_POINT('Axis2P3D Location',(3.33,0.,0.)) ;
#3613=CARTESIAN_POINT('Axis2P3D Location',(3.88,0.,0.)) ;
#3637=CARTESIAN_POINT('Axis2P3D Location',(4.6,15.9146109568,0.699095214263)) ;
#3641=CARTESIAN_POINT('Vertex',(4.6,15.9146109568,0.248984487749)) ;
#3644=CARTESIAN_POINT('Line Origine',(3.605,15.9146109568,0.248984487749)) ;
#3648=CARTESIAN_POINT('Vertex',(5.15,15.9146109568,0.248984487749)) ;
#3651=CARTESIAN_POINT('Axis2P3D Location',(5.15,15.9146109568,0.699095214263)) ;
#3663=CARTESIAN_POINT('Line Origine',(5.15,16.7481145034,0.598984494512)) ;
#3667=CARTESIAN_POINT('Vertex',(5.15,17.0017061671,0.598984494512)) ;
#3670=CARTESIAN_POINT('Line Origine',(4.875,17.0017061671,0.598984494512)) ;
#3674=CARTESIAN_POINT('Vertex',(4.6,17.0017061671,0.598984494512)) ;
#3677=CARTESIAN_POINT('Line Origine',(4.6,16.7481145034,0.598984494512)) ;
#3689=CARTESIAN_POINT('Axis2P3D Location',(5.15,17.0017061671,0.148764211924)) ;
#3693=CARTESIAN_POINT('Vertex',(5.15,17.0760134542,0.592810076595)) ;
#3696=CARTESIAN_POINT('Line Origine',(3.605,17.0760134542,0.592810076595)) ;
#3700=CARTESIAN_POINT('Vertex',(4.6,17.0760134542,0.592810076595)) ;
#3703=CARTESIAN_POINT('Axis2P3D Location',(4.6,17.0017061671,0.148764211924)) ;
#3715=CARTESIAN_POINT('Line Origine',(5.15,17.7967925768,0.47219301896)) ;
#3719=CARTESIAN_POINT('Vertex',(5.15,18.5175716994,0.35157596169)) ;
#3722=CARTESIAN_POINT('Line Origine',(4.875,18.5175716994,0.35157596169)) ;
#3726=CARTESIAN_POINT('Vertex',(4.6,18.5175716994,0.35157596169)) ;
#3729=CARTESIAN_POINT('Line Origine',(4.6,17.7967925768,0.47219301896)) ;
#3741=CARTESIAN_POINT('Line Origine',(5.15,18.5314809737,0.351192128758)) ;
#3745=CARTESIAN_POINT('Vertex',(5.15,18.5453935145,0.350827815962)) ;
#3748=CARTESIAN_POINT('Line Origine',(4.875,18.5453935145,0.350827815962)) ;
#3752=CARTESIAN_POINT('Vertex',(4.6,18.5453935145,0.350827815962)) ;
#3755=CARTESIAN_POINT('Line Origine',(4.6,18.5314809737,0.351192128758)) ;
#3767=CARTESIAN_POINT('Line Origine',(5.15,18.9988695943,0.402494888602)) ;
#3771=CARTESIAN_POINT('Vertex',(5.15,19.452345674,0.454161961242)) ;
#3774=CARTESIAN_POINT('Line Origine',(4.875,19.452345674,0.454161961242)) ;
#3778=CARTESIAN_POINT('Vertex',(4.6,19.452345674,0.454161961242)) ;
#3781=CARTESIAN_POINT('Line Origine',(4.6,18.9988695943,0.402494888602)) ;
#3793=CARTESIAN_POINT('Line Origine',(5.15,19.4722352939,0.280298156637)) ;
#3797=CARTESIAN_POINT('Vertex',(5.15,19.4921249137,0.106434352031)) ;
#3800=CARTESIAN_POINT('Line Origine',(4.875,19.4921249137,0.106434352031)) ;
#3804=CARTESIAN_POINT('Vertex',(4.6,19.4921249137,0.106434352031)) ;
#3807=CARTESIAN_POINT('Line Origine',(4.6,19.4722352939,0.280298156637)) ;
#3819=CARTESIAN_POINT('Line Origine',(5.15,19.0386488336,0.0547672794939)) ;
#3823=CARTESIAN_POINT('Vertex',(5.15,18.5851727535,0.00310020695734)) ;
#3826=CARTESIAN_POINT('Line Origine',(4.875,18.5851727535,0.00310020695734)) ;
#3830=CARTESIAN_POINT('Vertex',(4.6,18.5851727535,0.00310020695734)) ;
#3833=CARTESIAN_POINT('Line Origine',(4.6,19.0386488336,0.0547672794939)) ;
#3845=CARTESIAN_POINT('Axis2P3D Location',(5.15,18.5341609665,0.450820389291)) ;
#3849=CARTESIAN_POINT('Vertex',(5.15,18.4597869893,0.00637902130866)) ;
#3852=CARTESIAN_POINT('Line Origine',(3.605,18.4597869893,0.00637902130865)) ;
#3856=CARTESIAN_POINT('Vertex',(4.6,18.4597869893,0.00637902130866)) ;
#3859=CARTESIAN_POINT('Axis2P3D Location',(4.6,18.5341609665,0.450820389291)) ;
#3871=CARTESIAN_POINT('Line Origine',(5.15,17.7390081121,0.12699603774)) ;
#3875=CARTESIAN_POINT('Vertex',(5.15,17.0182292349,0.247613054172)) ;
#3878=CARTESIAN_POINT('Line Origine',(4.875,17.0182292349,0.247613054172)) ;
#3882=CARTESIAN_POINT('Vertex',(4.6,17.0182292349,0.247613054172)) ;
#3885=CARTESIAN_POINT('Line Origine',(4.6,17.7390081121,0.12699603774)) ;
#3897=CARTESIAN_POINT('Line Origine',(5.15,17.0099768551,0.248298774074)) ;
#3901=CARTESIAN_POINT('Vertex',(5.15,17.0017244753,0.248984493977)) ;
#3904=CARTESIAN_POINT('Line Origine',(4.875,17.0017244753,0.248984493977)) ;
#3908=CARTESIAN_POINT('Vertex',(4.6,17.0017244753,0.248984493977)) ;
#3911=CARTESIAN_POINT('Line Origine',(4.6,17.0099768551,0.248298774074)) ;
#3923=CARTESIAN_POINT('Line Origine',(5.15,16.4581677161,0.248984487749)) ;
#3928=CARTESIAN_POINT('Line Origine',(4.6,16.4581677161,0.248984487749)) ;
#3940=CARTESIAN_POINT('Axis2P3D Location',(4.6,0.,0.)) ;
#3964=CARTESIAN_POINT('Axis2P3D Location',(5.15,0.,0.)) ;
#3988=CARTESIAN_POINT('Axis2P3D Location',(5.87,15.9146109568,0.699095214263)) ;
#3992=CARTESIAN_POINT('Vertex',(5.87,15.9146109568,0.248984487749)) ;
#3995=CARTESIAN_POINT('Line Origine',(3.605,15.9146109568,0.248984487749)) ;
#3999=CARTESIAN_POINT('Vertex',(6.42,15.9146109568,0.248984487749)) ;
#4002=CARTESIAN_POINT('Axis2P3D Location',(6.42,15.9146109568,0.699095214263)) ;
#4014=CARTESIAN_POINT('Line Origine',(6.42,16.7481145031,0.598984494512)) ;
#4018=CARTESIAN_POINT('Vertex',(6.42,17.0017061671,0.598984494512)) ;
#4021=CARTESIAN_POINT('Line Origine',(6.145,17.0017061671,0.598984494512)) ;
#4025=CARTESIAN_POINT('Vertex',(5.87,17.0017061671,0.598984494512)) ;
#4028=CARTESIAN_POINT('Line Origine',(5.87,16.7481145031,0.598984494512)) ;
#4040=CARTESIAN_POINT('Axis2P3D Location',(6.42,17.0017061671,0.148764211924)) ;
#4044=CARTESIAN_POINT('Vertex',(6.42,17.0760134542,0.592810076595)) ;
#4047=CARTESIAN_POINT('Line Origine',(3.605,17.0760134542,0.592810076595)) ;
#4051=CARTESIAN_POINT('Vertex',(5.87,17.0760134542,0.592810076595)) ;
#4054=CARTESIAN_POINT('Axis2P3D Location',(5.87,17.0017061671,0.148764211924)) ;
#4066=CARTESIAN_POINT('Line Origine',(6.42,17.7967925768,0.47219301896)) ;
#4070=CARTESIAN_POINT('Vertex',(6.42,18.5175716994,0.35157596169)) ;
#4073=CARTESIAN_POINT('Line Origine',(6.145,18.5175716994,0.35157596169)) ;
#4077=CARTESIAN_POINT('Vertex',(5.87,18.5175716994,0.35157596169)) ;
#4080=CARTESIAN_POINT('Line Origine',(5.87,17.7967925768,0.47219301896)) ;
#4092=CARTESIAN_POINT('Line Origine',(6.42,18.5314809737,0.351192128758)) ;
#4096=CARTESIAN_POINT('Vertex',(6.42,18.5453935145,0.350827815962)) ;
#4099=CARTESIAN_POINT('Line Origine',(6.145,18.5453935145,0.350827815962)) ;
#4103=CARTESIAN_POINT('Vertex',(5.87,18.5453935145,0.350827815962)) ;
#4106=CARTESIAN_POINT('Line Origine',(5.87,18.5314809737,0.351192128758)) ;
#4118=CARTESIAN_POINT('Line Origine',(6.42,18.9988695943,0.402494888602)) ;
#4122=CARTESIAN_POINT('Vertex',(6.42,19.452345674,0.454161961242)) ;
#4125=CARTESIAN_POINT('Line Origine',(6.145,19.452345674,0.454161961242)) ;
#4129=CARTESIAN_POINT('Vertex',(5.87,19.452345674,0.454161961242)) ;
#4132=CARTESIAN_POINT('Line Origine',(5.87,18.9988695943,0.402494888602)) ;
#4144=CARTESIAN_POINT('Line Origine',(6.42,19.4722352939,0.280298156637)) ;
#4148=CARTESIAN_POINT('Vertex',(6.42,19.4921249137,0.106434352031)) ;
#4151=CARTESIAN_POINT('Line Origine',(6.145,19.4921249137,0.106434352031)) ;
#4155=CARTESIAN_POINT('Vertex',(5.87,19.4921249137,0.106434352031)) ;
#4158=CARTESIAN_POINT('Line Origine',(5.87,19.4722352939,0.280298156637)) ;
#4170=CARTESIAN_POINT('Line Origine',(6.42,19.0386488336,0.0547672794939)) ;
#4174=CARTESIAN_POINT('Vertex',(6.42,18.5851727535,0.00310020695734)) ;
#4177=CARTESIAN_POINT('Line Origine',(6.145,18.5851727535,0.00310020695734)) ;
#4181=CARTESIAN_POINT('Vertex',(5.87,18.5851727535,0.00310020695734)) ;
#4184=CARTESIAN_POINT('Line Origine',(5.87,19.0386488336,0.0547672794939)) ;
#4196=CARTESIAN_POINT('Axis2P3D Location',(6.42,18.5341609665,0.450820389291)) ;
#4200=CARTESIAN_POINT('Vertex',(6.42,18.4597869893,0.00637902130866)) ;
#4203=CARTESIAN_POINT('Line Origine',(3.605,18.4597869893,0.00637902130865)) ;
#4207=CARTESIAN_POINT('Vertex',(5.87,18.4597869893,0.00637902130866)) ;
#4210=CARTESIAN_POINT('Axis2P3D Location',(5.87,18.5341609665,0.450820389291)) ;
#4222=CARTESIAN_POINT('Line Origine',(6.42,17.7390081121,0.12699603774)) ;
#4226=CARTESIAN_POINT('Vertex',(6.42,17.0182292349,0.247613054172)) ;
#4229=CARTESIAN_POINT('Line Origine',(6.145,17.0182292349,0.247613054172)) ;
#4233=CARTESIAN_POINT('Vertex',(5.87,17.0182292349,0.247613054172)) ;
#4236=CARTESIAN_POINT('Line Origine',(5.87,17.7390081121,0.12699603774)) ;
#4248=CARTESIAN_POINT('Line Origine',(6.42,17.0099768551,0.248298774074)) ;
#4252=CARTESIAN_POINT('Vertex',(6.42,17.0017244753,0.248984493977)) ;
#4255=CARTESIAN_POINT('Line Origine',(6.145,17.0017244753,0.248984493977)) ;
#4259=CARTESIAN_POINT('Vertex',(5.87,17.0017244753,0.248984493977)) ;
#4262=CARTESIAN_POINT('Line Origine',(5.87,17.0099768551,0.248298774074)) ;
#4274=CARTESIAN_POINT('Line Origine',(6.42,16.4581677161,0.248984487749)) ;
#4279=CARTESIAN_POINT('Line Origine',(5.87,16.4581677161,0.248984487749)) ;
#4291=CARTESIAN_POINT('Axis2P3D Location',(5.87,0.,0.)) ;
#4315=CARTESIAN_POINT('Axis2P3D Location',(6.42,0.,0.)) ;
#4339=CARTESIAN_POINT('Axis2P3D Location',(7.14,15.9146109568,0.699095214263)) ;
#4343=CARTESIAN_POINT('Vertex',(7.14,15.9146109568,0.248984487749)) ;
#4346=CARTESIAN_POINT('Line Origine',(3.605,15.9146109568,0.248984487749)) ;
#4350=CARTESIAN_POINT('Vertex',(7.69,15.9146109568,0.248984487749)) ;
#4353=CARTESIAN_POINT('Axis2P3D Location',(7.69,15.9146109568,0.699095214263)) ;
#4365=CARTESIAN_POINT('Line Origine',(7.69,16.7481145025,0.598984494512)) ;
#4369=CARTESIAN_POINT('Vertex',(7.69,17.0017061671,0.598984494512)) ;
#4372=CARTESIAN_POINT('Line Origine',(7.415,17.0017061671,0.598984494512)) ;
#4376=CARTESIAN_POINT('Vertex',(7.14,17.0017061671,0.598984494512)) ;
#4379=CARTESIAN_POINT('Line Origine',(7.14,16.7481145025,0.598984494512)) ;
#4391=CARTESIAN_POINT('Axis2P3D Location',(7.69,17.0017061671,0.148764211924)) ;
#4395=CARTESIAN_POINT('Vertex',(7.69,17.0760134542,0.592810076595)) ;
#4398=CARTESIAN_POINT('Line Origine',(3.605,17.0760134542,0.592810076595)) ;
#4402=CARTESIAN_POINT('Vertex',(7.14,17.0760134542,0.592810076595)) ;
#4405=CARTESIAN_POINT('Axis2P3D Location',(7.14,17.0017061671,0.148764211924)) ;
#4417=CARTESIAN_POINT('Line Origine',(7.69,17.7967925768,0.47219301896)) ;
#4421=CARTESIAN_POINT('Vertex',(7.69,18.5175716994,0.35157596169)) ;
#4424=CARTESIAN_POINT('Line Origine',(7.415,18.5175716994,0.35157596169)) ;
#4428=CARTESIAN_POINT('Vertex',(7.14,18.5175716994,0.35157596169)) ;
#4431=CARTESIAN_POINT('Line Origine',(7.14,17.7967925768,0.47219301896)) ;
#4443=CARTESIAN_POINT('Line Origine',(7.69,18.5314809737,0.351192128758)) ;
#4447=CARTESIAN_POINT('Vertex',(7.69,18.5453935145,0.350827815962)) ;
#4450=CARTESIAN_POINT('Line Origine',(7.415,18.5453935145,0.350827815962)) ;
#4454=CARTESIAN_POINT('Vertex',(7.14,18.5453935145,0.350827815962)) ;
#4457=CARTESIAN_POINT('Line Origine',(7.14,18.5314809737,0.351192128758)) ;
#4469=CARTESIAN_POINT('Line Origine',(7.69,18.9988695943,0.402494888602)) ;
#4473=CARTESIAN_POINT('Vertex',(7.69,19.452345674,0.454161961242)) ;
#4476=CARTESIAN_POINT('Line Origine',(7.415,19.452345674,0.454161961242)) ;
#4480=CARTESIAN_POINT('Vertex',(7.14,19.452345674,0.454161961242)) ;
#4483=CARTESIAN_POINT('Line Origine',(7.14,18.9988695943,0.402494888602)) ;
#4495=CARTESIAN_POINT('Line Origine',(7.69,19.4722352939,0.280298156637)) ;
#4499=CARTESIAN_POINT('Vertex',(7.69,19.4921249137,0.106434352031)) ;
#4502=CARTESIAN_POINT('Line Origine',(7.415,19.4921249137,0.106434352031)) ;
#4506=CARTESIAN_POINT('Vertex',(7.14,19.4921249137,0.106434352031)) ;
#4509=CARTESIAN_POINT('Line Origine',(7.14,19.4722352939,0.280298156637)) ;
#4521=CARTESIAN_POINT('Line Origine',(7.69,19.0386488336,0.0547672794939)) ;
#4525=CARTESIAN_POINT('Vertex',(7.69,18.5851727535,0.00310020695734)) ;
#4528=CARTESIAN_POINT('Line Origine',(7.415,18.5851727535,0.00310020695734)) ;
#4532=CARTESIAN_POINT('Vertex',(7.14,18.5851727535,0.00310020695734)) ;
#4535=CARTESIAN_POINT('Line Origine',(7.14,19.0386488336,0.0547672794939)) ;
#4547=CARTESIAN_POINT('Axis2P3D Location',(7.69,18.5341609665,0.450820389291)) ;
#4551=CARTESIAN_POINT('Vertex',(7.69,18.4597869893,0.00637902130866)) ;
#4554=CARTESIAN_POINT('Line Origine',(3.605,18.4597869893,0.00637902130865)) ;
#4558=CARTESIAN_POINT('Vertex',(7.14,18.4597869893,0.00637902130866)) ;
#4561=CARTESIAN_POINT('Axis2P3D Location',(7.14,18.5341609665,0.450820389291)) ;
#4573=CARTESIAN_POINT('Line Origine',(7.69,17.7390081121,0.12699603774)) ;
#4577=CARTESIAN_POINT('Vertex',(7.69,17.0182292349,0.247613054172)) ;
#4580=CARTESIAN_POINT('Line Origine',(7.415,17.0182292349,0.247613054172)) ;
#4584=CARTESIAN_POINT('Vertex',(7.14,17.0182292349,0.247613054172)) ;
#4587=CARTESIAN_POINT('Line Origine',(7.14,17.7390081121,0.12699603774)) ;
#4599=CARTESIAN_POINT('Line Origine',(7.69,17.0099768551,0.248298774074)) ;
#4603=CARTESIAN_POINT('Vertex',(7.69,17.0017244753,0.248984493977)) ;
#4606=CARTESIAN_POINT('Line Origine',(7.415,17.0017244753,0.248984493977)) ;
#4610=CARTESIAN_POINT('Vertex',(7.14,17.0017244753,0.248984493977)) ;
#4613=CARTESIAN_POINT('Line Origine',(7.14,17.0099768551,0.248298774074)) ;
#4625=CARTESIAN_POINT('Line Origine',(7.69,16.4581677161,0.248984487749)) ;
#4630=CARTESIAN_POINT('Line Origine',(7.14,16.4581677161,0.248984487749)) ;
#4642=CARTESIAN_POINT('Axis2P3D Location',(7.14,0.,0.)) ;
#4666=CARTESIAN_POINT('Axis2P3D Location',(7.69,0.,0.)) ;
#4690=CARTESIAN_POINT('Axis2P3D Location',(8.41,15.9146109568,0.699095214263)) ;
#4694=CARTESIAN_POINT('Vertex',(8.41,15.9146109568,0.248984487749)) ;
#4697=CARTESIAN_POINT('Line Origine',(3.605,15.9146109568,0.248984487749)) ;
#4701=CARTESIAN_POINT('Vertex',(8.96,15.9146109568,0.248984487749)) ;
#4704=CARTESIAN_POINT('Axis2P3D Location',(8.96,15.9146109568,0.699095214263)) ;
#4716=CARTESIAN_POINT('Line Origine',(8.96,16.7481145026,0.598984494512)) ;
#4720=CARTESIAN_POINT('Vertex',(8.96,17.0017061671,0.598984494512)) ;
#4723=CARTESIAN_POINT('Line Origine',(8.685,17.0017061671,0.598984494512)) ;
#4727=CARTESIAN_POINT('Vertex',(8.41,17.0017061671,0.598984494512)) ;
#4730=CARTESIAN_POINT('Line Origine',(8.41,16.7481145026,0.598984494512)) ;
#4742=CARTESIAN_POINT('Axis2P3D Location',(8.96,17.0017061671,0.148764211924)) ;
#4746=CARTESIAN_POINT('Vertex',(8.96,17.0760134542,0.592810076595)) ;
#4749=CARTESIAN_POINT('Line Origine',(3.605,17.0760134542,0.592810076595)) ;
#4753=CARTESIAN_POINT('Vertex',(8.41,17.0760134542,0.592810076595)) ;
#4756=CARTESIAN_POINT('Axis2P3D Location',(8.41,17.0017061671,0.148764211924)) ;
#4768=CARTESIAN_POINT('Line Origine',(8.96,17.7967925768,0.47219301896)) ;
#4772=CARTESIAN_POINT('Vertex',(8.96,18.5175716994,0.35157596169)) ;
#4775=CARTESIAN_POINT('Line Origine',(8.685,18.5175716994,0.35157596169)) ;
#4779=CARTESIAN_POINT('Vertex',(8.41,18.5175716994,0.35157596169)) ;
#4782=CARTESIAN_POINT('Line Origine',(8.41,17.7967925768,0.47219301896)) ;
#4794=CARTESIAN_POINT('Line Origine',(8.96,18.5314809737,0.351192128758)) ;
#4798=CARTESIAN_POINT('Vertex',(8.96,18.5453935145,0.350827815962)) ;
#4801=CARTESIAN_POINT('Line Origine',(8.685,18.5453935145,0.350827815962)) ;
#4805=CARTESIAN_POINT('Vertex',(8.41,18.5453935145,0.350827815962)) ;
#4808=CARTESIAN_POINT('Line Origine',(8.41,18.5314809737,0.351192128758)) ;
#4820=CARTESIAN_POINT('Line Origine',(8.96,18.9988695943,0.402494888602)) ;
#4824=CARTESIAN_POINT('Vertex',(8.96,19.452345674,0.454161961242)) ;
#4827=CARTESIAN_POINT('Line Origine',(8.685,19.452345674,0.454161961242)) ;
#4831=CARTESIAN_POINT('Vertex',(8.41,19.452345674,0.454161961242)) ;
#4834=CARTESIAN_POINT('Line Origine',(8.41,18.9988695943,0.402494888602)) ;
#4846=CARTESIAN_POINT('Line Origine',(8.96,19.4722352939,0.280298156637)) ;
#4850=CARTESIAN_POINT('Vertex',(8.96,19.4921249137,0.106434352031)) ;
#4853=CARTESIAN_POINT('Line Origine',(8.685,19.4921249137,0.106434352031)) ;
#4857=CARTESIAN_POINT('Vertex',(8.41,19.4921249137,0.106434352031)) ;
#4860=CARTESIAN_POINT('Line Origine',(8.41,19.4722352939,0.280298156637)) ;
#4872=CARTESIAN_POINT('Line Origine',(8.96,19.0386488336,0.0547672794939)) ;
#4876=CARTESIAN_POINT('Vertex',(8.96,18.5851727535,0.00310020695734)) ;
#4879=CARTESIAN_POINT('Line Origine',(8.685,18.5851727535,0.00310020695734)) ;
#4883=CARTESIAN_POINT('Vertex',(8.41,18.5851727535,0.00310020695734)) ;
#4886=CARTESIAN_POINT('Line Origine',(8.41,19.0386488336,0.0547672794939)) ;
#4898=CARTESIAN_POINT('Axis2P3D Location',(8.96,18.5341609665,0.450820389291)) ;
#4902=CARTESIAN_POINT('Vertex',(8.96,18.4597869893,0.00637902130866)) ;
#4905=CARTESIAN_POINT('Line Origine',(3.605,18.4597869893,0.00637902130865)) ;
#4909=CARTESIAN_POINT('Vertex',(8.41,18.4597869893,0.00637902130866)) ;
#4912=CARTESIAN_POINT('Axis2P3D Location',(8.41,18.5341609665,0.450820389291)) ;
#4924=CARTESIAN_POINT('Line Origine',(8.96,17.7390081121,0.12699603774)) ;
#4928=CARTESIAN_POINT('Vertex',(8.96,17.0182292349,0.247613054172)) ;
#4931=CARTESIAN_POINT('Line Origine',(8.685,17.0182292349,0.247613054172)) ;
#4935=CARTESIAN_POINT('Vertex',(8.41,17.0182292349,0.247613054172)) ;
#4938=CARTESIAN_POINT('Line Origine',(8.41,17.7390081121,0.12699603774)) ;
#4950=CARTESIAN_POINT('Line Origine',(8.96,17.0099768551,0.248298774074)) ;
#4954=CARTESIAN_POINT('Vertex',(8.96,17.0017244753,0.248984493977)) ;
#4957=CARTESIAN_POINT('Line Origine',(8.685,17.0017244753,0.248984493977)) ;
#4961=CARTESIAN_POINT('Vertex',(8.41,17.0017244753,0.248984493977)) ;
#4964=CARTESIAN_POINT('Line Origine',(8.41,17.0099768551,0.248298774074)) ;
#4976=CARTESIAN_POINT('Line Origine',(8.96,16.4581677161,0.248984487749)) ;
#4981=CARTESIAN_POINT('Line Origine',(8.41,16.4581677161,0.248984487749)) ;
#4993=CARTESIAN_POINT('Axis2P3D Location',(8.41,0.,0.)) ;
#5017=CARTESIAN_POINT('Axis2P3D Location',(8.96,0.,0.)) ;
#5041=CARTESIAN_POINT('Axis2P3D Location',(9.68,15.9146109568,0.699095214263)) ;
#5045=CARTESIAN_POINT('Vertex',(9.68,15.9146109568,0.248984487749)) ;
#5048=CARTESIAN_POINT('Line Origine',(3.605,15.9146109568,0.248984487749)) ;
#5052=CARTESIAN_POINT('Vertex',(10.23,15.9146109568,0.248984487749)) ;
#5055=CARTESIAN_POINT('Axis2P3D Location',(10.23,15.9146109568,0.699095214263)) ;
#5067=CARTESIAN_POINT('Line Origine',(10.23,16.7481145021,0.598984494512)) ;
#5071=CARTESIAN_POINT('Vertex',(10.23,17.0017061671,0.598984494512)) ;
#5074=CARTESIAN_POINT('Line Origine',(9.955,17.0017061671,0.598984494512)) ;
#5078=CARTESIAN_POINT('Vertex',(9.68,17.0017061671,0.598984494512)) ;
#5081=CARTESIAN_POINT('Line Origine',(9.68,16.7481145021,0.598984494512)) ;
#5093=CARTESIAN_POINT('Axis2P3D Location',(10.23,17.0017061671,0.148764211924)) ;
#5097=CARTESIAN_POINT('Vertex',(10.23,17.0760134542,0.592810076595)) ;
#5100=CARTESIAN_POINT('Line Origine',(3.605,17.0760134542,0.592810076595)) ;
#5104=CARTESIAN_POINT('Vertex',(9.68,17.0760134542,0.592810076595)) ;
#5107=CARTESIAN_POINT('Axis2P3D Location',(9.68,17.0017061671,0.148764211924)) ;
#5119=CARTESIAN_POINT('Line Origine',(10.23,17.7967925768,0.47219301896)) ;
#5123=CARTESIAN_POINT('Vertex',(10.23,18.5175716994,0.35157596169)) ;
#5126=CARTESIAN_POINT('Line Origine',(9.955,18.5175716994,0.35157596169)) ;
#5130=CARTESIAN_POINT('Vertex',(9.68,18.5175716994,0.35157596169)) ;
#5133=CARTESIAN_POINT('Line Origine',(9.68,17.7967925768,0.47219301896)) ;
#5145=CARTESIAN_POINT('Line Origine',(10.23,18.5314809737,0.351192128758)) ;
#5149=CARTESIAN_POINT('Vertex',(10.23,18.5453935145,0.350827815962)) ;
#5152=CARTESIAN_POINT('Line Origine',(9.955,18.5453935145,0.350827815962)) ;
#5156=CARTESIAN_POINT('Vertex',(9.68,18.5453935145,0.350827815962)) ;
#5159=CARTESIAN_POINT('Line Origine',(9.68,18.5314809737,0.351192128758)) ;
#5171=CARTESIAN_POINT('Line Origine',(10.23,18.9988695943,0.402494888602)) ;
#5175=CARTESIAN_POINT('Vertex',(10.23,19.452345674,0.454161961242)) ;
#5178=CARTESIAN_POINT('Line Origine',(9.955,19.452345674,0.454161961242)) ;
#5182=CARTESIAN_POINT('Vertex',(9.68,19.452345674,0.454161961242)) ;
#5185=CARTESIAN_POINT('Line Origine',(9.68,18.9988695943,0.402494888602)) ;
#5197=CARTESIAN_POINT('Line Origine',(10.23,19.4722352939,0.280298156637)) ;
#5201=CARTESIAN_POINT('Vertex',(10.23,19.4921249137,0.106434352031)) ;
#5204=CARTESIAN_POINT('Line Origine',(9.955,19.4921249137,0.106434352031)) ;
#5208=CARTESIAN_POINT('Vertex',(9.68,19.4921249137,0.106434352031)) ;
#5211=CARTESIAN_POINT('Line Origine',(9.68,19.4722352939,0.280298156637)) ;
#5223=CARTESIAN_POINT('Line Origine',(10.23,19.0386488336,0.0547672794939)) ;
#5227=CARTESIAN_POINT('Vertex',(10.23,18.5851727535,0.00310020695734)) ;
#5230=CARTESIAN_POINT('Line Origine',(9.955,18.5851727535,0.00310020695734)) ;
#5234=CARTESIAN_POINT('Vertex',(9.68,18.5851727535,0.00310020695734)) ;
#5237=CARTESIAN_POINT('Line Origine',(9.68,19.0386488336,0.0547672794939)) ;
#5249=CARTESIAN_POINT('Axis2P3D Location',(10.23,18.5341609665,0.450820389291)) ;
#5253=CARTESIAN_POINT('Vertex',(10.23,18.4597869893,0.00637902130866)) ;
#5256=CARTESIAN_POINT('Line Origine',(3.605,18.4597869893,0.00637902130865)) ;
#5260=CARTESIAN_POINT('Vertex',(9.68,18.4597869893,0.00637902130866)) ;
#5263=CARTESIAN_POINT('Axis2P3D Location',(9.68,18.5341609665,0.450820389291)) ;
#5275=CARTESIAN_POINT('Line Origine',(10.23,17.7390081121,0.12699603774)) ;
#5279=CARTESIAN_POINT('Vertex',(10.23,17.0182292349,0.247613054172)) ;
#5282=CARTESIAN_POINT('Line Origine',(9.955,17.0182292349,0.247613054172)) ;
#5286=CARTESIAN_POINT('Vertex',(9.68,17.0182292349,0.247613054172)) ;
#5289=CARTESIAN_POINT('Line Origine',(9.68,17.7390081121,0.12699603774)) ;
#5301=CARTESIAN_POINT('Line Origine',(10.23,17.0099768551,0.248298774074)) ;
#5305=CARTESIAN_POINT('Vertex',(10.23,17.0017244753,0.248984493977)) ;
#5308=CARTESIAN_POINT('Line Origine',(9.955,17.0017244753,0.248984493977)) ;
#5312=CARTESIAN_POINT('Vertex',(9.68,17.0017244753,0.248984493977)) ;
#5315=CARTESIAN_POINT('Line Origine',(9.68,17.0099768551,0.248298774074)) ;
#5327=CARTESIAN_POINT('Line Origine',(10.23,16.4581677161,0.248984487749)) ;
#5332=CARTESIAN_POINT('Line Origine',(9.68,16.4581677161,0.248984487749)) ;
#5344=CARTESIAN_POINT('Axis2P3D Location',(9.68,0.,0.)) ;
#5368=CARTESIAN_POINT('Axis2P3D Location',(10.23,0.,0.)) ;
#5392=CARTESIAN_POINT('Axis2P3D Location',(10.95,15.9146109568,0.699095214263)) ;
#5396=CARTESIAN_POINT('Vertex',(10.95,15.9146109568,0.248984487749)) ;
#5399=CARTESIAN_POINT('Line Origine',(3.605,15.9146109568,0.248984487749)) ;
#5403=CARTESIAN_POINT('Vertex',(11.5,15.9146109568,0.248984487749)) ;
#5406=CARTESIAN_POINT('Axis2P3D Location',(11.5,15.9146109568,0.699095214263)) ;
#5418=CARTESIAN_POINT('Line Origine',(11.5,16.748114504,0.598984494512)) ;
#5422=CARTESIAN_POINT('Vertex',(11.5,17.0017061671,0.598984494512)) ;
#5425=CARTESIAN_POINT('Line Origine',(11.225,17.0017061671,0.598984494512)) ;
#5429=CARTESIAN_POINT('Vertex',(10.95,17.0017061671,0.598984494512)) ;
#5432=CARTESIAN_POINT('Line Origine',(10.95,16.748114504,0.598984494512)) ;
#5444=CARTESIAN_POINT('Axis2P3D Location',(11.5,17.0017061671,0.148764211924)) ;
#5448=CARTESIAN_POINT('Vertex',(11.5,17.0760134542,0.592810076595)) ;
#5451=CARTESIAN_POINT('Line Origine',(3.605,17.0760134542,0.592810076595)) ;
#5455=CARTESIAN_POINT('Vertex',(10.95,17.0760134542,0.592810076595)) ;
#5458=CARTESIAN_POINT('Axis2P3D Location',(10.95,17.0017061671,0.148764211924)) ;
#5470=CARTESIAN_POINT('Line Origine',(11.5,17.7967925768,0.47219301896)) ;
#5474=CARTESIAN_POINT('Vertex',(11.5,18.5175716994,0.35157596169)) ;
#5477=CARTESIAN_POINT('Line Origine',(11.225,18.5175716994,0.35157596169)) ;
#5481=CARTESIAN_POINT('Vertex',(10.95,18.5175716994,0.35157596169)) ;
#5484=CARTESIAN_POINT('Line Origine',(10.95,17.7967925768,0.47219301896)) ;
#5496=CARTESIAN_POINT('Line Origine',(11.5,18.5314809737,0.351192128758)) ;
#5500=CARTESIAN_POINT('Vertex',(11.5,18.5453935145,0.350827815962)) ;
#5503=CARTESIAN_POINT('Line Origine',(11.225,18.5453935145,0.350827815962)) ;
#5507=CARTESIAN_POINT('Vertex',(10.95,18.5453935145,0.350827815962)) ;
#5510=CARTESIAN_POINT('Line Origine',(10.95,18.5314809737,0.351192128758)) ;
#5522=CARTESIAN_POINT('Line Origine',(11.5,18.9988695943,0.402494888602)) ;
#5526=CARTESIAN_POINT('Vertex',(11.5,19.452345674,0.454161961242)) ;
#5529=CARTESIAN_POINT('Line Origine',(11.225,19.452345674,0.454161961242)) ;
#5533=CARTESIAN_POINT('Vertex',(10.95,19.452345674,0.454161961242)) ;
#5536=CARTESIAN_POINT('Line Origine',(10.95,18.9988695943,0.402494888602)) ;
#5548=CARTESIAN_POINT('Line Origine',(11.5,19.4722352939,0.280298156637)) ;
#5552=CARTESIAN_POINT('Vertex',(11.5,19.4921249137,0.106434352031)) ;
#5555=CARTESIAN_POINT('Line Origine',(11.225,19.4921249137,0.106434352031)) ;
#5559=CARTESIAN_POINT('Vertex',(10.95,19.4921249137,0.106434352031)) ;
#5562=CARTESIAN_POINT('Line Origine',(10.95,19.4722352939,0.280298156637)) ;
#5574=CARTESIAN_POINT('Line Origine',(11.5,19.0386488336,0.0547672794939)) ;
#5578=CARTESIAN_POINT('Vertex',(11.5,18.5851727535,0.00310020695734)) ;
#5581=CARTESIAN_POINT('Line Origine',(11.225,18.5851727535,0.00310020695734)) ;
#5585=CARTESIAN_POINT('Vertex',(10.95,18.5851727535,0.00310020695734)) ;
#5588=CARTESIAN_POINT('Line Origine',(10.95,19.0386488336,0.0547672794939)) ;
#5600=CARTESIAN_POINT('Axis2P3D Location',(11.5,18.5341609665,0.450820389291)) ;
#5604=CARTESIAN_POINT('Vertex',(11.5,18.4597869893,0.00637902130866)) ;
#5607=CARTESIAN_POINT('Line Origine',(3.605,18.4597869893,0.00637902130865)) ;
#5611=CARTESIAN_POINT('Vertex',(10.95,18.4597869893,0.00637902130866)) ;
#5614=CARTESIAN_POINT('Axis2P3D Location',(10.95,18.5341609665,0.450820389291)) ;
#5626=CARTESIAN_POINT('Line Origine',(11.5,17.7390081121,0.12699603774)) ;
#5630=CARTESIAN_POINT('Vertex',(11.5,17.0182292349,0.247613054172)) ;
#5633=CARTESIAN_POINT('Line Origine',(11.225,17.0182292349,0.247613054172)) ;
#5637=CARTESIAN_POINT('Vertex',(10.95,17.0182292349,0.247613054172)) ;
#5640=CARTESIAN_POINT('Line Origine',(10.95,17.7390081121,0.12699603774)) ;
#5652=CARTESIAN_POINT('Line Origine',(11.5,17.0099768551,0.248298774074)) ;
#5656=CARTESIAN_POINT('Vertex',(11.5,17.0017244753,0.248984493977)) ;
#5659=CARTESIAN_POINT('Line Origine',(11.225,17.0017244753,0.248984493977)) ;
#5663=CARTESIAN_POINT('Vertex',(10.95,17.0017244753,0.248984493977)) ;
#5666=CARTESIAN_POINT('Line Origine',(10.95,17.0099768551,0.248298774074)) ;
#5678=CARTESIAN_POINT('Line Origine',(11.5,16.4581677161,0.248984487749)) ;
#5683=CARTESIAN_POINT('Line Origine',(10.95,16.4581677161,0.248984487749)) ;
#5695=CARTESIAN_POINT('Axis2P3D Location',(10.95,0.,0.)) ;
#5719=CARTESIAN_POINT('Axis2P3D Location',(11.5,0.,0.)) ;
#5743=CARTESIAN_POINT('Axis2P3D Location',(12.22,15.9146109568,0.699095214263)) ;
#5747=CARTESIAN_POINT('Vertex',(12.22,15.9146109568,0.248984487749)) ;
#5750=CARTESIAN_POINT('Line Origine',(3.605,15.9146109568,0.248984487749)) ;
#5754=CARTESIAN_POINT('Vertex',(12.77,15.9146109568,0.248984487749)) ;
#5757=CARTESIAN_POINT('Axis2P3D Location',(12.77,15.9146109568,0.699095214263)) ;
#5769=CARTESIAN_POINT('Line Origine',(12.77,16.7481145065,0.598984494512)) ;
#5773=CARTESIAN_POINT('Vertex',(12.77,17.0017061671,0.598984494512)) ;
#5776=CARTESIAN_POINT('Line Origine',(12.495,17.0017061671,0.598984494512)) ;
#5780=CARTESIAN_POINT('Vertex',(12.22,17.0017061671,0.598984494512)) ;
#5783=CARTESIAN_POINT('Line Origine',(12.22,16.7481145065,0.598984494512)) ;
#5795=CARTESIAN_POINT('Axis2P3D Location',(12.77,17.0017061671,0.148764211924)) ;
#5799=CARTESIAN_POINT('Vertex',(12.77,17.0760134542,0.592810076595)) ;
#5802=CARTESIAN_POINT('Line Origine',(3.605,17.0760134542,0.592810076595)) ;
#5806=CARTESIAN_POINT('Vertex',(12.22,17.0760134542,0.592810076595)) ;
#5809=CARTESIAN_POINT('Axis2P3D Location',(12.22,17.0017061671,0.148764211924)) ;
#5821=CARTESIAN_POINT('Line Origine',(12.77,17.7967925768,0.47219301896)) ;
#5825=CARTESIAN_POINT('Vertex',(12.77,18.5175716994,0.35157596169)) ;
#5828=CARTESIAN_POINT('Line Origine',(12.495,18.5175716994,0.35157596169)) ;
#5832=CARTESIAN_POINT('Vertex',(12.22,18.5175716994,0.35157596169)) ;
#5835=CARTESIAN_POINT('Line Origine',(12.22,17.7967925768,0.47219301896)) ;
#5847=CARTESIAN_POINT('Line Origine',(12.77,18.5314809737,0.351192128758)) ;
#5851=CARTESIAN_POINT('Vertex',(12.77,18.5453935145,0.350827815962)) ;
#5854=CARTESIAN_POINT('Line Origine',(12.495,18.5453935145,0.350827815962)) ;
#5858=CARTESIAN_POINT('Vertex',(12.22,18.5453935145,0.350827815962)) ;
#5861=CARTESIAN_POINT('Line Origine',(12.22,18.5314809737,0.351192128758)) ;
#5873=CARTESIAN_POINT('Line Origine',(12.77,18.9988695943,0.402494888602)) ;
#5877=CARTESIAN_POINT('Vertex',(12.77,19.452345674,0.454161961242)) ;
#5880=CARTESIAN_POINT('Line Origine',(12.495,19.452345674,0.454161961242)) ;
#5884=CARTESIAN_POINT('Vertex',(12.22,19.452345674,0.454161961242)) ;
#5887=CARTESIAN_POINT('Line Origine',(12.22,18.9988695943,0.402494888602)) ;
#5899=CARTESIAN_POINT('Line Origine',(12.77,19.4722352939,0.280298156637)) ;
#5903=CARTESIAN_POINT('Vertex',(12.77,19.4921249137,0.106434352031)) ;
#5906=CARTESIAN_POINT('Line Origine',(12.495,19.4921249137,0.106434352031)) ;
#5910=CARTESIAN_POINT('Vertex',(12.22,19.4921249137,0.106434352031)) ;
#5913=CARTESIAN_POINT('Line Origine',(12.22,19.4722352939,0.280298156637)) ;
#5925=CARTESIAN_POINT('Line Origine',(12.77,19.0386488336,0.0547672794939)) ;
#5929=CARTESIAN_POINT('Vertex',(12.77,18.5851727535,0.00310020695734)) ;
#5932=CARTESIAN_POINT('Line Origine',(12.495,18.5851727535,0.00310020695734)) ;
#5936=CARTESIAN_POINT('Vertex',(12.22,18.5851727535,0.00310020695734)) ;
#5939=CARTESIAN_POINT('Line Origine',(12.22,19.0386488336,0.0547672794939)) ;
#5951=CARTESIAN_POINT('Axis2P3D Location',(12.77,18.5341609665,0.450820389291)) ;
#5955=CARTESIAN_POINT('Vertex',(12.77,18.4597869893,0.00637902130866)) ;
#5958=CARTESIAN_POINT('Line Origine',(3.605,18.4597869893,0.00637902130865)) ;
#5962=CARTESIAN_POINT('Vertex',(12.22,18.4597869893,0.00637902130866)) ;
#5965=CARTESIAN_POINT('Axis2P3D Location',(12.22,18.5341609665,0.450820389291)) ;
#5977=CARTESIAN_POINT('Line Origine',(12.77,17.7390081121,0.12699603774)) ;
#5981=CARTESIAN_POINT('Vertex',(12.77,17.0182292349,0.247613054172)) ;
#5984=CARTESIAN_POINT('Line Origine',(12.495,17.0182292349,0.247613054172)) ;
#5988=CARTESIAN_POINT('Vertex',(12.22,17.0182292349,0.247613054172)) ;
#5991=CARTESIAN_POINT('Line Origine',(12.22,17.7390081121,0.12699603774)) ;
#6003=CARTESIAN_POINT('Line Origine',(12.77,17.0099768551,0.248298774074)) ;
#6007=CARTESIAN_POINT('Vertex',(12.77,17.0017244753,0.248984493977)) ;
#6010=CARTESIAN_POINT('Line Origine',(12.495,17.0017244753,0.248984493977)) ;
#6014=CARTESIAN_POINT('Vertex',(12.22,17.0017244753,0.248984493977)) ;
#6017=CARTESIAN_POINT('Line Origine',(12.22,17.0099768551,0.248298774074)) ;
#6029=CARTESIAN_POINT('Line Origine',(12.77,16.4581677161,0.248984487749)) ;
#6034=CARTESIAN_POINT('Line Origine',(12.22,16.4581677161,0.248984487749)) ;
#6046=CARTESIAN_POINT('Axis2P3D Location',(12.22,0.,0.)) ;
#6070=CARTESIAN_POINT('Axis2P3D Location',(12.77,0.,0.)) ;
#6094=CARTESIAN_POINT('Axis2P3D Location',(2.08003964775,13.0945228367,13.453)) ;
#6099=CARTESIAN_POINT('Line Origine',(2.08003964775,13.0945228367,8.553)) ;
#6103=CARTESIAN_POINT('Vertex',(2.08003964775,13.0945228367,3.953)) ;
#6106=CARTESIAN_POINT('Line Origine',(3.13003964727,13.0945228367,3.953)) ;
#6110=CARTESIAN_POINT('Vertex',(4.18003964678,13.0945228374,3.953)) ;
#6113=CARTESIAN_POINT('Line Origine',(4.18003964678,13.0945228367,2.828)) ;
#6117=CARTESIAN_POINT('Vertex',(4.18003964678,13.0945228374,1.703)) ;
#6120=CARTESIAN_POINT('Line Origine',(4.48003964753,13.0945228367,1.703)) ;
#6124=CARTESIAN_POINT('Vertex',(4.78003964827,13.0945228374,1.703)) ;
#6127=CARTESIAN_POINT('Line Origine',(4.78003964827,13.0945228367,2.828)) ;
#6131=CARTESIAN_POINT('Vertex',(4.78003964827,13.0945228367,3.953)) ;
#6134=CARTESIAN_POINT('Line Origine',(4.99003964753,13.0945228367,3.953)) ;
#6138=CARTESIAN_POINT('Vertex',(5.20003964678,13.0945228374,3.953)) ;
#6141=CARTESIAN_POINT('Line Origine',(5.20003964678,13.0945228367,2.828)) ;
#6145=CARTESIAN_POINT('Vertex',(5.20003964678,13.0945228374,1.703)) ;
#6148=CARTESIAN_POINT('Line Origine',(5.50003964753,13.0945228367,1.703)) ;
#6152=CARTESIAN_POINT('Vertex',(5.80003964827,13.0945228374,1.703)) ;
#6155=CARTESIAN_POINT('Line Origine',(5.80003964827,13.0945228367,2.828)) ;
#6159=CARTESIAN_POINT('Vertex',(5.80003964827,13.0945228367,3.953)) ;
#6162=CARTESIAN_POINT('Line Origine',(6.01003964753,13.0945228367,3.953)) ;
#6166=CARTESIAN_POINT('Vertex',(6.22003964678,13.0945228374,3.953)) ;
#6169=CARTESIAN_POINT('Line Origine',(6.22003964678,13.0945228367,2.828)) ;
#6173=CARTESIAN_POINT('Vertex',(6.22003964678,13.0945228374,1.703)) ;
#6176=CARTESIAN_POINT('Line Origine',(6.52003964753,13.0945228367,1.703)) ;
#6180=CARTESIAN_POINT('Vertex',(6.82003964827,13.0945228374,1.703)) ;
#6183=CARTESIAN_POINT('Line Origine',(6.82003964827,13.0945228367,2.828)) ;
#6187=CARTESIAN_POINT('Vertex',(6.82003964827,13.0945228367,3.953)) ;
#6190=CARTESIAN_POINT('Line Origine',(7.03003964753,13.0945228367,3.953)) ;
#6194=CARTESIAN_POINT('Vertex',(7.24003964678,13.0945228374,3.953)) ;
#6197=CARTESIAN_POINT('Line Origine',(7.24003964678,13.0945228367,2.828)) ;
#6201=CARTESIAN_POINT('Vertex',(7.24003964678,13.0945228374,1.703)) ;
#6204=CARTESIAN_POINT('Line Origine',(7.54003964753,13.0945228367,1.703)) ;
#6208=CARTESIAN_POINT('Vertex',(7.84003964827,13.0945228374,1.703)) ;
#6211=CARTESIAN_POINT('Line Origine',(7.84003964827,13.0945228367,2.828)) ;
#6215=CARTESIAN_POINT('Vertex',(7.84003964827,13.0945228367,3.953)) ;
#6218=CARTESIAN_POINT('Line Origine',(8.05003964753,13.0945228367,3.953)) ;
#6222=CARTESIAN_POINT('Vertex',(8.26003964678,13.0945228374,3.953)) ;
#6225=CARTESIAN_POINT('Line Origine',(8.26003964678,13.0945228367,2.828)) ;
#6229=CARTESIAN_POINT('Vertex',(8.26003964678,13.0945228374,1.703)) ;
#6232=CARTESIAN_POINT('Line Origine',(8.56003964753,13.0945228367,1.703)) ;
#6236=CARTESIAN_POINT('Vertex',(8.86003964827,13.0945228374,1.703)) ;
#6239=CARTESIAN_POINT('Line Origine',(8.86003964827,13.0945228367,2.828)) ;
#6243=CARTESIAN_POINT('Vertex',(8.86003964827,13.0945228367,3.953)) ;
#6246=CARTESIAN_POINT('Line Origine',(9.07003964753,13.0945228367,3.953)) ;
#6250=CARTESIAN_POINT('Vertex',(9.28003964678,13.0945228374,3.953)) ;
#6253=CARTESIAN_POINT('Line Origine',(9.28003964678,13.0945228367,2.828)) ;
#6257=CARTESIAN_POINT('Vertex',(9.28003964678,13.0945228374,1.703)) ;
#6260=CARTESIAN_POINT('Line Origine',(9.58003964753,13.0945228367,1.703)) ;
#6264=CARTESIAN_POINT('Vertex',(9.88003964827,13.0945228374,1.703)) ;
#6267=CARTESIAN_POINT('Line Origine',(9.88003964827,13.0945228367,2.828)) ;
#6271=CARTESIAN_POINT('Vertex',(9.88003964827,13.0945228367,3.953)) ;
#6274=CARTESIAN_POINT('Line Origine',(10.0900396475,13.0945228367,3.953)) ;
#6278=CARTESIAN_POINT('Vertex',(10.3000396468,13.0945228374,3.953)) ;
#6281=CARTESIAN_POINT('Line Origine',(10.3000396468,13.0945228367,2.828)) ;
#6285=CARTESIAN_POINT('Vertex',(10.3000396468,13.0945228374,1.703)) ;
#6288=CARTESIAN_POINT('Line Origine',(10.6000396475,13.0945228367,1.703)) ;
#6292=CARTESIAN_POINT('Vertex',(10.9000396483,13.0945228374,1.703)) ;
#6295=CARTESIAN_POINT('Line Origine',(10.9000396483,13.0945228367,2.828)) ;
#6299=CARTESIAN_POINT('Vertex',(10.9000396483,13.0945228367,3.953)) ;
#6302=CARTESIAN_POINT('Line Origine',(11.1100396475,13.0945228367,3.953)) ;
#6306=CARTESIAN_POINT('Vertex',(11.3200396468,13.0945228374,3.953)) ;
#6309=CARTESIAN_POINT('Line Origine',(11.3200396468,13.0945228367,2.828)) ;
#6313=CARTESIAN_POINT('Vertex',(11.3200396468,13.0945228374,1.703)) ;
#6316=CARTESIAN_POINT('Line Origine',(11.6200396475,13.0945228367,1.703)) ;
#6320=CARTESIAN_POINT('Vertex',(11.9200396483,13.0945228374,1.703)) ;
#6323=CARTESIAN_POINT('Line Origine',(11.9200396483,13.0945228367,2.828)) ;
#6327=CARTESIAN_POINT('Vertex',(11.9200396483,13.0945228367,3.953)) ;
#6330=CARTESIAN_POINT('Line Origine',(12.9700396477,13.0945228367,3.953)) ;
#6334=CARTESIAN_POINT('Vertex',(14.0200396472,13.0945228367,3.953)) ;
#6337=CARTESIAN_POINT('Line Origine',(14.0200396472,13.0945228367,8.553)) ;
#6380=CARTESIAN_POINT('Line Origine',(10.9,13.0945228367,11.661680273)) ;
#6384=CARTESIAN_POINT('Vertex',(10.9,13.0945228367,11.9529999999)) ;
#6386=CARTESIAN_POINT('Vertex',(10.9,13.0945228367,11.3703605461)) ;
#6389=CARTESIAN_POINT('Line Origine',(10.6,13.0945228367,11.3703605461)) ;
#6393=CARTESIAN_POINT('Vertex',(10.3,13.0945228367,11.3703605461)) ;
#6396=CARTESIAN_POINT('Line Origine',(10.3,13.0945228367,11.661680273)) ;
#6400=CARTESIAN_POINT('Vertex',(10.3,13.0945228367,11.9529999999)) ;
#6403=CARTESIAN_POINT('Line Origine',(10.6,13.0945228367,11.9529999999)) ;
#6414=CARTESIAN_POINT('Line Origine',(8.56,13.0945228367,11.3703605461)) ;
#6418=CARTESIAN_POINT('Vertex',(8.26,13.0945228367,11.3703605461)) ;
#6420=CARTESIAN_POINT('Vertex',(8.86,13.0945228367,11.3703605461)) ;
#6423=CARTESIAN_POINT('Line Origine',(8.26,13.0945228367,11.661680273)) ;
#6427=CARTESIAN_POINT('Vertex',(8.26,13.0945228367,11.9529999999)) ;
#6430=CARTESIAN_POINT('Line Origine',(8.56,13.0945228367,11.9529999999)) ;
#6434=CARTESIAN_POINT('Vertex',(8.86,13.0945228367,11.9529999999)) ;
#6437=CARTESIAN_POINT('Line Origine',(8.86,13.0945228367,11.661680273)) ;
#6448=CARTESIAN_POINT('Line Origine',(7.54,13.0945228367,11.3703605461)) ;
#6452=CARTESIAN_POINT('Vertex',(7.24,13.0945228367,11.3703605461)) ;
#6454=CARTESIAN_POINT('Vertex',(7.84,13.0945228367,11.3703605461)) ;
#6457=CARTESIAN_POINT('Line Origine',(7.24,13.0945228367,11.661680273)) ;
#6461=CARTESIAN_POINT('Vertex',(7.24,13.0945228367,11.9529999999)) ;
#6464=CARTESIAN_POINT('Line Origine',(7.54,13.0945228367,11.9529999999)) ;
#6468=CARTESIAN_POINT('Vertex',(7.84,13.0945228367,11.9529999999)) ;
#6471=CARTESIAN_POINT('Line Origine',(7.84,13.0945228367,11.661680273)) ;
#6482=CARTESIAN_POINT('Line Origine',(6.52,13.0945228367,11.3703605461)) ;
#6486=CARTESIAN_POINT('Vertex',(6.22,13.0945228367,11.3703605461)) ;
#6488=CARTESIAN_POINT('Vertex',(6.82,13.0945228367,11.3703605461)) ;
#6491=CARTESIAN_POINT('Line Origine',(6.22,13.0945228367,11.661680273)) ;
#6495=CARTESIAN_POINT('Vertex',(6.22,13.0945228367,11.9529999999)) ;
#6498=CARTESIAN_POINT('Line Origine',(6.52,13.0945228367,11.9529999999)) ;
#6502=CARTESIAN_POINT('Vertex',(6.82,13.0945228367,11.9529999999)) ;
#6505=CARTESIAN_POINT('Line Origine',(6.82,13.0945228367,11.661680273)) ;
#6516=CARTESIAN_POINT('Line Origine',(5.5,13.0945228367,11.3703605461)) ;
#6520=CARTESIAN_POINT('Vertex',(5.2,13.0945228367,11.3703605461)) ;
#6522=CARTESIAN_POINT('Vertex',(5.8,13.0945228367,11.3703605461)) ;
#6525=CARTESIAN_POINT('Line Origine',(5.2,13.0945228367,11.661680273)) ;
#6529=CARTESIAN_POINT('Vertex',(5.2,13.0945228367,11.9529999999)) ;
#6532=CARTESIAN_POINT('Line Origine',(5.5,13.0945228367,11.9529999999)) ;
#6536=CARTESIAN_POINT('Vertex',(5.8,13.0945228367,11.9529999999)) ;
#6539=CARTESIAN_POINT('Line Origine',(5.8,13.0945228367,11.661680273)) ;
#6550=CARTESIAN_POINT('Line Origine',(4.48,13.0945228367,11.9529999999)) ;
#6554=CARTESIAN_POINT('Vertex',(4.18,13.0945228367,11.9529999999)) ;
#6556=CARTESIAN_POINT('Vertex',(4.78,13.0945228367,11.9529999999)) ;
#6559=CARTESIAN_POINT('Line Origine',(4.78,13.0945228367,11.661680273)) ;
#6563=CARTESIAN_POINT('Vertex',(4.78,13.0945228367,11.3703605461)) ;
#6566=CARTESIAN_POINT('Line Origine',(4.48,13.0945228367,11.3703605461)) ;
#6570=CARTESIAN_POINT('Vertex',(4.18,13.0945228367,11.3703605461)) ;
#6573=CARTESIAN_POINT('Line Origine',(4.18,13.0945228367,11.661680273)) ;
#6584=CARTESIAN_POINT('Line Origine',(9.28,13.0945228367,11.661680273)) ;
#6588=CARTESIAN_POINT('Vertex',(9.28,13.0945228367,11.9529999999)) ;
#6590=CARTESIAN_POINT('Vertex',(9.28,13.0945228367,11.3703605461)) ;
#6593=CARTESIAN_POINT('Line Origine',(9.58,13.0945228367,11.9529999999)) ;
#6597=CARTESIAN_POINT('Vertex',(9.88,13.0945228367,11.9529999999)) ;
#6600=CARTESIAN_POINT('Line Origine',(9.88,13.0945228367,11.661680273)) ;
#6604=CARTESIAN_POINT('Vertex',(9.88,13.0945228367,11.3703605461)) ;
#6607=CARTESIAN_POINT('Line Origine',(9.58,13.0945228367,11.3703605461)) ;
#6618=CARTESIAN_POINT('Line Origine',(11.62,13.0945228367,11.3703605461)) ;
#6622=CARTESIAN_POINT('Vertex',(11.32,13.0945228367,11.3703605461)) ;
#6624=CARTESIAN_POINT('Vertex',(11.92,13.0945228367,11.3703605461)) ;
#6627=CARTESIAN_POINT('Line Origine',(11.32,13.0945228367,11.661680273)) ;
#6631=CARTESIAN_POINT('Vertex',(11.32,13.0945228367,11.9529999999)) ;
#6634=CARTESIAN_POINT('Line Origine',(11.62,13.0945228367,11.9529999999)) ;
#6638=CARTESIAN_POINT('Vertex',(11.92,13.0945228367,11.9529999999)) ;
#6641=CARTESIAN_POINT('Line Origine',(11.92,13.0945228367,11.661680273)) ;
#6653=CARTESIAN_POINT('Axis2P3D Location',(2.08003964715,13.0945228356,13.453)) ;
#6658=CARTESIAN_POINT('Line Origine',(2.08003964715,10.8945228363,13.128)) ;
#6662=CARTESIAN_POINT('Vertex',(2.08003964715,10.895,13.103)) ;
#6665=CARTESIAN_POINT('Line Origine',(2.08003964715,10.8945228363,12.8790570852)) ;
#6669=CARTESIAN_POINT('Vertex',(2.08003964907,10.895,12.6551141704)) ;
#6672=CARTESIAN_POINT('Line Origine',(2.08003964715,10.8945228363,11.5470103446)) ;
#6676=CARTESIAN_POINT('Vertex',(2.08003964715,10.895,10.4389065189)) ;
#6679=CARTESIAN_POINT('Line Origine',(2.08003964715,10.8945228363,7.19595325943)) ;
#6683=CARTESIAN_POINT('Vertex',(2.08003964715,10.8945228363,3.953)) ;
#6686=CARTESIAN_POINT('Line Origine',(2.08003964715,11.9945228359,3.953)) ;
#6701=CARTESIAN_POINT('Axis2P3D Location',(2.08003964715,10.8945228363,13.453)) ;
#6706=CARTESIAN_POINT('Line Origine',(1.73003964857,10.8945228363,13.103)) ;
#6710=CARTESIAN_POINT('Vertex',(1.3800396479,10.8945228363,13.103)) ;
#6713=CARTESIAN_POINT('Line Origine',(1.3800396479,10.8945228363,8.528)) ;
#6717=CARTESIAN_POINT('Vertex',(1.3800396479,10.8945228363,3.953)) ;
#6720=CARTESIAN_POINT('Line Origine',(1.73003964753,10.8945228363,3.953)) ;
#6725=CARTESIAN_POINT('Line Origine',(2.03630469225,10.8945228363,10.2844132502)) ;
#6729=CARTESIAN_POINT('Vertex',(1.99256973734,10.895,10.1299199816)) ;
#6732=CARTESIAN_POINT('Line Origine',(1.82418666278,10.8945228363,10.1775869527)) ;
#6736=CARTESIAN_POINT('Vertex',(1.65580358821,10.895,10.2252539238)) ;
#6739=CARTESIAN_POINT('Line Origine',(1.82382627206,10.8945228363,10.8187922912)) ;
#6743=CARTESIAN_POINT('Vertex',(1.99184895682,10.895,11.4123306594)) ;
#6746=CARTESIAN_POINT('Axis2P3D Location',(1.84752060385,10.8945228363,11.4531880624)) ;
#6750=CARTESIAN_POINT('Vertex',(1.97937894987,10.895,11.5246959462)) ;
#6753=CARTESIAN_POINT('Line Origine',(1.95183423443,10.8945228363,11.5754875581)) ;
#6757=CARTESIAN_POINT('Vertex',(1.92428951899,10.895,11.6262791699)) ;
#6760=CARTESIAN_POINT('Axis2P3D Location',(2.67148679763,10.8945228363,12.0314905048)) ;
#6764=CARTESIAN_POINT('Vertex',(2.00164568341,10.895,12.5547618318)) ;
#6767=CARTESIAN_POINT('Line Origine',(2.04084266624,10.8945228363,12.6049380011)) ;
#6787=CARTESIAN_POINT('Axis2P3D Location',(1.3800396479,10.8945228363,13.453)) ;
#6792=CARTESIAN_POINT('Line Origine',(1.3800396479,8.39452283631,8.528)) ;
#6796=CARTESIAN_POINT('Vertex',(1.3800396479,8.39452283631,13.103)) ;
#6798=CARTESIAN_POINT('Vertex',(1.3800396479,8.39452283631,3.953)) ;
#6801=CARTESIAN_POINT('Line Origine',(1.3800396479,9.64452283631,3.953)) ;
#6806=CARTESIAN_POINT('Line Origine',(1.3800396479,9.645,13.103)) ;
#6818=CARTESIAN_POINT('Axis2P3D Location',(2.08003964715,8.39452283631,13.453)) ;
#6823=CARTESIAN_POINT('Line Origine',(2.04084266624,8.39452283631,12.6049380011)) ;
#6827=CARTESIAN_POINT('Vertex',(2.00164568341,8.395,12.5547618318)) ;
#6829=CARTESIAN_POINT('Vertex',(2.08003964907,8.395,12.6551141704)) ;
#6832=CARTESIAN_POINT('Axis2P3D Location',(2.67148679763,8.39452283631,12.0314905048)) ;
#6836=CARTESIAN_POINT('Vertex',(1.92428951899,8.395,11.6262791699)) ;
#6839=CARTESIAN_POINT('Line Origine',(1.95183423443,8.39452283631,11.5754875581)) ;
#6843=CARTESIAN_POINT('Vertex',(1.97937894987,8.395,11.5246959462)) ;
#6846=CARTESIAN_POINT('Axis2P3D Location',(1.84752060385,8.39452283631,11.4531880624)) ;
#6850=CARTESIAN_POINT('Vertex',(1.99184895682,8.395,11.4123306594)) ;
#6853=CARTESIAN_POINT('Line Origine',(1.82382627206,8.39452283631,10.8187922912)) ;
#6857=CARTESIAN_POINT('Vertex',(1.65580358821,8.395,10.2252539238)) ;
#6860=CARTESIAN_POINT('Line Origine',(1.82418666278,8.39452283631,10.1775869527)) ;
#6864=CARTESIAN_POINT('Vertex',(1.99256973734,8.395,10.1299199816)) ;
#6867=CARTESIAN_POINT('Line Origine',(2.03630469225,8.39452283631,10.2844132502)) ;
#6871=CARTESIAN_POINT('Vertex',(2.08003964715,8.395,10.4389065189)) ;
#6874=CARTESIAN_POINT('Line Origine',(2.08003964715,8.39452283631,7.19595325943)) ;
#6878=CARTESIAN_POINT('Vertex',(2.08003964715,8.39452283631,3.953)) ;
#6881=CARTESIAN_POINT('Line Origine',(1.73003964753,8.39452283631,3.953)) ;
#6886=CARTESIAN_POINT('Line Origine',(1.73003964857,8.39452283631,13.103)) ;
#6890=CARTESIAN_POINT('Vertex',(2.08003964715,8.395,13.103)) ;
#6893=CARTESIAN_POINT('Line Origine',(2.08003964715,8.39452283631,12.8790570852)) ;
#6913=CARTESIAN_POINT('Line Origine',(2.08003964715,6.19452283668,9.103)) ;
#6917=CARTESIAN_POINT('Vertex',(2.08003964799,6.19452283668,5.053)) ;
#6920=CARTESIAN_POINT('Line Origine',(2.08003964715,6.74452283649,5.053)) ;
#6924=CARTESIAN_POINT('Vertex',(2.08003964799,7.29452283631,5.053)) ;
#6927=CARTESIAN_POINT('Line Origine',(2.08003964715,7.29452283631,4.503)) ;
#6931=CARTESIAN_POINT('Vertex',(2.08003964775,7.29452283631,3.953)) ;
#6934=CARTESIAN_POINT('Line Origine',(2.08003964715,7.84452283612,3.953)) ;
#6939=CARTESIAN_POINT('Line Origine',(2.08003964715,8.39452283593,11.5470103446)) ;
#6944=CARTESIAN_POINT('Line Origine',(2.08003964715,8.39452283593,13.128)) ;
#6961=CARTESIAN_POINT('Axis2P3D Location',(14.0200396469,7.29452283668,13.453)) ;
#6966=CARTESIAN_POINT('Line Origine',(11.400039647,7.29452283668,4.503)) ;
#6970=CARTESIAN_POINT('Vertex',(11.4000396477,7.29452283668,5.053)) ;
#6972=CARTESIAN_POINT('Vertex',(11.400039647,7.29452283668,3.953)) ;
#6975=CARTESIAN_POINT('Line Origine',(12.7100396473,7.29452283668,5.053)) ;
#6979=CARTESIAN_POINT('Vertex',(14.0200396469,7.29452283631,5.053)) ;
#6982=CARTESIAN_POINT('Line Origine',(14.0200396469,7.29452283668,4.503)) ;
#6986=CARTESIAN_POINT('Vertex',(14.0200396469,7.29452283668,3.953)) ;
#6989=CARTESIAN_POINT('Line Origine',(12.710039647,7.29452283668,3.953)) ;
#7001=CARTESIAN_POINT('Line Origine',(4.70003964775,7.29452283668,4.503)) ;
#7005=CARTESIAN_POINT('Vertex',(4.70003964775,7.29452283668,5.053)) ;
#7007=CARTESIAN_POINT('Vertex',(4.70003964775,7.29452283668,3.953)) ;
#7010=CARTESIAN_POINT('Line Origine',(3.39003964775,7.29452283668,3.953)) ;
#7015=CARTESIAN_POINT('Line Origine',(3.39003964787,7.29452283668,5.053)) ;
#7027=CARTESIAN_POINT('Axis2P3D Location',(14.0200396485,7.29452283668,13.453)) ;
#7032=CARTESIAN_POINT('Line Origine',(14.0200396485,8.39452283631,13.128)) ;
#7036=CARTESIAN_POINT('Vertex',(14.0200396485,8.395,13.103)) ;
#7039=CARTESIAN_POINT('Line Origine',(14.0200396485,8.39452283631,12.8790570852)) ;
#7043=CARTESIAN_POINT('Vertex',(14.0200396479,8.395,12.6551141704)) ;
#7046=CARTESIAN_POINT('Line Origine',(14.0200396485,8.39452283631,11.547010347)) ;
#7050=CARTESIAN_POINT('Vertex',(14.0200396485,8.395,10.4389065236)) ;
#7053=CARTESIAN_POINT('Line Origine',(14.0200396485,8.39452283631,7.1959532618)) ;
#7057=CARTESIAN_POINT('Vertex',(14.0200396485,8.39452283631,3.953)) ;
#7060=CARTESIAN_POINT('Line Origine',(14.0200396485,7.84452283649,3.953)) ;
#7065=CARTESIAN_POINT('Line Origine',(14.0200396485,6.74452283649,5.053)) ;
#7069=CARTESIAN_POINT('Vertex',(14.0200396469,6.19452283668,5.053)) ;
#7072=CARTESIAN_POINT('Line Origine',(14.0200396485,6.19452283668,9.103)) ;
#7089=CARTESIAN_POINT('Line Origine',(14.3700396477,8.39452283631,13.103)) ;
#7093=CARTESIAN_POINT('Vertex',(14.7200396477,8.39452283631,13.103)) ;
#7096=CARTESIAN_POINT('Line Origine',(14.7200396477,8.39452283631,8.528)) ;
#7100=CARTESIAN_POINT('Vertex',(14.7200396477,8.39452283631,3.953)) ;
#7103=CARTESIAN_POINT('Line Origine',(14.3700396481,8.39452283631,3.953)) ;
#7108=CARTESIAN_POINT('Line Origine',(14.0637746041,8.39452283631,10.2844132526)) ;
#7112=CARTESIAN_POINT('Vertex',(14.1075095596,8.395,10.1299199816)) ;
#7115=CARTESIAN_POINT('Line Origine',(14.2758926342,8.39452283631,10.1775869527)) ;
#7119=CARTESIAN_POINT('Vertex',(14.4442757088,8.395,10.2252539238)) ;
#7122=CARTESIAN_POINT('Line Origine',(14.2762530249,8.39452283631,10.8187922912)) ;
#7126=CARTESIAN_POINT('Vertex',(14.1082303402,8.395,11.4123306594)) ;
#7129=CARTESIAN_POINT('Axis2P3D Location',(14.2525586931,8.39452283631,11.4531880624)) ;
#7133=CARTESIAN_POINT('Vertex',(14.1207003471,8.395,11.5246959462)) ;
#7136=CARTESIAN_POINT('Line Origine',(14.1482450626,8.39452283631,11.5754875581)) ;
#7140=CARTESIAN_POINT('Vertex',(14.175789778,8.395,11.6262791699)) ;
#7143=CARTESIAN_POINT('Axis2P3D Location',(13.4285924994,8.39452283631,12.0314905048)) ;
#7147=CARTESIAN_POINT('Vertex',(14.0984336136,8.395,12.5547618318)) ;
#7150=CARTESIAN_POINT('Line Origine',(14.0592366307,8.39452283631,12.6049380011)) ;
#7170=CARTESIAN_POINT('Axis2P3D Location',(14.7200396477,8.39452283668,13.453)) ;
#7175=CARTESIAN_POINT('Line Origine',(14.7200396477,10.8945228367,8.528)) ;
#7179=CARTESIAN_POINT('Vertex',(14.7200396477,10.8945228367,13.103)) ;
#7181=CARTESIAN_POINT('Vertex',(14.7200396477,10.8945228367,3.953)) ;
#7184=CARTESIAN_POINT('Line Origine',(14.7200396477,9.64452283668,3.953)) ;
#7189=CARTESIAN_POINT('Line Origine',(14.7200396477,9.645,13.103)) ;
#7201=CARTESIAN_POINT('Line Origine',(14.0200396485,10.8945228363,12.8790570852)) ;
#7205=CARTESIAN_POINT('Vertex',(14.0200396485,10.895,13.103)) ;
#7207=CARTESIAN_POINT('Vertex',(14.0200396479,10.895,12.6551141704)) ;
#7210=CARTESIAN_POINT('Line Origine',(14.0592366307,10.8945228363,12.6049380011)) ;
#7214=CARTESIAN_POINT('Vertex',(14.0984336136,10.895,12.5547618318)) ;
#7217=CARTESIAN_POINT('Axis2P3D Location',(13.4285924994,10.8945228363,12.0314905048)) ;
#7221=CARTESIAN_POINT('Vertex',(14.175789778,10.895,11.6262791699)) ;
#7224=CARTESIAN_POINT('Line Origine',(14.1482450626,10.8945228363,11.5754875581)) ;
#7228=CARTESIAN_POINT('Vertex',(14.1207003471,10.895,11.5246959462)) ;
#7231=CARTESIAN_POINT('Axis2P3D Location',(14.2525586931,10.8945228363,11.4531880624)) ;
#7235=CARTESIAN_POINT('Vertex',(14.1082303402,10.895,11.4123306594)) ;
#7238=CARTESIAN_POINT('Line Origine',(14.2762530249,10.8945228363,10.8187922912)) ;
#7242=CARTESIAN_POINT('Vertex',(14.4442757088,10.895,10.2252539238)) ;
#7245=CARTESIAN_POINT('Line Origine',(14.2758926342,10.8945228363,10.1775869527)) ;
#7249=CARTESIAN_POINT('Vertex',(14.1075095596,10.895,10.1299199816)) ;
#7252=CARTESIAN_POINT('Line Origine',(14.0637746041,10.8945228363,10.2844132526)) ;
#7256=CARTESIAN_POINT('Vertex',(14.0200396485,10.895,10.4389065236)) ;
#7259=CARTESIAN_POINT('Line Origine',(14.0200396485,10.8945228363,7.1959532618)) ;
#7263=CARTESIAN_POINT('Vertex',(14.0200396485,10.8945228363,3.953)) ;
#7266=CARTESIAN_POINT('Line Origine',(14.3700396481,10.8945228363,3.953)) ;
#7271=CARTESIAN_POINT('Line Origine',(14.3700396477,10.8945228363,13.103)) ;
#7291=CARTESIAN_POINT('Line Origine',(14.0200396485,11.9945228372,3.953)) ;
#7296=CARTESIAN_POINT('Line Origine',(14.0200396485,10.8945228367,11.547010347)) ;
#7301=CARTESIAN_POINT('Line Origine',(14.0200396485,10.8945228367,13.128)) ;
#7316=CARTESIAN_POINT('Axis2P3D Location',(0.,0.,3.953)) ;
#7321=CARTESIAN_POINT('Line Origine',(10.9000396474,11.8014288634,3.953)) ;
#7325=CARTESIAN_POINT('Vertex',(10.9,10.5083348894,3.953)) ;
#7328=CARTESIAN_POINT('Line Origine',(10.9,10.401428863,3.953)) ;
#7332=CARTESIAN_POINT('Vertex',(10.9000396464,10.2945228367,3.953)) ;
#7335=CARTESIAN_POINT('Line Origine',(10.9,10.2857178052,3.953)) ;
#7339=CARTESIAN_POINT('Vertex',(10.9,10.2769127738,3.953)) ;
#7342=CARTESIAN_POINT('Line Origine',(10.6,10.2769127738,3.953)) ;
#7346=CARTESIAN_POINT('Vertex',(10.3,10.2769127738,3.953)) ;
#7349=CARTESIAN_POINT('Line Origine',(10.3,10.2857178052,3.953)) ;
#7353=CARTESIAN_POINT('Vertex',(10.3,10.2945228367,3.953)) ;
#7356=CARTESIAN_POINT('Line Origine',(10.3,10.401428863,3.953)) ;
#7360=CARTESIAN_POINT('Vertex',(10.3,10.5083348894,3.953)) ;
#7363=CARTESIAN_POINT('Line Origine',(10.3000396468,11.8014288634,3.953)) ;
#7368=CARTESIAN_POINT('Line Origine',(9.88003964741,11.8014288634,3.953)) ;
#7372=CARTESIAN_POINT('Vertex',(9.88,10.5083348894,3.953)) ;
#7375=CARTESIAN_POINT('Line Origine',(9.88,10.401428863,3.953)) ;
#7379=CARTESIAN_POINT('Vertex',(9.88003964641,10.2945228367,3.953)) ;
#7382=CARTESIAN_POINT('Line Origine',(9.88,10.2857178052,3.953)) ;
#7386=CARTESIAN_POINT('Vertex',(9.88,10.2769127738,3.953)) ;
#7389=CARTESIAN_POINT('Line Origine',(9.58,10.2769127738,3.953)) ;
#7393=CARTESIAN_POINT('Vertex',(9.28,10.2769127738,3.953)) ;
#7396=CARTESIAN_POINT('Line Origine',(9.28,10.2857178052,3.953)) ;
#7400=CARTESIAN_POINT('Vertex',(9.28,10.2945228367,3.953)) ;
#7403=CARTESIAN_POINT('Line Origine',(9.28,10.401428863,3.953)) ;
#7407=CARTESIAN_POINT('Vertex',(9.28,10.5083348894,3.953)) ;
#7410=CARTESIAN_POINT('Line Origine',(9.28003964678,11.8014288634,3.953)) ;
#7415=CARTESIAN_POINT('Line Origine',(8.86003964741,11.8014288634,3.953)) ;
#7419=CARTESIAN_POINT('Vertex',(8.86,10.5083348894,3.953)) ;
#7422=CARTESIAN_POINT('Line Origine',(8.86,10.401428863,3.953)) ;
#7426=CARTESIAN_POINT('Vertex',(8.86003964641,10.2945228367,3.953)) ;
#7429=CARTESIAN_POINT('Line Origine',(8.86,10.2857178052,3.953)) ;
#7433=CARTESIAN_POINT('Vertex',(8.86,10.2769127738,3.953)) ;
#7436=CARTESIAN_POINT('Line Origine',(8.56,10.2769127738,3.953)) ;
#7440=CARTESIAN_POINT('Vertex',(8.26,10.2769127738,3.953)) ;
#7443=CARTESIAN_POINT('Line Origine',(8.26,10.2857178052,3.953)) ;
#7447=CARTESIAN_POINT('Vertex',(8.26,10.2945228367,3.953)) ;
#7450=CARTESIAN_POINT('Line Origine',(8.26,10.401428863,3.953)) ;
#7454=CARTESIAN_POINT('Vertex',(8.26,10.5083348894,3.953)) ;
#7457=CARTESIAN_POINT('Line Origine',(8.26003964678,11.8014288634,3.953)) ;
#7462=CARTESIAN_POINT('Line Origine',(7.84003964741,11.8014288634,3.953)) ;
#7466=CARTESIAN_POINT('Vertex',(7.84,10.5083348894,3.953)) ;
#7469=CARTESIAN_POINT('Line Origine',(7.84,10.401428863,3.953)) ;
#7473=CARTESIAN_POINT('Vertex',(7.84003964641,10.2945228367,3.953)) ;
#7476=CARTESIAN_POINT('Line Origine',(7.84,10.2857178052,3.953)) ;
#7480=CARTESIAN_POINT('Vertex',(7.84,10.2769127738,3.953)) ;
#7483=CARTESIAN_POINT('Line Origine',(7.54,10.2769127738,3.953)) ;
#7487=CARTESIAN_POINT('Vertex',(7.24,10.2769127738,3.953)) ;
#7490=CARTESIAN_POINT('Line Origine',(7.24,10.2857178052,3.953)) ;
#7494=CARTESIAN_POINT('Vertex',(7.24,10.2945228367,3.953)) ;
#7497=CARTESIAN_POINT('Line Origine',(7.24,10.401428863,3.953)) ;
#7501=CARTESIAN_POINT('Vertex',(7.24,10.5083348894,3.953)) ;
#7504=CARTESIAN_POINT('Line Origine',(7.24003964678,11.8014288634,3.953)) ;
#7509=CARTESIAN_POINT('Line Origine',(6.82003964741,11.8014288634,3.953)) ;
#7513=CARTESIAN_POINT('Vertex',(6.82,10.5083348894,3.953)) ;
#7516=CARTESIAN_POINT('Line Origine',(6.82,10.401428863,3.953)) ;
#7520=CARTESIAN_POINT('Vertex',(6.82003964641,10.2945228367,3.953)) ;
#7523=CARTESIAN_POINT('Line Origine',(6.82,10.2857178052,3.953)) ;
#7527=CARTESIAN_POINT('Vertex',(6.82,10.2769127738,3.953)) ;
#7530=CARTESIAN_POINT('Line Origine',(6.52,10.2769127738,3.953)) ;
#7534=CARTESIAN_POINT('Vertex',(6.22,10.2769127738,3.953)) ;
#7537=CARTESIAN_POINT('Line Origine',(6.22,10.2857178052,3.953)) ;
#7541=CARTESIAN_POINT('Vertex',(6.22,10.2945228367,3.953)) ;
#7544=CARTESIAN_POINT('Line Origine',(6.22,10.401428863,3.953)) ;
#7548=CARTESIAN_POINT('Vertex',(6.22,10.5083348894,3.953)) ;
#7551=CARTESIAN_POINT('Line Origine',(6.22003964678,11.8014288634,3.953)) ;
#7556=CARTESIAN_POINT('Line Origine',(5.80003964741,11.8014288634,3.953)) ;
#7560=CARTESIAN_POINT('Vertex',(5.8,10.5083348894,3.953)) ;
#7563=CARTESIAN_POINT('Line Origine',(5.8,10.401428863,3.953)) ;
#7567=CARTESIAN_POINT('Vertex',(5.80003964641,10.2945228367,3.953)) ;
#7570=CARTESIAN_POINT('Line Origine',(5.8,10.2857178052,3.953)) ;
#7574=CARTESIAN_POINT('Vertex',(5.8,10.2769127738,3.953)) ;
#7577=CARTESIAN_POINT('Line Origine',(5.5,10.2769127738,3.953)) ;
#7581=CARTESIAN_POINT('Vertex',(5.2,10.2769127738,3.953)) ;
#7584=CARTESIAN_POINT('Line Origine',(5.2,10.2857178052,3.953)) ;
#7588=CARTESIAN_POINT('Vertex',(5.2,10.2945228367,3.953)) ;
#7591=CARTESIAN_POINT('Line Origine',(5.2,10.401428863,3.953)) ;
#7595=CARTESIAN_POINT('Vertex',(5.2,10.5083348894,3.953)) ;
#7598=CARTESIAN_POINT('Line Origine',(5.20003964678,11.8014288634,3.953)) ;
#7603=CARTESIAN_POINT('Line Origine',(4.78003964741,11.8014288634,3.953)) ;
#7607=CARTESIAN_POINT('Vertex',(4.78,10.5083348894,3.953)) ;
#7610=CARTESIAN_POINT('Line Origine',(4.78,10.401428863,3.953)) ;
#7614=CARTESIAN_POINT('Vertex',(4.78003964641,10.2945228367,3.953)) ;
#7617=CARTESIAN_POINT('Line Origine',(4.78,10.2857178052,3.953)) ;
#7621=CARTESIAN_POINT('Vertex',(4.78,10.2769127738,3.953)) ;
#7624=CARTESIAN_POINT('Line Origine',(4.48,10.2769127738,3.953)) ;
#7628=CARTESIAN_POINT('Vertex',(4.18,10.2769127738,3.953)) ;
#7631=CARTESIAN_POINT('Line Origine',(4.18,10.2857178052,3.953)) ;
#7635=CARTESIAN_POINT('Vertex',(4.18,10.2945228367,3.953)) ;
#7638=CARTESIAN_POINT('Line Origine',(4.18,10.401428863,3.953)) ;
#7642=CARTESIAN_POINT('Vertex',(4.18,10.5083348894,3.953)) ;
#7645=CARTESIAN_POINT('Line Origine',(4.18003964678,11.8014288634,3.953)) ;
#7650=CARTESIAN_POINT('Line Origine',(4.70003964775,7.9945228378,3.953)) ;
#7654=CARTESIAN_POINT('Vertex',(4.70003964775,8.69452283705,3.953)) ;
#7657=CARTESIAN_POINT('Line Origine',(8.05003964738,8.69452283705,3.953)) ;
#7661=CARTESIAN_POINT('Vertex',(11.400039647,8.69452283705,3.953)) ;
#7664=CARTESIAN_POINT('Line Origine',(11.400039647,7.99452283686,3.953)) ;
#7669=CARTESIAN_POINT('Line Origine',(11.9200396474,11.8014288634,3.953)) ;
#7673=CARTESIAN_POINT('Vertex',(11.92,10.5083348894,3.953)) ;
#7676=CARTESIAN_POINT('Line Origine',(11.92,10.401428863,3.953)) ;
#7680=CARTESIAN_POINT('Vertex',(11.9200396464,10.2945228367,3.953)) ;
#7683=CARTESIAN_POINT('Line Origine',(11.92,10.2857178052,3.953)) ;
#7687=CARTESIAN_POINT('Vertex',(11.92,10.2769127738,3.953)) ;
#7690=CARTESIAN_POINT('Line Origine',(11.62,10.2769127738,3.953)) ;
#7694=CARTESIAN_POINT('Vertex',(11.32,10.2769127738,3.953)) ;
#7697=CARTESIAN_POINT('Line Origine',(11.32,10.2857178052,3.953)) ;
#7701=CARTESIAN_POINT('Vertex',(11.32,10.2945228367,3.953)) ;
#7704=CARTESIAN_POINT('Line Origine',(11.32,10.401428863,3.953)) ;
#7708=CARTESIAN_POINT('Vertex',(11.32,10.5083348894,3.953)) ;
#7711=CARTESIAN_POINT('Line Origine',(11.3200396468,11.8014288634,3.953)) ;
#7799=CARTESIAN_POINT('Axis2P3D Location',(14.0200396469,6.19452283668,13.453)) ;
#7804=CARTESIAN_POINT('Line Origine',(12.7100396473,6.19452283575,5.053)) ;
#7808=CARTESIAN_POINT('Vertex',(11.4000396477,6.19452283482,5.053)) ;
#7811=CARTESIAN_POINT('Line Origine',(11.4000396477,6.19452283482,9.103)) ;
#7823=CARTESIAN_POINT('Axis2P3D Location',(0.,0.,5.053)) ;
#7828=CARTESIAN_POINT('Line Origine',(11.4000396477,6.74452283556,5.053)) ;
#7840=CARTESIAN_POINT('Line Origine',(4.70003964775,6.19452283005,9.103)) ;
#7844=CARTESIAN_POINT('Vertex',(4.70003964775,6.19452283668,5.053)) ;
#7847=CARTESIAN_POINT('Line Origine',(3.39003964787,6.19452282912,5.053)) ;
#7859=CARTESIAN_POINT('Line Origine',(4.70003964775,6.74452283649,5.053)) ;
#7871=CARTESIAN_POINT('Axis2P3D Location',(11.400039647,8.69452283705,3.953)) ;
#7876=CARTESIAN_POINT('Line Origine',(11.400039647,8.69452283705,3.453)) ;
#7880=CARTESIAN_POINT('Vertex',(11.400039647,8.69452283705,2.953)) ;
#7883=CARTESIAN_POINT('Line Origine',(11.400039647,7.99452283686,2.953)) ;
#7887=CARTESIAN_POINT('Vertex',(11.400039647,7.29452283668,2.953)) ;
#7890=CARTESIAN_POINT('Line Origine',(11.400039647,7.29452283668,2.328)) ;
#7894=CARTESIAN_POINT('Vertex',(11.4000396478,7.29452283668,1.70300000025)) ;
#7897=CARTESIAN_POINT('Line Origine',(11.400039647,6.57158703889,1.703)) ;
#7901=CARTESIAN_POINT('Vertex',(11.4000396478,5.84865124109,1.703)) ;
#7904=CARTESIAN_POINT('Line Origine',(11.400039647,5.66619022039,6.92799999996)) ;
#7908=CARTESIAN_POINT('Vertex',(11.400039647,5.48372919968,12.1529999999)) ;
#7911=CARTESIAN_POINT('Line Origine',(11.400039647,4.93912601818,12.1529999999)) ;
#7915=CARTESIAN_POINT('Vertex',(11.4000396474,4.39452283668,12.153)) ;
#7918=CARTESIAN_POINT('Line Origine',(11.400039647,4.39452283668,12.653)) ;
#7938=CARTESIAN_POINT('Axis2P3D Location',(4.70003964775,8.69452283705,3.953)) ;
#7943=CARTESIAN_POINT('Line Origine',(4.70003964775,8.69452283705,3.453)) ;
#7947=CARTESIAN_POINT('Vertex',(4.70003964775,8.69452283705,2.953)) ;
#7950=CARTESIAN_POINT('Line Origine',(8.05003964738,8.69452283705,2.953)) ;
#7962=CARTESIAN_POINT('Axis2P3D Location',(4.70003964775,7.29452283854,3.953)) ;
#7967=CARTESIAN_POINT('Line Origine',(4.70003964775,4.39452283593,12.653)) ;
#7971=CARTESIAN_POINT('Vertex',(4.70003964775,4.39452283668,12.153)) ;
#7974=CARTESIAN_POINT('Line Origine',(4.70003964775,4.93912601781,12.1529999999)) ;
#7978=CARTESIAN_POINT('Vertex',(4.70003964775,5.48372919968,12.1529999999)) ;
#7981=CARTESIAN_POINT('Line Origine',(4.70003964775,5.66619022039,6.92799999996)) ;
#7985=CARTESIAN_POINT('Vertex',(4.70003964775,5.84865124109,1.703)) ;
#7988=CARTESIAN_POINT('Line Origine',(4.70003964775,6.57158703982,1.703)) ;
#7992=CARTESIAN_POINT('Vertex',(4.70003964775,7.29452283854,1.70300000025)) ;
#7995=CARTESIAN_POINT('Line Origine',(4.70003964775,7.29452283854,2.328)) ;
#7999=CARTESIAN_POINT('Vertex',(4.70003964775,7.29452283854,2.953)) ;
#8002=CARTESIAN_POINT('Line Origine',(4.70003964775,7.9945228378,2.953)) ;
#8022=CARTESIAN_POINT('Axis2P3D Location',(0.,0.,2.953)) ;
#8027=CARTESIAN_POINT('Line Origine',(8.05003964738,7.29452283761,2.953)) ;
#8039=CARTESIAN_POINT('Axis2P3D Location',(6.05003964738,4.39452283668,13.453)) ;
#8044=CARTESIAN_POINT('Line Origine',(6.05003964738,4.39452283668,12.653)) ;
#8048=CARTESIAN_POINT('Vertex',(6.05003964738,4.39452283668,12.153)) ;
#8051=CARTESIAN_POINT('Line Origine',(5.37503964756,4.39452283668,12.153)) ;
#8063=CARTESIAN_POINT('Axis2P3D Location',(6.05003964589,4.39452283743,13.453)) ;
#8068=CARTESIAN_POINT('Line Origine',(6.05003964589,2.96054824053,12.653)) ;
#8072=CARTESIAN_POINT('Vertex',(6.05003964589,3.09452283668,12.153)) ;
#8075=CARTESIAN_POINT('Line Origine',(6.05003964589,3.29452283668,12.1531205796)) ;
#8079=CARTESIAN_POINT('Vertex',(6.05003964589,3.49452283667,12.1529999999)) ;
#8082=CARTESIAN_POINT('Line Origine',(6.05003964589,3.94452283705,12.153)) ;
#8095=CARTESIAN_POINT('Axis2P3D Location',(10.0500396481,3.09452283668,13.453)) ;
#8100=CARTESIAN_POINT('Line Origine',(8.05003964589,3.09452283668,12.153)) ;
#8104=CARTESIAN_POINT('Vertex',(10.0500396478,3.09452283668,12.153)) ;
#8107=CARTESIAN_POINT('Line Origine',(11.3000396479,3.09452283668,12.1531205797)) ;
#8111=CARTESIAN_POINT('Vertex',(12.550039648,3.09452283668,12.1531205797)) ;
#8114=CARTESIAN_POINT('Line Origine',(12.5500396736,3.09452283668,7.97805844251)) ;
#8118=CARTESIAN_POINT('Vertex',(12.5500396992,3.09452283668,3.80299630529)) ;
#8121=CARTESIAN_POINT('Axis2P3D Location',(12.2499153991,3.09452283668,3.8029963053)) ;
#8125=CARTESIAN_POINT('Vertex',(12.2499153991,3.09452283671,4.10312060545)) ;
#8128=CARTESIAN_POINT('Line Origine',(11.1499775234,3.09452283668,4.10312057972)) ;
#8132=CARTESIAN_POINT('Vertex',(10.0500396478,3.09452283668,4.10312057972)) ;
#8135=CARTESIAN_POINT('Line Origine',(8.05003964682,3.09452283668,4.10299999973)) ;
#8139=CARTESIAN_POINT('Vertex',(6.05003964589,3.09452283668,4.10312057972)) ;
#8142=CARTESIAN_POINT('Line Origine',(4.95003964646,3.09452283668,4.10312057972)) ;
#8146=CARTESIAN_POINT('Vertex',(3.85003964703,3.09452283668,4.10312057972)) ;
#8149=CARTESIAN_POINT('Axis2P3D Location',(3.85016394791,3.09452283668,3.80299630529)) ;
#8153=CARTESIAN_POINT('Vertex',(3.55003964778,3.09452283668,3.80299999973)) ;
#8156=CARTESIAN_POINT('Line Origine',(3.5500396479,3.09452283668,7.97806028965)) ;
#8160=CARTESIAN_POINT('Vertex',(3.55003964804,3.09452283668,12.1531205796)) ;
#8163=CARTESIAN_POINT('Line Origine',(4.80003964696,3.09452283668,12.1531205796)) ;
#8181=CARTESIAN_POINT('Line Origine',(6.25003964887,3.09452283668,2.42799999992)) ;
#8185=CARTESIAN_POINT('Vertex',(6.250039647,3.09452283668,3.15300000048)) ;
#8187=CARTESIAN_POINT('Vertex',(6.25003964887,3.09452283668,1.70299999997)) ;
#8190=CARTESIAN_POINT('Line Origine',(8.05003964775,3.09452283668,3.15300000048)) ;
#8194=CARTESIAN_POINT('Vertex',(9.85003964775,3.09452283668,3.15299999976)) ;
#8197=CARTESIAN_POINT('Line Origine',(9.85003964775,3.09452283668,2.42799999995)) ;
#8201=CARTESIAN_POINT('Vertex',(9.85003964775,3.09452283668,1.70300000013)) ;
#8204=CARTESIAN_POINT('Line Origine',(8.05003964831,3.09452283668,1.703)) ;
#8216=CARTESIAN_POINT('Axis2P3D Location',(10.0500396478,3.09452283668,13.453)) ;
#8221=CARTESIAN_POINT('Line Origine',(10.0500396478,4.39452283743,12.653)) ;
#8225=CARTESIAN_POINT('Vertex',(10.0500396478,4.39452283743,12.153)) ;
#8228=CARTESIAN_POINT('Line Origine',(10.0500396478,3.94452283705,12.153)) ;
#8232=CARTESIAN_POINT('Vertex',(10.0500396478,3.49452283667,12.1529999999)) ;
#8235=CARTESIAN_POINT('Line Origine',(10.0500396478,3.29452283668,12.1531205797)) ;
#8240=CARTESIAN_POINT('Line Origine',(10.0500396478,2.96054824053,12.653)) ;
#8253=CARTESIAN_POINT('Line Origine',(10.7250396476,4.39452283668,12.153)) ;
#8265=CARTESIAN_POINT('Axis2P3D Location',(4.70003964775,7.29452283854,13.453)) ;
#8270=CARTESIAN_POINT('Line Origine',(8.05003964738,7.29452283761,1.703)) ;
#8282=CARTESIAN_POINT('Axis2P3D Location',(8.0500396485,3.49452283578,1.703)) ;
#8287=CARTESIAN_POINT('Line Origine',(9.85003964801,3.28202283624,1.70299999999)) ;
#8291=CARTESIAN_POINT('Vertex',(9.85003964801,3.46952283579,1.70299999637)) ;
#8294=CARTESIAN_POINT('Line Origine',(11.2000396479,3.46952283579,1.703)) ;
#8298=CARTESIAN_POINT('Vertex',(12.5500396478,3.46952283579,1.70300000156)) ;
#8301=CARTESIAN_POINT('Line Origine',(12.5500396477,3.48202283579,1.703)) ;
#8305=CARTESIAN_POINT('Vertex',(12.5500396478,3.49452283579,1.70300000156)) ;
#8308=CARTESIAN_POINT('Line Origine',(12.0250396481,3.49452283579,1.703)) ;
#8312=CARTESIAN_POINT('Vertex',(11.5000396485,3.49452283579,1.70299999636)) ;
#8315=CARTESIAN_POINT('Line Origine',(11.5000396485,3.98912601788,1.70300000003)) ;
#8319=CARTESIAN_POINT('Vertex',(11.5000396485,4.48372919999,1.70300000006)) ;
#8322=CARTESIAN_POINT('Line Origine',(12.0000396485,4.48372920003,1.70300000006)) ;
#8326=CARTESIAN_POINT('Vertex',(12.5000396485,4.48372920003,1.703)) ;
#8329=CARTESIAN_POINT('Line Origine',(12.5000396485,5.16619022056,1.70300000011)) ;
#8333=CARTESIAN_POINT('Vertex',(12.5000396485,5.84865124109,1.703)) ;
#8336=CARTESIAN_POINT('Line Origine',(11.9500396481,5.84865124109,1.70300000015)) ;
#8341=CARTESIAN_POINT('Line Origine',(4.15003964812,5.84865124109,1.70300000015)) ;
#8345=CARTESIAN_POINT('Vertex',(3.6000396485,5.84865124109,1.703)) ;
#8348=CARTESIAN_POINT('Line Origine',(3.6000396485,5.16619022056,1.70300000011)) ;
#8352=CARTESIAN_POINT('Vertex',(3.6000396485,4.48372920003,1.703)) ;
#8355=CARTESIAN_POINT('Line Origine',(4.1000396485,4.48372920003,1.70300000006)) ;
#8359=CARTESIAN_POINT('Vertex',(4.6000396485,4.48372919999,1.70300000006)) ;
#8362=CARTESIAN_POINT('Line Origine',(4.6000396485,3.98912601788,1.70300000003)) ;
#8366=CARTESIAN_POINT('Vertex',(4.6000396485,3.49452283579,1.7029999997)) ;
#8369=CARTESIAN_POINT('Line Origine',(4.07503964812,3.49452283579,1.703)) ;
#8373=CARTESIAN_POINT('Vertex',(3.55003964775,3.49452283579,1.7029999997)) ;
#8376=CARTESIAN_POINT('Line Origine',(3.55003964775,3.48202283579,1.703)) ;
#8380=CARTESIAN_POINT('Vertex',(3.55003964775,3.46952283579,1.7029999997)) ;
#8383=CARTESIAN_POINT('Line Origine',(4.90003964831,3.46952283579,1.703)) ;
#8387=CARTESIAN_POINT('Vertex',(6.25003964887,3.46952283579,1.7029999997)) ;
#8390=CARTESIAN_POINT('Line Origine',(6.25003964887,3.28202283624,1.70299999999)) ;
#8418=CARTESIAN_POINT('Axis2P3D Location',(4.18,13.0945228367,11.9529999999)) ;
#8423=CARTESIAN_POINT('Line Origine',(4.78,11.6857178052,7.95299999997)) ;
#8428=CARTESIAN_POINT('Line Origine',(4.18,11.6857178052,7.95299999997)) ;
#8440=CARTESIAN_POINT('Line Origine',(5.8,11.6857178052,7.95299999997)) ;
#8445=CARTESIAN_POINT('Line Origine',(5.2,11.6857178052,7.95299999997)) ;
#8457=CARTESIAN_POINT('Line Origine',(6.82,11.6857178052,7.95299999997)) ;
#8462=CARTESIAN_POINT('Line Origine',(6.22,11.6857178052,7.95299999997)) ;
#8474=CARTESIAN_POINT('Line Origine',(7.84,11.6857178052,7.95299999997)) ;
#8479=CARTESIAN_POINT('Line Origine',(7.24,11.6857178052,7.95299999997)) ;
#8491=CARTESIAN_POINT('Line Origine',(8.86,11.6857178052,7.95299999997)) ;
#8496=CARTESIAN_POINT('Line Origine',(8.26,11.6857178052,7.95299999997)) ;
#8508=CARTESIAN_POINT('Line Origine',(9.88,11.6857178052,7.95299999997)) ;
#8513=CARTESIAN_POINT('Line Origine',(9.28,11.6857178052,7.95299999997)) ;
#8525=CARTESIAN_POINT('Line Origine',(10.9,11.6857178052,7.95299999997)) ;
#8530=CARTESIAN_POINT('Line Origine',(10.3,11.6857178052,7.95299999997)) ;
#8542=CARTESIAN_POINT('Line Origine',(11.92,11.6857178052,7.95299999997)) ;
#8547=CARTESIAN_POINT('Line Origine',(11.32,11.6857178052,7.95299999997)) ;
#8559=CARTESIAN_POINT('Axis2P3D Location',(4.18003964678,13.0945228374,3.953)) ;
#8564=CARTESIAN_POINT('Line Origine',(4.18003964678,10.2945228367,2.828)) ;
#8568=CARTESIAN_POINT('Vertex',(4.18003964678,10.2945228367,1.703)) ;
#8571=CARTESIAN_POINT('Line Origine',(4.18003964678,11.6945228371,1.703)) ;
#8584=CARTESIAN_POINT('Axis2P3D Location',(4.78003964641,10.2945228367,3.953)) ;
#8589=CARTESIAN_POINT('Line Origine',(4.4800396466,10.2945228367,3.953)) ;
#8594=CARTESIAN_POINT('Line Origine',(4.78003964641,10.2945228367,2.828)) ;
#8598=CARTESIAN_POINT('Vertex',(4.78003964641,10.2945228367,1.703)) ;
#8601=CARTESIAN_POINT('Line Origine',(4.4800396466,10.2945228367,1.703)) ;
#8613=CARTESIAN_POINT('Axis2P3D Location',(4.78003964641,10.2945228367,3.953)) ;
#8618=CARTESIAN_POINT('Line Origine',(4.78003964734,11.6945228371,1.703)) ;
#8631=CARTESIAN_POINT('Axis2P3D Location',(0.,0.,1.703)) ;
#8643=CARTESIAN_POINT('Axis2P3D Location',(5.20003964678,13.0945228374,3.953)) ;
#8648=CARTESIAN_POINT('Line Origine',(5.20003964678,10.2945228367,2.828)) ;
#8652=CARTESIAN_POINT('Vertex',(5.20003964678,10.2945228367,1.703)) ;
#8655=CARTESIAN_POINT('Line Origine',(5.20003964678,11.6945228371,1.703)) ;
#8668=CARTESIAN_POINT('Line Origine',(5.5000396466,10.2945228367,3.953)) ;
#8673=CARTESIAN_POINT('Line Origine',(5.80003964641,10.2945228367,2.828)) ;
#8677=CARTESIAN_POINT('Vertex',(5.80003964641,10.2945228367,1.703)) ;
#8680=CARTESIAN_POINT('Line Origine',(5.5000396466,10.2945228367,1.703)) ;
#8692=CARTESIAN_POINT('Axis2P3D Location',(5.80003964641,10.2945228367,3.953)) ;
#8697=CARTESIAN_POINT('Line Origine',(5.80003964734,11.6945228371,1.703)) ;
#8717=CARTESIAN_POINT('Axis2P3D Location',(6.22003964678,13.0945228374,3.953)) ;
#8722=CARTESIAN_POINT('Line Origine',(6.22003964678,10.2945228367,2.828)) ;
#8726=CARTESIAN_POINT('Vertex',(6.22003964678,10.2945228367,1.703)) ;
#8729=CARTESIAN_POINT('Line Origine',(6.22003964678,11.6945228371,1.703)) ;
#8742=CARTESIAN_POINT('Line Origine',(6.5200396466,10.2945228367,3.953)) ;
#8747=CARTESIAN_POINT('Line Origine',(6.82003964641,10.2945228367,2.828)) ;
#8751=CARTESIAN_POINT('Vertex',(6.82003964641,10.2945228367,1.703)) ;
#8754=CARTESIAN_POINT('Line Origine',(6.5200396466,10.2945228367,1.703)) ;
#8766=CARTESIAN_POINT('Axis2P3D Location',(6.82003964641,10.2945228367,3.953)) ;
#8771=CARTESIAN_POINT('Line Origine',(6.82003964734,11.6945228371,1.703)) ;
#8791=CARTESIAN_POINT('Axis2P3D Location',(7.24003964678,13.0945228374,3.953)) ;
#8796=CARTESIAN_POINT('Line Origine',(7.24003964678,10.2945228367,2.828)) ;
#8800=CARTESIAN_POINT('Vertex',(7.24003964678,10.2945228367,1.703)) ;
#8803=CARTESIAN_POINT('Line Origine',(7.24003964678,11.6945228371,1.703)) ;
#8816=CARTESIAN_POINT('Line Origine',(7.5400396466,10.2945228367,3.953)) ;
#8821=CARTESIAN_POINT('Line Origine',(7.84003964641,10.2945228367,2.828)) ;
#8825=CARTESIAN_POINT('Vertex',(7.84003964641,10.2945228367,1.703)) ;
#8828=CARTESIAN_POINT('Line Origine',(7.5400396466,10.2945228367,1.703)) ;
#8840=CARTESIAN_POINT('Axis2P3D Location',(7.84003964641,10.2945228367,3.953)) ;
#8845=CARTESIAN_POINT('Line Origine',(7.84003964734,11.6945228371,1.703)) ;
#8865=CARTESIAN_POINT('Axis2P3D Location',(8.26003964678,13.0945228374,3.953)) ;
#8870=CARTESIAN_POINT('Line Origine',(8.26003964678,10.2945228367,2.828)) ;
#8874=CARTESIAN_POINT('Vertex',(8.26003964678,10.2945228367,1.703)) ;
#8877=CARTESIAN_POINT('Line Origine',(8.26003964678,11.6945228371,1.703)) ;
#8890=CARTESIAN_POINT('Line Origine',(8.5600396466,10.2945228367,3.953)) ;
#8895=CARTESIAN_POINT('Line Origine',(8.86003964641,10.2945228367,2.828)) ;
#8899=CARTESIAN_POINT('Vertex',(8.86003964641,10.2945228367,1.703)) ;
#8902=CARTESIAN_POINT('Line Origine',(8.5600396466,10.2945228367,1.703)) ;
#8914=CARTESIAN_POINT('Axis2P3D Location',(8.86003964641,10.2945228367,3.953)) ;
#8919=CARTESIAN_POINT('Line Origine',(8.86003964734,11.6945228371,1.703)) ;
#8939=CARTESIAN_POINT('Axis2P3D Location',(9.28003964678,13.0945228374,3.953)) ;
#8944=CARTESIAN_POINT('Line Origine',(9.28003964678,10.2945228367,2.828)) ;
#8948=CARTESIAN_POINT('Vertex',(9.28003964678,10.2945228367,1.703)) ;
#8951=CARTESIAN_POINT('Line Origine',(9.28003964678,11.6945228371,1.703)) ;
#8964=CARTESIAN_POINT('Line Origine',(9.5800396466,10.2945228367,3.953)) ;
#8969=CARTESIAN_POINT('Line Origine',(9.88003964641,10.2945228367,2.828)) ;
#8973=CARTESIAN_POINT('Vertex',(9.88003964641,10.2945228367,1.703)) ;
#8976=CARTESIAN_POINT('Line Origine',(9.5800396466,10.2945228367,1.703)) ;
#8988=CARTESIAN_POINT('Axis2P3D Location',(9.88003964641,10.2945228367,3.953)) ;
#8993=CARTESIAN_POINT('Line Origine',(9.88003964734,11.6945228371,1.703)) ;
#9013=CARTESIAN_POINT('Axis2P3D Location',(10.3000396468,13.0945228374,3.953)) ;
#9018=CARTESIAN_POINT('Line Origine',(10.3000396468,10.2945228367,2.828)) ;
#9022=CARTESIAN_POINT('Vertex',(10.3000396468,10.2945228367,1.703)) ;
#9025=CARTESIAN_POINT('Line Origine',(10.3000396468,11.6945228371,1.703)) ;
#9038=CARTESIAN_POINT('Line Origine',(10.6000396466,10.2945228367,3.953)) ;
#9043=CARTESIAN_POINT('Line Origine',(10.9000396464,10.2945228367,2.828)) ;
#9047=CARTESIAN_POINT('Vertex',(10.9000396464,10.2945228367,1.703)) ;
#9050=CARTESIAN_POINT('Line Origine',(10.6000396466,10.2945228367,1.703)) ;
#9062=CARTESIAN_POINT('Axis2P3D Location',(10.9000396464,10.2945228367,3.953)) ;
#9067=CARTESIAN_POINT('Line Origine',(10.9000396473,11.6945228371,1.703)) ;
#9087=CARTESIAN_POINT('Axis2P3D Location',(11.3200396468,13.0945228374,3.953)) ;
#9092=CARTESIAN_POINT('Line Origine',(11.3200396468,10.2945228367,2.828)) ;
#9096=CARTESIAN_POINT('Vertex',(11.3200396468,10.2945228367,1.703)) ;
#9099=CARTESIAN_POINT('Line Origine',(11.3200396468,11.6945228371,1.703)) ;
#9112=CARTESIAN_POINT('Line Origine',(11.6200396466,10.2945228367,3.953)) ;
#9117=CARTESIAN_POINT('Line Origine',(11.9200396464,10.2945228367,2.828)) ;
#9121=CARTESIAN_POINT('Vertex',(11.9200396464,10.2945228367,1.703)) ;
#9124=CARTESIAN_POINT('Line Origine',(11.6200396466,10.2945228367,1.703)) ;
#9136=CARTESIAN_POINT('Axis2P3D Location',(11.9200396464,10.2945228367,3.953)) ;
#9141=CARTESIAN_POINT('Line Origine',(11.9200396473,11.6945228371,1.703)) ;
#9161=CARTESIAN_POINT('Axis2P3D Location',(14.0984336136,9.645,12.5547618318)) ;
#9166=CARTESIAN_POINT('Line Origine',(14.0984336136,9.645,12.5547618318)) ;
#9171=CARTESIAN_POINT('Line Origine',(13.9397555397,10.895,12.7578860858)) ;
#9175=CARTESIAN_POINT('Vertex',(13.8594714316,10.895,12.8606580012)) ;
#9178=CARTESIAN_POINT('Line Origine',(13.8594714316,9.645,12.8606580012)) ;
#9182=CARTESIAN_POINT('Vertex',(13.8594714316,8.395,12.8606580012)) ;
#9185=CARTESIAN_POINT('Line Origine',(13.9397555397,8.395,12.7578860858)) ;
#9199=CARTESIAN_POINT('Axis2P3D Location',(13.9776786871,9.645,12.953)) ;
#9204=CARTESIAN_POINT('Axis2P3D Location',(13.9776786871,10.895,12.953)) ;
#9208=CARTESIAN_POINT('Vertex',(13.9776786863,10.895,13.103)) ;
#9211=CARTESIAN_POINT('Line Origine',(13.9776786863,9.645,13.103)) ;
#9215=CARTESIAN_POINT('Vertex',(13.9776786863,8.395,13.103)) ;
#9218=CARTESIAN_POINT('Axis2P3D Location',(13.9776786871,8.395,12.953)) ;
#9230=CARTESIAN_POINT('Axis2P3D Location',(13.9776786871,9.645,13.103)) ;
#9235=CARTESIAN_POINT('Line Origine',(13.9988591678,10.895,13.103)) ;
#9240=CARTESIAN_POINT('Line Origine',(13.9988591678,8.395,13.103)) ;
#9254=CARTESIAN_POINT('Axis2P3D Location',(13.9776786871,9.645,12.953)) ;
#9259=CARTESIAN_POINT('Axis2P3D Location',(13.9776786871,10.895,12.953)) ;
#9263=CARTESIAN_POINT('Vertex',(13.5836545026,10.895,12.6451933366)) ;
#9266=CARTESIAN_POINT('Line Origine',(13.5836545026,9.645,12.6451933366)) ;
#9270=CARTESIAN_POINT('Vertex',(13.5836545026,8.395,12.6451933366)) ;
#9273=CARTESIAN_POINT('Axis2P3D Location',(13.9776786871,8.395,12.953)) ;
#9285=CARTESIAN_POINT('Axis2P3D Location',(13.583654502,9.645,12.6451933373)) ;
#9290=CARTESIAN_POINT('Line Origine',(13.703135593,10.895,12.4922452526)) ;
#9294=CARTESIAN_POINT('Vertex',(13.822616684,10.895,12.3392971679)) ;
#9297=CARTESIAN_POINT('Line Origine',(13.822616684,9.645,12.3392971679)) ;
#9301=CARTESIAN_POINT('Vertex',(13.822616684,8.395,12.3392971679)) ;
#9304=CARTESIAN_POINT('Line Origine',(13.703135593,8.395,12.4922452526)) ;
#9316=CARTESIAN_POINT('Axis2P3D Location',(13.4285924994,9.645,12.0314905048)) ;
#9321=CARTESIAN_POINT('Axis2P3D Location',(13.4285924994,10.895,12.0314905048)) ;
#9325=CARTESIAN_POINT('Vertex',(13.8681203105,10.895,11.7931308958)) ;
#9328=CARTESIAN_POINT('Line Origine',(13.8681203105,9.645,11.7931308958)) ;
#9332=CARTESIAN_POINT('Vertex',(13.8681203105,8.395,11.7931308958)) ;
#9335=CARTESIAN_POINT('Axis2P3D Location',(13.4285924994,8.395,12.0314905048)) ;
#9347=CARTESIAN_POINT('Axis2P3D Location',(13.8681203105,9.645,11.7931308958)) ;
#9352=CARTESIAN_POINT('Line Origine',(13.8405755947,10.895,11.7423392842)) ;
#9356=CARTESIAN_POINT('Vertex',(13.8130308788,10.895,11.6915476727)) ;
#9359=CARTESIAN_POINT('Line Origine',(13.8130308788,9.645,11.6915476727)) ;
#9363=CARTESIAN_POINT('Vertex',(13.8130308788,8.395,11.6915476727)) ;
#9366=CARTESIAN_POINT('Line Origine',(13.8405755947,8.395,11.7423392842)) ;
#9378=CARTESIAN_POINT('Axis2P3D Location',(14.2525586897,9.645,11.4531880632)) ;
#9383=CARTESIAN_POINT('Axis2P3D Location',(14.2525586897,10.895,11.4531880632)) ;
#9387=CARTESIAN_POINT('Vertex',(13.7714641906,10.895,11.3169967164)) ;
#9390=CARTESIAN_POINT('Line Origine',(13.7714641906,9.645,11.3169967164)) ;
#9394=CARTESIAN_POINT('Vertex',(13.7714641906,8.395,11.3169967164)) ;
#9397=CARTESIAN_POINT('Axis2P3D Location',(14.2525586897,8.395,11.4531880632)) ;
#9409=CARTESIAN_POINT('Axis2P3D Location',(13.7714641905,9.645,11.316996717)) ;
#9414=CARTESIAN_POINT('Line Origine',(13.8957519195,10.895,10.8779516203)) ;
#9419=CARTESIAN_POINT('Line Origine',(14.1075095596,9.645,10.1299199816)) ;
#9424=CARTESIAN_POINT('Line Origine',(13.8957519195,8.395,10.8779516203)) ;
#9438=CARTESIAN_POINT('Axis2P3D Location',(14.1075095597,9.645,10.1299199816)) ;
#9443=CARTESIAN_POINT('Line Origine',(14.4442757088,9.645,10.2252539238)) ;
#9455=CARTESIAN_POINT('Axis2P3D Location',(14.4442757097,9.645,10.2252539231)) ;
#9460=CARTESIAN_POINT('Line Origine',(14.1082303402,9.645,11.4123306594)) ;
#9472=CARTESIAN_POINT('Axis2P3D Location',(14.2525586931,9.645,11.4531880624)) ;
#9477=CARTESIAN_POINT('Line Origine',(14.1207003471,9.645,11.5246959462)) ;
#9489=CARTESIAN_POINT('Axis2P3D Location',(14.1207003471,9.645,11.5246959462)) ;
#9494=CARTESIAN_POINT('Line Origine',(14.175789778,9.645,11.6262791699)) ;
#9506=CARTESIAN_POINT('Axis2P3D Location',(13.4285924994,9.645,12.0314905048)) ;
#9518=CARTESIAN_POINT('Axis2P3D Location',(0.,10.895,0.)) ;
#9539=CARTESIAN_POINT('Axis2P3D Location',(0.,8.395,0.)) ;
#9560=CARTESIAN_POINT('Axis2P3D Location',(2.00164568341,9.645,12.5547618318)) ;
#9565=CARTESIAN_POINT('Line Origine',(2.16032375724,8.395,12.7578860858)) ;
#9569=CARTESIAN_POINT('Vertex',(2.24060786542,8.395,12.8606580012)) ;
#9572=CARTESIAN_POINT('Line Origine',(2.24060786542,9.645,12.8606580012)) ;
#9576=CARTESIAN_POINT('Vertex',(2.24060786542,10.895,12.8606580012)) ;
#9579=CARTESIAN_POINT('Line Origine',(2.16032375724,10.895,12.7578860858)) ;
#9584=CARTESIAN_POINT('Line Origine',(2.00164568341,9.645,12.5547618318)) ;
#9598=CARTESIAN_POINT('Axis2P3D Location',(2.12240060991,9.645,12.953)) ;
#9603=CARTESIAN_POINT('Axis2P3D Location',(2.12240060991,8.395,12.953)) ;
#9607=CARTESIAN_POINT('Vertex',(2.12240061068,8.395,13.103)) ;
#9610=CARTESIAN_POINT('Line Origine',(2.12240061068,9.645,13.103)) ;
#9614=CARTESIAN_POINT('Vertex',(2.12240061068,10.895,13.103)) ;
#9617=CARTESIAN_POINT('Axis2P3D Location',(2.12240060991,10.895,12.953)) ;
#9629=CARTESIAN_POINT('Line Origine',(2.10122012853,8.395,13.103)) ;
#9634=CARTESIAN_POINT('Line Origine',(2.10122012853,10.895,13.103)) ;
#9648=CARTESIAN_POINT('Axis2P3D Location',(2.12240060991,9.645,12.953)) ;
#9653=CARTESIAN_POINT('Axis2P3D Location',(2.12240060991,8.395,12.953)) ;
#9657=CARTESIAN_POINT('Vertex',(2.51642479441,8.395,12.6451933366)) ;
#9660=CARTESIAN_POINT('Line Origine',(2.51642479441,9.645,12.6451933366)) ;
#9664=CARTESIAN_POINT('Vertex',(2.51642479441,10.895,12.6451933366)) ;
#9667=CARTESIAN_POINT('Axis2P3D Location',(2.12240060991,10.895,12.953)) ;
#9679=CARTESIAN_POINT('Axis2P3D Location',(2.51642479495,9.645,12.6451933373)) ;
#9684=CARTESIAN_POINT('Line Origine',(2.39694370395,8.395,12.4922452526)) ;
#9688=CARTESIAN_POINT('Vertex',(2.27746261294,8.395,12.3392971679)) ;
#9691=CARTESIAN_POINT('Line Origine',(2.27746261294,9.645,12.3392971679)) ;
#9695=CARTESIAN_POINT('Vertex',(2.27746261294,10.895,12.3392971679)) ;
#9698=CARTESIAN_POINT('Line Origine',(2.39694370395,10.895,12.4922452526)) ;
#9710=CARTESIAN_POINT('Axis2P3D Location',(2.67148679763,9.645,12.0314905048)) ;
#9715=CARTESIAN_POINT('Axis2P3D Location',(2.67148679763,8.395,12.0314905048)) ;
#9719=CARTESIAN_POINT('Vertex',(2.23195898647,8.395,11.7931308958)) ;
#9722=CARTESIAN_POINT('Line Origine',(2.23195898647,9.645,11.7931308958)) ;
#9726=CARTESIAN_POINT('Vertex',(2.23195898647,10.895,11.7931308958)) ;
#9729=CARTESIAN_POINT('Axis2P3D Location',(2.67148679763,10.895,12.0314905048)) ;
#9741=CARTESIAN_POINT('Axis2P3D Location',(2.23195898649,9.645,11.7931308958)) ;
#9746=CARTESIAN_POINT('Line Origine',(2.25950370233,8.395,11.7423392842)) ;
#9750=CARTESIAN_POINT('Vertex',(2.28704841817,8.395,11.6915476727)) ;
#9753=CARTESIAN_POINT('Line Origine',(2.28704841817,9.645,11.6915476727)) ;
#9757=CARTESIAN_POINT('Vertex',(2.28704841817,10.895,11.6915476727)) ;
#9760=CARTESIAN_POINT('Line Origine',(2.25950370233,10.895,11.7423392842)) ;
#9772=CARTESIAN_POINT('Axis2P3D Location',(1.84752060726,9.645,11.4531880632)) ;
#9777=CARTESIAN_POINT('Axis2P3D Location',(1.84752060726,8.395,11.4531880632)) ;
#9781=CARTESIAN_POINT('Vertex',(2.32861510635,8.395,11.3169967164)) ;
#9784=CARTESIAN_POINT('Line Origine',(2.32861510635,9.645,11.3169967164)) ;
#9788=CARTESIAN_POINT('Vertex',(2.32861510635,10.895,11.3169967164)) ;
#9791=CARTESIAN_POINT('Axis2P3D Location',(1.84752060726,10.895,11.4531880632)) ;
#9803=CARTESIAN_POINT('Axis2P3D Location',(2.32861510653,9.645,11.316996717)) ;
#9808=CARTESIAN_POINT('Line Origine',(2.20432737684,8.395,10.877951618)) ;
#9813=CARTESIAN_POINT('Line Origine',(1.99256973734,9.645,10.1299199816)) ;
#9818=CARTESIAN_POINT('Line Origine',(2.20432737684,10.895,10.877951618)) ;
#9832=CARTESIAN_POINT('Axis2P3D Location',(1.99256973734,9.645,10.1299199816)) ;
#9837=CARTESIAN_POINT('Line Origine',(1.65580358821,9.645,10.2252539238)) ;
#9849=CARTESIAN_POINT('Axis2P3D Location',(1.65580358731,9.645,10.2252539231)) ;
#9854=CARTESIAN_POINT('Line Origine',(1.99184895682,9.645,11.4123306594)) ;
#9866=CARTESIAN_POINT('Axis2P3D Location',(1.84752060385,9.645,11.4531880624)) ;
#9871=CARTESIAN_POINT('Line Origine',(1.97937894987,9.645,11.5246959462)) ;
#9883=CARTESIAN_POINT('Axis2P3D Location',(1.97937894987,9.645,11.5246959462)) ;
#9888=CARTESIAN_POINT('Line Origine',(1.92428951899,9.645,11.6262791699)) ;
#9900=CARTESIAN_POINT('Axis2P3D Location',(2.67148679763,9.645,12.0314905048)) ;
#9944=CARTESIAN_POINT('Axis2P3D Location',(8.0500396485,5.84865124109,1.703)) ;
#9949=CARTESIAN_POINT('Line Origine',(12.5000396485,5.66619022039,6.92799999996)) ;
#9953=CARTESIAN_POINT('Vertex',(12.5000396485,5.48372919968,12.1529999999)) ;
#9956=CARTESIAN_POINT('Line Origine',(11.9500396478,5.48372919968,12.1529999999)) ;
#9968=CARTESIAN_POINT('Line Origine',(4.15003964812,5.48372919968,12.1529999999)) ;
#9972=CARTESIAN_POINT('Vertex',(3.6000396485,5.48372919968,12.1529999999)) ;
#9975=CARTESIAN_POINT('Line Origine',(3.6000396485,5.66619022039,6.92799999996)) ;
#9987=CARTESIAN_POINT('Axis2P3D Location',(8.0500396485,4.48372919968,12.1529999999)) ;
#9992=CARTESIAN_POINT('Line Origine',(12.0000396485,4.48372919968,12.1529999999)) ;
#9996=CARTESIAN_POINT('Vertex',(12.5000396485,4.48372919968,12.1529999999)) ;
#9998=CARTESIAN_POINT('Vertex',(11.5000396485,4.48372919919,12.153)) ;
#10001=CARTESIAN_POINT('Line Origine',(12.5000396485,4.48372919985,6.92799999996)) ;
#10006=CARTESIAN_POINT('Line Origine',(11.5000396485,4.48372919985,6.92800000003)) ;
#10018=CARTESIAN_POINT('Line Origine',(3.6000396485,4.48372919985,6.92799999996)) ;
#10022=CARTESIAN_POINT('Vertex',(3.6000396485,4.48372919968,12.1529999999)) ;
#10025=CARTESIAN_POINT('Line Origine',(4.1000396485,4.48372919968,12.1529999999)) ;
#10029=CARTESIAN_POINT('Vertex',(4.6000396485,4.48372919919,12.153)) ;
#10032=CARTESIAN_POINT('Line Origine',(4.6000396485,4.48372919985,6.92800000003)) ;
#10044=CARTESIAN_POINT('Axis2P3D Location',(8.0500396485,5.48372919968,12.1529999999)) ;
#10049=CARTESIAN_POINT('Line Origine',(12.5000396485,4.98372919968,12.1529999999)) ;
#10054=CARTESIAN_POINT('Line Origine',(11.5000396485,3.98912601793,12.1529999999)) ;
#10058=CARTESIAN_POINT('Vertex',(11.5000396485,3.49452283667,12.1529999999)) ;
#10061=CARTESIAN_POINT('Line Origine',(10.7750396481,3.49452283667,12.1529999999)) ;
#10077=CARTESIAN_POINT('Line Origine',(5.32503964719,3.49452283667,12.1529999999)) ;
#10081=CARTESIAN_POINT('Vertex',(4.6000396485,3.49452283669,12.1531205796)) ;
#10084=CARTESIAN_POINT('Line Origine',(4.6000396485,3.98912601793,12.1529999999)) ;
#10089=CARTESIAN_POINT('Line Origine',(3.6000396485,4.98372919968,12.1529999999)) ;
#10105=CARTESIAN_POINT('Axis2P3D Location',(12.5000396485,0.,0.)) ;
#10117=CARTESIAN_POINT('Axis2P3D Location',(3.6000396485,0.,0.)) ;
#10129=CARTESIAN_POINT('Axis2P3D Location',(11.5000396485,0.,0.)) ;
#10134=CARTESIAN_POINT('Line Origine',(11.5000396485,3.49452283624,6.92799999997)) ;
#10146=CARTESIAN_POINT('Axis2P3D Location',(4.6000396485,0.,0.)) ;
#10151=CARTESIAN_POINT('Line Origine',(4.6000396485,3.49452283624,6.92799999997)) ;
#10163=CARTESIAN_POINT('Axis2P3D Location',(9.8500396485,3.49452283592,3.15300000044)) ;
#10168=CARTESIAN_POINT('Line Origine',(8.0500396475,3.46952283592,3.15300000045)) ;
#10172=CARTESIAN_POINT('Vertex',(9.8500396485,3.46952283592,3.15300000045)) ;
#10174=CARTESIAN_POINT('Vertex',(6.250039647,3.46952283592,3.15300000045)) ;
#10177=CARTESIAN_POINT('Line Origine',(9.8500396485,3.2820228363,3.15300000046)) ;
#10182=CARTESIAN_POINT('Line Origine',(6.250039647,3.2820228363,3.15300000046)) ;
#10194=CARTESIAN_POINT('Axis2P3D Location',(6.25003964887,3.49452283592,3.15300000044)) ;
#10199=CARTESIAN_POINT('Line Origine',(6.25003964887,3.46952283585,2.42799999989)) ;
#10211=CARTESIAN_POINT('Axis2P3D Location',(3.85003964703,3.494522836,4.10312057969)) ;
#10216=CARTESIAN_POINT('Line Origine',(8.05003966109,3.469522836,4.10312057969)) ;
#10220=CARTESIAN_POINT('Vertex',(12.2499153991,3.469522836,4.10312060542)) ;
#10222=CARTESIAN_POINT('Vertex',(3.85003964703,3.469522836,4.10312057969)) ;
#10225=CARTESIAN_POINT('Line Origine',(3.85003964703,3.28202283634,4.1031205797)) ;
#10230=CARTESIAN_POINT('Line Origine',(12.2499153991,3.28202283635,4.1031205797)) ;
#10244=CARTESIAN_POINT('Axis2P3D Location',(9.85003964775,3.49452283579,1.7030000001)) ;
#10249=CARTESIAN_POINT('Line Origine',(9.85003964775,3.46952283585,2.42799999963)) ;
#10261=CARTESIAN_POINT('Axis2P3D Location',(0.,3.49452283565,-3.00103053519E-010)) ;
#10266=CARTESIAN_POINT('Line Origine',(12.5500396478,3.49452283624,6.92806029063)) ;
#10270=CARTESIAN_POINT('Vertex',(12.550039648,3.49452283669,12.1531205797)) ;
#10273=CARTESIAN_POINT('Line Origine',(12.0250396483,3.49452283669,12.1531205797)) ;
#10285=CARTESIAN_POINT('Line Origine',(4.07503964826,3.49452283669,12.1531205795)) ;
#10289=CARTESIAN_POINT('Vertex',(3.55003964775,3.49452283669,12.1531205795)) ;
#10292=CARTESIAN_POINT('Line Origine',(3.55003964775,3.49452283624,6.92806028962)) ;
#10304=CARTESIAN_POINT('Axis2P3D Location',(12.2499153991,2.68452283519,3.80299630533)) ;
#10309=CARTESIAN_POINT('Line Origine',(12.5500396992,2.68452283519,3.80299630532)) ;
#10313=CARTESIAN_POINT('Vertex',(12.5500396478,3.46952283597,3.80300000045)) ;
#10317=CARTESIAN_POINT('Control Point',(12.2500396969,3.469522836,4.10312057968)) ;
#10318=CARTESIAN_POINT('Control Point',(12.3678748258,3.469522836,4.1030717777)) ;
#10319=CARTESIAN_POINT('Control Point',(12.4871929901,3.46952283599,4.0401474677)) ;
#10320=CARTESIAN_POINT('Control Point',(12.5500382487,3.46952283598,3.92081147597)) ;
#10321=CARTESIAN_POINT('Control Point',(12.5500396992,3.46952283597,3.80300000045)) ;
#10330=CARTESIAN_POINT('Axis2P3D Location',(3.85016394791,2.68452283519,3.80299630532)) ;
#10335=CARTESIAN_POINT('Line Origine',(3.55003964778,2.68452283519,3.80299999977)) ;
#10339=CARTESIAN_POINT('Vertex',(3.55003964775,3.46952283597,3.80299999859)) ;
#10343=CARTESIAN_POINT('Control Point',(3.55003964778,3.46952283597,3.8029999997)) ;
#10344=CARTESIAN_POINT('Control Point',(3.550041098,3.46952283598,3.9208114776)) ;
#10345=CARTESIAN_POINT('Control Point',(3.61288634496,3.46952283599,4.04014746058)) ;
#10346=CARTESIAN_POINT('Control Point',(3.73220453138,3.469522836,4.10307178663)) ;
#10347=CARTESIAN_POINT('Control Point',(3.85003967276,3.469522836,4.10312057969)) ;
#10356=CARTESIAN_POINT('Axis2P3D Location',(3.55003964804,3.49452283669,12.1531205795)) ;
#10361=CARTESIAN_POINT('Line Origine',(3.55003964772,3.46952283588,2.75299999914)) ;
#10366=CARTESIAN_POINT('Line Origine',(3.55003964804,3.29452283668,12.1531205796)) ;
#10380=CARTESIAN_POINT('Axis2P3D Location',(12.550039648,3.49452283669,12.1531205797)) ;
#10385=CARTESIAN_POINT('Line Origine',(12.550039648,3.29452283668,12.1531205797)) ;
#10406=CARTESIAN_POINT('Axis2P3D Location',(12.5500396735,3.49452283597,3.80299630525)) ;
#10411=CARTESIAN_POINT('Line Origine',(12.5500396734,3.46952283588,2.75300000101)) ;
#10425=CARTESIAN_POINT('Axis2P3D Location',(0.,3.46952283565,-2.97956101047E-010)) ;
#10443=CARTESIAN_POINT('Axis2P3D Location',(11.1750396477,0.894522836243,0.327999999759)) ;
#10448=CARTESIAN_POINT('Line Origine',(11.5750396481,0.894522836243,0.327999999759)) ;
#10453=CARTESIAN_POINT('Line Origine',(10.7750396474,0.894522836243,0.327999999759)) ;
#10472=CARTESIAN_POINT('Axis2P3D Location',(4.92503964775,0.894522836243,0.327999999759)) ;
#10477=CARTESIAN_POINT('Line Origine',(5.32503964812,0.894522836243,0.327999999759)) ;
#10482=CARTESIAN_POINT('Line Origine',(4.52503964738,0.894522836243,0.327999999759)) ;
#10501=CARTESIAN_POINT('Axis2P3D Location',(6.05003964589,3.09452283668,12.153)) ;
#10515=CARTESIAN_POINT('Axis2P3D Location',(10.9,0.,0.)) ;
#10520=CARTESIAN_POINT('Line Origine',(10.9,11.8014288631,7.66168027306)) ;
#10524=CARTESIAN_POINT('Vertex',(10.9,10.5083348894,3.953)) ;
#10527=CARTESIAN_POINT('Line Origine',(10.9,10.401428863,3.953)) ;
#10540=CARTESIAN_POINT('Axis2P3D Location',(0.,0.,3.953)) ;
#10545=CARTESIAN_POINT('Line Origine',(10.6,10.5083348894,3.953)) ;
#10549=CARTESIAN_POINT('Vertex',(10.3,10.5083348894,3.953)) ;
#10552=CARTESIAN_POINT('Line Origine',(10.3000396468,10.401428863,3.953)) ;
#10564=CARTESIAN_POINT('Axis2P3D Location',(4.18,10.5083348894,3.953)) ;
#10569=CARTESIAN_POINT('Line Origine',(10.3,11.8014288631,7.66168027306)) ;
#10581=CARTESIAN_POINT('Axis2P3D Location',(10.3,0.,0.)) ;
#10594=CARTESIAN_POINT('Axis2P3D Location',(9.88,0.,0.)) ;
#10599=CARTESIAN_POINT('Line Origine',(9.88,11.8014288631,7.66168027306)) ;
#10603=CARTESIAN_POINT('Vertex',(9.88,10.5083348894,3.953)) ;
#10606=CARTESIAN_POINT('Line Origine',(9.88,10.401428863,3.953)) ;
#10619=CARTESIAN_POINT('Line Origine',(9.58,10.5083348894,3.953)) ;
#10623=CARTESIAN_POINT('Vertex',(9.28,10.5083348894,3.953)) ;
#10626=CARTESIAN_POINT('Line Origine',(9.28003964678,10.401428863,3.953)) ;
#10638=CARTESIAN_POINT('Line Origine',(9.28,11.8014288631,7.66168027306)) ;
#10650=CARTESIAN_POINT('Axis2P3D Location',(9.28,0.,0.)) ;
#10663=CARTESIAN_POINT('Axis2P3D Location',(8.86,0.,0.)) ;
#10668=CARTESIAN_POINT('Line Origine',(8.86,11.8014288631,7.66168027306)) ;
#10672=CARTESIAN_POINT('Vertex',(8.86,10.5083348894,3.953)) ;
#10675=CARTESIAN_POINT('Line Origine',(8.86,10.401428863,3.953)) ;
#10688=CARTESIAN_POINT('Line Origine',(8.56,10.5083348894,3.953)) ;
#10692=CARTESIAN_POINT('Vertex',(8.26,10.5083348894,3.953)) ;
#10695=CARTESIAN_POINT('Line Origine',(8.26003964678,10.401428863,3.953)) ;
#10707=CARTESIAN_POINT('Line Origine',(8.26,11.8014288631,7.66168027306)) ;
#10719=CARTESIAN_POINT('Axis2P3D Location',(8.26,0.,0.)) ;
#10732=CARTESIAN_POINT('Axis2P3D Location',(7.84,0.,0.)) ;
#10737=CARTESIAN_POINT('Line Origine',(7.84,11.8014288631,7.66168027306)) ;
#10741=CARTESIAN_POINT('Vertex',(7.84,10.5083348894,3.953)) ;
#10744=CARTESIAN_POINT('Line Origine',(7.84,10.401428863,3.953)) ;
#10757=CARTESIAN_POINT('Line Origine',(7.54,10.5083348894,3.953)) ;
#10761=CARTESIAN_POINT('Vertex',(7.24,10.5083348894,3.953)) ;
#10764=CARTESIAN_POINT('Line Origine',(7.24003964678,10.401428863,3.953)) ;
#10776=CARTESIAN_POINT('Line Origine',(7.24,11.8014288631,7.66168027306)) ;
#10788=CARTESIAN_POINT('Axis2P3D Location',(7.24,0.,0.)) ;
#10801=CARTESIAN_POINT('Axis2P3D Location',(6.82,0.,0.)) ;
#10806=CARTESIAN_POINT('Line Origine',(6.82,11.8014288631,7.66168027306)) ;
#10810=CARTESIAN_POINT('Vertex',(6.82,10.5083348894,3.953)) ;
#10813=CARTESIAN_POINT('Line Origine',(6.82,10.401428863,3.953)) ;
#10826=CARTESIAN_POINT('Line Origine',(6.52,10.5083348894,3.953)) ;
#10830=CARTESIAN_POINT('Vertex',(6.22,10.5083348894,3.953)) ;
#10833=CARTESIAN_POINT('Line Origine',(6.22003964678,10.401428863,3.953)) ;
#10845=CARTESIAN_POINT('Line Origine',(6.22,11.8014288631,7.66168027306)) ;
#10857=CARTESIAN_POINT('Axis2P3D Location',(6.22,0.,0.)) ;
#10870=CARTESIAN_POINT('Axis2P3D Location',(5.8,0.,0.)) ;
#10875=CARTESIAN_POINT('Line Origine',(5.8,11.8014288631,7.66168027306)) ;
#10879=CARTESIAN_POINT('Vertex',(5.8,10.5083348894,3.953)) ;
#10882=CARTESIAN_POINT('Line Origine',(5.8,10.401428863,3.953)) ;
#10895=CARTESIAN_POINT('Line Origine',(5.5,10.5083348894,3.953)) ;
#10899=CARTESIAN_POINT('Vertex',(5.2,10.5083348894,3.953)) ;
#10902=CARTESIAN_POINT('Line Origine',(5.20003964678,10.401428863,3.953)) ;
#10914=CARTESIAN_POINT('Line Origine',(5.2,11.8014288631,7.66168027306)) ;
#10926=CARTESIAN_POINT('Axis2P3D Location',(5.2,0.,0.)) ;
#10939=CARTESIAN_POINT('Axis2P3D Location',(4.78,0.,0.)) ;
#10944=CARTESIAN_POINT('Line Origine',(4.78,11.8014288631,7.66168027306)) ;
#10948=CARTESIAN_POINT('Vertex',(4.78,10.5083348894,3.953)) ;
#10951=CARTESIAN_POINT('Line Origine',(4.78,10.401428863,3.953)) ;
#10964=CARTESIAN_POINT('Line Origine',(4.48,10.5083348894,3.953)) ;
#10968=CARTESIAN_POINT('Vertex',(4.18,10.5083348894,3.953)) ;
#10971=CARTESIAN_POINT('Line Origine',(4.18003964678,10.401428863,3.953)) ;
#10983=CARTESIAN_POINT('Line Origine',(4.18,11.8014288631,7.66168027306)) ;
#10995=CARTESIAN_POINT('Axis2P3D Location',(4.18,0.,0.)) ;
#11008=CARTESIAN_POINT('Axis2P3D Location',(11.92,0.,0.)) ;
#11013=CARTESIAN_POINT('Line Origine',(11.92,11.8014288631,7.66168027306)) ;
#11017=CARTESIAN_POINT('Vertex',(11.92,10.5083348894,3.953)) ;
#11020=CARTESIAN_POINT('Line Origine',(11.92,10.401428863,3.953)) ;
#11033=CARTESIAN_POINT('Line Origine',(11.62,10.5083348894,3.953)) ;
#11037=CARTESIAN_POINT('Vertex',(11.32,10.5083348894,3.953)) ;
#11040=CARTESIAN_POINT('Line Origine',(11.3200396468,10.401428863,3.953)) ;
#11052=CARTESIAN_POINT('Line Origine',(11.32,11.8014288631,7.66168027306)) ;
#11064=CARTESIAN_POINT('Axis2P3D Location',(11.32,0.,0.)) ;
#11079=CARTESIAN_POINT('Axis2P3D Location',(0.,0.,0.)) ;
#32=DIRECTION('Axis2P3D Direction',(0.,-1.,0.)) ;
#33=DIRECTION('Axis2P3D XDirection',(1.,0.,0.)) ;
#37=DIRECTION('Vector Direction',(0.,0.,-1.)) ;
#46=DIRECTION('Vector Direction',(1.,0.,0.)) ;
#53=DIRECTION('Vector Direction',(0.,0.,1.)) ;
#60=DIRECTION('Vector Direction',(1.,0.,0.)) ;
#67=DIRECTION('Vector Direction',(0.,0.,1.)) ;
#74=DIRECTION('Vector Direction',(1.,0.,0.)) ;
#81=DIRECTION('Vector Direction',(0.,0.,-1.)) ;
#88=DIRECTION('Vector Direction',(1.,0.,0.)) ;
#95=DIRECTION('Vector Direction',(0.,0.,-1.)) ;
#102=DIRECTION('Vector Direction',(1.,0.,0.)) ;
#109=DIRECTION('Vector Direction',(0.,0.,-1.)) ;
#116=DIRECTION('Vector Direction',(1.,0.,0.)) ;
#136=DIRECTION('Axis2P3D Direction',(1.,0.,0.)) ;
#137=DIRECTION('Axis2P3D XDirection',(0.,1.47424294994E-010,-1.)) ;
#141=DIRECTION('Vector Direction',(1.,0.,0.)) ;
#150=DIRECTION('Axis2P3D Direction',(1.,0.,0.)) ;
#155=DIRECTION('Axis2P3D Direction',(1.,0.,0.)) ;
#167=DIRECTION('Axis2P3D Direction',(1.,0.,0.)) ;
#168=DIRECTION('Axis2P3D XDirection',(0.,1.47424111297E-010,-1.)) ;
#172=DIRECTION('Axis2P3D Direction',(1.,0.,0.)) ;
#179=DIRECTION('Vector Direction',(1.,0.,0.)) ;
#186=DIRECTION('Axis2P3D Direction',(1.,0.,0.)) ;
#198=DIRECTION('Axis2P3D Direction',(0.,0.,1.)) ;
#199=DIRECTION('Axis2P3D XDirection',(-1.83697019872E-016,-1.,-0.)) ;
#203=DIRECTION('Axis2P3D Direction',(0.,0.,1.)) ;
#210=DIRECTION('Axis2P3D Direction',(0.,0.,1.)) ;
#217=DIRECTION('Vector Direction',(0.,0.,1.)) ;
#229=DIRECTION('Axis2P3D Direction',(0.,0.,1.)) ;
#230=DIRECTION('Axis2P3D XDirection',(-1.,1.83697019872E-016,0.)) ;
#234=DIRECTION('Axis2P3D Direction',(0.,0.,1.)) ;
#241=DIRECTION('Vector Direction',(0.,0.,1.)) ;
#248=DIRECTION('Axis2P3D Direction',(0.,0.,1.)) ;
#260=DIRECTION('Axis2P3D Direction',(1.,0.,0.)) ;
#261=DIRECTION('Axis2P3D XDirection',(0.,1.,0.)) ;
#265=DIRECTION('Vector Direction',(0.,1.,0.)) ;
#272=DIRECTION('Vector Direction',(0.,1.,0.)) ;
#279=DIRECTION('Vector Direction',(0.,0.,1.)) ;
#291=DIRECTION('Axis2P3D Direction',(0.,-0.,1.)) ;
#292=DIRECTION('Axis2P3D XDirection',(1.,-1.83697019872E-016,-0.)) ;
#296=DIRECTION('Axis2P3D Direction',(0.,-0.,1.)) ;
#303=DIRECTION('Axis2P3D Direction',(0.,-0.,1.)) ;
#310=DIRECTION('Vector Direction',(0.,0.,1.)) ;
#322=DIRECTION('Axis2P3D Direction',(0.,1.,-0.)) ;
#323=DIRECTION('Axis2P3D XDirection',(-1.,0.,0.)) ;
#327=DIRECTION('Vector Direction',(-1.,0.,0.)) ;
#334=DIRECTION('Vector Direction',(0.,0.,1.)) ;
#341=DIRECTION('Vector Direction',(-1.,0.,0.)) ;
#353=DIRECTION('Axis2P3D Direction',(0.,0.,1.)) ;
#354=DIRECTION('Axis2P3D XDirection',(1.83697019872E-016,1.,-0.)) ;
#358=DIRECTION('Axis2P3D Direction',(0.,0.,1.)) ;
#365=DIRECTION('Axis2P3D Direction',(0.,0.,1.)) ;
#372=DIRECTION('Vector Direction',(0.,0.,1.)) ;
#384=DIRECTION('Axis2P3D Direction',(-1.,0.,0.)) ;
#385=DIRECTION('Axis2P3D XDirection',(0.,-1.,0.)) ;
#389=DIRECTION('Vector Direction',(0.,-1.,0.)) ;
#394=DIRECTION('Vector Direction',(0.,-1.,0.)) ;
#406=DIRECTION('Axis2P3D Direction',(0.,0.,1.)) ;
#407=DIRECTION('Axis2P3D XDirection',(1.,0.,0.)) ;
#411=DIRECTION('Vector Direction',(0.,-1.,0.)) ;
#420=DIRECTION('Axis2P3D Direction',(0.,0.,1.)) ;
#427=DIRECTION('Vector Direction',(1.,0.,0.)) ;
#434=DIRECTION('Vector Direction',(0.,1.,0.)) ;
#439=DIRECTION('Vector Direction',(0.,-1.,0.)) ;
#446=DIRECTION('Vector Direction',(1.,0.,0.)) ;
#453=DIRECTION('Axis2P3D Direction',(0.,0.,1.)) ;
#460=DIRECTION('Vector Direction',(0.,1.,0.)) ;
#467=DIRECTION('Axis2P3D Direction',(0.,0.,1.)) ;
#474=DIRECTION('Vector Direction',(-1.,0.,0.)) ;
#481=DIRECTION('Axis2P3D Direction',(0.,0.,1.)) ;
#509=DIRECTION('Vector Direction',(0.,-1.,0.)) ;
#516=DIRECTION('Vector Direction',(1.,0.,0.)) ;
#523=DIRECTION('Vector Direction',(0.,1.,0.)) ;
#535=DIRECTION('Axis2P3D Direction',(0.,0.,1.)) ;
#536=DIRECTION('Axis2P3D XDirection',(1.,0.,0.)) ;
#550=DIRECTION('Vector Direction',(1.,0.,0.)) ;
#559=DIRECTION('Vector Direction',(0.,-1.,0.)) ;
#566=DIRECTION('Vector Direction',(-1.,0.,0.)) ;
#573=DIRECTION('Vector Direction',(0.,1.,0.)) ;
#580=DIRECTION('Vector Direction',(-1.,-7.10933940902E-010,0.)) ;
#587=DIRECTION('Vector Direction',(0.,-1.,0.)) ;
#594=DIRECTION('Vector Direction',(-1.,0.,0.)) ;
#601=DIRECTION('Vector Direction',(0.,-1.,0.)) ;
#608=DIRECTION('Vector Direction',(-1.,0.,0.)) ;
#615=DIRECTION('Vector Direction',(0.,-1.,0.)) ;
#622=DIRECTION('Vector Direction',(1.,0.,0.)) ;
#629=DIRECTION('Vector Direction',(0.,-1.,0.)) ;
#636=DIRECTION('Vector Direction',(-1.,0.,0.)) ;
#643=DIRECTION('Vector Direction',(0.,-1.,0.)) ;
#650=DIRECTION('Vector Direction',(-1.,0.,0.)) ;
#657=DIRECTION('Vector Direction',(0.,1.,0.)) ;
#664=DIRECTION('Vector Direction',(-1.,-7.1093360166E-010,0.)) ;
#671=DIRECTION('Vector Direction',(0.,-1.,0.)) ;
#678=DIRECTION('Vector Direction',(1.,0.,0.)) ;
#685=DIRECTION('Vector Direction',(0.,1.,0.)) ;
#713=DIRECTION('Axis2P3D Direction',(1.,0.,-0.)) ;
#714=DIRECTION('Axis2P3D XDirection',(0.,0.,1.)) ;
#728=DIRECTION('Vector Direction',(1.,0.,0.)) ;
#750=DIRECTION('Axis2P3D Direction',(0.,-1.,0.)) ;
#751=DIRECTION('Axis2P3D XDirection',(1.,-0.,-1.83697019872E-016)) ;
#755=DIRECTION('Axis2P3D Direction',(0.,-1.,0.)) ;
#762=DIRECTION('Vector Direction',(0.,-1.,0.)) ;
#774=DIRECTION('Axis2P3D Direction',(0.,-1.,0.)) ;
#775=DIRECTION('Axis2P3D XDirection',(1.,-0.,-1.83697019872E-016)) ;
#789=DIRECTION('Vector Direction',(0.,-1.,0.)) ;
#796=DIRECTION('Axis2P3D Direction',(0.,-1.,0.)) ;
#808=DIRECTION('Axis2P3D Direction',(0.,1.,0.)) ;
#809=DIRECTION('Axis2P3D XDirection',(-1.,-0.,-1.83697019872E-016)) ;
#813=DIRECTION('Axis2P3D Direction',(0.,1.,0.)) ;
#820=DIRECTION('Vector Direction',(0.,1.,0.)) ;
#842=DIRECTION('Axis2P3D Direction',(0.,-1.,0.)) ;
#843=DIRECTION('Axis2P3D XDirection',(0.,0.,1.)) ;
#847=DIRECTION('Vector Direction',(0.,-1.,0.)) ;
#854=DIRECTION('Axis2P3D Direction',(0.,-1.,0.)) ;
#866=DIRECTION('Axis2P3D Direction',(-1.,-7.1093396305E-010,0.)) ;
#867=DIRECTION('Axis2P3D XDirection',(0.,0.,1.)) ;
#871=DIRECTION('Vector Direction',(-1.,-7.1093396305E-010,0.)) ;
#893=DIRECTION('Axis2P3D Direction',(-1.,-7.1093396305E-010,0.)) ;
#894=DIRECTION('Axis2P3D XDirection',(0.,0.,1.)) ;
#908=DIRECTION('Vector Direction',(-1.,-7.1093396305E-010,0.)) ;
#920=DIRECTION('Axis2P3D Direction',(0.,-1.,0.)) ;
#921=DIRECTION('Axis2P3D XDirection',(0.,0.,1.)) ;
#925=DIRECTION('Vector Direction',(0.,-1.,0.)) ;
#947=DIRECTION('Axis2P3D Direction',(0.,1.,0.)) ;
#948=DIRECTION('Axis2P3D XDirection',(0.,0.,1.)) ;
#962=DIRECTION('Vector Direction',(0.,1.,0.)) ;
#974=DIRECTION('Axis2P3D Direction',(-1.,0.,0.)) ;
#975=DIRECTION('Axis2P3D XDirection',(0.,0.,1.)) ;
#989=DIRECTION('Vector Direction',(-1.,0.,0.)) ;
#1001=DIRECTION('Axis2P3D Direction',(0.,-1.,0.)) ;
#1002=DIRECTION('Axis2P3D XDirection',(1.,-0.,-1.83697019872E-016)) ;
#1015=DIRECTION('Vector Direction',(0.,-1.,0.)) ;
#1027=DIRECTION('Axis2P3D Direction',(0.,1.,0.)) ;
#1028=DIRECTION('Axis2P3D XDirection',(-1.,-0.,-1.83697019872E-016)) ;
#1042=DIRECTION('Vector Direction',(0.,1.,0.)) ;
#1063=DIRECTION('Axis2P3D Direction',(1.,0.,-0.)) ;
#1064=DIRECTION('Axis2P3D XDirection',(-0.,1.,-1.83697019872E-016)) ;
#1068=DIRECTION('Vector Direction',(1.,0.,0.)) ;
#1080=DIRECTION('Axis2P3D Direction',(0.,0.,-1.)) ;
#1081=DIRECTION('Axis2P3D XDirection',(0.,1.,0.)) ;
#1085=DIRECTION('Vector Direction',(0.,1.,0.)) ;
#1094=DIRECTION('Vector Direction',(1.,0.,0.)) ;
#1101=DIRECTION('Vector Direction',(0.,1.,0.)) ;
#1108=DIRECTION('Vector Direction',(1.,0.,0.)) ;
#1120=DIRECTION('Axis2P3D Direction',(-1.,0.,0.)) ;
#1121=DIRECTION('Axis2P3D XDirection',(0.,1.,0.)) ;
#1125=DIRECTION('Vector Direction',(0.,-1.,-1.47425231067E-010)) ;
#1132=DIRECTION('Vector Direction',(0.,0.,-1.)) ;
#1139=DIRECTION('Vector Direction',(0.,1.,4.36875325418E-011)) ;
#1146=DIRECTION('Axis2P3D Direction',(-1.,0.,0.)) ;
#1151=DIRECTION('Vector Direction',(0.,0.,1.)) ;
#1168=DIRECTION('Axis2P3D Direction',(1.,0.,0.)) ;
#1169=DIRECTION('Axis2P3D XDirection',(0.,4.36875364112E-011,-1.)) ;
#1173=DIRECTION('Vector Direction',(1.,0.,0.)) ;
#1180=DIRECTION('Axis2P3D Direction',(1.,0.,0.)) ;
#1192=DIRECTION('Axis2P3D Direction',(-1.,0.,0.)) ;
#1193=DIRECTION('Axis2P3D XDirection',(0.,1.,0.)) ;
#1197=DIRECTION('Vector Direction',(0.,0.,1.)) ;
#1202=DIRECTION('Vector Direction',(0.,1.,4.36875325418E-011)) ;
#1209=DIRECTION('Vector Direction',(0.,0.,-1.)) ;
#1216=DIRECTION('Vector Direction',(0.,-1.,-1.47425231067E-010)) ;
#1233=DIRECTION('Axis2P3D Direction',(0.,4.36875186845E-011,-1.)) ;
#1234=DIRECTION('Axis2P3D XDirection',(0.,1.,4.36875186845E-011)) ;
#1238=DIRECTION('Vector Direction',(1.,0.,0.)) ;
#1249=DIRECTION('Axis2P3D Direction',(0.,4.36875186845E-011,-1.)) ;
#1258=DIRECTION('Axis2P3D Direction',(0.,4.36875186845E-011,-1.)) ;
#1268=DIRECTION('Axis2P3D Direction',(0.,-1.,0.)) ;
#1269=DIRECTION('Axis2P3D XDirection',(0.,0.,-1.)) ;
#1273=DIRECTION('Vector Direction',(1.,0.,0.)) ;
#1285=DIRECTION('Axis2P3D Direction',(0.,-1.4742518428E-010,1.)) ;
#1286=DIRECTION('Axis2P3D XDirection',(0.,-1.,-1.4742518428E-010)) ;
#1296=DIRECTION('Axis2P3D Direction',(0.,-1.4742518428E-010,1.)) ;
#1305=DIRECTION('Axis2P3D Direction',(0.,-1.4742518428E-010,1.)) ;
#1315=DIRECTION('Axis2P3D Direction',(1.,0.,0.)) ;
#1316=DIRECTION('Axis2P3D XDirection',(0.,-1.,0.)) ;
#1320=DIRECTION('Vector Direction',(0.,0.,-1.)) ;
#1327=DIRECTION('Vector Direction',(0.,-1.,0.)) ;
#1334=DIRECTION('Vector Direction',(0.,0.,1.)) ;
#1341=DIRECTION('Vector Direction',(0.,-1.,0.)) ;
#1348=DIRECTION('Vector Direction',(0.,0.,1.)) ;
#1355=DIRECTION('Vector Direction',(0.,-1.,0.)) ;
#1362=DIRECTION('Vector Direction',(0.,0.,-1.)) ;
#1378=DIRECTION('Axis2P3D Direction',(0.,0.,-1.)) ;
#1379=DIRECTION('Axis2P3D XDirection',(-1.,-1.83697019872E-016,-0.)) ;
#1383=DIRECTION('Axis2P3D Direction',(0.,0.,-1.)) ;
#1390=DIRECTION('Vector Direction',(0.,0.,-1.)) ;
#1402=DIRECTION('Axis2P3D Direction',(0.,0.,-1.)) ;
#1403=DIRECTION('Axis2P3D XDirection',(1.83697019872E-016,-1.,-0.)) ;
#1407=DIRECTION('Axis2P3D Direction',(0.,0.,-1.)) ;
#1414=DIRECTION('Vector Direction',(0.,0.,-1.)) ;
#1426=DIRECTION('Axis2P3D Direction',(0.,0.,-1.)) ;
#1427=DIRECTION('Axis2P3D XDirection',(-1.,0.,0.)) ;
#1431=DIRECTION('Vector Direction',(1.,0.,0.)) ;
#1440=DIRECTION('Vector Direction',(0.,1.,0.)) ;
#1447=DIRECTION('Vector Direction',(1.,0.,0.)) ;
#1454=DIRECTION('Vector Direction',(0.,1.,0.)) ;
#1461=DIRECTION('Axis2P3D Direction',(0.,0.,-1.)) ;
#1474=DIRECTION('Vector Direction',(0.,1.,0.)) ;
#1483=DIRECTION('Vector Direction',(-1.,0.,0.)) ;
#1490=DIRECTION('Vector Direction',(0.,1.,0.)) ;
#1497=DIRECTION('Vector Direction',(-1.,0.,0.)) ;
#1504=DIRECTION('Axis2P3D Direction',(0.,0.,-1.)) ;
#1517=DIRECTION('Vector Direction',(1.,0.,0.)) ;
#1524=DIRECTION('Vector Direction',(0.,-1.,0.)) ;
#1531=DIRECTION('Vector Direction',(1.,0.,0.)) ;
#1544=DIRECTION('Vector Direction',(-1.,0.,0.)) ;
#1551=DIRECTION('Vector Direction',(0.,-1.,0.)) ;
#1558=DIRECTION('Vector Direction',(1.,0.,0.)) ;
#1571=DIRECTION('Axis2P3D Direction',(-0.,-1.,-0.)) ;
#1572=DIRECTION('Axis2P3D XDirection',(-1.,0.,0.)) ;
#1576=DIRECTION('Vector Direction',(0.,0.,-1.)) ;
#1581=DIRECTION('Vector Direction',(0.,0.,1.)) ;
#1588=DIRECTION('Vector Direction',(-1.,0.,0.)) ;
#1595=DIRECTION('Vector Direction',(0.,0.,-1.)) ;
#1602=DIRECTION('Vector Direction',(-1.,0.,0.)) ;
#1609=DIRECTION('Vector Direction',(0.,0.,-1.)) ;
#1616=DIRECTION('Vector Direction',(-1.,0.,0.)) ;
#1623=DIRECTION('Vector Direction',(0.,0.,-1.)) ;
#1630=DIRECTION('Vector Direction',(-1.,0.,0.)) ;
#1637=DIRECTION('Vector Direction',(0.,0.,-1.)) ;
#1644=DIRECTION('Vector Direction',(-1.,0.,0.)) ;
#1651=DIRECTION('Vector Direction',(0.,0.,-1.)) ;
#1658=DIRECTION('Vector Direction',(-1.,0.,0.)) ;
#1665=DIRECTION('Vector Direction',(0.,0.,-1.)) ;
#1672=DIRECTION('Vector Direction',(-1.,0.,0.)) ;
#1679=DIRECTION('Vector Direction',(0.,0.,-1.)) ;
#1686=DIRECTION('Vector Direction',(-1.,0.,0.)) ;
#1693=DIRECTION('Vector Direction',(0.,0.,-1.)) ;
#1700=DIRECTION('Vector Direction',(-1.,0.,0.)) ;
#1707=DIRECTION('Vector Direction',(0.,0.,-1.)) ;
#1714=DIRECTION('Vector Direction',(-1.,0.,0.)) ;
#1721=DIRECTION('Vector Direction',(0.,0.,-1.)) ;
#1728=DIRECTION('Vector Direction',(-1.,0.,0.)) ;
#1735=DIRECTION('Vector Direction',(0.,0.,-1.)) ;
#1742=DIRECTION('Vector Direction',(-1.,0.,0.)) ;
#1749=DIRECTION('Vector Direction',(0.,0.,-1.)) ;
#1756=DIRECTION('Vector Direction',(-1.,0.,0.)) ;
#1763=DIRECTION('Vector Direction',(0.,0.,-1.)) ;
#1770=DIRECTION('Vector Direction',(-1.,0.,0.)) ;
#1777=DIRECTION('Vector Direction',(0.,0.,-1.)) ;
#1784=DIRECTION('Vector Direction',(-1.,0.,0.)) ;
#1791=DIRECTION('Vector Direction',(0.,0.,-1.)) ;
#1798=DIRECTION('Vector Direction',(-1.,0.,0.)) ;
#1805=DIRECTION('Vector Direction',(0.,0.,-1.)) ;
#1812=DIRECTION('Vector Direction',(-1.,0.,0.)) ;
#1819=DIRECTION('Vector Direction',(0.,0.,-1.)) ;
#1826=DIRECTION('Vector Direction',(-1.,0.,0.)) ;
#1833=DIRECTION('Vector Direction',(0.,0.,-1.)) ;
#1840=DIRECTION('Vector Direction',(-1.,0.,0.)) ;
#1847=DIRECTION('Vector Direction',(0.,0.,1.)) ;
#1899=DIRECTION('Axis2P3D Direction',(0.,0.,-1.)) ;
#1900=DIRECTION('Axis2P3D XDirection',(-1.83697019872E-016,1.,-0.)) ;
#1904=DIRECTION('Vector Direction',(0.,0.,-1.)) ;
#1916=DIRECTION('Axis2P3D Direction',(-0.,1.,0.)) ;
#1917=DIRECTION('Axis2P3D XDirection',(1.,0.,0.)) ;
#1921=DIRECTION('Vector Direction',(0.,0.,-1.)) ;
#1926=DIRECTION('Vector Direction',(0.,0.,1.)) ;
#1933=DIRECTION('Vector Direction',(1.,0.,0.)) ;
#1940=DIRECTION('Vector Direction',(0.,0.,1.)) ;
#1945=DIRECTION('Vector Direction',(0.,0.,1.)) ;
#1952=DIRECTION('Vector Direction',(1.,0.,0.)) ;
#1959=DIRECTION('Vector Direction',(0.,0.,1.)) ;
#1983=DIRECTION('Axis2P3D Direction',(0.,0.,-1.)) ;
#1984=DIRECTION('Axis2P3D XDirection',(1.,1.83697019872E-016,0.)) ;
#1988=DIRECTION('Vector Direction',(0.,0.,-1.)) ;
#2000=DIRECTION('Axis2P3D Direction',(-1.,0.,0.)) ;
#2001=DIRECTION('Axis2P3D XDirection',(0.,1.,0.)) ;
#2005=DIRECTION('Vector Direction',(0.,0.,1.)) ;
#2012=DIRECTION('Vector Direction',(0.,1.,0.)) ;
#2019=DIRECTION('Vector Direction',(0.,0.,1.)) ;
#2035=DIRECTION('Vector Direction',(0.,1.,0.)) ;
#2042=DIRECTION('Vector Direction',(1.,0.,0.)) ;
#2049=DIRECTION('Vector Direction',(0.,1.,0.)) ;
#2061=DIRECTION('Axis2P3D Direction',(-1.,0.,0.)) ;
#2062=DIRECTION('Axis2P3D XDirection',(0.,1.,0.)) ;
#2066=DIRECTION('Axis2P3D Direction',(-1.,0.,0.)) ;
#2073=DIRECTION('Vector Direction',(0.,1.,4.36875325418E-011)) ;
#2080=DIRECTION('Vector Direction',(0.,0.,-1.)) ;
#2087=DIRECTION('Vector Direction',(0.,-1.,-1.47425231067E-010)) ;
#2104=DIRECTION('Axis2P3D Direction',(1.,0.,0.)) ;
#2105=DIRECTION('Axis2P3D XDirection',(0.,4.36875227352E-011,-1.)) ;
#2109=DIRECTION('Axis2P3D Direction',(1.,0.,0.)) ;
#2116=DIRECTION('Vector Direction',(1.,0.,0.)) ;
#2128=DIRECTION('Axis2P3D Direction',(-1.,0.,0.)) ;
#2129=DIRECTION('Axis2P3D XDirection',(0.,1.,0.)) ;
#2133=DIRECTION('Vector Direction',(0.,-1.,-1.47425231067E-010)) ;
#2140=DIRECTION('Vector Direction',(0.,0.,-1.)) ;
#2147=DIRECTION('Vector Direction',(0.,1.,4.36875325418E-011)) ;
#2164=DIRECTION('Vector Direction',(1.,0.,0.)) ;
#2175=DIRECTION('Axis2P3D Direction',(0.,4.36875186845E-011,-1.)) ;
#2184=DIRECTION('Axis2P3D Direction',(0.,4.36875186845E-011,-1.)) ;
#2194=DIRECTION('Vector Direction',(1.,0.,0.)) ;
#2212=DIRECTION('Axis2P3D Direction',(0.,-1.4742518428E-010,1.)) ;
#2221=DIRECTION('Axis2P3D Direction',(0.,-1.4742518428E-010,1.)) ;
#2231=DIRECTION('Axis2P3D Direction',(0.,-1.,0.)) ;
#2232=DIRECTION('Axis2P3D XDirection',(1.,0.,0.)) ;
#2236=DIRECTION('Vector Direction',(0.,0.,1.)) ;
#2243=DIRECTION('Vector Direction',(1.,0.,0.)) ;
#2255=DIRECTION('Axis2P3D Direction',(-1.,0.,0.)) ;
#2256=DIRECTION('Axis2P3D XDirection',(0.,-1.,0.)) ;
#2260=DIRECTION('Vector Direction',(0.,-1.,0.)) ;
#2272=DIRECTION('Axis2P3D Direction',(1.,0.,0.)) ;
#2273=DIRECTION('Axis2P3D XDirection',(0.,1.,0.)) ;
#2277=DIRECTION('Vector Direction',(0.,0.,1.)) ;
#2284=DIRECTION('Vector Direction',(0.,1.,0.)) ;
#2296=DIRECTION('Vector Direction',(-1.,0.,0.)) ;
#2308=DIRECTION('Axis2P3D Direction',(0.,-1.,0.)) ;
#2309=DIRECTION('Axis2P3D XDirection',(1.,0.,0.)) ;
#2313=DIRECTION('Vector Direction',(0.,0.,1.)) ;
#2320=DIRECTION('Vector Direction',(1.,0.,0.)) ;
#2332=DIRECTION('Vector Direction',(0.,1.,0.)) ;
#2344=DIRECTION('Vector Direction',(0.,0.,1.)) ;
#2351=DIRECTION('Vector Direction',(0.,-1.,0.)) ;
#2363=DIRECTION('Vector Direction',(1.,0.,0.)) ;
#2375=DIRECTION('Axis2P3D Direction',(0.,0.,-1.)) ;
#2376=DIRECTION('Axis2P3D XDirection',(-1.,0.,0.)) ;
#2380=DIRECTION('Vector Direction',(0.,-1.,0.)) ;
#2387=DIRECTION('Vector Direction',(-1.,0.,0.)) ;
#2394=DIRECTION('Vector Direction',(0.,1.,0.)) ;
#2401=DIRECTION('Vector Direction',(-1.,0.,0.)) ;
#2408=DIRECTION('Vector Direction',(0.,-1.,0.)) ;
#2415=DIRECTION('Vector Direction',(-1.,0.,0.)) ;
#2422=DIRECTION('Vector Direction',(-5.3218229823E-010,1.,0.)) ;
#2450=DIRECTION('Axis2P3D Direction',(-1.,0.,0.)) ;
#2451=DIRECTION('Axis2P3D XDirection',(0.,-1.,0.)) ;
#2455=DIRECTION('Vector Direction',(0.,0.,1.)) ;
#2462=DIRECTION('Vector Direction',(0.,0.,1.)) ;
#2469=DIRECTION('Vector Direction',(0.,-1.,0.)) ;
#2481=DIRECTION('Axis2P3D Direction',(0.,1.,-0.)) ;
#2482=DIRECTION('Axis2P3D XDirection',(-1.,0.,0.)) ;
#2486=DIRECTION('Vector Direction',(0.,0.,1.)) ;
#2493=DIRECTION('Vector Direction',(-1.,0.,0.)) ;
#2505=DIRECTION('Axis2P3D Direction',(1.,0.,0.)) ;
#2506=DIRECTION('Axis2P3D XDirection',(0.,1.,0.)) ;
#2510=DIRECTION('Vector Direction',(0.,0.,1.)) ;
#2517=DIRECTION('Vector Direction',(0.,1.,0.)) ;
#2529=DIRECTION('Axis2P3D Direction',(0.,1.,-0.)) ;
#2530=DIRECTION('Axis2P3D XDirection',(-1.,0.,0.)) ;
#2534=DIRECTION('Vector Direction',(0.,0.,-1.)) ;
#2543=DIRECTION('Vector Direction',(1.,0.,0.)) ;
#2550=DIRECTION('Vector Direction',(0.,0.,-1.)) ;
#2555=DIRECTION('Vector Direction',(-1.,0.,0.)) ;
#2569=DIRECTION('Vector Direction',(0.,0.,-1.)) ;
#2578=DIRECTION('Vector Direction',(-1.,0.,0.)) ;
#2585=DIRECTION('Vector Direction',(0.,0.,-1.)) ;
#2592=DIRECTION('Vector Direction',(1.,0.,0.)) ;
#2604=DIRECTION('Vector Direction',(0.,0.,-1.)) ;
#2613=DIRECTION('Vector Direction',(1.,0.,0.)) ;
#2620=DIRECTION('Vector Direction',(0.,0.,-1.)) ;
#2627=DIRECTION('Vector Direction',(-1.,0.,0.)) ;
#2639=DIRECTION('Vector Direction',(0.,0.,-1.)) ;
#2648=DIRECTION('Vector Direction',(1.,0.,0.)) ;
#2655=DIRECTION('Vector Direction',(0.,0.,-1.)) ;
#2662=DIRECTION('Vector Direction',(-1.,0.,0.)) ;
#2674=DIRECTION('Vector Direction',(0.,0.,-1.)) ;
#2683=DIRECTION('Vector Direction',(1.,0.,0.)) ;
#2690=DIRECTION('Vector Direction',(0.,0.,-1.)) ;
#2697=DIRECTION('Vector Direction',(-1.,0.,0.)) ;
#2709=DIRECTION('Vector Direction',(0.,0.,-1.)) ;
#2718=DIRECTION('Vector Direction',(-1.,0.,0.)) ;
#2725=DIRECTION('Vector Direction',(0.,0.,-1.)) ;
#2732=DIRECTION('Vector Direction',(1.,0.,0.)) ;
#2744=DIRECTION('Vector Direction',(0.,0.,-1.)) ;
#2753=DIRECTION('Vector Direction',(1.,0.,0.)) ;
#2760=DIRECTION('Vector Direction',(0.,0.,-1.)) ;
#2767=DIRECTION('Vector Direction',(-1.,0.,0.)) ;
#2779=DIRECTION('Vector Direction',(0.,0.,-1.)) ;
#2788=DIRECTION('Vector Direction',(1.,0.,0.)) ;
#2795=DIRECTION('Vector Direction',(0.,0.,-1.)) ;
#2802=DIRECTION('Vector Direction',(-1.,0.,0.)) ;
#2814=DIRECTION('Vector Direction',(0.,0.,-1.)) ;
#2823=DIRECTION('Vector Direction',(-1.,0.,0.)) ;
#2828=DIRECTION('Vector Direction',(0.,0.,-1.)) ;
#2835=DIRECTION('Vector Direction',(1.,0.,0.)) ;
#2849=DIRECTION('Axis2P3D Direction',(0.,0.,-1.)) ;
#2850=DIRECTION('Axis2P3D XDirection',(1.,0.,0.)) ;
#2854=DIRECTION('Vector Direction',(3.42431276004E-015,1.,0.)) ;
#2861=DIRECTION('Vector Direction',(-1.,0.,0.)) ;
#2868=DIRECTION('Vector Direction',(0.,-1.,0.)) ;
#2873=DIRECTION('Vector Direction',(0.,1.,0.)) ;
#2880=DIRECTION('Vector Direction',(-1.,0.,0.)) ;
#2887=DIRECTION('Vector Direction',(0.,-1.,0.)) ;
#2892=DIRECTION('Vector Direction',(0.,1.,0.)) ;
#2899=DIRECTION('Vector Direction',(-1.,0.,0.)) ;
#2906=DIRECTION('Vector Direction',(0.,-1.,0.)) ;
#2911=DIRECTION('Vector Direction',(0.,1.,0.)) ;
#2918=DIRECTION('Vector Direction',(-1.,0.,0.)) ;
#2925=DIRECTION('Vector Direction',(0.,-1.,0.)) ;
#2930=DIRECTION('Vector Direction',(0.,1.,0.)) ;
#2937=DIRECTION('Vector Direction',(-1.,0.,0.)) ;
#2944=DIRECTION('Vector Direction',(0.,-1.,0.)) ;
#2949=DIRECTION('Vector Direction',(0.,1.,0.)) ;
#2956=DIRECTION('Vector Direction',(-1.,0.,0.)) ;
#2963=DIRECTION('Vector Direction',(0.,-1.,0.)) ;
#2968=DIRECTION('Vector Direction',(0.,1.,0.)) ;
#2975=DIRECTION('Vector Direction',(-1.,0.,0.)) ;
#2982=DIRECTION('Vector Direction',(0.,-1.,0.)) ;
#2987=DIRECTION('Vector Direction',(3.42431276004E-015,1.,0.)) ;
#2994=DIRECTION('Vector Direction',(-1.,0.,0.)) ;
#3001=DIRECTION('Vector Direction',(0.,-1.,0.)) ;
#3045=DIRECTION('Axis2P3D Direction',(1.,0.,0.)) ;
#3046=DIRECTION('Axis2P3D XDirection',(0.,-1.,0.)) ;
#3050=DIRECTION('Vector Direction',(0.,-1.,0.)) ;
#3062=DIRECTION('Axis2P3D Direction',(0.,0.,-1.)) ;
#3063=DIRECTION('Axis2P3D XDirection',(1.,0.,0.)) ;
#3067=DIRECTION('Vector Direction',(0.,1.,0.)) ;
#3079=DIRECTION('Vector Direction',(-4.88562079806E-010,-1.,0.)) ;
#3084=DIRECTION('Vector Direction',(-3.05348635317E-010,1.,0.)) ;
#3096=DIRECTION('Vector Direction',(4.88562079806E-010,-1.,0.)) ;
#3101=DIRECTION('Vector Direction',(0.,1.,0.)) ;
#3113=DIRECTION('Vector Direction',(8.54981863235E-010,-1.,0.)) ;
#3118=DIRECTION('Vector Direction',(4.88565632477E-010,1.,0.)) ;
#3130=DIRECTION('Vector Direction',(0.,-1.,0.)) ;
#3135=DIRECTION('Vector Direction',(1.21403331852E-010,1.,0.)) ;
#3147=DIRECTION('Vector Direction',(0.,-1.,0.)) ;
#3152=DIRECTION('Vector Direction',(0.,1.,0.)) ;
#3164=DIRECTION('Vector Direction',(-1.83213444463E-010,-1.,0.)) ;
#3169=DIRECTION('Vector Direction',(0.,1.,0.)) ;
#3181=DIRECTION('Vector Direction',(7.93917820513E-010,-1.,0.)) ;
#3186=DIRECTION('Vector Direction',(5.49633227912E-010,1.,0.)) ;
#3198=DIRECTION('Axis2P3D Direction',(-1.,-5.3218229823E-010,-0.)) ;
#3199=DIRECTION('Axis2P3D XDirection',(-5.3218229823E-010,1.,0.)) ;
#3203=DIRECTION('Vector Direction',(-5.3218229823E-010,1.,0.)) ;
#3215=DIRECTION('Vector Direction',(0.,-1.,0.)) ;
#3227=DIRECTION('Axis2P3D Direction',(-1.,0.,0.)) ;
#3228=DIRECTION('Axis2P3D XDirection',(0.,6.12323399574E-017,-1.)) ;
#3232=DIRECTION('Axis2P3D Direction',(-1.,0.,0.)) ;
#3239=DIRECTION('Vector Direction',(-1.,0.,0.)) ;
#3246=DIRECTION('Axis2P3D Direction',(-1.,0.,0.)) ;
#3258=DIRECTION('Axis2P3D Direction',(-0.,0.,1.)) ;
#3259=DIRECTION('Axis2P3D XDirection',(0.,-1.,0.)) ;
#3263=DIRECTION('Vector Direction',(0.,-1.,0.)) ;
#3270=DIRECTION('Vector Direction',(1.,0.,0.)) ;
#3277=DIRECTION('Vector Direction',(0.,-1.,0.)) ;
#3289=DIRECTION('Axis2P3D Direction',(-1.,0.,0.)) ;
#3290=DIRECTION('Axis2P3D XDirection',(-0.,-1.83697019872E-016,1.)) ;
#3294=DIRECTION('Axis2P3D Direction',(-1.,0.,0.)) ;
#3301=DIRECTION('Vector Direction',(-1.,0.,0.)) ;
#3308=DIRECTION('Axis2P3D Direction',(-1.,0.,0.)) ;
#3320=DIRECTION('Axis2P3D Direction',(-0.,0.165047603623,0.986285601912)) ;
#3321=DIRECTION('Axis2P3D XDirection',(0.,-0.986285601912,0.165047603623)) ;
#3325=DIRECTION('Vector Direction',(0.,-0.986285601912,0.165047603623)) ;
#3332=DIRECTION('Vector Direction',(1.,0.,0.)) ;
#3339=DIRECTION('Vector Direction',(0.,-0.986285601912,0.165047603623)) ;
#3351=DIRECTION('Axis2P3D Direction',(-0.,0.026176954991,0.999657324801)) ;
#3352=DIRECTION('Axis2P3D XDirection',(0.,-0.999657324801,0.026176954991)) ;
#3356=DIRECTION('Vector Direction',(0.,-0.999657324801,0.026176954991)) ;
#3363=DIRECTION('Vector Direction',(1.,0.,0.)) ;
#3370=DIRECTION('Vector Direction',(0.,-0.999657324801,0.026176954991)) ;
#3382=DIRECTION('Axis2P3D Direction',(0.,-0.113203212994,0.993571855765)) ;
#3383=DIRECTION('Axis2P3D XDirection',(0.,-0.993571855765,-0.113203212994)) ;
#3387=DIRECTION('Vector Direction',(0.,-0.993571855765,-0.113203212994)) ;
#3394=DIRECTION('Vector Direction',(1.,0.,0.)) ;
#3401=DIRECTION('Vector Direction',(0.,-0.993571855765,-0.113203212994)) ;
#3413=DIRECTION('Axis2P3D Direction',(-0.,0.993520114791,0.113656418675)) ;
#3414=DIRECTION('Axis2P3D XDirection',(0.,-0.113656418675,0.993520114791)) ;
#3418=DIRECTION('Vector Direction',(0.,-0.113656418675,0.993520114791)) ;
#3425=DIRECTION('Vector Direction',(1.,0.,0.)) ;
#3432=DIRECTION('Vector Direction',(0.,-0.113656418675,0.993520114791)) ;
#3444=DIRECTION('Axis2P3D Direction',(0.,0.113203212686,-0.9935718558)) ;
#3445=DIRECTION('Axis2P3D XDirection',(0.,0.9935718558,0.113203212686)) ;
#3449=DIRECTION('Vector Direction',(0.,0.9935718558,0.113203212686)) ;
#3456=DIRECTION('Vector Direction',(1.,0.,0.)) ;
#3463=DIRECTION('Vector Direction',(0.,0.9935718558,0.113203212686)) ;
#3475=DIRECTION('Axis2P3D Direction',(-1.,0.,0.)) ;
#3476=DIRECTION('Axis2P3D XDirection',(0.,0.113204343358,-0.993571726975)) ;
#3480=DIRECTION('Axis2P3D Direction',(-1.,0.,0.)) ;
#3487=DIRECTION('Vector Direction',(-1.,0.,0.)) ;
#3494=DIRECTION('Axis2P3D Direction',(-1.,0.,0.)) ;
#3506=DIRECTION('Axis2P3D Direction',(0.,-0.165047603929,-0.98628560186)) ;
#3507=DIRECTION('Axis2P3D XDirection',(0.,0.98628560186,-0.165047603929)) ;
#3511=DIRECTION('Vector Direction',(0.,0.98628560186,-0.165047603929)) ;
#3518=DIRECTION('Vector Direction',(1.,0.,0.)) ;
#3525=DIRECTION('Vector Direction',(0.,0.98628560186,-0.165047603929)) ;
#3537=DIRECTION('Axis2P3D Direction',(0.,-0.0828082101031,-0.996565502282)) ;
#3538=DIRECTION('Axis2P3D XDirection',(0.,0.996565502282,-0.0828082101031)) ;
#3542=DIRECTION('Vector Direction',(0.,0.996565502282,-0.0828082101031)) ;
#3549=DIRECTION('Vector Direction',(1.,0.,0.)) ;
#3556=DIRECTION('Vector Direction',(0.,0.996565502282,-0.0828082101031)) ;
#3568=DIRECTION('Axis2P3D Direction',(0.,0.,-1.)) ;
#3569=DIRECTION('Axis2P3D XDirection',(0.,1.,0.)) ;
#3573=DIRECTION('Vector Direction',(0.,1.,0.)) ;
#3578=DIRECTION('Vector Direction',(0.,1.,0.)) ;
#3590=DIRECTION('Axis2P3D Direction',(-1.,0.,0.)) ;
#3591=DIRECTION('Axis2P3D XDirection',(0.,1.,0.)) ;
#3614=DIRECTION('Axis2P3D Direction',(-1.,0.,0.)) ;
#3615=DIRECTION('Axis2P3D XDirection',(0.,1.,0.)) ;
#3638=DIRECTION('Axis2P3D Direction',(-1.,0.,0.)) ;
#3645=DIRECTION('Vector Direction',(-1.,0.,0.)) ;
#3652=DIRECTION('Axis2P3D Direction',(-1.,0.,0.)) ;
#3664=DIRECTION('Vector Direction',(0.,-1.,0.)) ;
#3671=DIRECTION('Vector Direction',(1.,0.,0.)) ;
#3678=DIRECTION('Vector Direction',(0.,-1.,0.)) ;
#3690=DIRECTION('Axis2P3D Direction',(-1.,0.,0.)) ;
#3697=DIRECTION('Vector Direction',(-1.,0.,0.)) ;
#3704=DIRECTION('Axis2P3D Direction',(-1.,0.,0.)) ;
#3716=DIRECTION('Vector Direction',(0.,-0.986285601912,0.165047603623)) ;
#3723=DIRECTION('Vector Direction',(1.,0.,0.)) ;
#3730=DIRECTION('Vector Direction',(0.,-0.986285601912,0.165047603623)) ;
#3742=DIRECTION('Vector Direction',(0.,-0.999657324801,0.026176954991)) ;
#3749=DIRECTION('Vector Direction',(1.,0.,0.)) ;
#3756=DIRECTION('Vector Direction',(0.,-0.999657324801,0.026176954991)) ;
#3768=DIRECTION('Vector Direction',(0.,-0.993571855765,-0.113203212994)) ;
#3775=DIRECTION('Vector Direction',(1.,0.,0.)) ;
#3782=DIRECTION('Vector Direction',(0.,-0.993571855765,-0.113203212994)) ;
#3794=DIRECTION('Vector Direction',(0.,-0.113656418675,0.993520114791)) ;
#3801=DIRECTION('Vector Direction',(1.,0.,0.)) ;
#3808=DIRECTION('Vector Direction',(0.,-0.113656418675,0.993520114791)) ;
#3820=DIRECTION('Vector Direction',(0.,0.9935718558,0.113203212686)) ;
#3827=DIRECTION('Vector Direction',(1.,0.,0.)) ;
#3834=DIRECTION('Vector Direction',(0.,0.9935718558,0.113203212686)) ;
#3846=DIRECTION('Axis2P3D Direction',(-1.,0.,0.)) ;
#3853=DIRECTION('Vector Direction',(-1.,0.,0.)) ;
#3860=DIRECTION('Axis2P3D Direction',(-1.,0.,0.)) ;
#3872=DIRECTION('Vector Direction',(0.,0.98628560186,-0.165047603929)) ;
#3879=DIRECTION('Vector Direction',(1.,0.,0.)) ;
#3886=DIRECTION('Vector Direction',(0.,0.98628560186,-0.165047603929)) ;
#3898=DIRECTION('Vector Direction',(0.,0.996565502282,-0.0828082101031)) ;
#3905=DIRECTION('Vector Direction',(1.,0.,0.)) ;
#3912=DIRECTION('Vector Direction',(0.,0.996565502282,-0.0828082101031)) ;
#3924=DIRECTION('Vector Direction',(0.,1.,0.)) ;
#3929=DIRECTION('Vector Direction',(0.,1.,0.)) ;
#3941=DIRECTION('Axis2P3D Direction',(-1.,0.,0.)) ;
#3942=DIRECTION('Axis2P3D XDirection',(0.,1.,0.)) ;
#3965=DIRECTION('Axis2P3D Direction',(-1.,0.,0.)) ;
#3966=DIRECTION('Axis2P3D XDirection',(0.,1.,0.)) ;
#3989=DIRECTION('Axis2P3D Direction',(-1.,0.,0.)) ;
#3996=DIRECTION('Vector Direction',(-1.,0.,0.)) ;
#4003=DIRECTION('Axis2P3D Direction',(-1.,0.,0.)) ;
#4015=DIRECTION('Vector Direction',(0.,-1.,0.)) ;
#4022=DIRECTION('Vector Direction',(1.,0.,0.)) ;
#4029=DIRECTION('Vector Direction',(0.,-1.,0.)) ;
#4041=DIRECTION('Axis2P3D Direction',(-1.,0.,0.)) ;
#4048=DIRECTION('Vector Direction',(-1.,0.,0.)) ;
#4055=DIRECTION('Axis2P3D Direction',(-1.,0.,0.)) ;
#4067=DIRECTION('Vector Direction',(0.,-0.986285601912,0.165047603623)) ;
#4074=DIRECTION('Vector Direction',(1.,0.,0.)) ;
#4081=DIRECTION('Vector Direction',(0.,-0.986285601912,0.165047603623)) ;
#4093=DIRECTION('Vector Direction',(0.,-0.999657324801,0.026176954991)) ;
#4100=DIRECTION('Vector Direction',(1.,0.,0.)) ;
#4107=DIRECTION('Vector Direction',(0.,-0.999657324801,0.026176954991)) ;
#4119=DIRECTION('Vector Direction',(0.,-0.993571855765,-0.113203212994)) ;
#4126=DIRECTION('Vector Direction',(1.,0.,0.)) ;
#4133=DIRECTION('Vector Direction',(0.,-0.993571855765,-0.113203212994)) ;
#4145=DIRECTION('Vector Direction',(0.,-0.113656418675,0.993520114791)) ;
#4152=DIRECTION('Vector Direction',(1.,0.,0.)) ;
#4159=DIRECTION('Vector Direction',(0.,-0.113656418675,0.993520114791)) ;
#4171=DIRECTION('Vector Direction',(0.,0.9935718558,0.113203212686)) ;
#4178=DIRECTION('Vector Direction',(1.,0.,0.)) ;
#4185=DIRECTION('Vector Direction',(0.,0.9935718558,0.113203212686)) ;
#4197=DIRECTION('Axis2P3D Direction',(-1.,0.,0.)) ;
#4204=DIRECTION('Vector Direction',(-1.,0.,0.)) ;
#4211=DIRECTION('Axis2P3D Direction',(-1.,0.,0.)) ;
#4223=DIRECTION('Vector Direction',(0.,0.98628560186,-0.165047603929)) ;
#4230=DIRECTION('Vector Direction',(1.,0.,0.)) ;
#4237=DIRECTION('Vector Direction',(0.,0.98628560186,-0.165047603929)) ;
#4249=DIRECTION('Vector Direction',(0.,0.996565502282,-0.0828082101031)) ;
#4256=DIRECTION('Vector Direction',(1.,0.,0.)) ;
#4263=DIRECTION('Vector Direction',(0.,0.996565502282,-0.0828082101031)) ;
#4275=DIRECTION('Vector Direction',(0.,1.,0.)) ;
#4280=DIRECTION('Vector Direction',(0.,1.,0.)) ;
#4292=DIRECTION('Axis2P3D Direction',(-1.,0.,0.)) ;
#4293=DIRECTION('Axis2P3D XDirection',(0.,1.,0.)) ;
#4316=DIRECTION('Axis2P3D Direction',(-1.,0.,0.)) ;
#4317=DIRECTION('Axis2P3D XDirection',(0.,1.,0.)) ;
#4340=DIRECTION('Axis2P3D Direction',(-1.,0.,0.)) ;
#4347=DIRECTION('Vector Direction',(-1.,0.,0.)) ;
#4354=DIRECTION('Axis2P3D Direction',(-1.,0.,0.)) ;
#4366=DIRECTION('Vector Direction',(0.,-1.,0.)) ;
#4373=DIRECTION('Vector Direction',(1.,0.,0.)) ;
#4380=DIRECTION('Vector Direction',(0.,-1.,0.)) ;
#4392=DIRECTION('Axis2P3D Direction',(-1.,0.,0.)) ;
#4399=DIRECTION('Vector Direction',(-1.,0.,0.)) ;
#4406=DIRECTION('Axis2P3D Direction',(-1.,0.,0.)) ;
#4418=DIRECTION('Vector Direction',(0.,-0.986285601912,0.165047603623)) ;
#4425=DIRECTION('Vector Direction',(1.,0.,0.)) ;
#4432=DIRECTION('Vector Direction',(0.,-0.986285601912,0.165047603623)) ;
#4444=DIRECTION('Vector Direction',(0.,-0.999657324801,0.026176954991)) ;
#4451=DIRECTION('Vector Direction',(1.,0.,0.)) ;
#4458=DIRECTION('Vector Direction',(0.,-0.999657324801,0.026176954991)) ;
#4470=DIRECTION('Vector Direction',(0.,-0.993571855765,-0.113203212994)) ;
#4477=DIRECTION('Vector Direction',(1.,0.,0.)) ;
#4484=DIRECTION('Vector Direction',(0.,-0.993571855765,-0.113203212994)) ;
#4496=DIRECTION('Vector Direction',(0.,-0.113656418675,0.993520114791)) ;
#4503=DIRECTION('Vector Direction',(1.,0.,0.)) ;
#4510=DIRECTION('Vector Direction',(0.,-0.113656418675,0.993520114791)) ;
#4522=DIRECTION('Vector Direction',(0.,0.9935718558,0.113203212686)) ;
#4529=DIRECTION('Vector Direction',(1.,0.,0.)) ;
#4536=DIRECTION('Vector Direction',(0.,0.9935718558,0.113203212686)) ;
#4548=DIRECTION('Axis2P3D Direction',(-1.,0.,0.)) ;
#4555=DIRECTION('Vector Direction',(-1.,0.,0.)) ;
#4562=DIRECTION('Axis2P3D Direction',(-1.,0.,0.)) ;
#4574=DIRECTION('Vector Direction',(0.,0.98628560186,-0.165047603929)) ;
#4581=DIRECTION('Vector Direction',(1.,0.,0.)) ;
#4588=DIRECTION('Vector Direction',(0.,0.98628560186,-0.165047603929)) ;
#4600=DIRECTION('Vector Direction',(0.,0.996565502282,-0.0828082101031)) ;
#4607=DIRECTION('Vector Direction',(1.,0.,0.)) ;
#4614=DIRECTION('Vector Direction',(0.,0.996565502282,-0.0828082101031)) ;
#4626=DIRECTION('Vector Direction',(0.,1.,0.)) ;
#4631=DIRECTION('Vector Direction',(0.,1.,0.)) ;
#4643=DIRECTION('Axis2P3D Direction',(-1.,0.,0.)) ;
#4644=DIRECTION('Axis2P3D XDirection',(0.,1.,0.)) ;
#4667=DIRECTION('Axis2P3D Direction',(-1.,0.,0.)) ;
#4668=DIRECTION('Axis2P3D XDirection',(0.,1.,0.)) ;
#4691=DIRECTION('Axis2P3D Direction',(-1.,0.,0.)) ;
#4698=DIRECTION('Vector Direction',(-1.,0.,0.)) ;
#4705=DIRECTION('Axis2P3D Direction',(-1.,0.,0.)) ;
#4717=DIRECTION('Vector Direction',(0.,-1.,0.)) ;
#4724=DIRECTION('Vector Direction',(1.,0.,0.)) ;
#4731=DIRECTION('Vector Direction',(0.,-1.,0.)) ;
#4743=DIRECTION('Axis2P3D Direction',(-1.,0.,0.)) ;
#4750=DIRECTION('Vector Direction',(-1.,0.,0.)) ;
#4757=DIRECTION('Axis2P3D Direction',(-1.,0.,0.)) ;
#4769=DIRECTION('Vector Direction',(0.,-0.986285601912,0.165047603623)) ;
#4776=DIRECTION('Vector Direction',(1.,0.,0.)) ;
#4783=DIRECTION('Vector Direction',(0.,-0.986285601912,0.165047603623)) ;
#4795=DIRECTION('Vector Direction',(0.,-0.999657324801,0.026176954991)) ;
#4802=DIRECTION('Vector Direction',(1.,0.,0.)) ;
#4809=DIRECTION('Vector Direction',(0.,-0.999657324801,0.026176954991)) ;
#4821=DIRECTION('Vector Direction',(0.,-0.993571855765,-0.113203212994)) ;
#4828=DIRECTION('Vector Direction',(1.,0.,0.)) ;
#4835=DIRECTION('Vector Direction',(0.,-0.993571855765,-0.113203212994)) ;
#4847=DIRECTION('Vector Direction',(0.,-0.113656418675,0.993520114791)) ;
#4854=DIRECTION('Vector Direction',(1.,0.,0.)) ;
#4861=DIRECTION('Vector Direction',(0.,-0.113656418675,0.993520114791)) ;
#4873=DIRECTION('Vector Direction',(0.,0.9935718558,0.113203212686)) ;
#4880=DIRECTION('Vector Direction',(1.,0.,0.)) ;
#4887=DIRECTION('Vector Direction',(0.,0.9935718558,0.113203212686)) ;
#4899=DIRECTION('Axis2P3D Direction',(-1.,0.,0.)) ;
#4906=DIRECTION('Vector Direction',(-1.,0.,0.)) ;
#4913=DIRECTION('Axis2P3D Direction',(-1.,0.,0.)) ;
#4925=DIRECTION('Vector Direction',(0.,0.98628560186,-0.165047603929)) ;
#4932=DIRECTION('Vector Direction',(1.,0.,0.)) ;
#4939=DIRECTION('Vector Direction',(0.,0.98628560186,-0.165047603929)) ;
#4951=DIRECTION('Vector Direction',(0.,0.996565502282,-0.0828082101031)) ;
#4958=DIRECTION('Vector Direction',(1.,0.,0.)) ;
#4965=DIRECTION('Vector Direction',(0.,0.996565502282,-0.0828082101031)) ;
#4977=DIRECTION('Vector Direction',(0.,1.,0.)) ;
#4982=DIRECTION('Vector Direction',(0.,1.,0.)) ;
#4994=DIRECTION('Axis2P3D Direction',(-1.,0.,0.)) ;
#4995=DIRECTION('Axis2P3D XDirection',(0.,1.,0.)) ;
#5018=DIRECTION('Axis2P3D Direction',(-1.,0.,0.)) ;
#5019=DIRECTION('Axis2P3D XDirection',(0.,1.,0.)) ;
#5042=DIRECTION('Axis2P3D Direction',(-1.,0.,0.)) ;
#5049=DIRECTION('Vector Direction',(-1.,0.,0.)) ;
#5056=DIRECTION('Axis2P3D Direction',(-1.,0.,0.)) ;
#5068=DIRECTION('Vector Direction',(0.,-1.,0.)) ;
#5075=DIRECTION('Vector Direction',(1.,0.,0.)) ;
#5082=DIRECTION('Vector Direction',(0.,-1.,0.)) ;
#5094=DIRECTION('Axis2P3D Direction',(-1.,0.,0.)) ;
#5101=DIRECTION('Vector Direction',(-1.,0.,0.)) ;
#5108=DIRECTION('Axis2P3D Direction',(-1.,0.,0.)) ;
#5120=DIRECTION('Vector Direction',(0.,-0.986285601912,0.165047603623)) ;
#5127=DIRECTION('Vector Direction',(1.,0.,0.)) ;
#5134=DIRECTION('Vector Direction',(0.,-0.986285601912,0.165047603623)) ;
#5146=DIRECTION('Vector Direction',(0.,-0.999657324801,0.026176954991)) ;
#5153=DIRECTION('Vector Direction',(1.,0.,0.)) ;
#5160=DIRECTION('Vector Direction',(0.,-0.999657324801,0.026176954991)) ;
#5172=DIRECTION('Vector Direction',(0.,-0.993571855765,-0.113203212994)) ;
#5179=DIRECTION('Vector Direction',(1.,0.,0.)) ;
#5186=DIRECTION('Vector Direction',(0.,-0.993571855765,-0.113203212994)) ;
#5198=DIRECTION('Vector Direction',(0.,-0.113656418675,0.993520114791)) ;
#5205=DIRECTION('Vector Direction',(1.,0.,0.)) ;
#5212=DIRECTION('Vector Direction',(0.,-0.113656418675,0.993520114791)) ;
#5224=DIRECTION('Vector Direction',(0.,0.9935718558,0.113203212686)) ;
#5231=DIRECTION('Vector Direction',(1.,0.,0.)) ;
#5238=DIRECTION('Vector Direction',(0.,0.9935718558,0.113203212686)) ;
#5250=DIRECTION('Axis2P3D Direction',(-1.,0.,0.)) ;
#5257=DIRECTION('Vector Direction',(-1.,0.,0.)) ;
#5264=DIRECTION('Axis2P3D Direction',(-1.,0.,0.)) ;
#5276=DIRECTION('Vector Direction',(0.,0.98628560186,-0.165047603929)) ;
#5283=DIRECTION('Vector Direction',(1.,0.,0.)) ;
#5290=DIRECTION('Vector Direction',(0.,0.98628560186,-0.165047603929)) ;
#5302=DIRECTION('Vector Direction',(0.,0.996565502282,-0.0828082101031)) ;
#5309=DIRECTION('Vector Direction',(1.,0.,0.)) ;
#5316=DIRECTION('Vector Direction',(0.,0.996565502282,-0.0828082101031)) ;
#5328=DIRECTION('Vector Direction',(0.,1.,0.)) ;
#5333=DIRECTION('Vector Direction',(0.,1.,0.)) ;
#5345=DIRECTION('Axis2P3D Direction',(-1.,0.,0.)) ;
#5346=DIRECTION('Axis2P3D XDirection',(0.,1.,0.)) ;
#5369=DIRECTION('Axis2P3D Direction',(-1.,0.,0.)) ;
#5370=DIRECTION('Axis2P3D XDirection',(0.,1.,0.)) ;
#5393=DIRECTION('Axis2P3D Direction',(-1.,0.,0.)) ;
#5400=DIRECTION('Vector Direction',(-1.,0.,0.)) ;
#5407=DIRECTION('Axis2P3D Direction',(-1.,0.,0.)) ;
#5419=DIRECTION('Vector Direction',(0.,-1.,0.)) ;
#5426=DIRECTION('Vector Direction',(1.,0.,0.)) ;
#5433=DIRECTION('Vector Direction',(0.,-1.,0.)) ;
#5445=DIRECTION('Axis2P3D Direction',(-1.,0.,0.)) ;
#5452=DIRECTION('Vector Direction',(-1.,0.,0.)) ;
#5459=DIRECTION('Axis2P3D Direction',(-1.,0.,0.)) ;
#5471=DIRECTION('Vector Direction',(0.,-0.986285601912,0.165047603623)) ;
#5478=DIRECTION('Vector Direction',(1.,0.,0.)) ;
#5485=DIRECTION('Vector Direction',(0.,-0.986285601912,0.165047603623)) ;
#5497=DIRECTION('Vector Direction',(0.,-0.999657324801,0.026176954991)) ;
#5504=DIRECTION('Vector Direction',(1.,0.,0.)) ;
#5511=DIRECTION('Vector Direction',(0.,-0.999657324801,0.026176954991)) ;
#5523=DIRECTION('Vector Direction',(0.,-0.993571855765,-0.113203212994)) ;
#5530=DIRECTION('Vector Direction',(1.,0.,0.)) ;
#5537=DIRECTION('Vector Direction',(0.,-0.993571855765,-0.113203212994)) ;
#5549=DIRECTION('Vector Direction',(0.,-0.113656418675,0.993520114791)) ;
#5556=DIRECTION('Vector Direction',(1.,0.,0.)) ;
#5563=DIRECTION('Vector Direction',(0.,-0.113656418675,0.993520114791)) ;
#5575=DIRECTION('Vector Direction',(0.,0.9935718558,0.113203212686)) ;
#5582=DIRECTION('Vector Direction',(1.,0.,0.)) ;
#5589=DIRECTION('Vector Direction',(0.,0.9935718558,0.113203212686)) ;
#5601=DIRECTION('Axis2P3D Direction',(-1.,0.,0.)) ;
#5608=DIRECTION('Vector Direction',(-1.,0.,0.)) ;
#5615=DIRECTION('Axis2P3D Direction',(-1.,0.,0.)) ;
#5627=DIRECTION('Vector Direction',(0.,0.98628560186,-0.165047603929)) ;
#5634=DIRECTION('Vector Direction',(1.,0.,0.)) ;
#5641=DIRECTION('Vector Direction',(0.,0.98628560186,-0.165047603929)) ;
#5653=DIRECTION('Vector Direction',(0.,0.996565502282,-0.0828082101031)) ;
#5660=DIRECTION('Vector Direction',(1.,0.,0.)) ;
#5667=DIRECTION('Vector Direction',(0.,0.996565502282,-0.0828082101031)) ;
#5679=DIRECTION('Vector Direction',(0.,1.,0.)) ;
#5684=DIRECTION('Vector Direction',(0.,1.,0.)) ;
#5696=DIRECTION('Axis2P3D Direction',(-1.,0.,0.)) ;
#5697=DIRECTION('Axis2P3D XDirection',(0.,1.,0.)) ;
#5720=DIRECTION('Axis2P3D Direction',(-1.,0.,0.)) ;
#5721=DIRECTION('Axis2P3D XDirection',(0.,1.,0.)) ;
#5744=DIRECTION('Axis2P3D Direction',(-1.,0.,0.)) ;
#5751=DIRECTION('Vector Direction',(-1.,0.,0.)) ;
#5758=DIRECTION('Axis2P3D Direction',(-1.,0.,0.)) ;
#5770=DIRECTION('Vector Direction',(0.,-1.,0.)) ;
#5777=DIRECTION('Vector Direction',(1.,0.,0.)) ;
#5784=DIRECTION('Vector Direction',(0.,-1.,0.)) ;
#5796=DIRECTION('Axis2P3D Direction',(-1.,0.,0.)) ;
#5803=DIRECTION('Vector Direction',(-1.,0.,0.)) ;
#5810=DIRECTION('Axis2P3D Direction',(-1.,0.,0.)) ;
#5822=DIRECTION('Vector Direction',(0.,-0.986285601912,0.165047603623)) ;
#5829=DIRECTION('Vector Direction',(1.,0.,0.)) ;
#5836=DIRECTION('Vector Direction',(0.,-0.986285601912,0.165047603623)) ;
#5848=DIRECTION('Vector Direction',(0.,-0.999657324801,0.026176954991)) ;
#5855=DIRECTION('Vector Direction',(1.,0.,0.)) ;
#5862=DIRECTION('Vector Direction',(0.,-0.999657324801,0.026176954991)) ;
#5874=DIRECTION('Vector Direction',(0.,-0.993571855765,-0.113203212994)) ;
#5881=DIRECTION('Vector Direction',(1.,0.,0.)) ;
#5888=DIRECTION('Vector Direction',(0.,-0.993571855765,-0.113203212994)) ;
#5900=DIRECTION('Vector Direction',(0.,-0.113656418675,0.993520114791)) ;
#5907=DIRECTION('Vector Direction',(1.,0.,0.)) ;
#5914=DIRECTION('Vector Direction',(0.,-0.113656418675,0.993520114791)) ;
#5926=DIRECTION('Vector Direction',(0.,0.9935718558,0.113203212686)) ;
#5933=DIRECTION('Vector Direction',(1.,0.,0.)) ;
#5940=DIRECTION('Vector Direction',(0.,0.9935718558,0.113203212686)) ;
#5952=DIRECTION('Axis2P3D Direction',(-1.,0.,0.)) ;
#5959=DIRECTION('Vector Direction',(-1.,0.,0.)) ;
#5966=DIRECTION('Axis2P3D Direction',(-1.,0.,0.)) ;
#5978=DIRECTION('Vector Direction',(0.,0.98628560186,-0.165047603929)) ;
#5985=DIRECTION('Vector Direction',(1.,0.,0.)) ;
#5992=DIRECTION('Vector Direction',(0.,0.98628560186,-0.165047603929)) ;
#6004=DIRECTION('Vector Direction',(0.,0.996565502282,-0.0828082101031)) ;
#6011=DIRECTION('Vector Direction',(1.,0.,0.)) ;
#6018=DIRECTION('Vector Direction',(0.,0.996565502282,-0.0828082101031)) ;
#6030=DIRECTION('Vector Direction',(0.,1.,0.)) ;
#6035=DIRECTION('Vector Direction',(0.,1.,0.)) ;
#6047=DIRECTION('Axis2P3D Direction',(-1.,0.,0.)) ;
#6048=DIRECTION('Axis2P3D XDirection',(0.,1.,0.)) ;
#6071=DIRECTION('Axis2P3D Direction',(-1.,0.,0.)) ;
#6072=DIRECTION('Axis2P3D XDirection',(0.,1.,0.)) ;
#6095=DIRECTION('Axis2P3D Direction',(-0.,1.,0.)) ;
#6096=DIRECTION('Axis2P3D XDirection',(1.,0.,0.)) ;
#6100=DIRECTION('Vector Direction',(0.,0.,-1.)) ;
#6107=DIRECTION('Vector Direction',(1.,0.,0.)) ;
#6114=DIRECTION('Vector Direction',(0.,0.,-1.)) ;
#6121=DIRECTION('Vector Direction',(1.,0.,0.)) ;
#6128=DIRECTION('Vector Direction',(0.,0.,-1.)) ;
#6135=DIRECTION('Vector Direction',(1.,0.,0.)) ;
#6142=DIRECTION('Vector Direction',(0.,0.,-1.)) ;
#6149=DIRECTION('Vector Direction',(1.,0.,0.)) ;
#6156=DIRECTION('Vector Direction',(0.,0.,-1.)) ;
#6163=DIRECTION('Vector Direction',(1.,0.,0.)) ;
#6170=DIRECTION('Vector Direction',(0.,0.,-1.)) ;
#6177=DIRECTION('Vector Direction',(1.,0.,0.)) ;
#6184=DIRECTION('Vector Direction',(0.,0.,-1.)) ;
#6191=DIRECTION('Vector Direction',(1.,0.,0.)) ;
#6198=DIRECTION('Vector Direction',(0.,0.,-1.)) ;
#6205=DIRECTION('Vector Direction',(1.,0.,0.)) ;
#6212=DIRECTION('Vector Direction',(0.,0.,-1.)) ;
#6219=DIRECTION('Vector Direction',(1.,0.,0.)) ;
#6226=DIRECTION('Vector Direction',(0.,0.,-1.)) ;
#6233=DIRECTION('Vector Direction',(1.,0.,0.)) ;
#6240=DIRECTION('Vector Direction',(0.,0.,-1.)) ;
#6247=DIRECTION('Vector Direction',(1.,0.,0.)) ;
#6254=DIRECTION('Vector Direction',(0.,0.,-1.)) ;
#6261=DIRECTION('Vector Direction',(1.,0.,0.)) ;
#6268=DIRECTION('Vector Direction',(0.,0.,-1.)) ;
#6275=DIRECTION('Vector Direction',(1.,0.,0.)) ;
#6282=DIRECTION('Vector Direction',(0.,0.,-1.)) ;
#6289=DIRECTION('Vector Direction',(1.,0.,0.)) ;
#6296=DIRECTION('Vector Direction',(0.,0.,-1.)) ;
#6303=DIRECTION('Vector Direction',(1.,0.,0.)) ;
#6310=DIRECTION('Vector Direction',(0.,0.,-1.)) ;
#6317=DIRECTION('Vector Direction',(1.,0.,0.)) ;
#6324=DIRECTION('Vector Direction',(0.,0.,-1.)) ;
#6331=DIRECTION('Vector Direction',(1.,0.,0.)) ;
#6338=DIRECTION('Vector Direction',(0.,0.,-1.)) ;
#6381=DIRECTION('Vector Direction',(0.,0.,1.)) ;
#6390=DIRECTION('Vector Direction',(1.,0.,0.)) ;
#6397=DIRECTION('Vector Direction',(0.,0.,1.)) ;
#6404=DIRECTION('Vector Direction',(1.,0.,0.)) ;
#6415=DIRECTION('Vector Direction',(1.,0.,0.)) ;
#6424=DIRECTION('Vector Direction',(0.,0.,1.)) ;
#6431=DIRECTION('Vector Direction',(1.,0.,0.)) ;
#6438=DIRECTION('Vector Direction',(0.,0.,1.)) ;
#6449=DIRECTION('Vector Direction',(1.,0.,0.)) ;
#6458=DIRECTION('Vector Direction',(0.,0.,1.)) ;
#6465=DIRECTION('Vector Direction',(1.,0.,0.)) ;
#6472=DIRECTION('Vector Direction',(0.,0.,1.)) ;
#6483=DIRECTION('Vector Direction',(1.,0.,0.)) ;
#6492=DIRECTION('Vector Direction',(0.,0.,1.)) ;
#6499=DIRECTION('Vector Direction',(1.,0.,0.)) ;
#6506=DIRECTION('Vector Direction',(0.,0.,1.)) ;
#6517=DIRECTION('Vector Direction',(1.,0.,0.)) ;
#6526=DIRECTION('Vector Direction',(0.,0.,1.)) ;
#6533=DIRECTION('Vector Direction',(1.,0.,0.)) ;
#6540=DIRECTION('Vector Direction',(0.,0.,1.)) ;
#6551=DIRECTION('Vector Direction',(1.,0.,0.)) ;
#6560=DIRECTION('Vector Direction',(0.,0.,1.)) ;
#6567=DIRECTION('Vector Direction',(1.,0.,0.)) ;
#6574=DIRECTION('Vector Direction',(0.,0.,1.)) ;
#6585=DIRECTION('Vector Direction',(0.,0.,1.)) ;
#6594=DIRECTION('Vector Direction',(1.,0.,0.)) ;
#6601=DIRECTION('Vector Direction',(0.,0.,1.)) ;
#6608=DIRECTION('Vector Direction',(1.,0.,0.)) ;
#6619=DIRECTION('Vector Direction',(1.,0.,0.)) ;
#6628=DIRECTION('Vector Direction',(0.,0.,1.)) ;
#6635=DIRECTION('Vector Direction',(1.,0.,0.)) ;
#6642=DIRECTION('Vector Direction',(0.,0.,1.)) ;
#6654=DIRECTION('Axis2P3D Direction',(1.,0.,0.)) ;
#6655=DIRECTION('Axis2P3D XDirection',(0.,-1.,0.)) ;
#6659=DIRECTION('Vector Direction',(0.,0.,-1.)) ;
#6666=DIRECTION('Vector Direction',(0.,0.,-1.)) ;
#6673=DIRECTION('Vector Direction',(0.,0.,-1.)) ;
#6680=DIRECTION('Vector Direction',(0.,0.,-1.)) ;
#6687=DIRECTION('Vector Direction',(0.,-1.,0.)) ;
#6702=DIRECTION('Axis2P3D Direction',(-0.,-1.,-0.)) ;
#6703=DIRECTION('Axis2P3D XDirection',(-1.,0.,0.)) ;
#6707=DIRECTION('Vector Direction',(1.,0.,0.)) ;
#6714=DIRECTION('Vector Direction',(0.,0.,-1.)) ;
#6721=DIRECTION('Vector Direction',(-1.,0.,0.)) ;
#6726=DIRECTION('Vector Direction',(-0.272382692364,0.,-0.962188998534)) ;
#6733=DIRECTION('Vector Direction',(-0.962188998534,0.,0.272382692364)) ;
#6740=DIRECTION('Vector Direction',(0.272382692432,0.,0.962188998515)) ;
#6747=DIRECTION('Axis2P3D Direction',(-0.,-1.,-0.)) ;
#6754=DIRECTION('Vector Direction',(-0.476719209962,0.,0.879055626712)) ;
#6761=DIRECTION('Axis2P3D Direction',(-0.,-1.,-0.)) ;
#6768=DIRECTION('Vector Direction',(0.615613325393,0.,0.788048370088)) ;
#6788=DIRECTION('Axis2P3D Direction',(1.,0.,0.)) ;
#6789=DIRECTION('Axis2P3D XDirection',(0.,-1.,0.)) ;
#6793=DIRECTION('Vector Direction',(0.,0.,-1.)) ;
#6802=DIRECTION('Vector Direction',(0.,-1.,0.)) ;
#6807=DIRECTION('Vector Direction',(0.,-1.,0.)) ;
#6819=DIRECTION('Axis2P3D Direction',(-0.,-1.,-0.)) ;
#6820=DIRECTION('Axis2P3D XDirection',(-1.,0.,0.)) ;
#6824=DIRECTION('Vector Direction',(0.615613325393,0.,0.788048370088)) ;
#6833=DIRECTION('Axis2P3D Direction',(-0.,-1.,-0.)) ;
#6840=DIRECTION('Vector Direction',(-0.476719209962,0.,0.879055626712)) ;
#6847=DIRECTION('Axis2P3D Direction',(-0.,-1.,-0.)) ;
#6854=DIRECTION('Vector Direction',(0.272382692432,0.,0.962188998515)) ;
#6861=DIRECTION('Vector Direction',(-0.962188998534,0.,0.272382692364)) ;
#6868=DIRECTION('Vector Direction',(-0.272382692364,0.,-0.962188998534)) ;
#6875=DIRECTION('Vector Direction',(0.,0.,-1.)) ;
#6882=DIRECTION('Vector Direction',(-1.,0.,0.)) ;
#6887=DIRECTION('Vector Direction',(1.,0.,0.)) ;
#6894=DIRECTION('Vector Direction',(0.,0.,-1.)) ;
#6914=DIRECTION('Vector Direction',(0.,0.,-1.)) ;
#6921=DIRECTION('Vector Direction',(0.,1.,0.)) ;
#6928=DIRECTION('Vector Direction',(0.,0.,-1.)) ;
#6935=DIRECTION('Vector Direction',(0.,-1.,0.)) ;
#6940=DIRECTION('Vector Direction',(0.,0.,-1.)) ;
#6945=DIRECTION('Vector Direction',(0.,0.,-1.)) ;
#6962=DIRECTION('Axis2P3D Direction',(-0.,-1.,-0.)) ;
#6963=DIRECTION('Axis2P3D XDirection',(-1.,0.,0.)) ;
#6967=DIRECTION('Vector Direction',(0.,0.,-1.)) ;
#6976=DIRECTION('Vector Direction',(1.,0.,0.)) ;
#6983=DIRECTION('Vector Direction',(0.,0.,-1.)) ;
#6990=DIRECTION('Vector Direction',(-1.,0.,0.)) ;
#7002=DIRECTION('Vector Direction',(0.,0.,-1.)) ;
#7011=DIRECTION('Vector Direction',(-1.,0.,0.)) ;
#7016=DIRECTION('Vector Direction',(1.,0.,0.)) ;
#7028=DIRECTION('Axis2P3D Direction',(-1.,0.,0.)) ;
#7029=DIRECTION('Axis2P3D XDirection',(0.,1.,0.)) ;
#7033=DIRECTION('Vector Direction',(0.,0.,-1.)) ;
#7040=DIRECTION('Vector Direction',(0.,0.,-1.)) ;
#7047=DIRECTION('Vector Direction',(0.,0.,-1.)) ;
#7054=DIRECTION('Vector Direction',(0.,0.,-1.)) ;
#7061=DIRECTION('Vector Direction',(0.,1.,0.)) ;
#7066=DIRECTION('Vector Direction',(0.,-1.,0.)) ;
#7073=DIRECTION('Vector Direction',(0.,0.,-1.)) ;
#7090=DIRECTION('Vector Direction',(1.,0.,0.)) ;
#7097=DIRECTION('Vector Direction',(0.,0.,-1.)) ;
#7104=DIRECTION('Vector Direction',(-1.,0.,0.)) ;
#7109=DIRECTION('Vector Direction',(0.272382692364,0.,-0.962188998534)) ;
#7116=DIRECTION('Vector Direction',(0.962188998534,0.,0.272382692364)) ;
#7123=DIRECTION('Vector Direction',(-0.272382692432,0.,0.962188998515)) ;
#7130=DIRECTION('Axis2P3D Direction',(-0.,-1.,-0.)) ;
#7137=DIRECTION('Vector Direction',(0.476719209962,0.,0.879055626712)) ;
#7144=DIRECTION('Axis2P3D Direction',(-0.,-1.,-0.)) ;
#7151=DIRECTION('Vector Direction',(-0.615613325393,0.,0.788048370088)) ;
#7171=DIRECTION('Axis2P3D Direction',(-1.,0.,0.)) ;
#7172=DIRECTION('Axis2P3D XDirection',(0.,1.,0.)) ;
#7176=DIRECTION('Vector Direction',(0.,0.,-1.)) ;
#7185=DIRECTION('Vector Direction',(0.,1.,0.)) ;
#7190=DIRECTION('Vector Direction',(0.,-1.,0.)) ;
#7202=DIRECTION('Vector Direction',(0.,0.,-1.)) ;
#7211=DIRECTION('Vector Direction',(-0.615613325393,0.,0.788048370088)) ;
#7218=DIRECTION('Axis2P3D Direction',(-0.,-1.,-0.)) ;
#7225=DIRECTION('Vector Direction',(0.476719209962,0.,0.879055626712)) ;
#7232=DIRECTION('Axis2P3D Direction',(-0.,-1.,-0.)) ;
#7239=DIRECTION('Vector Direction',(-0.272382692432,0.,0.962188998515)) ;
#7246=DIRECTION('Vector Direction',(0.962188998534,0.,0.272382692364)) ;
#7253=DIRECTION('Vector Direction',(0.272382692364,0.,-0.962188998534)) ;
#7260=DIRECTION('Vector Direction',(0.,0.,-1.)) ;
#7267=DIRECTION('Vector Direction',(1.,0.,0.)) ;
#7272=DIRECTION('Vector Direction',(1.,0.,0.)) ;
#7292=DIRECTION('Vector Direction',(0.,-1.,0.)) ;
#7297=DIRECTION('Vector Direction',(0.,0.,-1.)) ;
#7302=DIRECTION('Vector Direction',(0.,0.,-1.)) ;
#7317=DIRECTION('Axis2P3D Direction',(0.,0.,1.)) ;
#7318=DIRECTION('Axis2P3D XDirection',(1.,0.,0.)) ;
#7322=DIRECTION('Vector Direction',(6.65230259873E-010,1.,0.)) ;
#7329=DIRECTION('Vector Direction',(0.,1.,0.)) ;
#7336=DIRECTION('Vector Direction',(0.,1.,0.)) ;
#7343=DIRECTION('Vector Direction',(1.,0.,0.)) ;
#7350=DIRECTION('Vector Direction',(0.,1.,0.)) ;
#7357=DIRECTION('Vector Direction',(0.,1.,0.)) ;
#7364=DIRECTION('Vector Direction',(0.,-1.,0.)) ;
#7369=DIRECTION('Vector Direction',(6.65230259873E-010,1.,0.)) ;
#7376=DIRECTION('Vector Direction',(0.,1.,0.)) ;
#7383=DIRECTION('Vector Direction',(0.,1.,0.)) ;
#7390=DIRECTION('Vector Direction',(1.,0.,0.)) ;
#7397=DIRECTION('Vector Direction',(0.,1.,0.)) ;
#7404=DIRECTION('Vector Direction',(0.,1.,0.)) ;
#7411=DIRECTION('Vector Direction',(0.,-1.,0.)) ;
#7416=DIRECTION('Vector Direction',(6.65230259873E-010,1.,0.)) ;
#7423=DIRECTION('Vector Direction',(0.,1.,0.)) ;
#7430=DIRECTION('Vector Direction',(0.,1.,0.)) ;
#7437=DIRECTION('Vector Direction',(1.,0.,0.)) ;
#7444=DIRECTION('Vector Direction',(0.,1.,0.)) ;
#7451=DIRECTION('Vector Direction',(0.,1.,0.)) ;
#7458=DIRECTION('Vector Direction',(0.,-1.,0.)) ;
#7463=DIRECTION('Vector Direction',(6.65230259873E-010,1.,0.)) ;
#7470=DIRECTION('Vector Direction',(0.,1.,0.)) ;
#7477=DIRECTION('Vector Direction',(0.,1.,0.)) ;
#7484=DIRECTION('Vector Direction',(1.,0.,0.)) ;
#7491=DIRECTION('Vector Direction',(0.,1.,0.)) ;
#7498=DIRECTION('Vector Direction',(0.,1.,0.)) ;
#7505=DIRECTION('Vector Direction',(0.,-1.,0.)) ;
#7510=DIRECTION('Vector Direction',(6.65230259873E-010,1.,0.)) ;
#7517=DIRECTION('Vector Direction',(0.,1.,0.)) ;
#7524=DIRECTION('Vector Direction',(0.,1.,0.)) ;
#7531=DIRECTION('Vector Direction',(1.,0.,0.)) ;
#7538=DIRECTION('Vector Direction',(0.,1.,0.)) ;
#7545=DIRECTION('Vector Direction',(0.,1.,0.)) ;
#7552=DIRECTION('Vector Direction',(0.,-1.,0.)) ;
#7557=DIRECTION('Vector Direction',(6.65230259873E-010,1.,0.)) ;
#7564=DIRECTION('Vector Direction',(0.,1.,0.)) ;
#7571=DIRECTION('Vector Direction',(0.,1.,0.)) ;
#7578=DIRECTION('Vector Direction',(1.,0.,0.)) ;
#7585=DIRECTION('Vector Direction',(0.,1.,0.)) ;
#7592=DIRECTION('Vector Direction',(0.,1.,0.)) ;
#7599=DIRECTION('Vector Direction',(0.,-1.,0.)) ;
#7604=DIRECTION('Vector Direction',(6.65230259873E-010,1.,0.)) ;
#7611=DIRECTION('Vector Direction',(0.,1.,0.)) ;
#7618=DIRECTION('Vector Direction',(0.,1.,0.)) ;
#7625=DIRECTION('Vector Direction',(1.,0.,0.)) ;
#7632=DIRECTION('Vector Direction',(0.,1.,0.)) ;
#7639=DIRECTION('Vector Direction',(0.,1.,0.)) ;
#7646=DIRECTION('Vector Direction',(0.,-1.,0.)) ;
#7651=DIRECTION('Vector Direction',(0.,1.,0.)) ;
#7658=DIRECTION('Vector Direction',(1.,0.,0.)) ;
#7665=DIRECTION('Vector Direction',(0.,-1.,0.)) ;
#7670=DIRECTION('Vector Direction',(6.65230259873E-010,1.,0.)) ;
#7677=DIRECTION('Vector Direction',(0.,1.,0.)) ;
#7684=DIRECTION('Vector Direction',(0.,1.,0.)) ;
#7691=DIRECTION('Vector Direction',(1.,0.,0.)) ;
#7698=DIRECTION('Vector Direction',(0.,1.,0.)) ;
#7705=DIRECTION('Vector Direction',(0.,1.,0.)) ;
#7712=DIRECTION('Vector Direction',(0.,-1.,0.)) ;
#7800=DIRECTION('Axis2P3D Direction',(7.10933941286E-010,-1.,0.)) ;
#7801=DIRECTION('Axis2P3D XDirection',(-1.,-7.10933941286E-010,0.)) ;
#7805=DIRECTION('Vector Direction',(-1.,-7.10933941286E-010,0.)) ;
#7812=DIRECTION('Vector Direction',(0.,0.,-1.)) ;
#7824=DIRECTION('Axis2P3D Direction',(0.,0.,1.)) ;
#7825=DIRECTION('Axis2P3D XDirection',(1.,0.,0.)) ;
#7829=DIRECTION('Vector Direction',(0.,1.,0.)) ;
#7841=DIRECTION('Vector Direction',(0.,0.,-1.)) ;
#7848=DIRECTION('Vector Direction',(-1.,-7.1093394113E-010,0.)) ;
#7860=DIRECTION('Vector Direction',(0.,-1.,0.)) ;
#7872=DIRECTION('Axis2P3D Direction',(1.,0.,0.)) ;
#7873=DIRECTION('Axis2P3D XDirection',(0.,-1.,0.)) ;
#7877=DIRECTION('Vector Direction',(0.,0.,-1.)) ;
#7884=DIRECTION('Vector Direction',(0.,-1.,0.)) ;
#7891=DIRECTION('Vector Direction',(0.,0.,-1.)) ;
#7898=DIRECTION('Vector Direction',(0.,-1.,0.)) ;
#7905=DIRECTION('Vector Direction',(0.,-0.0348994967241,0.999390827018)) ;
#7912=DIRECTION('Vector Direction',(0.,-1.,0.)) ;
#7919=DIRECTION('Vector Direction',(0.,0.,-1.)) ;
#7939=DIRECTION('Axis2P3D Direction',(-0.,1.,0.)) ;
#7940=DIRECTION('Axis2P3D XDirection',(1.,0.,0.)) ;
#7944=DIRECTION('Vector Direction',(0.,0.,-1.)) ;
#7951=DIRECTION('Vector Direction',(1.,0.,0.)) ;
#7963=DIRECTION('Axis2P3D Direction',(-1.,0.,0.)) ;
#7964=DIRECTION('Axis2P3D XDirection',(0.,1.,0.)) ;
#7968=DIRECTION('Vector Direction',(0.,0.,-1.)) ;
#7975=DIRECTION('Vector Direction',(0.,-1.,0.)) ;
#7982=DIRECTION('Vector Direction',(0.,-0.0348994967241,0.999390827018)) ;
#7989=DIRECTION('Vector Direction',(0.,1.,0.)) ;
#7996=DIRECTION('Vector Direction',(0.,0.,-1.)) ;
#8003=DIRECTION('Vector Direction',(0.,1.,0.)) ;
#8023=DIRECTION('Axis2P3D Direction',(0.,0.,1.)) ;
#8024=DIRECTION('Axis2P3D XDirection',(1.,0.,0.)) ;
#8028=DIRECTION('Vector Direction',(-1.,2.78006738722E-010,0.)) ;
#8040=DIRECTION('Axis2P3D Direction',(-0.,-1.,-0.)) ;
#8041=DIRECTION('Axis2P3D XDirection',(-1.,0.,0.)) ;
#8045=DIRECTION('Vector Direction',(0.,0.,-1.)) ;
#8052=DIRECTION('Vector Direction',(-1.,0.,0.)) ;
#8064=DIRECTION('Axis2P3D Direction',(1.,0.,0.)) ;
#8065=DIRECTION('Axis2P3D XDirection',(0.,-1.,0.)) ;
#8069=DIRECTION('Vector Direction',(0.,-0.258819044991,0.965925826319)) ;
#8076=DIRECTION('Vector Direction',(0.,1.,-8.58824122909E-011)) ;
#8083=DIRECTION('Vector Direction',(0.,1.,6.51350577867E-011)) ;
#8096=DIRECTION('Axis2P3D Direction',(-0.,-1.,-0.)) ;
#8097=DIRECTION('Axis2P3D XDirection',(-1.,0.,0.)) ;
#8101=DIRECTION('Vector Direction',(1.,0.,0.)) ;
#8108=DIRECTION('Vector Direction',(-1.,0.,-1.9075230282E-011)) ;
#8115=DIRECTION('Vector Direction',(3.43348711639E-011,0.,1.)) ;
#8122=DIRECTION('Axis2P3D Direction',(-0.,-1.,-0.)) ;
#8129=DIRECTION('Vector Direction',(1.,0.,0.)) ;
#8136=DIRECTION('Vector Direction',(-1.,0.,0.)) ;
#8143=DIRECTION('Vector Direction',(1.,0.,0.)) ;
#8150=DIRECTION('Axis2P3D Direction',(-0.,-1.,-0.)) ;
#8157=DIRECTION('Vector Direction',(-3.43344608872E-011,0.,-1.)) ;
#8164=DIRECTION('Vector Direction',(-1.,0.,-1.90752303006E-011)) ;
#8182=DIRECTION('Vector Direction',(0.,0.,-1.)) ;
#8191=DIRECTION('Vector Direction',(-1.,0.,0.)) ;
#8198=DIRECTION('Vector Direction',(0.,0.,1.)) ;
#8205=DIRECTION('Vector Direction',(-1.,0.,0.)) ;
#8217=DIRECTION('Axis2P3D Direction',(-1.,0.,0.)) ;
#8218=DIRECTION('Axis2P3D XDirection',(0.,1.,0.)) ;
#8222=DIRECTION('Vector Direction',(0.,0.,-1.)) ;
#8229=DIRECTION('Vector Direction',(0.,1.,6.51350577867E-011)) ;
#8236=DIRECTION('Vector Direction',(0.,1.,-8.58779713988E-011)) ;
#8241=DIRECTION('Vector Direction',(0.,-0.258819044991,0.965925826319)) ;
#8254=DIRECTION('Vector Direction',(-1.,0.,0.)) ;
#8266=DIRECTION('Axis2P3D Direction',(2.78006738722E-010,1.,0.)) ;
#8267=DIRECTION('Axis2P3D XDirection',(1.,-2.78006738722E-010,0.)) ;
#8271=DIRECTION('Vector Direction',(1.,-2.78006738722E-010,0.)) ;
#8283=DIRECTION('Axis2P3D Direction',(0.,-6.51314679076E-011,1.)) ;
#8284=DIRECTION('Axis2P3D XDirection',(0.,1.,6.51314679076E-011)) ;
#8288=DIRECTION('Vector Direction',(0.,-1.,-6.51313079088E-011)) ;
#8295=DIRECTION('Vector Direction',(1.,0.,0.)) ;
#8302=DIRECTION('Vector Direction',(0.,-1.,-6.51301235166E-011)) ;
#8309=DIRECTION('Vector Direction',(1.,0.,0.)) ;
#8316=DIRECTION('Vector Direction',(0.,1.,6.51314679076E-011)) ;
#8323=DIRECTION('Vector Direction',(-1.,0.,0.)) ;
#8330=DIRECTION('Vector Direction',(0.,1.,6.51314358371E-011)) ;
#8337=DIRECTION('Vector Direction',(-1.,0.,0.)) ;
#8342=DIRECTION('Vector Direction',(-1.,0.,0.)) ;
#8349=DIRECTION('Vector Direction',(0.,1.,6.51314358371E-011)) ;
#8356=DIRECTION('Vector Direction',(-1.,0.,0.)) ;
#8363=DIRECTION('Vector Direction',(0.,1.,6.51314679076E-011)) ;
#8370=DIRECTION('Vector Direction',(1.,0.,0.)) ;
#8377=DIRECTION('Vector Direction',(0.,-1.,-6.51301235166E-011)) ;
#8384=DIRECTION('Vector Direction',(1.,0.,0.)) ;
#8391=DIRECTION('Vector Direction',(0.,-1.,-6.51313079088E-011)) ;
#8419=DIRECTION('Axis2P3D Direction',(0.,-0.94320916198,0.332199453276)) ;
#8420=DIRECTION('Axis2P3D XDirection',(0.,-0.332199453276,-0.94320916198)) ;
#8424=DIRECTION('Vector Direction',(0.,-0.332199453276,-0.94320916198)) ;
#8429=DIRECTION('Vector Direction',(0.,-0.332199453276,-0.94320916198)) ;
#8441=DIRECTION('Vector Direction',(0.,-0.332199453276,-0.94320916198)) ;
#8446=DIRECTION('Vector Direction',(0.,-0.332199453276,-0.94320916198)) ;
#8458=DIRECTION('Vector Direction',(0.,-0.332199453276,-0.94320916198)) ;
#8463=DIRECTION('Vector Direction',(0.,-0.332199453276,-0.94320916198)) ;
#8475=DIRECTION('Vector Direction',(0.,-0.332199453276,-0.94320916198)) ;
#8480=DIRECTION('Vector Direction',(0.,-0.332199453276,-0.94320916198)) ;
#8492=DIRECTION('Vector Direction',(0.,-0.332199453276,-0.94320916198)) ;
#8497=DIRECTION('Vector Direction',(0.,-0.332199453276,-0.94320916198)) ;
#8509=DIRECTION('Vector Direction',(0.,-0.332199453276,-0.94320916198)) ;
#8514=DIRECTION('Vector Direction',(0.,-0.332199453276,-0.94320916198)) ;
#8526=DIRECTION('Vector Direction',(0.,-0.332199453276,-0.94320916198)) ;
#8531=DIRECTION('Vector Direction',(0.,-0.332199453276,-0.94320916198)) ;
#8543=DIRECTION('Vector Direction',(0.,-0.332199453276,-0.94320916198)) ;
#8548=DIRECTION('Vector Direction',(0.,-0.332199453276,-0.94320916198)) ;
#8560=DIRECTION('Axis2P3D Direction',(1.,0.,0.)) ;
#8561=DIRECTION('Axis2P3D XDirection',(0.,-1.,0.)) ;
#8565=DIRECTION('Vector Direction',(0.,0.,-1.)) ;
#8572=DIRECTION('Vector Direction',(0.,-1.,0.)) ;
#8585=DIRECTION('Axis2P3D Direction',(-0.,-1.,-0.)) ;
#8586=DIRECTION('Axis2P3D XDirection',(-1.,0.,0.)) ;
#8590=DIRECTION('Vector Direction',(-1.,0.,0.)) ;
#8595=DIRECTION('Vector Direction',(0.,0.,-1.)) ;
#8602=DIRECTION('Vector Direction',(-1.,0.,0.)) ;
#8614=DIRECTION('Axis2P3D Direction',(-1.,6.65230410263E-010,0.)) ;
#8615=DIRECTION('Axis2P3D XDirection',(6.65230410263E-010,1.,0.)) ;
#8619=DIRECTION('Vector Direction',(6.65230410263E-010,1.,0.)) ;
#8632=DIRECTION('Axis2P3D Direction',(0.,0.,1.)) ;
#8633=DIRECTION('Axis2P3D XDirection',(1.,0.,0.)) ;
#8644=DIRECTION('Axis2P3D Direction',(1.,0.,0.)) ;
#8645=DIRECTION('Axis2P3D XDirection',(0.,-1.,0.)) ;
#8649=DIRECTION('Vector Direction',(0.,0.,-1.)) ;
#8656=DIRECTION('Vector Direction',(0.,-1.,0.)) ;
#8669=DIRECTION('Vector Direction',(-1.,0.,0.)) ;
#8674=DIRECTION('Vector Direction',(0.,0.,-1.)) ;
#8681=DIRECTION('Vector Direction',(-1.,0.,0.)) ;
#8693=DIRECTION('Axis2P3D Direction',(-1.,6.65230410263E-010,0.)) ;
#8694=DIRECTION('Axis2P3D XDirection',(6.65230410263E-010,1.,0.)) ;
#8698=DIRECTION('Vector Direction',(6.65230410263E-010,1.,0.)) ;
#8718=DIRECTION('Axis2P3D Direction',(1.,0.,0.)) ;
#8719=DIRECTION('Axis2P3D XDirection',(0.,-1.,0.)) ;
#8723=DIRECTION('Vector Direction',(0.,0.,-1.)) ;
#8730=DIRECTION('Vector Direction',(0.,-1.,0.)) ;
#8743=DIRECTION('Vector Direction',(-1.,0.,0.)) ;
#8748=DIRECTION('Vector Direction',(0.,0.,-1.)) ;
#8755=DIRECTION('Vector Direction',(-1.,0.,0.)) ;
#8767=DIRECTION('Axis2P3D Direction',(-1.,6.65230410263E-010,0.)) ;
#8768=DIRECTION('Axis2P3D XDirection',(6.65230410263E-010,1.,0.)) ;
#8772=DIRECTION('Vector Direction',(6.65230410263E-010,1.,0.)) ;
#8792=DIRECTION('Axis2P3D Direction',(1.,0.,0.)) ;
#8793=DIRECTION('Axis2P3D XDirection',(0.,-1.,0.)) ;
#8797=DIRECTION('Vector Direction',(0.,0.,-1.)) ;
#8804=DIRECTION('Vector Direction',(0.,-1.,0.)) ;
#8817=DIRECTION('Vector Direction',(-1.,0.,0.)) ;
#8822=DIRECTION('Vector Direction',(0.,0.,-1.)) ;
#8829=DIRECTION('Vector Direction',(-1.,0.,0.)) ;
#8841=DIRECTION('Axis2P3D Direction',(-1.,6.65230410263E-010,0.)) ;
#8842=DIRECTION('Axis2P3D XDirection',(6.65230410263E-010,1.,0.)) ;
#8846=DIRECTION('Vector Direction',(6.65230410263E-010,1.,0.)) ;
#8866=DIRECTION('Axis2P3D Direction',(1.,0.,0.)) ;
#8867=DIRECTION('Axis2P3D XDirection',(0.,-1.,0.)) ;
#8871=DIRECTION('Vector Direction',(0.,0.,-1.)) ;
#8878=DIRECTION('Vector Direction',(0.,-1.,0.)) ;
#8891=DIRECTION('Vector Direction',(-1.,0.,0.)) ;
#8896=DIRECTION('Vector Direction',(0.,0.,-1.)) ;
#8903=DIRECTION('Vector Direction',(-1.,0.,0.)) ;
#8915=DIRECTION('Axis2P3D Direction',(-1.,6.65230410263E-010,0.)) ;
#8916=DIRECTION('Axis2P3D XDirection',(6.65230410263E-010,1.,0.)) ;
#8920=DIRECTION('Vector Direction',(6.65230410263E-010,1.,0.)) ;
#8940=DIRECTION('Axis2P3D Direction',(1.,0.,0.)) ;
#8941=DIRECTION('Axis2P3D XDirection',(0.,-1.,0.)) ;
#8945=DIRECTION('Vector Direction',(0.,0.,-1.)) ;
#8952=DIRECTION('Vector Direction',(0.,-1.,0.)) ;
#8965=DIRECTION('Vector Direction',(-1.,0.,0.)) ;
#8970=DIRECTION('Vector Direction',(0.,0.,-1.)) ;
#8977=DIRECTION('Vector Direction',(-1.,0.,0.)) ;
#8989=DIRECTION('Axis2P3D Direction',(-1.,6.65230410263E-010,0.)) ;
#8990=DIRECTION('Axis2P3D XDirection',(6.65230410263E-010,1.,0.)) ;
#8994=DIRECTION('Vector Direction',(6.65230410263E-010,1.,0.)) ;
#9014=DIRECTION('Axis2P3D Direction',(1.,0.,0.)) ;
#9015=DIRECTION('Axis2P3D XDirection',(0.,-1.,0.)) ;
#9019=DIRECTION('Vector Direction',(0.,0.,-1.)) ;
#9026=DIRECTION('Vector Direction',(0.,-1.,0.)) ;
#9039=DIRECTION('Vector Direction',(-1.,0.,0.)) ;
#9044=DIRECTION('Vector Direction',(0.,0.,-1.)) ;
#9051=DIRECTION('Vector Direction',(-1.,0.,0.)) ;
#9063=DIRECTION('Axis2P3D Direction',(-1.,6.65230410263E-010,0.)) ;
#9064=DIRECTION('Axis2P3D XDirection',(6.65230410263E-010,1.,0.)) ;
#9068=DIRECTION('Vector Direction',(6.65230410263E-010,1.,0.)) ;
#9088=DIRECTION('Axis2P3D Direction',(1.,0.,0.)) ;
#9089=DIRECTION('Axis2P3D XDirection',(0.,-1.,0.)) ;
#9093=DIRECTION('Vector Direction',(0.,0.,-1.)) ;
#9100=DIRECTION('Vector Direction',(0.,-1.,0.)) ;
#9113=DIRECTION('Vector Direction',(-1.,0.,0.)) ;
#9118=DIRECTION('Vector Direction',(0.,0.,-1.)) ;
#9125=DIRECTION('Vector Direction',(-1.,0.,0.)) ;
#9137=DIRECTION('Axis2P3D Direction',(-1.,6.65230410263E-010,0.)) ;
#9138=DIRECTION('Axis2P3D XDirection',(6.65230410263E-010,1.,0.)) ;
#9142=DIRECTION('Vector Direction',(6.65230410263E-010,1.,0.)) ;
#9162=DIRECTION('Axis2P3D Direction',(0.788048370088,0.,0.615613325393)) ;
#9163=DIRECTION('Axis2P3D XDirection',(-0.615613325393,0.,0.788048370088)) ;
#9167=DIRECTION('Vector Direction',(0.,-1.,0.)) ;
#9172=DIRECTION('Vector Direction',(-0.615613325393,0.,0.788048370088)) ;
#9179=DIRECTION('Vector Direction',(0.,-1.,0.)) ;
#9186=DIRECTION('Vector Direction',(-0.615613325393,0.,0.788048370088)) ;
#9200=DIRECTION('Axis2P3D Direction',(0.,-1.,0.)) ;
#9201=DIRECTION('Axis2P3D XDirection',(-5.13332792368E-009,0.,1.)) ;
#9205=DIRECTION('Axis2P3D Direction',(0.,-1.,0.)) ;
#9212=DIRECTION('Vector Direction',(0.,-1.,0.)) ;
#9219=DIRECTION('Axis2P3D Direction',(0.,-1.,0.)) ;
#9231=DIRECTION('Axis2P3D Direction',(0.,0.,-1.)) ;
#9232=DIRECTION('Axis2P3D XDirection',(1.,0.,0.)) ;
#9236=DIRECTION('Vector Direction',(1.,0.,0.)) ;
#9241=DIRECTION('Vector Direction',(1.,0.,0.)) ;
#9255=DIRECTION('Axis2P3D Direction',(0.,-1.,0.)) ;
#9256=DIRECTION('Axis2P3D XDirection',(-5.99996435698E-010,0.,1.)) ;
#9260=DIRECTION('Axis2P3D Direction',(0.,-1.,0.)) ;
#9267=DIRECTION('Vector Direction',(0.,-1.,0.)) ;
#9274=DIRECTION('Axis2P3D Direction',(0.,-1.,0.)) ;
#9286=DIRECTION('Axis2P3D Direction',(-0.788048370088,-0.,-0.615613325393)) ;
#9287=DIRECTION('Axis2P3D XDirection',(0.615613325393,0.,-0.788048370088)) ;
#9291=DIRECTION('Vector Direction',(0.615613325393,0.,-0.788048370088)) ;
#9298=DIRECTION('Vector Direction',(0.,-1.,0.)) ;
#9305=DIRECTION('Vector Direction',(0.615613325393,0.,-0.788048370088)) ;
#9317=DIRECTION('Axis2P3D Direction',(0.,-1.,0.)) ;
#9318=DIRECTION('Axis2P3D XDirection',(0.879055622311,0.,-0.476719218076)) ;
#9322=DIRECTION('Axis2P3D Direction',(0.,-1.,0.)) ;
#9329=DIRECTION('Vector Direction',(0.,-1.,0.)) ;
#9336=DIRECTION('Axis2P3D Direction',(0.,-1.,0.)) ;
#9348=DIRECTION('Axis2P3D Direction',(-0.879055622298,0.,0.4767192181)) ;
#9349=DIRECTION('Axis2P3D XDirection',(-0.4767192181,0.,-0.879055622298)) ;
#9353=DIRECTION('Vector Direction',(-0.4767192181,0.,-0.879055622298)) ;
#9360=DIRECTION('Vector Direction',(0.,-1.,0.)) ;
#9367=DIRECTION('Vector Direction',(-0.4767192181,0.,-0.879055622298)) ;
#9379=DIRECTION('Axis2P3D Direction',(0.,-1.,0.)) ;
#9380=DIRECTION('Axis2P3D XDirection',(-0.879055622922,0.,0.476719216949)) ;
#9384=DIRECTION('Axis2P3D Direction',(0.,-1.,0.)) ;
#9391=DIRECTION('Vector Direction',(0.,-1.,0.)) ;
#9398=DIRECTION('Axis2P3D Direction',(0.,-1.,0.)) ;
#9410=DIRECTION('Axis2P3D Direction',(-0.962188998534,-0.,-0.272382692364)) ;
#9411=DIRECTION('Axis2P3D XDirection',(0.272382692364,0.,-0.962188998534)) ;
#9415=DIRECTION('Vector Direction',(0.272382692364,0.,-0.962188998534)) ;
#9420=DIRECTION('Vector Direction',(0.,-1.,0.)) ;
#9425=DIRECTION('Vector Direction',(0.272382692364,0.,-0.962188998534)) ;
#9439=DIRECTION('Axis2P3D Direction',(0.272382692364,0.,-0.962188998534)) ;
#9440=DIRECTION('Axis2P3D XDirection',(0.962188998534,0.,0.272382692364)) ;
#9444=DIRECTION('Vector Direction',(0.,-1.,0.)) ;
#9456=DIRECTION('Axis2P3D Direction',(0.962188998515,0.,0.272382692432)) ;
#9457=DIRECTION('Axis2P3D XDirection',(-0.272382692432,0.,0.962188998515)) ;
#9461=DIRECTION('Vector Direction',(0.,-1.,0.)) ;
#9473=DIRECTION('Axis2P3D Direction',(0.,-1.,0.)) ;
#9474=DIRECTION('Axis2P3D XDirection',(-0.879055623472,0.,0.476719215935)) ;
#9478=DIRECTION('Vector Direction',(0.,-1.,0.)) ;
#9490=DIRECTION('Axis2P3D Direction',(0.879055626712,0.,-0.476719209962)) ;
#9491=DIRECTION('Axis2P3D XDirection',(0.476719209962,0.,0.879055626712)) ;
#9495=DIRECTION('Vector Direction',(0.,-1.,0.)) ;
#9507=DIRECTION('Axis2P3D Direction',(0.,-1.,0.)) ;
#9508=DIRECTION('Axis2P3D XDirection',(0.879055622478,0.,-0.476719217768)) ;
#9519=DIRECTION('Axis2P3D Direction',(0.,-1.,0.)) ;
#9520=DIRECTION('Axis2P3D XDirection',(1.,0.,0.)) ;
#9540=DIRECTION('Axis2P3D Direction',(0.,-1.,0.)) ;
#9541=DIRECTION('Axis2P3D XDirection',(1.,0.,0.)) ;
#9561=DIRECTION('Axis2P3D Direction',(0.788048370088,0.,-0.615613325393)) ;
#9562=DIRECTION('Axis2P3D XDirection',(0.615613325393,0.,0.788048370088)) ;
#9566=DIRECTION('Vector Direction',(0.615613325393,0.,0.788048370088)) ;
#9573=DIRECTION('Vector Direction',(0.,-1.,0.)) ;
#9580=DIRECTION('Vector Direction',(0.615613325393,0.,0.788048370088)) ;
#9585=DIRECTION('Vector Direction',(0.,-1.,0.)) ;
#9599=DIRECTION('Axis2P3D Direction',(0.,1.,-0.)) ;
#9600=DIRECTION('Axis2P3D XDirection',(5.13332792368E-009,0.,1.)) ;
#9604=DIRECTION('Axis2P3D Direction',(0.,1.,-0.)) ;
#9611=DIRECTION('Vector Direction',(0.,1.,0.)) ;
#9618=DIRECTION('Axis2P3D Direction',(0.,1.,-0.)) ;
#9630=DIRECTION('Vector Direction',(1.,0.,0.)) ;
#9635=DIRECTION('Vector Direction',(1.,0.,0.)) ;
#9649=DIRECTION('Axis2P3D Direction',(0.,1.,-0.)) ;
#9650=DIRECTION('Axis2P3D XDirection',(5.99996435698E-010,0.,1.)) ;
#9654=DIRECTION('Axis2P3D Direction',(0.,1.,-0.)) ;
#9661=DIRECTION('Vector Direction',(0.,1.,0.)) ;
#9668=DIRECTION('Axis2P3D Direction',(0.,1.,-0.)) ;
#9680=DIRECTION('Axis2P3D Direction',(-0.788048370088,0.,0.615613325393)) ;
#9681=DIRECTION('Axis2P3D XDirection',(-0.615613325393,0.,-0.788048370088)) ;
#9685=DIRECTION('Vector Direction',(-0.615613325393,0.,-0.788048370088)) ;
#9692=DIRECTION('Vector Direction',(0.,-1.,0.)) ;
#9699=DIRECTION('Vector Direction',(-0.615613325393,0.,-0.788048370088)) ;
#9711=DIRECTION('Axis2P3D Direction',(0.,1.,-0.)) ;
#9712=DIRECTION('Axis2P3D XDirection',(-0.879055622311,0.,-0.476719218076)) ;
#9716=DIRECTION('Axis2P3D Direction',(0.,1.,-0.)) ;
#9723=DIRECTION('Vector Direction',(0.,1.,0.)) ;
#9730=DIRECTION('Axis2P3D Direction',(0.,1.,-0.)) ;
#9742=DIRECTION('Axis2P3D Direction',(-0.879055622298,-0.,-0.4767192181)) ;
#9743=DIRECTION('Axis2P3D XDirection',(0.4767192181,0.,-0.879055622298)) ;
#9747=DIRECTION('Vector Direction',(0.4767192181,0.,-0.879055622298)) ;
#9754=DIRECTION('Vector Direction',(0.,-1.,0.)) ;
#9761=DIRECTION('Vector Direction',(0.4767192181,0.,-0.879055622298)) ;
#9773=DIRECTION('Axis2P3D Direction',(0.,1.,-0.)) ;
#9774=DIRECTION('Axis2P3D XDirection',(0.879055622922,0.,0.476719216949)) ;
#9778=DIRECTION('Axis2P3D Direction',(0.,1.,-0.)) ;
#9785=DIRECTION('Vector Direction',(0.,1.,0.)) ;
#9792=DIRECTION('Axis2P3D Direction',(0.,1.,-0.)) ;
#9804=DIRECTION('Axis2P3D Direction',(-0.962188998534,0.,0.272382692364)) ;
#9805=DIRECTION('Axis2P3D XDirection',(-0.272382692364,0.,-0.962188998534)) ;
#9809=DIRECTION('Vector Direction',(-0.272382692364,0.,-0.962188998534)) ;
#9814=DIRECTION('Vector Direction',(0.,-1.,0.)) ;
#9819=DIRECTION('Vector Direction',(-0.272382692364,0.,-0.962188998534)) ;
#9833=DIRECTION('Axis2P3D Direction',(0.272382692364,0.,0.962188998534)) ;
#9834=DIRECTION('Axis2P3D XDirection',(-0.962188998534,0.,0.272382692364)) ;
#9838=DIRECTION('Vector Direction',(0.,-1.,0.)) ;
#9850=DIRECTION('Axis2P3D Direction',(0.962188998515,0.,-0.272382692432)) ;
#9851=DIRECTION('Axis2P3D XDirection',(0.272382692432,0.,0.962188998515)) ;
#9855=DIRECTION('Vector Direction',(0.,-1.,0.)) ;
#9867=DIRECTION('Axis2P3D Direction',(0.,1.,-0.)) ;
#9868=DIRECTION('Axis2P3D XDirection',(0.879055623472,0.,0.476719215935)) ;
#9872=DIRECTION('Vector Direction',(0.,1.,0.)) ;
#9884=DIRECTION('Axis2P3D Direction',(0.879055626712,0.,0.476719209962)) ;
#9885=DIRECTION('Axis2P3D XDirection',(-0.476719209962,0.,0.879055626712)) ;
#9889=DIRECTION('Vector Direction',(0.,-1.,0.)) ;
#9901=DIRECTION('Axis2P3D Direction',(0.,1.,-0.)) ;
#9902=DIRECTION('Axis2P3D XDirection',(-0.879055622478,0.,-0.476719217768)) ;
#9945=DIRECTION('Axis2P3D Direction',(-0.,-0.999390827018,-0.0348994967241)) ;
#9946=DIRECTION('Axis2P3D XDirection',(0.,-0.0348994967241,0.999390827018)) ;
#9950=DIRECTION('Vector Direction',(0.,-0.0348994967241,0.999390827018)) ;
#9957=DIRECTION('Vector Direction',(-1.,0.,0.)) ;
#9969=DIRECTION('Vector Direction',(-1.,0.,0.)) ;
#9976=DIRECTION('Vector Direction',(0.,-0.0348994967241,0.999390827018)) ;
#9988=DIRECTION('Axis2P3D Direction',(0.,1.,3.35129691146E-011)) ;
#9989=DIRECTION('Axis2P3D XDirection',(0.,3.35129691146E-011,-1.)) ;
#9993=DIRECTION('Vector Direction',(-1.,0.,0.)) ;
#10002=DIRECTION('Vector Direction',(0.,3.35129691146E-011,-1.)) ;
#10007=DIRECTION('Vector Direction',(0.,-3.35129691145E-011,1.)) ;
#10019=DIRECTION('Vector Direction',(0.,3.35129691146E-011,-1.)) ;
#10026=DIRECTION('Vector Direction',(-1.,0.,0.)) ;
#10033=DIRECTION('Vector Direction',(0.,-3.35129691145E-011,1.)) ;
#10045=DIRECTION('Axis2P3D Direction',(-0.,-0.,-1.)) ;
#10046=DIRECTION('Axis2P3D XDirection',(0.,-1.,0.)) ;
#10050=DIRECTION('Vector Direction',(0.,-1.,0.)) ;
#10055=DIRECTION('Vector Direction',(0.,-1.,0.)) ;
#10062=DIRECTION('Vector Direction',(-1.,0.,0.)) ;
#10078=DIRECTION('Vector Direction',(-1.,0.,0.)) ;
#10085=DIRECTION('Vector Direction',(0.,-1.,0.)) ;
#10090=DIRECTION('Vector Direction',(0.,-1.,0.)) ;
#10106=DIRECTION('Axis2P3D Direction',(-1.,0.,0.)) ;
#10107=DIRECTION('Axis2P3D XDirection',(-0.,-1.,-0.)) ;
#10118=DIRECTION('Axis2P3D Direction',(-1.,0.,0.)) ;
#10119=DIRECTION('Axis2P3D XDirection',(-0.,-1.,-0.)) ;
#10130=DIRECTION('Axis2P3D Direction',(-1.,0.,0.)) ;
#10131=DIRECTION('Axis2P3D XDirection',(-0.,-1.,-0.)) ;
#10135=DIRECTION('Vector Direction',(0.,-8.58780988911E-011,-1.)) ;
#10147=DIRECTION('Axis2P3D Direction',(-1.,0.,0.)) ;
#10148=DIRECTION('Axis2P3D XDirection',(-0.,-1.,-0.)) ;
#10152=DIRECTION('Vector Direction',(0.,-8.58780988911E-011,-1.)) ;
#10164=DIRECTION('Axis2P3D Direction',(0.,8.58780988911E-011,1.)) ;
#10165=DIRECTION('Axis2P3D XDirection',(-1.,0.,0.)) ;
#10169=DIRECTION('Vector Direction',(1.,0.,0.)) ;
#10178=DIRECTION('Vector Direction',(0.,-1.,8.58773794568E-011)) ;
#10183=DIRECTION('Vector Direction',(0.,-1.,8.58773794568E-011)) ;
#10195=DIRECTION('Axis2P3D Direction',(-1.,0.,0.)) ;
#10196=DIRECTION('Axis2P3D XDirection',(-0.,-8.58780988911E-011,-1.)) ;
#10200=DIRECTION('Vector Direction',(0.,8.58779713787E-011,1.)) ;
#10212=DIRECTION('Axis2P3D Direction',(0.,-8.58780988911E-011,-1.)) ;
#10213=DIRECTION('Axis2P3D XDirection',(1.,0.,0.)) ;
#10217=DIRECTION('Vector Direction',(-1.,0.,0.)) ;
#10226=DIRECTION('Vector Direction',(0.,-1.,8.5878563676E-011)) ;
#10231=DIRECTION('Vector Direction',(0.,-1.,8.58785636819E-011)) ;
#10245=DIRECTION('Axis2P3D Direction',(1.,0.,-0.)) ;
#10246=DIRECTION('Axis2P3D XDirection',(0.,8.58780988911E-011,1.)) ;
#10250=DIRECTION('Vector Direction',(0.,-8.5877971409E-011,-1.)) ;
#10262=DIRECTION('Axis2P3D Direction',(-0.,1.,-8.58780988911E-011)) ;
#10263=DIRECTION('Axis2P3D XDirection',(-1.,-0.,0.)) ;
#10267=DIRECTION('Vector Direction',(0.,8.58780854007E-011,1.)) ;
#10274=DIRECTION('Vector Direction',(-1.,0.,-1.90763806951E-011)) ;
#10286=DIRECTION('Vector Direction',(-1.,0.,-1.90763806784E-011)) ;
#10293=DIRECTION('Vector Direction',(0.,-8.58780853868E-011,-1.)) ;
#10305=DIRECTION('Axis2P3D Direction',(-0.,1.,-8.58780988911E-011)) ;
#10306=DIRECTION('Axis2P3D XDirection',(-6.12323399574E-017,8.58780988911E-011,1.)) ;
#10310=DIRECTION('Vector Direction',(0.,1.,-8.58780809697E-011)) ;
#10331=DIRECTION('Axis2P3D Direction',(-0.,1.,-8.58780988911E-011)) ;
#10332=DIRECTION('Axis2P3D XDirection',(-0.999999999924,1.05713497674E-015,1.23097156364E-005)) ;
#10336=DIRECTION('Vector Direction',(0.,1.,-8.58780809697E-011)) ;
#10357=DIRECTION('Axis2P3D Direction',(-1.,2.94858279475E-021,3.43345140708E-011)) ;
#10358=DIRECTION('Axis2P3D XDirection',(-3.43345140708E-011,-8.58780988911E-011,-1.)) ;
#10362=DIRECTION('Vector Direction',(-3.43344400712E-011,-8.58779714465E-011,-1.)) ;
#10367=DIRECTION('Vector Direction',(0.,-1.,8.58779713988E-011)) ;
#10381=DIRECTION('Axis2P3D Direction',(-1.90751118604E-011,8.58780988911E-011,1.)) ;
#10382=DIRECTION('Axis2P3D XDirection',(-1.,-1.63813434271E-021,-1.90751118604E-011)) ;
#10386=DIRECTION('Vector Direction',(0.,-1.,8.58779713988E-011)) ;
#10407=DIRECTION('Axis2P3D Direction',(1.,-2.94861346122E-021,-3.43348711639E-011)) ;
#10408=DIRECTION('Axis2P3D XDirection',(3.43348711639E-011,8.58780988911E-011,1.)) ;
#10412=DIRECTION('Vector Direction',(3.43344400712E-011,8.58781829175E-011,1.)) ;
#10426=DIRECTION('Axis2P3D Direction',(-0.,1.,-8.58780988911E-011)) ;
#10427=DIRECTION('Axis2P3D XDirection',(-1.,-0.,0.)) ;
#10444=DIRECTION('Axis2P3D Direction',(0.,-1.4742518428E-010,1.)) ;
#10445=DIRECTION('Axis2P3D XDirection',(1.,0.,0.)) ;
#10449=DIRECTION('Vector Direction',(0.,-1.47424929407E-010,1.)) ;
#10454=DIRECTION('Vector Direction',(0.,-1.47424929407E-010,1.)) ;
#10473=DIRECTION('Axis2P3D Direction',(0.,-1.4742518428E-010,1.)) ;
#10474=DIRECTION('Axis2P3D XDirection',(1.,0.,0.)) ;
#10478=DIRECTION('Vector Direction',(0.,-1.47424929407E-010,1.)) ;
#10483=DIRECTION('Vector Direction',(0.,-1.47424929407E-010,1.)) ;
#10502=DIRECTION('Axis2P3D Direction',(-0.,0.965925826319,0.258819044991)) ;
#10503=DIRECTION('Axis2P3D XDirection',(0.,-0.258819044991,0.965925826319)) ;
#10516=DIRECTION('Axis2P3D Direction',(-1.,0.,0.)) ;
#10517=DIRECTION('Axis2P3D XDirection',(0.,-1.,0.)) ;
#10521=DIRECTION('Vector Direction',(0.,0.329228765851,0.944250189164)) ;
#10528=DIRECTION('Vector Direction',(0.,1.,0.)) ;
#10541=DIRECTION('Axis2P3D Direction',(0.,0.,1.)) ;
#10542=DIRECTION('Axis2P3D XDirection',(1.,0.,0.)) ;
#10546=DIRECTION('Vector Direction',(1.,0.,0.)) ;
#10553=DIRECTION('Vector Direction',(0.,-1.,0.)) ;
#10565=DIRECTION('Axis2P3D Direction',(0.,0.944250189164,-0.329228765851)) ;
#10566=DIRECTION('Axis2P3D XDirection',(0.,0.329228765851,0.944250189164)) ;
#10570=DIRECTION('Vector Direction',(0.,0.329228765851,0.944250189164)) ;
#10582=DIRECTION('Axis2P3D Direction',(-1.,0.,0.)) ;
#10583=DIRECTION('Axis2P3D XDirection',(0.,-1.,0.)) ;
#10595=DIRECTION('Axis2P3D Direction',(-1.,0.,0.)) ;
#10596=DIRECTION('Axis2P3D XDirection',(0.,-1.,0.)) ;
#10600=DIRECTION('Vector Direction',(0.,0.329228765851,0.944250189164)) ;
#10607=DIRECTION('Vector Direction',(0.,1.,0.)) ;
#10620=DIRECTION('Vector Direction',(1.,0.,0.)) ;
#10627=DIRECTION('Vector Direction',(0.,-1.,0.)) ;
#10639=DIRECTION('Vector Direction',(0.,0.329228765851,0.944250189164)) ;
#10651=DIRECTION('Axis2P3D Direction',(-1.,0.,0.)) ;
#10652=DIRECTION('Axis2P3D XDirection',(0.,-1.,0.)) ;
#10664=DIRECTION('Axis2P3D Direction',(-1.,0.,0.)) ;
#10665=DIRECTION('Axis2P3D XDirection',(0.,-1.,0.)) ;
#10669=DIRECTION('Vector Direction',(0.,0.329228765851,0.944250189164)) ;
#10676=DIRECTION('Vector Direction',(0.,1.,0.)) ;
#10689=DIRECTION('Vector Direction',(1.,0.,0.)) ;
#10696=DIRECTION('Vector Direction',(0.,-1.,0.)) ;
#10708=DIRECTION('Vector Direction',(0.,0.329228765851,0.944250189164)) ;
#10720=DIRECTION('Axis2P3D Direction',(-1.,0.,0.)) ;
#10721=DIRECTION('Axis2P3D XDirection',(0.,-1.,0.)) ;
#10733=DIRECTION('Axis2P3D Direction',(-1.,0.,0.)) ;
#10734=DIRECTION('Axis2P3D XDirection',(0.,-1.,0.)) ;
#10738=DIRECTION('Vector Direction',(0.,0.329228765851,0.944250189164)) ;
#10745=DIRECTION('Vector Direction',(0.,1.,0.)) ;
#10758=DIRECTION('Vector Direction',(1.,0.,0.)) ;
#10765=DIRECTION('Vector Direction',(0.,-1.,0.)) ;
#10777=DIRECTION('Vector Direction',(0.,0.329228765851,0.944250189164)) ;
#10789=DIRECTION('Axis2P3D Direction',(-1.,0.,0.)) ;
#10790=DIRECTION('Axis2P3D XDirection',(0.,-1.,0.)) ;
#10802=DIRECTION('Axis2P3D Direction',(-1.,0.,0.)) ;
#10803=DIRECTION('Axis2P3D XDirection',(0.,-1.,0.)) ;
#10807=DIRECTION('Vector Direction',(0.,0.329228765851,0.944250189164)) ;
#10814=DIRECTION('Vector Direction',(0.,1.,0.)) ;
#10827=DIRECTION('Vector Direction',(1.,0.,0.)) ;
#10834=DIRECTION('Vector Direction',(0.,-1.,0.)) ;
#10846=DIRECTION('Vector Direction',(0.,0.329228765851,0.944250189164)) ;
#10858=DIRECTION('Axis2P3D Direction',(-1.,0.,0.)) ;
#10859=DIRECTION('Axis2P3D XDirection',(0.,-1.,0.)) ;
#10871=DIRECTION('Axis2P3D Direction',(-1.,0.,0.)) ;
#10872=DIRECTION('Axis2P3D XDirection',(0.,-1.,0.)) ;
#10876=DIRECTION('Vector Direction',(0.,0.329228765851,0.944250189164)) ;
#10883=DIRECTION('Vector Direction',(0.,1.,0.)) ;
#10896=DIRECTION('Vector Direction',(1.,0.,0.)) ;
#10903=DIRECTION('Vector Direction',(0.,-1.,0.)) ;
#10915=DIRECTION('Vector Direction',(0.,0.329228765851,0.944250189164)) ;
#10927=DIRECTION('Axis2P3D Direction',(-1.,0.,0.)) ;
#10928=DIRECTION('Axis2P3D XDirection',(0.,-1.,0.)) ;
#10940=DIRECTION('Axis2P3D Direction',(-1.,0.,0.)) ;
#10941=DIRECTION('Axis2P3D XDirection',(0.,-1.,0.)) ;
#10945=DIRECTION('Vector Direction',(0.,0.329228765851,0.944250189164)) ;
#10952=DIRECTION('Vector Direction',(0.,1.,0.)) ;
#10965=DIRECTION('Vector Direction',(1.,0.,0.)) ;
#10972=DIRECTION('Vector Direction',(0.,-1.,0.)) ;
#10984=DIRECTION('Vector Direction',(0.,0.329228765851,0.944250189164)) ;
#10996=DIRECTION('Axis2P3D Direction',(-1.,0.,0.)) ;
#10997=DIRECTION('Axis2P3D XDirection',(0.,-1.,0.)) ;
#11009=DIRECTION('Axis2P3D Direction',(-1.,0.,0.)) ;
#11010=DIRECTION('Axis2P3D XDirection',(0.,-1.,0.)) ;
#11014=DIRECTION('Vector Direction',(0.,0.329228765851,0.944250189164)) ;
#11021=DIRECTION('Vector Direction',(0.,1.,0.)) ;
#11034=DIRECTION('Vector Direction',(1.,0.,0.)) ;
#11041=DIRECTION('Vector Direction',(0.,-1.,0.)) ;
#11053=DIRECTION('Vector Direction',(0.,0.329228765851,0.944250189164)) ;
#11065=DIRECTION('Axis2P3D Direction',(-1.,0.,0.)) ;
#11066=DIRECTION('Axis2P3D XDirection',(0.,-1.,0.)) ;
#11080=DIRECTION('Axis2P3D Direction',(0.,0.,1.)) ;
#11081=DIRECTION('Axis2P3D XDirection',(1.,0.,0.)) ;
#8=PRODUCT_RELATED_PRODUCT_CATEGORY('part',$,(#5)) ;
#7=PRODUCT_CATEGORY('part','specification') ;
#29=STYLED_ITEM(' ',(#28),#21) ;
#28=PRESENTATION_STYLE_ASSIGNMENT((#27)) ;
#27=SURFACE_STYLE_USAGE(.BOTH.,#26) ;
#26=SURFACE_SIDE_STYLE(' ',(#25)) ;
#25=SURFACE_STYLE_FILL_AREA(#24) ;
#24=FILL_AREA_STYLE(' ',(#23)) ;
#23=FILL_AREA_STYLE_COLOUR(' ',#22) ;
#38=VECTOR('Line Direction',#37,1.) ;
#47=VECTOR('Line Direction',#46,1.) ;
#54=VECTOR('Line Direction',#53,1.) ;
#61=VECTOR('Line Direction',#60,1.) ;
#68=VECTOR('Line Direction',#67,1.) ;
#75=VECTOR('Line Direction',#74,1.) ;
#82=VECTOR('Line Direction',#81,1.) ;
#89=VECTOR('Line Direction',#88,1.) ;
#96=VECTOR('Line Direction',#95,1.) ;
#103=VECTOR('Line Direction',#102,1.) ;
#110=VECTOR('Line Direction',#109,1.) ;
#117=VECTOR('Line Direction',#116,1.) ;
#142=VECTOR('Line Direction',#141,1.) ;
#180=VECTOR('Line Direction',#179,1.) ;
#218=VECTOR('Line Direction',#217,1.) ;
#242=VECTOR('Line Direction',#241,1.) ;
#266=VECTOR('Line Direction',#265,1.) ;
#273=VECTOR('Line Direction',#272,1.) ;
#280=VECTOR('Line Direction',#279,1.) ;
#311=VECTOR('Line Direction',#310,1.) ;
#328=VECTOR('Line Direction',#327,1.) ;
#335=VECTOR('Line Direction',#334,1.) ;
#342=VECTOR('Line Direction',#341,1.) ;
#373=VECTOR('Line Direction',#372,1.) ;
#390=VECTOR('Line Direction',#389,1.) ;
#395=VECTOR('Line Direction',#394,1.) ;
#412=VECTOR('Line Direction',#411,1.) ;
#428=VECTOR('Line Direction',#427,1.) ;
#435=VECTOR('Line Direction',#434,1.) ;
#440=VECTOR('Line Direction',#439,1.) ;
#447=VECTOR('Line Direction',#446,1.) ;
#461=VECTOR('Line Direction',#460,1.) ;
#475=VECTOR('Line Direction',#474,1.) ;
#510=VECTOR('Line Direction',#509,1.) ;
#517=VECTOR('Line Direction',#516,1.) ;
#524=VECTOR('Line Direction',#523,1.) ;
#551=VECTOR('Line Direction',#550,1.) ;
#560=VECTOR('Line Direction',#559,1.) ;
#567=VECTOR('Line Direction',#566,1.) ;
#574=VECTOR('Line Direction',#573,1.) ;
#581=VECTOR('Line Direction',#580,1.) ;
#588=VECTOR('Line Direction',#587,1.) ;
#595=VECTOR('Line Direction',#594,1.) ;
#602=VECTOR('Line Direction',#601,1.) ;
#609=VECTOR('Line Direction',#608,1.) ;
#616=VECTOR('Line Direction',#615,1.) ;
#623=VECTOR('Line Direction',#622,1.) ;
#630=VECTOR('Line Direction',#629,1.) ;
#637=VECTOR('Line Direction',#636,1.) ;
#644=VECTOR('Line Direction',#643,1.) ;
#651=VECTOR('Line Direction',#650,1.) ;
#658=VECTOR('Line Direction',#657,1.) ;
#665=VECTOR('Line Direction',#664,1.) ;
#672=VECTOR('Line Direction',#671,1.) ;
#679=VECTOR('Line Direction',#678,1.) ;
#686=VECTOR('Line Direction',#685,1.) ;
#729=VECTOR('Line Direction',#728,1.) ;
#763=VECTOR('Line Direction',#762,1.) ;
#790=VECTOR('Line Direction',#789,1.) ;
#821=VECTOR('Line Direction',#820,1.) ;
#848=VECTOR('Line Direction',#847,1.) ;
#872=VECTOR('Line Direction',#871,1.) ;
#909=VECTOR('Line Direction',#908,1.) ;
#926=VECTOR('Line Direction',#925,1.) ;
#963=VECTOR('Line Direction',#962,1.) ;
#990=VECTOR('Line Direction',#989,1.) ;
#1016=VECTOR('Line Direction',#1015,1.) ;
#1043=VECTOR('Line Direction',#1042,1.) ;
#1069=VECTOR('Line Direction',#1068,1.) ;
#1086=VECTOR('Line Direction',#1085,1.) ;
#1095=VECTOR('Line Direction',#1094,1.) ;
#1102=VECTOR('Line Direction',#1101,1.) ;
#1109=VECTOR('Line Direction',#1108,1.) ;
#1126=VECTOR('Line Direction',#1125,1.) ;
#1133=VECTOR('Line Direction',#1132,1.) ;
#1140=VECTOR('Line Direction',#1139,1.) ;
#1152=VECTOR('Line Direction',#1151,1.) ;
#1174=VECTOR('Line Direction',#1173,1.) ;
#1198=VECTOR('Line Direction',#1197,1.) ;
#1203=VECTOR('Line Direction',#1202,1.) ;
#1210=VECTOR('Line Direction',#1209,1.) ;
#1217=VECTOR('Line Direction',#1216,1.) ;
#1239=VECTOR('Line Direction',#1238,1.) ;
#1274=VECTOR('Line Direction',#1273,1.) ;
#1321=VECTOR('Line Direction',#1320,1.) ;
#1328=VECTOR('Line Direction',#1327,1.) ;
#1335=VECTOR('Line Direction',#1334,1.) ;
#1342=VECTOR('Line Direction',#1341,1.) ;
#1349=VECTOR('Line Direction',#1348,1.) ;
#1356=VECTOR('Line Direction',#1355,1.) ;
#1363=VECTOR('Line Direction',#1362,1.) ;
#1391=VECTOR('Line Direction',#1390,1.) ;
#1415=VECTOR('Line Direction',#1414,1.) ;
#1432=VECTOR('Line Direction',#1431,1.) ;
#1441=VECTOR('Line Direction',#1440,1.) ;
#1448=VECTOR('Line Direction',#1447,1.) ;
#1455=VECTOR('Line Direction',#1454,1.) ;
#1475=VECTOR('Line Direction',#1474,1.) ;
#1484=VECTOR('Line Direction',#1483,1.) ;
#1491=VECTOR('Line Direction',#1490,1.) ;
#1498=VECTOR('Line Direction',#1497,1.) ;
#1518=VECTOR('Line Direction',#1517,1.) ;
#1525=VECTOR('Line Direction',#1524,1.) ;
#1532=VECTOR('Line Direction',#1531,1.) ;
#1545=VECTOR('Line Direction',#1544,1.) ;
#1552=VECTOR('Line Direction',#1551,1.) ;
#1559=VECTOR('Line Direction',#1558,1.) ;
#1577=VECTOR('Line Direction',#1576,1.) ;
#1582=VECTOR('Line Direction',#1581,1.) ;
#1589=VECTOR('Line Direction',#1588,1.) ;
#1596=VECTOR('Line Direction',#1595,1.) ;
#1603=VECTOR('Line Direction',#1602,1.) ;
#1610=VECTOR('Line Direction',#1609,1.) ;
#1617=VECTOR('Line Direction',#1616,1.) ;
#1624=VECTOR('Line Direction',#1623,1.) ;
#1631=VECTOR('Line Direction',#1630,1.) ;
#1638=VECTOR('Line Direction',#1637,1.) ;
#1645=VECTOR('Line Direction',#1644,1.) ;
#1652=VECTOR('Line Direction',#1651,1.) ;
#1659=VECTOR('Line Direction',#1658,1.) ;
#1666=VECTOR('Line Direction',#1665,1.) ;
#1673=VECTOR('Line Direction',#1672,1.) ;
#1680=VECTOR('Line Direction',#1679,1.) ;
#1687=VECTOR('Line Direction',#1686,1.) ;
#1694=VECTOR('Line Direction',#1693,1.) ;
#1701=VECTOR('Line Direction',#1700,1.) ;
#1708=VECTOR('Line Direction',#1707,1.) ;
#1715=VECTOR('Line Direction',#1714,1.) ;
#1722=VECTOR('Line Direction',#1721,1.) ;
#1729=VECTOR('Line Direction',#1728,1.) ;
#1736=VECTOR('Line Direction',#1735,1.) ;
#1743=VECTOR('Line Direction',#1742,1.) ;
#1750=VECTOR('Line Direction',#1749,1.) ;
#1757=VECTOR('Line Direction',#1756,1.) ;
#1764=VECTOR('Line Direction',#1763,1.) ;
#1771=VECTOR('Line Direction',#1770,1.) ;
#1778=VECTOR('Line Direction',#1777,1.) ;
#1785=VECTOR('Line Direction',#1784,1.) ;
#1792=VECTOR('Line Direction',#1791,1.) ;
#1799=VECTOR('Line Direction',#1798,1.) ;
#1806=VECTOR('Line Direction',#1805,1.) ;
#1813=VECTOR('Line Direction',#1812,1.) ;
#1820=VECTOR('Line Direction',#1819,1.) ;
#1827=VECTOR('Line Direction',#1826,1.) ;
#1834=VECTOR('Line Direction',#1833,1.) ;
#1841=VECTOR('Line Direction',#1840,1.) ;
#1848=VECTOR('Line Direction',#1847,1.) ;
#1905=VECTOR('Line Direction',#1904,1.) ;
#1922=VECTOR('Line Direction',#1921,1.) ;
#1927=VECTOR('Line Direction',#1926,1.) ;
#1934=VECTOR('Line Direction',#1933,1.) ;
#1941=VECTOR('Line Direction',#1940,1.) ;
#1946=VECTOR('Line Direction',#1945,1.) ;
#1953=VECTOR('Line Direction',#1952,1.) ;
#1960=VECTOR('Line Direction',#1959,1.) ;
#1989=VECTOR('Line Direction',#1988,1.) ;
#2006=VECTOR('Line Direction',#2005,1.) ;
#2013=VECTOR('Line Direction',#2012,1.) ;
#2020=VECTOR('Line Direction',#2019,1.) ;
#2036=VECTOR('Line Direction',#2035,1.) ;
#2043=VECTOR('Line Direction',#2042,1.) ;
#2050=VECTOR('Line Direction',#2049,1.) ;
#2074=VECTOR('Line Direction',#2073,1.) ;
#2081=VECTOR('Line Direction',#2080,1.) ;
#2088=VECTOR('Line Direction',#2087,1.) ;
#2117=VECTOR('Line Direction',#2116,1.) ;
#2134=VECTOR('Line Direction',#2133,1.) ;
#2141=VECTOR('Line Direction',#2140,1.) ;
#2148=VECTOR('Line Direction',#2147,1.) ;
#2165=VECTOR('Line Direction',#2164,1.) ;
#2195=VECTOR('Line Direction',#2194,1.) ;
#2237=VECTOR('Line Direction',#2236,1.) ;
#2244=VECTOR('Line Direction',#2243,1.) ;
#2261=VECTOR('Line Direction',#2260,1.) ;
#2278=VECTOR('Line Direction',#2277,1.) ;
#2285=VECTOR('Line Direction',#2284,1.) ;
#2297=VECTOR('Line Direction',#2296,1.) ;
#2314=VECTOR('Line Direction',#2313,1.) ;
#2321=VECTOR('Line Direction',#2320,1.) ;
#2333=VECTOR('Line Direction',#2332,1.) ;
#2345=VECTOR('Line Direction',#2344,1.) ;
#2352=VECTOR('Line Direction',#2351,1.) ;
#2364=VECTOR('Line Direction',#2363,1.) ;
#2381=VECTOR('Line Direction',#2380,1.) ;
#2388=VECTOR('Line Direction',#2387,1.) ;
#2395=VECTOR('Line Direction',#2394,1.) ;
#2402=VECTOR('Line Direction',#2401,1.) ;
#2409=VECTOR('Line Direction',#2408,1.) ;
#2416=VECTOR('Line Direction',#2415,1.) ;
#2423=VECTOR('Line Direction',#2422,1.) ;
#2456=VECTOR('Line Direction',#2455,1.) ;
#2463=VECTOR('Line Direction',#2462,1.) ;
#2470=VECTOR('Line Direction',#2469,1.) ;
#2487=VECTOR('Line Direction',#2486,1.) ;
#2494=VECTOR('Line Direction',#2493,1.) ;
#2511=VECTOR('Line Direction',#2510,1.) ;
#2518=VECTOR('Line Direction',#2517,1.) ;
#2535=VECTOR('Line Direction',#2534,1.) ;
#2544=VECTOR('Line Direction',#2543,1.) ;
#2551=VECTOR('Line Direction',#2550,1.) ;
#2556=VECTOR('Line Direction',#2555,1.) ;
#2570=VECTOR('Line Direction',#2569,1.) ;
#2579=VECTOR('Line Direction',#2578,1.) ;
#2586=VECTOR('Line Direction',#2585,1.) ;
#2593=VECTOR('Line Direction',#2592,1.) ;
#2605=VECTOR('Line Direction',#2604,1.) ;
#2614=VECTOR('Line Direction',#2613,1.) ;
#2621=VECTOR('Line Direction',#2620,1.) ;
#2628=VECTOR('Line Direction',#2627,1.) ;
#2640=VECTOR('Line Direction',#2639,1.) ;
#2649=VECTOR('Line Direction',#2648,1.) ;
#2656=VECTOR('Line Direction',#2655,1.) ;
#2663=VECTOR('Line Direction',#2662,1.) ;
#2675=VECTOR('Line Direction',#2674,1.) ;
#2684=VECTOR('Line Direction',#2683,1.) ;
#2691=VECTOR('Line Direction',#2690,1.) ;
#2698=VECTOR('Line Direction',#2697,1.) ;
#2710=VECTOR('Line Direction',#2709,1.) ;
#2719=VECTOR('Line Direction',#2718,1.) ;
#2726=VECTOR('Line Direction',#2725,1.) ;
#2733=VECTOR('Line Direction',#2732,1.) ;
#2745=VECTOR('Line Direction',#2744,1.) ;
#2754=VECTOR('Line Direction',#2753,1.) ;
#2761=VECTOR('Line Direction',#2760,1.) ;
#2768=VECTOR('Line Direction',#2767,1.) ;
#2780=VECTOR('Line Direction',#2779,1.) ;
#2789=VECTOR('Line Direction',#2788,1.) ;
#2796=VECTOR('Line Direction',#2795,1.) ;
#2803=VECTOR('Line Direction',#2802,1.) ;
#2815=VECTOR('Line Direction',#2814,1.) ;
#2824=VECTOR('Line Direction',#2823,1.) ;
#2829=VECTOR('Line Direction',#2828,1.) ;
#2836=VECTOR('Line Direction',#2835,1.) ;
#2855=VECTOR('Line Direction',#2854,1.) ;
#2862=VECTOR('Line Direction',#2861,1.) ;
#2869=VECTOR('Line Direction',#2868,1.) ;
#2874=VECTOR('Line Direction',#2873,1.) ;
#2881=VECTOR('Line Direction',#2880,1.) ;
#2888=VECTOR('Line Direction',#2887,1.) ;
#2893=VECTOR('Line Direction',#2892,1.) ;
#2900=VECTOR('Line Direction',#2899,1.) ;
#2907=VECTOR('Line Direction',#2906,1.) ;
#2912=VECTOR('Line Direction',#2911,1.) ;
#2919=VECTOR('Line Direction',#2918,1.) ;
#2926=VECTOR('Line Direction',#2925,1.) ;
#2931=VECTOR('Line Direction',#2930,1.) ;
#2938=VECTOR('Line Direction',#2937,1.) ;
#2945=VECTOR('Line Direction',#2944,1.) ;
#2950=VECTOR('Line Direction',#2949,1.) ;
#2957=VECTOR('Line Direction',#2956,1.) ;
#2964=VECTOR('Line Direction',#2963,1.) ;
#2969=VECTOR('Line Direction',#2968,1.) ;
#2976=VECTOR('Line Direction',#2975,1.) ;
#2983=VECTOR('Line Direction',#2982,1.) ;
#2988=VECTOR('Line Direction',#2987,1.) ;
#2995=VECTOR('Line Direction',#2994,1.) ;
#3002=VECTOR('Line Direction',#3001,1.) ;
#3051=VECTOR('Line Direction',#3050,1.) ;
#3068=VECTOR('Line Direction',#3067,1.) ;
#3080=VECTOR('Line Direction',#3079,1.) ;
#3085=VECTOR('Line Direction',#3084,1.) ;
#3097=VECTOR('Line Direction',#3096,1.) ;
#3102=VECTOR('Line Direction',#3101,1.) ;
#3114=VECTOR('Line Direction',#3113,1.) ;
#3119=VECTOR('Line Direction',#3118,1.) ;
#3131=VECTOR('Line Direction',#3130,1.) ;
#3136=VECTOR('Line Direction',#3135,1.) ;
#3148=VECTOR('Line Direction',#3147,1.) ;
#3153=VECTOR('Line Direction',#3152,1.) ;
#3165=VECTOR('Line Direction',#3164,1.) ;
#3170=VECTOR('Line Direction',#3169,1.) ;
#3182=VECTOR('Line Direction',#3181,1.) ;
#3187=VECTOR('Line Direction',#3186,1.) ;
#3204=VECTOR('Line Direction',#3203,1.) ;
#3216=VECTOR('Line Direction',#3215,1.) ;
#3240=VECTOR('Line Direction',#3239,1.) ;
#3264=VECTOR('Line Direction',#3263,1.) ;
#3271=VECTOR('Line Direction',#3270,1.) ;
#3278=VECTOR('Line Direction',#3277,1.) ;
#3302=VECTOR('Line Direction',#3301,1.) ;
#3326=VECTOR('Line Direction',#3325,1.) ;
#3333=VECTOR('Line Direction',#3332,1.) ;
#3340=VECTOR('Line Direction',#3339,1.) ;
#3357=VECTOR('Line Direction',#3356,1.) ;
#3364=VECTOR('Line Direction',#3363,1.) ;
#3371=VECTOR('Line Direction',#3370,1.) ;
#3388=VECTOR('Line Direction',#3387,1.) ;
#3395=VECTOR('Line Direction',#3394,1.) ;
#3402=VECTOR('Line Direction',#3401,1.) ;
#3419=VECTOR('Line Direction',#3418,1.) ;
#3426=VECTOR('Line Direction',#3425,1.) ;
#3433=VECTOR('Line Direction',#3432,1.) ;
#3450=VECTOR('Line Direction',#3449,1.) ;
#3457=VECTOR('Line Direction',#3456,1.) ;
#3464=VECTOR('Line Direction',#3463,1.) ;
#3488=VECTOR('Line Direction',#3487,1.) ;
#3512=VECTOR('Line Direction',#3511,1.) ;
#3519=VECTOR('Line Direction',#3518,1.) ;
#3526=VECTOR('Line Direction',#3525,1.) ;
#3543=VECTOR('Line Direction',#3542,1.) ;
#3550=VECTOR('Line Direction',#3549,1.) ;
#3557=VECTOR('Line Direction',#3556,1.) ;
#3574=VECTOR('Line Direction',#3573,1.) ;
#3579=VECTOR('Line Direction',#3578,1.) ;
#3646=VECTOR('Line Direction',#3645,1.) ;
#3665=VECTOR('Line Direction',#3664,1.) ;
#3672=VECTOR('Line Direction',#3671,1.) ;
#3679=VECTOR('Line Direction',#3678,1.) ;
#3698=VECTOR('Line Direction',#3697,1.) ;
#3717=VECTOR('Line Direction',#3716,1.) ;
#3724=VECTOR('Line Direction',#3723,1.) ;
#3731=VECTOR('Line Direction',#3730,1.) ;
#3743=VECTOR('Line Direction',#3742,1.) ;
#3750=VECTOR('Line Direction',#3749,1.) ;
#3757=VECTOR('Line Direction',#3756,1.) ;
#3769=VECTOR('Line Direction',#3768,1.) ;
#3776=VECTOR('Line Direction',#3775,1.) ;
#3783=VECTOR('Line Direction',#3782,1.) ;
#3795=VECTOR('Line Direction',#3794,1.) ;
#3802=VECTOR('Line Direction',#3801,1.) ;
#3809=VECTOR('Line Direction',#3808,1.) ;
#3821=VECTOR('Line Direction',#3820,1.) ;
#3828=VECTOR('Line Direction',#3827,1.) ;
#3835=VECTOR('Line Direction',#3834,1.) ;
#3854=VECTOR('Line Direction',#3853,1.) ;
#3873=VECTOR('Line Direction',#3872,1.) ;
#3880=VECTOR('Line Direction',#3879,1.) ;
#3887=VECTOR('Line Direction',#3886,1.) ;
#3899=VECTOR('Line Direction',#3898,1.) ;
#3906=VECTOR('Line Direction',#3905,1.) ;
#3913=VECTOR('Line Direction',#3912,1.) ;
#3925=VECTOR('Line Direction',#3924,1.) ;
#3930=VECTOR('Line Direction',#3929,1.) ;
#3997=VECTOR('Line Direction',#3996,1.) ;
#4016=VECTOR('Line Direction',#4015,1.) ;
#4023=VECTOR('Line Direction',#4022,1.) ;
#4030=VECTOR('Line Direction',#4029,1.) ;
#4049=VECTOR('Line Direction',#4048,1.) ;
#4068=VECTOR('Line Direction',#4067,1.) ;
#4075=VECTOR('Line Direction',#4074,1.) ;
#4082=VECTOR('Line Direction',#4081,1.) ;
#4094=VECTOR('Line Direction',#4093,1.) ;
#4101=VECTOR('Line Direction',#4100,1.) ;
#4108=VECTOR('Line Direction',#4107,1.) ;
#4120=VECTOR('Line Direction',#4119,1.) ;
#4127=VECTOR('Line Direction',#4126,1.) ;
#4134=VECTOR('Line Direction',#4133,1.) ;
#4146=VECTOR('Line Direction',#4145,1.) ;
#4153=VECTOR('Line Direction',#4152,1.) ;
#4160=VECTOR('Line Direction',#4159,1.) ;
#4172=VECTOR('Line Direction',#4171,1.) ;
#4179=VECTOR('Line Direction',#4178,1.) ;
#4186=VECTOR('Line Direction',#4185,1.) ;
#4205=VECTOR('Line Direction',#4204,1.) ;
#4224=VECTOR('Line Direction',#4223,1.) ;
#4231=VECTOR('Line Direction',#4230,1.) ;
#4238=VECTOR('Line Direction',#4237,1.) ;
#4250=VECTOR('Line Direction',#4249,1.) ;
#4257=VECTOR('Line Direction',#4256,1.) ;
#4264=VECTOR('Line Direction',#4263,1.) ;
#4276=VECTOR('Line Direction',#4275,1.) ;
#4281=VECTOR('Line Direction',#4280,1.) ;
#4348=VECTOR('Line Direction',#4347,1.) ;
#4367=VECTOR('Line Direction',#4366,1.) ;
#4374=VECTOR('Line Direction',#4373,1.) ;
#4381=VECTOR('Line Direction',#4380,1.) ;
#4400=VECTOR('Line Direction',#4399,1.) ;
#4419=VECTOR('Line Direction',#4418,1.) ;
#4426=VECTOR('Line Direction',#4425,1.) ;
#4433=VECTOR('Line Direction',#4432,1.) ;
#4445=VECTOR('Line Direction',#4444,1.) ;
#4452=VECTOR('Line Direction',#4451,1.) ;
#4459=VECTOR('Line Direction',#4458,1.) ;
#4471=VECTOR('Line Direction',#4470,1.) ;
#4478=VECTOR('Line Direction',#4477,1.) ;
#4485=VECTOR('Line Direction',#4484,1.) ;
#4497=VECTOR('Line Direction',#4496,1.) ;
#4504=VECTOR('Line Direction',#4503,1.) ;
#4511=VECTOR('Line Direction',#4510,1.) ;
#4523=VECTOR('Line Direction',#4522,1.) ;
#4530=VECTOR('Line Direction',#4529,1.) ;
#4537=VECTOR('Line Direction',#4536,1.) ;
#4556=VECTOR('Line Direction',#4555,1.) ;
#4575=VECTOR('Line Direction',#4574,1.) ;
#4582=VECTOR('Line Direction',#4581,1.) ;
#4589=VECTOR('Line Direction',#4588,1.) ;
#4601=VECTOR('Line Direction',#4600,1.) ;
#4608=VECTOR('Line Direction',#4607,1.) ;
#4615=VECTOR('Line Direction',#4614,1.) ;
#4627=VECTOR('Line Direction',#4626,1.) ;
#4632=VECTOR('Line Direction',#4631,1.) ;
#4699=VECTOR('Line Direction',#4698,1.) ;
#4718=VECTOR('Line Direction',#4717,1.) ;
#4725=VECTOR('Line Direction',#4724,1.) ;
#4732=VECTOR('Line Direction',#4731,1.) ;
#4751=VECTOR('Line Direction',#4750,1.) ;
#4770=VECTOR('Line Direction',#4769,1.) ;
#4777=VECTOR('Line Direction',#4776,1.) ;
#4784=VECTOR('Line Direction',#4783,1.) ;
#4796=VECTOR('Line Direction',#4795,1.) ;
#4803=VECTOR('Line Direction',#4802,1.) ;
#4810=VECTOR('Line Direction',#4809,1.) ;
#4822=VECTOR('Line Direction',#4821,1.) ;
#4829=VECTOR('Line Direction',#4828,1.) ;
#4836=VECTOR('Line Direction',#4835,1.) ;
#4848=VECTOR('Line Direction',#4847,1.) ;
#4855=VECTOR('Line Direction',#4854,1.) ;
#4862=VECTOR('Line Direction',#4861,1.) ;
#4874=VECTOR('Line Direction',#4873,1.) ;
#4881=VECTOR('Line Direction',#4880,1.) ;
#4888=VECTOR('Line Direction',#4887,1.) ;
#4907=VECTOR('Line Direction',#4906,1.) ;
#4926=VECTOR('Line Direction',#4925,1.) ;
#4933=VECTOR('Line Direction',#4932,1.) ;
#4940=VECTOR('Line Direction',#4939,1.) ;
#4952=VECTOR('Line Direction',#4951,1.) ;
#4959=VECTOR('Line Direction',#4958,1.) ;
#4966=VECTOR('Line Direction',#4965,1.) ;
#4978=VECTOR('Line Direction',#4977,1.) ;
#4983=VECTOR('Line Direction',#4982,1.) ;
#5050=VECTOR('Line Direction',#5049,1.) ;
#5069=VECTOR('Line Direction',#5068,1.) ;
#5076=VECTOR('Line Direction',#5075,1.) ;
#5083=VECTOR('Line Direction',#5082,1.) ;
#5102=VECTOR('Line Direction',#5101,1.) ;
#5121=VECTOR('Line Direction',#5120,1.) ;
#5128=VECTOR('Line Direction',#5127,1.) ;
#5135=VECTOR('Line Direction',#5134,1.) ;
#5147=VECTOR('Line Direction',#5146,1.) ;
#5154=VECTOR('Line Direction',#5153,1.) ;
#5161=VECTOR('Line Direction',#5160,1.) ;
#5173=VECTOR('Line Direction',#5172,1.) ;
#5180=VECTOR('Line Direction',#5179,1.) ;
#5187=VECTOR('Line Direction',#5186,1.) ;
#5199=VECTOR('Line Direction',#5198,1.) ;
#5206=VECTOR('Line Direction',#5205,1.) ;
#5213=VECTOR('Line Direction',#5212,1.) ;
#5225=VECTOR('Line Direction',#5224,1.) ;
#5232=VECTOR('Line Direction',#5231,1.) ;
#5239=VECTOR('Line Direction',#5238,1.) ;
#5258=VECTOR('Line Direction',#5257,1.) ;
#5277=VECTOR('Line Direction',#5276,1.) ;
#5284=VECTOR('Line Direction',#5283,1.) ;
#5291=VECTOR('Line Direction',#5290,1.) ;
#5303=VECTOR('Line Direction',#5302,1.) ;
#5310=VECTOR('Line Direction',#5309,1.) ;
#5317=VECTOR('Line Direction',#5316,1.) ;
#5329=VECTOR('Line Direction',#5328,1.) ;
#5334=VECTOR('Line Direction',#5333,1.) ;
#5401=VECTOR('Line Direction',#5400,1.) ;
#5420=VECTOR('Line Direction',#5419,1.) ;
#5427=VECTOR('Line Direction',#5426,1.) ;
#5434=VECTOR('Line Direction',#5433,1.) ;
#5453=VECTOR('Line Direction',#5452,1.) ;
#5472=VECTOR('Line Direction',#5471,1.) ;
#5479=VECTOR('Line Direction',#5478,1.) ;
#5486=VECTOR('Line Direction',#5485,1.) ;
#5498=VECTOR('Line Direction',#5497,1.) ;
#5505=VECTOR('Line Direction',#5504,1.) ;
#5512=VECTOR('Line Direction',#5511,1.) ;
#5524=VECTOR('Line Direction',#5523,1.) ;
#5531=VECTOR('Line Direction',#5530,1.) ;
#5538=VECTOR('Line Direction',#5537,1.) ;
#5550=VECTOR('Line Direction',#5549,1.) ;
#5557=VECTOR('Line Direction',#5556,1.) ;
#5564=VECTOR('Line Direction',#5563,1.) ;
#5576=VECTOR('Line Direction',#5575,1.) ;
#5583=VECTOR('Line Direction',#5582,1.) ;
#5590=VECTOR('Line Direction',#5589,1.) ;
#5609=VECTOR('Line Direction',#5608,1.) ;
#5628=VECTOR('Line Direction',#5627,1.) ;
#5635=VECTOR('Line Direction',#5634,1.) ;
#5642=VECTOR('Line Direction',#5641,1.) ;
#5654=VECTOR('Line Direction',#5653,1.) ;
#5661=VECTOR('Line Direction',#5660,1.) ;
#5668=VECTOR('Line Direction',#5667,1.) ;
#5680=VECTOR('Line Direction',#5679,1.) ;
#5685=VECTOR('Line Direction',#5684,1.) ;
#5752=VECTOR('Line Direction',#5751,1.) ;
#5771=VECTOR('Line Direction',#5770,1.) ;
#5778=VECTOR('Line Direction',#5777,1.) ;
#5785=VECTOR('Line Direction',#5784,1.) ;
#5804=VECTOR('Line Direction',#5803,1.) ;
#5823=VECTOR('Line Direction',#5822,1.) ;
#5830=VECTOR('Line Direction',#5829,1.) ;
#5837=VECTOR('Line Direction',#5836,1.) ;
#5849=VECTOR('Line Direction',#5848,1.) ;
#5856=VECTOR('Line Direction',#5855,1.) ;
#5863=VECTOR('Line Direction',#5862,1.) ;
#5875=VECTOR('Line Direction',#5874,1.) ;
#5882=VECTOR('Line Direction',#5881,1.) ;
#5889=VECTOR('Line Direction',#5888,1.) ;
#5901=VECTOR('Line Direction',#5900,1.) ;
#5908=VECTOR('Line Direction',#5907,1.) ;
#5915=VECTOR('Line Direction',#5914,1.) ;
#5927=VECTOR('Line Direction',#5926,1.) ;
#5934=VECTOR('Line Direction',#5933,1.) ;
#5941=VECTOR('Line Direction',#5940,1.) ;
#5960=VECTOR('Line Direction',#5959,1.) ;
#5979=VECTOR('Line Direction',#5978,1.) ;
#5986=VECTOR('Line Direction',#5985,1.) ;
#5993=VECTOR('Line Direction',#5992,1.) ;
#6005=VECTOR('Line Direction',#6004,1.) ;
#6012=VECTOR('Line Direction',#6011,1.) ;
#6019=VECTOR('Line Direction',#6018,1.) ;
#6031=VECTOR('Line Direction',#6030,1.) ;
#6036=VECTOR('Line Direction',#6035,1.) ;
#6101=VECTOR('Line Direction',#6100,1.) ;
#6108=VECTOR('Line Direction',#6107,1.) ;
#6115=VECTOR('Line Direction',#6114,1.) ;
#6122=VECTOR('Line Direction',#6121,1.) ;
#6129=VECTOR('Line Direction',#6128,1.) ;
#6136=VECTOR('Line Direction',#6135,1.) ;
#6143=VECTOR('Line Direction',#6142,1.) ;
#6150=VECTOR('Line Direction',#6149,1.) ;
#6157=VECTOR('Line Direction',#6156,1.) ;
#6164=VECTOR('Line Direction',#6163,1.) ;
#6171=VECTOR('Line Direction',#6170,1.) ;
#6178=VECTOR('Line Direction',#6177,1.) ;
#6185=VECTOR('Line Direction',#6184,1.) ;
#6192=VECTOR('Line Direction',#6191,1.) ;
#6199=VECTOR('Line Direction',#6198,1.) ;
#6206=VECTOR('Line Direction',#6205,1.) ;
#6213=VECTOR('Line Direction',#6212,1.) ;
#6220=VECTOR('Line Direction',#6219,1.) ;
#6227=VECTOR('Line Direction',#6226,1.) ;
#6234=VECTOR('Line Direction',#6233,1.) ;
#6241=VECTOR('Line Direction',#6240,1.) ;
#6248=VECTOR('Line Direction',#6247,1.) ;
#6255=VECTOR('Line Direction',#6254,1.) ;
#6262=VECTOR('Line Direction',#6261,1.) ;
#6269=VECTOR('Line Direction',#6268,1.) ;
#6276=VECTOR('Line Direction',#6275,1.) ;
#6283=VECTOR('Line Direction',#6282,1.) ;
#6290=VECTOR('Line Direction',#6289,1.) ;
#6297=VECTOR('Line Direction',#6296,1.) ;
#6304=VECTOR('Line Direction',#6303,1.) ;
#6311=VECTOR('Line Direction',#6310,1.) ;
#6318=VECTOR('Line Direction',#6317,1.) ;
#6325=VECTOR('Line Direction',#6324,1.) ;
#6332=VECTOR('Line Direction',#6331,1.) ;
#6339=VECTOR('Line Direction',#6338,1.) ;
#6382=VECTOR('Line Direction',#6381,1.) ;
#6391=VECTOR('Line Direction',#6390,1.) ;
#6398=VECTOR('Line Direction',#6397,1.) ;
#6405=VECTOR('Line Direction',#6404,1.) ;
#6416=VECTOR('Line Direction',#6415,1.) ;
#6425=VECTOR('Line Direction',#6424,1.) ;
#6432=VECTOR('Line Direction',#6431,1.) ;
#6439=VECTOR('Line Direction',#6438,1.) ;
#6450=VECTOR('Line Direction',#6449,1.) ;
#6459=VECTOR('Line Direction',#6458,1.) ;
#6466=VECTOR('Line Direction',#6465,1.) ;
#6473=VECTOR('Line Direction',#6472,1.) ;
#6484=VECTOR('Line Direction',#6483,1.) ;
#6493=VECTOR('Line Direction',#6492,1.) ;
#6500=VECTOR('Line Direction',#6499,1.) ;
#6507=VECTOR('Line Direction',#6506,1.) ;
#6518=VECTOR('Line Direction',#6517,1.) ;
#6527=VECTOR('Line Direction',#6526,1.) ;
#6534=VECTOR('Line Direction',#6533,1.) ;
#6541=VECTOR('Line Direction',#6540,1.) ;
#6552=VECTOR('Line Direction',#6551,1.) ;
#6561=VECTOR('Line Direction',#6560,1.) ;
#6568=VECTOR('Line Direction',#6567,1.) ;
#6575=VECTOR('Line Direction',#6574,1.) ;
#6586=VECTOR('Line Direction',#6585,1.) ;
#6595=VECTOR('Line Direction',#6594,1.) ;
#6602=VECTOR('Line Direction',#6601,1.) ;
#6609=VECTOR('Line Direction',#6608,1.) ;
#6620=VECTOR('Line Direction',#6619,1.) ;
#6629=VECTOR('Line Direction',#6628,1.) ;
#6636=VECTOR('Line Direction',#6635,1.) ;
#6643=VECTOR('Line Direction',#6642,1.) ;
#6660=VECTOR('Line Direction',#6659,1.) ;
#6667=VECTOR('Line Direction',#6666,1.) ;
#6674=VECTOR('Line Direction',#6673,1.) ;
#6681=VECTOR('Line Direction',#6680,1.) ;
#6688=VECTOR('Line Direction',#6687,1.) ;
#6708=VECTOR('Line Direction',#6707,1.) ;
#6715=VECTOR('Line Direction',#6714,1.) ;
#6722=VECTOR('Line Direction',#6721,1.) ;
#6727=VECTOR('Line Direction',#6726,1.) ;
#6734=VECTOR('Line Direction',#6733,1.) ;
#6741=VECTOR('Line Direction',#6740,1.) ;
#6755=VECTOR('Line Direction',#6754,1.) ;
#6769=VECTOR('Line Direction',#6768,1.) ;
#6794=VECTOR('Line Direction',#6793,1.) ;
#6803=VECTOR('Line Direction',#6802,1.) ;
#6808=VECTOR('Line Direction',#6807,1.) ;
#6825=VECTOR('Line Direction',#6824,1.) ;
#6841=VECTOR('Line Direction',#6840,1.) ;
#6855=VECTOR('Line Direction',#6854,1.) ;
#6862=VECTOR('Line Direction',#6861,1.) ;
#6869=VECTOR('Line Direction',#6868,1.) ;
#6876=VECTOR('Line Direction',#6875,1.) ;
#6883=VECTOR('Line Direction',#6882,1.) ;
#6888=VECTOR('Line Direction',#6887,1.) ;
#6895=VECTOR('Line Direction',#6894,1.) ;
#6915=VECTOR('Line Direction',#6914,1.) ;
#6922=VECTOR('Line Direction',#6921,1.) ;
#6929=VECTOR('Line Direction',#6928,1.) ;
#6936=VECTOR('Line Direction',#6935,1.) ;
#6941=VECTOR('Line Direction',#6940,1.) ;
#6946=VECTOR('Line Direction',#6945,1.) ;
#6968=VECTOR('Line Direction',#6967,1.) ;
#6977=VECTOR('Line Direction',#6976,1.) ;
#6984=VECTOR('Line Direction',#6983,1.) ;
#6991=VECTOR('Line Direction',#6990,1.) ;
#7003=VECTOR('Line Direction',#7002,1.) ;
#7012=VECTOR('Line Direction',#7011,1.) ;
#7017=VECTOR('Line Direction',#7016,1.) ;
#7034=VECTOR('Line Direction',#7033,1.) ;
#7041=VECTOR('Line Direction',#7040,1.) ;
#7048=VECTOR('Line Direction',#7047,1.) ;
#7055=VECTOR('Line Direction',#7054,1.) ;
#7062=VECTOR('Line Direction',#7061,1.) ;
#7067=VECTOR('Line Direction',#7066,1.) ;
#7074=VECTOR('Line Direction',#7073,1.) ;
#7091=VECTOR('Line Direction',#7090,1.) ;
#7098=VECTOR('Line Direction',#7097,1.) ;
#7105=VECTOR('Line Direction',#7104,1.) ;
#7110=VECTOR('Line Direction',#7109,1.) ;
#7117=VECTOR('Line Direction',#7116,1.) ;
#7124=VECTOR('Line Direction',#7123,1.) ;
#7138=VECTOR('Line Direction',#7137,1.) ;
#7152=VECTOR('Line Direction',#7151,1.) ;
#7177=VECTOR('Line Direction',#7176,1.) ;
#7186=VECTOR('Line Direction',#7185,1.) ;
#7191=VECTOR('Line Direction',#7190,1.) ;
#7203=VECTOR('Line Direction',#7202,1.) ;
#7212=VECTOR('Line Direction',#7211,1.) ;
#7226=VECTOR('Line Direction',#7225,1.) ;
#7240=VECTOR('Line Direction',#7239,1.) ;
#7247=VECTOR('Line Direction',#7246,1.) ;
#7254=VECTOR('Line Direction',#7253,1.) ;
#7261=VECTOR('Line Direction',#7260,1.) ;
#7268=VECTOR('Line Direction',#7267,1.) ;
#7273=VECTOR('Line Direction',#7272,1.) ;
#7293=VECTOR('Line Direction',#7292,1.) ;
#7298=VECTOR('Line Direction',#7297,1.) ;
#7303=VECTOR('Line Direction',#7302,1.) ;
#7323=VECTOR('Line Direction',#7322,1.) ;
#7330=VECTOR('Line Direction',#7329,1.) ;
#7337=VECTOR('Line Direction',#7336,1.) ;
#7344=VECTOR('Line Direction',#7343,1.) ;
#7351=VECTOR('Line Direction',#7350,1.) ;
#7358=VECTOR('Line Direction',#7357,1.) ;
#7365=VECTOR('Line Direction',#7364,1.) ;
#7370=VECTOR('Line Direction',#7369,1.) ;
#7377=VECTOR('Line Direction',#7376,1.) ;
#7384=VECTOR('Line Direction',#7383,1.) ;
#7391=VECTOR('Line Direction',#7390,1.) ;
#7398=VECTOR('Line Direction',#7397,1.) ;
#7405=VECTOR('Line Direction',#7404,1.) ;
#7412=VECTOR('Line Direction',#7411,1.) ;
#7417=VECTOR('Line Direction',#7416,1.) ;
#7424=VECTOR('Line Direction',#7423,1.) ;
#7431=VECTOR('Line Direction',#7430,1.) ;
#7438=VECTOR('Line Direction',#7437,1.) ;
#7445=VECTOR('Line Direction',#7444,1.) ;
#7452=VECTOR('Line Direction',#7451,1.) ;
#7459=VECTOR('Line Direction',#7458,1.) ;
#7464=VECTOR('Line Direction',#7463,1.) ;
#7471=VECTOR('Line Direction',#7470,1.) ;
#7478=VECTOR('Line Direction',#7477,1.) ;
#7485=VECTOR('Line Direction',#7484,1.) ;
#7492=VECTOR('Line Direction',#7491,1.) ;
#7499=VECTOR('Line Direction',#7498,1.) ;
#7506=VECTOR('Line Direction',#7505,1.) ;
#7511=VECTOR('Line Direction',#7510,1.) ;
#7518=VECTOR('Line Direction',#7517,1.) ;
#7525=VECTOR('Line Direction',#7524,1.) ;
#7532=VECTOR('Line Direction',#7531,1.) ;
#7539=VECTOR('Line Direction',#7538,1.) ;
#7546=VECTOR('Line Direction',#7545,1.) ;
#7553=VECTOR('Line Direction',#7552,1.) ;
#7558=VECTOR('Line Direction',#7557,1.) ;
#7565=VECTOR('Line Direction',#7564,1.) ;
#7572=VECTOR('Line Direction',#7571,1.) ;
#7579=VECTOR('Line Direction',#7578,1.) ;
#7586=VECTOR('Line Direction',#7585,1.) ;
#7593=VECTOR('Line Direction',#7592,1.) ;
#7600=VECTOR('Line Direction',#7599,1.) ;
#7605=VECTOR('Line Direction',#7604,1.) ;
#7612=VECTOR('Line Direction',#7611,1.) ;
#7619=VECTOR('Line Direction',#7618,1.) ;
#7626=VECTOR('Line Direction',#7625,1.) ;
#7633=VECTOR('Line Direction',#7632,1.) ;
#7640=VECTOR('Line Direction',#7639,1.) ;
#7647=VECTOR('Line Direction',#7646,1.) ;
#7652=VECTOR('Line Direction',#7651,1.) ;
#7659=VECTOR('Line Direction',#7658,1.) ;
#7666=VECTOR('Line Direction',#7665,1.) ;
#7671=VECTOR('Line Direction',#7670,1.) ;
#7678=VECTOR('Line Direction',#7677,1.) ;
#7685=VECTOR('Line Direction',#7684,1.) ;
#7692=VECTOR('Line Direction',#7691,1.) ;
#7699=VECTOR('Line Direction',#7698,1.) ;
#7706=VECTOR('Line Direction',#7705,1.) ;
#7713=VECTOR('Line Direction',#7712,1.) ;
#7806=VECTOR('Line Direction',#7805,1.) ;
#7813=VECTOR('Line Direction',#7812,1.) ;
#7830=VECTOR('Line Direction',#7829,1.) ;
#7842=VECTOR('Line Direction',#7841,1.) ;
#7849=VECTOR('Line Direction',#7848,1.) ;
#7861=VECTOR('Line Direction',#7860,1.) ;
#7878=VECTOR('Line Direction',#7877,1.) ;
#7885=VECTOR('Line Direction',#7884,1.) ;
#7892=VECTOR('Line Direction',#7891,1.) ;
#7899=VECTOR('Line Direction',#7898,1.) ;
#7906=VECTOR('Line Direction',#7905,1.) ;
#7913=VECTOR('Line Direction',#7912,1.) ;
#7920=VECTOR('Line Direction',#7919,1.) ;
#7945=VECTOR('Line Direction',#7944,1.) ;
#7952=VECTOR('Line Direction',#7951,1.) ;
#7969=VECTOR('Line Direction',#7968,1.) ;
#7976=VECTOR('Line Direction',#7975,1.) ;
#7983=VECTOR('Line Direction',#7982,1.) ;
#7990=VECTOR('Line Direction',#7989,1.) ;
#7997=VECTOR('Line Direction',#7996,1.) ;
#8004=VECTOR('Line Direction',#8003,1.) ;
#8029=VECTOR('Line Direction',#8028,1.) ;
#8046=VECTOR('Line Direction',#8045,1.) ;
#8053=VECTOR('Line Direction',#8052,1.) ;
#8070=VECTOR('Line Direction',#8069,1.) ;
#8077=VECTOR('Line Direction',#8076,1.) ;
#8084=VECTOR('Line Direction',#8083,1.) ;
#8102=VECTOR('Line Direction',#8101,1.) ;
#8109=VECTOR('Line Direction',#8108,1.) ;
#8116=VECTOR('Line Direction',#8115,1.) ;
#8130=VECTOR('Line Direction',#8129,1.) ;
#8137=VECTOR('Line Direction',#8136,1.) ;
#8144=VECTOR('Line Direction',#8143,1.) ;
#8158=VECTOR('Line Direction',#8157,1.) ;
#8165=VECTOR('Line Direction',#8164,1.) ;
#8183=VECTOR('Line Direction',#8182,1.) ;
#8192=VECTOR('Line Direction',#8191,1.) ;
#8199=VECTOR('Line Direction',#8198,1.) ;
#8206=VECTOR('Line Direction',#8205,1.) ;
#8223=VECTOR('Line Direction',#8222,1.) ;
#8230=VECTOR('Line Direction',#8229,1.) ;
#8237=VECTOR('Line Direction',#8236,1.) ;
#8242=VECTOR('Line Direction',#8241,1.) ;
#8255=VECTOR('Line Direction',#8254,1.) ;
#8272=VECTOR('Line Direction',#8271,1.) ;
#8289=VECTOR('Line Direction',#8288,1.) ;
#8296=VECTOR('Line Direction',#8295,1.) ;
#8303=VECTOR('Line Direction',#8302,1.) ;
#8310=VECTOR('Line Direction',#8309,1.) ;
#8317=VECTOR('Line Direction',#8316,1.) ;
#8324=VECTOR('Line Direction',#8323,1.) ;
#8331=VECTOR('Line Direction',#8330,1.) ;
#8338=VECTOR('Line Direction',#8337,1.) ;
#8343=VECTOR('Line Direction',#8342,1.) ;
#8350=VECTOR('Line Direction',#8349,1.) ;
#8357=VECTOR('Line Direction',#8356,1.) ;
#8364=VECTOR('Line Direction',#8363,1.) ;
#8371=VECTOR('Line Direction',#8370,1.) ;
#8378=VECTOR('Line Direction',#8377,1.) ;
#8385=VECTOR('Line Direction',#8384,1.) ;
#8392=VECTOR('Line Direction',#8391,1.) ;
#8425=VECTOR('Line Direction',#8424,1.) ;
#8430=VECTOR('Line Direction',#8429,1.) ;
#8442=VECTOR('Line Direction',#8441,1.) ;
#8447=VECTOR('Line Direction',#8446,1.) ;
#8459=VECTOR('Line Direction',#8458,1.) ;
#8464=VECTOR('Line Direction',#8463,1.) ;
#8476=VECTOR('Line Direction',#8475,1.) ;
#8481=VECTOR('Line Direction',#8480,1.) ;
#8493=VECTOR('Line Direction',#8492,1.) ;
#8498=VECTOR('Line Direction',#8497,1.) ;
#8510=VECTOR('Line Direction',#8509,1.) ;
#8515=VECTOR('Line Direction',#8514,1.) ;
#8527=VECTOR('Line Direction',#8526,1.) ;
#8532=VECTOR('Line Direction',#8531,1.) ;
#8544=VECTOR('Line Direction',#8543,1.) ;
#8549=VECTOR('Line Direction',#8548,1.) ;
#8566=VECTOR('Line Direction',#8565,1.) ;
#8573=VECTOR('Line Direction',#8572,1.) ;
#8591=VECTOR('Line Direction',#8590,1.) ;
#8596=VECTOR('Line Direction',#8595,1.) ;
#8603=VECTOR('Line Direction',#8602,1.) ;
#8620=VECTOR('Line Direction',#8619,1.) ;
#8650=VECTOR('Line Direction',#8649,1.) ;
#8657=VECTOR('Line Direction',#8656,1.) ;
#8670=VECTOR('Line Direction',#8669,1.) ;
#8675=VECTOR('Line Direction',#8674,1.) ;
#8682=VECTOR('Line Direction',#8681,1.) ;
#8699=VECTOR('Line Direction',#8698,1.) ;
#8724=VECTOR('Line Direction',#8723,1.) ;
#8731=VECTOR('Line Direction',#8730,1.) ;
#8744=VECTOR('Line Direction',#8743,1.) ;
#8749=VECTOR('Line Direction',#8748,1.) ;
#8756=VECTOR('Line Direction',#8755,1.) ;
#8773=VECTOR('Line Direction',#8772,1.) ;
#8798=VECTOR('Line Direction',#8797,1.) ;
#8805=VECTOR('Line Direction',#8804,1.) ;
#8818=VECTOR('Line Direction',#8817,1.) ;
#8823=VECTOR('Line Direction',#8822,1.) ;
#8830=VECTOR('Line Direction',#8829,1.) ;
#8847=VECTOR('Line Direction',#8846,1.) ;
#8872=VECTOR('Line Direction',#8871,1.) ;
#8879=VECTOR('Line Direction',#8878,1.) ;
#8892=VECTOR('Line Direction',#8891,1.) ;
#8897=VECTOR('Line Direction',#8896,1.) ;
#8904=VECTOR('Line Direction',#8903,1.) ;
#8921=VECTOR('Line Direction',#8920,1.) ;
#8946=VECTOR('Line Direction',#8945,1.) ;
#8953=VECTOR('Line Direction',#8952,1.) ;
#8966=VECTOR('Line Direction',#8965,1.) ;
#8971=VECTOR('Line Direction',#8970,1.) ;
#8978=VECTOR('Line Direction',#8977,1.) ;
#8995=VECTOR('Line Direction',#8994,1.) ;
#9020=VECTOR('Line Direction',#9019,1.) ;
#9027=VECTOR('Line Direction',#9026,1.) ;
#9040=VECTOR('Line Direction',#9039,1.) ;
#9045=VECTOR('Line Direction',#9044,1.) ;
#9052=VECTOR('Line Direction',#9051,1.) ;
#9069=VECTOR('Line Direction',#9068,1.) ;
#9094=VECTOR('Line Direction',#9093,1.) ;
#9101=VECTOR('Line Direction',#9100,1.) ;
#9114=VECTOR('Line Direction',#9113,1.) ;
#9119=VECTOR('Line Direction',#9118,1.) ;
#9126=VECTOR('Line Direction',#9125,1.) ;
#9143=VECTOR('Line Direction',#9142,1.) ;
#9168=VECTOR('Line Direction',#9167,1.) ;
#9173=VECTOR('Line Direction',#9172,1.) ;
#9180=VECTOR('Line Direction',#9179,1.) ;
#9187=VECTOR('Line Direction',#9186,1.) ;
#9213=VECTOR('Line Direction',#9212,1.) ;
#9237=VECTOR('Line Direction',#9236,1.) ;
#9242=VECTOR('Line Direction',#9241,1.) ;
#9268=VECTOR('Line Direction',#9267,1.) ;
#9292=VECTOR('Line Direction',#9291,1.) ;
#9299=VECTOR('Line Direction',#9298,1.) ;
#9306=VECTOR('Line Direction',#9305,1.) ;
#9330=VECTOR('Line Direction',#9329,1.) ;
#9354=VECTOR('Line Direction',#9353,1.) ;
#9361=VECTOR('Line Direction',#9360,1.) ;
#9368=VECTOR('Line Direction',#9367,1.) ;
#9392=VECTOR('Line Direction',#9391,1.) ;
#9416=VECTOR('Line Direction',#9415,1.) ;
#9421=VECTOR('Line Direction',#9420,1.) ;
#9426=VECTOR('Line Direction',#9425,1.) ;
#9445=VECTOR('Line Direction',#9444,1.) ;
#9462=VECTOR('Line Direction',#9461,1.) ;
#9479=VECTOR('Line Direction',#9478,1.) ;
#9496=VECTOR('Line Direction',#9495,1.) ;
#9567=VECTOR('Line Direction',#9566,1.) ;
#9574=VECTOR('Line Direction',#9573,1.) ;
#9581=VECTOR('Line Direction',#9580,1.) ;
#9586=VECTOR('Line Direction',#9585,1.) ;
#9612=VECTOR('Line Direction',#9611,1.) ;
#9631=VECTOR('Line Direction',#9630,1.) ;
#9636=VECTOR('Line Direction',#9635,1.) ;
#9662=VECTOR('Line Direction',#9661,1.) ;
#9686=VECTOR('Line Direction',#9685,1.) ;
#9693=VECTOR('Line Direction',#9692,1.) ;
#9700=VECTOR('Line Direction',#9699,1.) ;
#9724=VECTOR('Line Direction',#9723,1.) ;
#9748=VECTOR('Line Direction',#9747,1.) ;
#9755=VECTOR('Line Direction',#9754,1.) ;
#9762=VECTOR('Line Direction',#9761,1.) ;
#9786=VECTOR('Line Direction',#9785,1.) ;
#9810=VECTOR('Line Direction',#9809,1.) ;
#9815=VECTOR('Line Direction',#9814,1.) ;
#9820=VECTOR('Line Direction',#9819,1.) ;
#9839=VECTOR('Line Direction',#9838,1.) ;
#9856=VECTOR('Line Direction',#9855,1.) ;
#9873=VECTOR('Line Direction',#9872,1.) ;
#9890=VECTOR('Line Direction',#9889,1.) ;
#9951=VECTOR('Line Direction',#9950,1.) ;
#9958=VECTOR('Line Direction',#9957,1.) ;
#9970=VECTOR('Line Direction',#9969,1.) ;
#9977=VECTOR('Line Direction',#9976,1.) ;
#9994=VECTOR('Line Direction',#9993,1.) ;
#10003=VECTOR('Line Direction',#10002,1.) ;
#10008=VECTOR('Line Direction',#10007,1.) ;
#10020=VECTOR('Line Direction',#10019,1.) ;
#10027=VECTOR('Line Direction',#10026,1.) ;
#10034=VECTOR('Line Direction',#10033,1.) ;
#10051=VECTOR('Line Direction',#10050,1.) ;
#10056=VECTOR('Line Direction',#10055,1.) ;
#10063=VECTOR('Line Direction',#10062,1.) ;
#10079=VECTOR('Line Direction',#10078,1.) ;
#10086=VECTOR('Line Direction',#10085,1.) ;
#10091=VECTOR('Line Direction',#10090,1.) ;
#10136=VECTOR('Line Direction',#10135,1.) ;
#10153=VECTOR('Line Direction',#10152,1.) ;
#10170=VECTOR('Line Direction',#10169,1.) ;
#10179=VECTOR('Line Direction',#10178,1.) ;
#10184=VECTOR('Line Direction',#10183,1.) ;
#10201=VECTOR('Line Direction',#10200,1.) ;
#10218=VECTOR('Line Direction',#10217,1.) ;
#10227=VECTOR('Line Direction',#10226,1.) ;
#10232=VECTOR('Line Direction',#10231,1.) ;
#10251=VECTOR('Line Direction',#10250,1.) ;
#10268=VECTOR('Line Direction',#10267,1.) ;
#10275=VECTOR('Line Direction',#10274,1.) ;
#10287=VECTOR('Line Direction',#10286,1.) ;
#10294=VECTOR('Line Direction',#10293,1.) ;
#10311=VECTOR('Line Direction',#10310,1.) ;
#10337=VECTOR('Line Direction',#10336,1.) ;
#10363=VECTOR('Line Direction',#10362,1.) ;
#10368=VECTOR('Line Direction',#10367,1.) ;
#10387=VECTOR('Line Direction',#10386,1.) ;
#10413=VECTOR('Line Direction',#10412,1.) ;
#10450=VECTOR('Line Direction',#10449,1.) ;
#10455=VECTOR('Line Direction',#10454,1.) ;
#10479=VECTOR('Line Direction',#10478,1.) ;
#10484=VECTOR('Line Direction',#10483,1.) ;
#10522=VECTOR('Line Direction',#10521,1.) ;
#10529=VECTOR('Line Direction',#10528,1.) ;
#10547=VECTOR('Line Direction',#10546,1.) ;
#10554=VECTOR('Line Direction',#10553,1.) ;
#10571=VECTOR('Line Direction',#10570,1.) ;
#10601=VECTOR('Line Direction',#10600,1.) ;
#10608=VECTOR('Line Direction',#10607,1.) ;
#10621=VECTOR('Line Direction',#10620,1.) ;
#10628=VECTOR('Line Direction',#10627,1.) ;
#10640=VECTOR('Line Direction',#10639,1.) ;
#10670=VECTOR('Line Direction',#10669,1.) ;
#10677=VECTOR('Line Direction',#10676,1.) ;
#10690=VECTOR('Line Direction',#10689,1.) ;
#10697=VECTOR('Line Direction',#10696,1.) ;
#10709=VECTOR('Line Direction',#10708,1.) ;
#10739=VECTOR('Line Direction',#10738,1.) ;
#10746=VECTOR('Line Direction',#10745,1.) ;
#10759=VECTOR('Line Direction',#10758,1.) ;
#10766=VECTOR('Line Direction',#10765,1.) ;
#10778=VECTOR('Line Direction',#10777,1.) ;
#10808=VECTOR('Line Direction',#10807,1.) ;
#10815=VECTOR('Line Direction',#10814,1.) ;
#10828=VECTOR('Line Direction',#10827,1.) ;
#10835=VECTOR('Line Direction',#10834,1.) ;
#10847=VECTOR('Line Direction',#10846,1.) ;
#10877=VECTOR('Line Direction',#10876,1.) ;
#10884=VECTOR('Line Direction',#10883,1.) ;
#10897=VECTOR('Line Direction',#10896,1.) ;
#10904=VECTOR('Line Direction',#10903,1.) ;
#10916=VECTOR('Line Direction',#10915,1.) ;
#10946=VECTOR('Line Direction',#10945,1.) ;
#10953=VECTOR('Line Direction',#10952,1.) ;
#10966=VECTOR('Line Direction',#10965,1.) ;
#10973=VECTOR('Line Direction',#10972,1.) ;
#10985=VECTOR('Line Direction',#10984,1.) ;
#11015=VECTOR('Line Direction',#11014,1.) ;
#11022=VECTOR('Line Direction',#11021,1.) ;
#11035=VECTOR('Line Direction',#11034,1.) ;
#11042=VECTOR('Line Direction',#11041,1.) ;
#11054=VECTOR('Line Direction',#11053,1.) ;
#15=UNCERTAINTY_MEASURE_WITH_UNIT(LENGTH_MEASURE(0.005),#12,'distance_accuracy_value','CONFUSED CURVE UNCERTAINTY') ;
#11078=SHAPE_REPRESENTATION_RELATIONSHIP(' ',' ',#19,#11077) ;
#121=ORIENTED_EDGE('',*,*,#44,.T.) ;
#122=ORIENTED_EDGE('',*,*,#51,.T.) ;
#123=ORIENTED_EDGE('',*,*,#58,.T.) ;
#124=ORIENTED_EDGE('',*,*,#65,.F.) ;
#125=ORIENTED_EDGE('',*,*,#72,.F.) ;
#126=ORIENTED_EDGE('',*,*,#79,.T.) ;
#127=ORIENTED_EDGE('',*,*,#86,.F.) ;
#128=ORIENTED_EDGE('',*,*,#93,.F.) ;
#129=ORIENTED_EDGE('',*,*,#100,.T.) ;
#130=ORIENTED_EDGE('',*,*,#107,.T.) ;
#131=ORIENTED_EDGE('',*,*,#114,.F.) ;
#132=ORIENTED_EDGE('',*,*,#119,.T.) ;
#160=ORIENTED_EDGE('',*,*,#148,.F.) ;
#161=ORIENTED_EDGE('',*,*,#153,.F.) ;
#162=ORIENTED_EDGE('',*,*,#93,.T.) ;
#163=ORIENTED_EDGE('',*,*,#158,.F.) ;
#191=ORIENTED_EDGE('',*,*,#119,.F.) ;
#192=ORIENTED_EDGE('',*,*,#177,.F.) ;
#193=ORIENTED_EDGE('',*,*,#184,.T.) ;
#194=ORIENTED_EDGE('',*,*,#189,.F.) ;
#222=ORIENTED_EDGE('',*,*,#208,.T.) ;
#223=ORIENTED_EDGE('',*,*,#58,.F.) ;
#224=ORIENTED_EDGE('',*,*,#215,.T.) ;
#225=ORIENTED_EDGE('',*,*,#220,.T.) ;
#253=ORIENTED_EDGE('',*,*,#239,.T.) ;
#254=ORIENTED_EDGE('',*,*,#246,.F.) ;
#255=ORIENTED_EDGE('',*,*,#251,.T.) ;
#256=ORIENTED_EDGE('',*,*,#72,.T.) ;
#284=ORIENTED_EDGE('',*,*,#270,.F.) ;
#285=ORIENTED_EDGE('',*,*,#220,.F.) ;
#286=ORIENTED_EDGE('',*,*,#277,.T.) ;
#287=ORIENTED_EDGE('',*,*,#282,.T.) ;
#315=ORIENTED_EDGE('',*,*,#301,.T.) ;
#316=ORIENTED_EDGE('',*,*,#282,.F.) ;
#317=ORIENTED_EDGE('',*,*,#308,.T.) ;
#318=ORIENTED_EDGE('',*,*,#313,.T.) ;
#346=ORIENTED_EDGE('',*,*,#332,.T.) ;
#347=ORIENTED_EDGE('',*,*,#339,.T.) ;
#348=ORIENTED_EDGE('',*,*,#344,.F.) ;
#349=ORIENTED_EDGE('',*,*,#313,.F.) ;
#377=ORIENTED_EDGE('',*,*,#363,.T.) ;
#378=ORIENTED_EDGE('',*,*,#339,.F.) ;
#379=ORIENTED_EDGE('',*,*,#370,.T.) ;
#380=ORIENTED_EDGE('',*,*,#375,.T.) ;
#399=ORIENTED_EDGE('',*,*,#392,.F.) ;
#400=ORIENTED_EDGE('',*,*,#375,.F.) ;
#401=ORIENTED_EDGE('',*,*,#397,.T.) ;
#402=ORIENTED_EDGE('',*,*,#246,.T.) ;
#486=ORIENTED_EDGE('',*,*,#418,.F.) ;
#487=ORIENTED_EDGE('',*,*,#425,.F.) ;
#488=ORIENTED_EDGE('',*,*,#432,.F.) ;
#489=ORIENTED_EDGE('',*,*,#437,.F.) ;
#490=ORIENTED_EDGE('',*,*,#79,.F.) ;
#491=ORIENTED_EDGE('',*,*,#251,.F.) ;
#492=ORIENTED_EDGE('',*,*,#397,.F.) ;
#493=ORIENTED_EDGE('',*,*,#370,.F.) ;
#494=ORIENTED_EDGE('',*,*,#332,.F.) ;
#495=ORIENTED_EDGE('',*,*,#308,.F.) ;
#496=ORIENTED_EDGE('',*,*,#277,.F.) ;
#497=ORIENTED_EDGE('',*,*,#215,.F.) ;
#498=ORIENTED_EDGE('',*,*,#51,.F.) ;
#499=ORIENTED_EDGE('',*,*,#444,.F.) ;
#500=ORIENTED_EDGE('',*,*,#451,.F.) ;
#501=ORIENTED_EDGE('',*,*,#458,.F.) ;
#502=ORIENTED_EDGE('',*,*,#465,.F.) ;
#503=ORIENTED_EDGE('',*,*,#472,.F.) ;
#504=ORIENTED_EDGE('',*,*,#479,.F.) ;
#505=ORIENTED_EDGE('',*,*,#484,.F.) ;
#528=ORIENTED_EDGE('',*,*,#514,.F.) ;
#529=ORIENTED_EDGE('',*,*,#521,.F.) ;
#530=ORIENTED_EDGE('',*,*,#526,.F.) ;
#531=ORIENTED_EDGE('',*,*,#107,.F.) ;
#540=ORIENTED_EDGE('',*,*,#344,.T.) ;
#541=ORIENTED_EDGE('',*,*,#363,.F.) ;
#542=ORIENTED_EDGE('',*,*,#392,.T.) ;
#543=ORIENTED_EDGE('',*,*,#239,.F.) ;
#544=ORIENTED_EDGE('',*,*,#65,.T.) ;
#545=ORIENTED_EDGE('',*,*,#208,.F.) ;
#546=ORIENTED_EDGE('',*,*,#270,.T.) ;
#547=ORIENTED_EDGE('',*,*,#301,.F.) ;
#690=ORIENTED_EDGE('',*,*,#557,.F.) ;
#691=ORIENTED_EDGE('',*,*,#564,.F.) ;
#692=ORIENTED_EDGE('',*,*,#571,.F.) ;
#693=ORIENTED_EDGE('',*,*,#578,.F.) ;
#694=ORIENTED_EDGE('',*,*,#585,.F.) ;
#695=ORIENTED_EDGE('',*,*,#592,.F.) ;
#696=ORIENTED_EDGE('',*,*,#599,.F.) ;
#697=ORIENTED_EDGE('',*,*,#606,.F.) ;
#698=ORIENTED_EDGE('',*,*,#613,.F.) ;
#699=ORIENTED_EDGE('',*,*,#620,.F.) ;
#700=ORIENTED_EDGE('',*,*,#627,.F.) ;
#701=ORIENTED_EDGE('',*,*,#634,.F.) ;
#702=ORIENTED_EDGE('',*,*,#641,.F.) ;
#703=ORIENTED_EDGE('',*,*,#648,.T.) ;
#704=ORIENTED_EDGE('',*,*,#655,.F.) ;
#705=ORIENTED_EDGE('',*,*,#662,.F.) ;
#706=ORIENTED_EDGE('',*,*,#669,.F.) ;
#707=ORIENTED_EDGE('',*,*,#676,.F.) ;
#708=ORIENTED_EDGE('',*,*,#683,.F.) ;
#709=ORIENTED_EDGE('',*,*,#688,.F.) ;
#743=ORIENTED_EDGE('',*,*,#726,.T.) ;
#744=ORIENTED_EDGE('',*,*,#733,.F.) ;
#745=ORIENTED_EDGE('',*,*,#741,.F.) ;
#746=ORIENTED_EDGE('',*,*,#627,.T.) ;
#767=ORIENTED_EDGE('',*,*,#760,.T.) ;
#768=ORIENTED_EDGE('',*,*,#765,.F.) ;
#769=ORIENTED_EDGE('',*,*,#726,.F.) ;
#770=ORIENTED_EDGE('',*,*,#620,.T.) ;
#801=ORIENTED_EDGE('',*,*,#787,.T.) ;
#802=ORIENTED_EDGE('',*,*,#794,.F.) ;
#803=ORIENTED_EDGE('',*,*,#799,.T.) ;
#804=ORIENTED_EDGE('',*,*,#592,.T.) ;
#835=ORIENTED_EDGE('',*,*,#818,.T.) ;
#836=ORIENTED_EDGE('',*,*,#825,.F.) ;
#837=ORIENTED_EDGE('',*,*,#833,.F.) ;
#838=ORIENTED_EDGE('',*,*,#662,.T.) ;
#859=ORIENTED_EDGE('',*,*,#741,.T.) ;
#860=ORIENTED_EDGE('',*,*,#852,.F.) ;
#861=ORIENTED_EDGE('',*,*,#857,.T.) ;
#862=ORIENTED_EDGE('',*,*,#634,.T.) ;
#886=ORIENTED_EDGE('',*,*,#833,.T.) ;
#887=ORIENTED_EDGE('',*,*,#876,.F.) ;
#888=ORIENTED_EDGE('',*,*,#884,.F.) ;
#889=ORIENTED_EDGE('',*,*,#669,.T.) ;
#913=ORIENTED_EDGE('',*,*,#906,.T.) ;
#914=ORIENTED_EDGE('',*,*,#911,.F.) ;
#915=ORIENTED_EDGE('',*,*,#787,.F.) ;
#916=ORIENTED_EDGE('',*,*,#585,.T.) ;
#940=ORIENTED_EDGE('',*,*,#884,.T.) ;
#941=ORIENTED_EDGE('',*,*,#930,.F.) ;
#942=ORIENTED_EDGE('',*,*,#938,.F.) ;
#943=ORIENTED_EDGE('',*,*,#676,.T.) ;
#967=ORIENTED_EDGE('',*,*,#960,.T.) ;
#968=ORIENTED_EDGE('',*,*,#965,.F.) ;
#969=ORIENTED_EDGE('',*,*,#906,.F.) ;
#970=ORIENTED_EDGE('',*,*,#578,.T.) ;
#994=ORIENTED_EDGE('',*,*,#987,.T.) ;
#995=ORIENTED_EDGE('',*,*,#992,.F.) ;
#996=ORIENTED_EDGE('',*,*,#960,.F.) ;
#997=ORIENTED_EDGE('',*,*,#571,.T.) ;
#1020=ORIENTED_EDGE('',*,*,#1013,.T.) ;
#1021=ORIENTED_EDGE('',*,*,#1018,.F.) ;
#1022=ORIENTED_EDGE('',*,*,#987,.F.) ;
#1023=ORIENTED_EDGE('',*,*,#564,.T.) ;
#1056=ORIENTED_EDGE('',*,*,#1040,.T.) ;
#1057=ORIENTED_EDGE('',*,*,#1047,.F.) ;
#1058=ORIENTED_EDGE('',*,*,#1054,.T.) ;
#1059=ORIENTED_EDGE('',*,*,#688,.T.) ;
#1073=ORIENTED_EDGE('',*,*,#938,.T.) ;
#1074=ORIENTED_EDGE('',*,*,#1071,.F.) ;
#1075=ORIENTED_EDGE('',*,*,#1040,.F.) ;
#1076=ORIENTED_EDGE('',*,*,#683,.T.) ;
#1113=ORIENTED_EDGE('',*,*,#1092,.T.) ;
#1114=ORIENTED_EDGE('',*,*,#1099,.F.) ;
#1115=ORIENTED_EDGE('',*,*,#1106,.F.) ;
#1116=ORIENTED_EDGE('',*,*,#1111,.T.) ;
#1156=ORIENTED_EDGE('',*,*,#1130,.F.) ;
#1157=ORIENTED_EDGE('',*,*,#1137,.F.) ;
#1158=ORIENTED_EDGE('',*,*,#1144,.F.) ;
#1159=ORIENTED_EDGE('',*,*,#1149,.F.) ;
#1160=ORIENTED_EDGE('',*,*,#1092,.F.) ;
#1161=ORIENTED_EDGE('',*,*,#1154,.F.) ;
#1162=ORIENTED_EDGE('',*,*,#514,.T.) ;
#1163=ORIENTED_EDGE('',*,*,#100,.F.) ;
#1164=ORIENTED_EDGE('',*,*,#153,.T.) ;
#1185=ORIENTED_EDGE('',*,*,#1149,.T.) ;
#1186=ORIENTED_EDGE('',*,*,#1178,.F.) ;
#1187=ORIENTED_EDGE('',*,*,#1183,.T.) ;
#1188=ORIENTED_EDGE('',*,*,#1099,.T.) ;
#1221=ORIENTED_EDGE('',*,*,#158,.T.) ;
#1222=ORIENTED_EDGE('',*,*,#86,.T.) ;
#1223=ORIENTED_EDGE('',*,*,#437,.T.) ;
#1224=ORIENTED_EDGE('',*,*,#1200,.T.) ;
#1225=ORIENTED_EDGE('',*,*,#1106,.T.) ;
#1226=ORIENTED_EDGE('',*,*,#1183,.F.) ;
#1227=ORIENTED_EDGE('',*,*,#1207,.T.) ;
#1228=ORIENTED_EDGE('',*,*,#1214,.T.) ;
#1229=ORIENTED_EDGE('',*,*,#1219,.T.) ;
#1243=ORIENTED_EDGE('',*,*,#1144,.T.) ;
#1244=ORIENTED_EDGE('',*,*,#1241,.F.) ;
#1245=ORIENTED_EDGE('',*,*,#1207,.F.) ;
#1246=ORIENTED_EDGE('',*,*,#1178,.T.) ;
#1263=ORIENTED_EDGE('',*,*,#1256,.T.) ;
#1264=ORIENTED_EDGE('',*,*,#1261,.T.) ;
#1278=ORIENTED_EDGE('',*,*,#1137,.T.) ;
#1279=ORIENTED_EDGE('',*,*,#1276,.F.) ;
#1280=ORIENTED_EDGE('',*,*,#1214,.F.) ;
#1281=ORIENTED_EDGE('',*,*,#1241,.T.) ;
#1290=ORIENTED_EDGE('',*,*,#1219,.F.) ;
#1291=ORIENTED_EDGE('',*,*,#1276,.T.) ;
#1292=ORIENTED_EDGE('',*,*,#1130,.T.) ;
#1293=ORIENTED_EDGE('',*,*,#148,.T.) ;
#1310=ORIENTED_EDGE('',*,*,#1303,.F.) ;
#1311=ORIENTED_EDGE('',*,*,#1308,.F.) ;
#1367=ORIENTED_EDGE('',*,*,#1325,.T.) ;
#1368=ORIENTED_EDGE('',*,*,#1332,.F.) ;
#1369=ORIENTED_EDGE('',*,*,#1339,.T.) ;
#1370=ORIENTED_EDGE('',*,*,#1346,.F.) ;
#1371=ORIENTED_EDGE('',*,*,#1353,.F.) ;
#1372=ORIENTED_EDGE('',*,*,#1360,.F.) ;
#1373=ORIENTED_EDGE('',*,*,#1365,.F.) ;
#1374=ORIENTED_EDGE('',*,*,#418,.T.) ;
#1395=ORIENTED_EDGE('',*,*,#1388,.T.) ;
#1396=ORIENTED_EDGE('',*,*,#1325,.F.) ;
#1397=ORIENTED_EDGE('',*,*,#484,.T.) ;
#1398=ORIENTED_EDGE('',*,*,#1393,.T.) ;
#1419=ORIENTED_EDGE('',*,*,#1412,.T.) ;
#1420=ORIENTED_EDGE('',*,*,#1417,.F.) ;
#1421=ORIENTED_EDGE('',*,*,#425,.T.) ;
#1422=ORIENTED_EDGE('',*,*,#1365,.T.) ;
#1466=ORIENTED_EDGE('',*,*,#1438,.T.) ;
#1467=ORIENTED_EDGE('',*,*,#1445,.F.) ;
#1468=ORIENTED_EDGE('',*,*,#1452,.F.) ;
#1469=ORIENTED_EDGE('',*,*,#1459,.T.) ;
#1470=ORIENTED_EDGE('',*,*,#1464,.F.) ;
#1509=ORIENTED_EDGE('',*,*,#1481,.T.) ;
#1510=ORIENTED_EDGE('',*,*,#1488,.F.) ;
#1511=ORIENTED_EDGE('',*,*,#1495,.F.) ;
#1512=ORIENTED_EDGE('',*,*,#1502,.T.) ;
#1513=ORIENTED_EDGE('',*,*,#1507,.F.) ;
#1536=ORIENTED_EDGE('',*,*,#1360,.T.) ;
#1537=ORIENTED_EDGE('',*,*,#1522,.F.) ;
#1538=ORIENTED_EDGE('',*,*,#1529,.F.) ;
#1539=ORIENTED_EDGE('',*,*,#1534,.T.) ;
#1540=ORIENTED_EDGE('',*,*,#1412,.F.) ;
#1563=ORIENTED_EDGE('',*,*,#1549,.T.) ;
#1564=ORIENTED_EDGE('',*,*,#1556,.F.) ;
#1565=ORIENTED_EDGE('',*,*,#1561,.F.) ;
#1566=ORIENTED_EDGE('',*,*,#1332,.T.) ;
#1567=ORIENTED_EDGE('',*,*,#1388,.F.) ;
#1852=ORIENTED_EDGE('',*,*,#1393,.F.) ;
#1853=ORIENTED_EDGE('',*,*,#479,.T.) ;
#1854=ORIENTED_EDGE('',*,*,#1579,.T.) ;
#1855=ORIENTED_EDGE('',*,*,#1502,.F.) ;
#1856=ORIENTED_EDGE('',*,*,#1586,.T.) ;
#1857=ORIENTED_EDGE('',*,*,#1593,.F.) ;
#1858=ORIENTED_EDGE('',*,*,#1600,.T.) ;
#1859=ORIENTED_EDGE('',*,*,#1607,.F.) ;
#1860=ORIENTED_EDGE('',*,*,#1614,.F.) ;
#1861=ORIENTED_EDGE('',*,*,#1621,.T.) ;
#1862=ORIENTED_EDGE('',*,*,#1628,.F.) ;
#1863=ORIENTED_EDGE('',*,*,#1635,.F.) ;
#1864=ORIENTED_EDGE('',*,*,#1642,.F.) ;
#1865=ORIENTED_EDGE('',*,*,#1649,.T.) ;
#1866=ORIENTED_EDGE('',*,*,#1656,.F.) ;
#1867=ORIENTED_EDGE('',*,*,#1663,.F.) ;
#1868=ORIENTED_EDGE('',*,*,#1670,.F.) ;
#1869=ORIENTED_EDGE('',*,*,#1677,.T.) ;
#1870=ORIENTED_EDGE('',*,*,#1684,.F.) ;
#1871=ORIENTED_EDGE('',*,*,#1691,.F.) ;
#1872=ORIENTED_EDGE('',*,*,#1698,.F.) ;
#1873=ORIENTED_EDGE('',*,*,#1705,.T.) ;
#1874=ORIENTED_EDGE('',*,*,#1712,.F.) ;
#1875=ORIENTED_EDGE('',*,*,#1719,.F.) ;
#1876=ORIENTED_EDGE('',*,*,#1726,.F.) ;
#1877=ORIENTED_EDGE('',*,*,#1733,.T.) ;
#1878=ORIENTED_EDGE('',*,*,#1740,.F.) ;
#1879=ORIENTED_EDGE('',*,*,#1747,.F.) ;
#1880=ORIENTED_EDGE('',*,*,#1754,.F.) ;
#1881=ORIENTED_EDGE('',*,*,#1761,.T.) ;
#1882=ORIENTED_EDGE('',*,*,#1768,.F.) ;
#1883=ORIENTED_EDGE('',*,*,#1775,.F.) ;
#1884=ORIENTED_EDGE('',*,*,#1782,.F.) ;
#1885=ORIENTED_EDGE('',*,*,#1789,.T.) ;
#1886=ORIENTED_EDGE('',*,*,#1796,.F.) ;
#1887=ORIENTED_EDGE('',*,*,#1803,.F.) ;
#1888=ORIENTED_EDGE('',*,*,#1810,.F.) ;
#1889=ORIENTED_EDGE('',*,*,#1817,.T.) ;
#1890=ORIENTED_EDGE('',*,*,#1824,.F.) ;
#1891=ORIENTED_EDGE('',*,*,#1831,.F.) ;
#1892=ORIENTED_EDGE('',*,*,#1838,.F.) ;
#1893=ORIENTED_EDGE('',*,*,#1845,.F.) ;
#1894=ORIENTED_EDGE('',*,*,#1850,.F.) ;
#1895=ORIENTED_EDGE('',*,*,#1549,.F.) ;
#1909=ORIENTED_EDGE('',*,*,#1507,.T.) ;
#1910=ORIENTED_EDGE('',*,*,#1579,.F.) ;
#1911=ORIENTED_EDGE('',*,*,#472,.T.) ;
#1912=ORIENTED_EDGE('',*,*,#1907,.T.) ;
#1964=ORIENTED_EDGE('',*,*,#1924,.F.) ;
#1965=ORIENTED_EDGE('',*,*,#451,.T.) ;
#1966=ORIENTED_EDGE('',*,*,#1931,.T.) ;
#1967=ORIENTED_EDGE('',*,*,#1938,.T.) ;
#1968=ORIENTED_EDGE('',*,*,#1943,.F.) ;
#1969=ORIENTED_EDGE('',*,*,#521,.T.) ;
#1970=ORIENTED_EDGE('',*,*,#1154,.T.) ;
#1971=ORIENTED_EDGE('',*,*,#1111,.F.) ;
#1972=ORIENTED_EDGE('',*,*,#1200,.F.) ;
#1973=ORIENTED_EDGE('',*,*,#432,.T.) ;
#1974=ORIENTED_EDGE('',*,*,#1417,.T.) ;
#1975=ORIENTED_EDGE('',*,*,#1534,.F.) ;
#1976=ORIENTED_EDGE('',*,*,#1950,.T.) ;
#1977=ORIENTED_EDGE('',*,*,#1957,.F.) ;
#1978=ORIENTED_EDGE('',*,*,#1962,.F.) ;
#1979=ORIENTED_EDGE('',*,*,#1438,.F.) ;
#1993=ORIENTED_EDGE('',*,*,#1464,.T.) ;
#1994=ORIENTED_EDGE('',*,*,#1991,.F.) ;
#1995=ORIENTED_EDGE('',*,*,#458,.T.) ;
#1996=ORIENTED_EDGE('',*,*,#1924,.T.) ;
#2024=ORIENTED_EDGE('',*,*,#1907,.F.) ;
#2025=ORIENTED_EDGE('',*,*,#465,.T.) ;
#2026=ORIENTED_EDGE('',*,*,#1991,.T.) ;
#2027=ORIENTED_EDGE('',*,*,#1459,.F.) ;
#2028=ORIENTED_EDGE('',*,*,#2010,.T.) ;
#2029=ORIENTED_EDGE('',*,*,#2017,.F.) ;
#2030=ORIENTED_EDGE('',*,*,#2022,.F.) ;
#2031=ORIENTED_EDGE('',*,*,#1481,.F.) ;
#2054=ORIENTED_EDGE('',*,*,#1938,.F.) ;
#2055=ORIENTED_EDGE('',*,*,#2040,.T.) ;
#2056=ORIENTED_EDGE('',*,*,#2047,.T.) ;
#2057=ORIENTED_EDGE('',*,*,#2052,.F.) ;
#2092=ORIENTED_EDGE('',*,*,#177,.T.) ;
#2093=ORIENTED_EDGE('',*,*,#114,.T.) ;
#2094=ORIENTED_EDGE('',*,*,#526,.T.) ;
#2095=ORIENTED_EDGE('',*,*,#1943,.T.) ;
#2096=ORIENTED_EDGE('',*,*,#2052,.T.) ;
#2097=ORIENTED_EDGE('',*,*,#2071,.F.) ;
#2098=ORIENTED_EDGE('',*,*,#2078,.T.) ;
#2099=ORIENTED_EDGE('',*,*,#2085,.T.) ;
#2100=ORIENTED_EDGE('',*,*,#2090,.T.) ;
#2121=ORIENTED_EDGE('',*,*,#2071,.T.) ;
#2122=ORIENTED_EDGE('',*,*,#2047,.F.) ;
#2123=ORIENTED_EDGE('',*,*,#2114,.T.) ;
#2124=ORIENTED_EDGE('',*,*,#2119,.T.) ;
#2152=ORIENTED_EDGE('',*,*,#2138,.F.) ;
#2153=ORIENTED_EDGE('',*,*,#2145,.F.) ;
#2154=ORIENTED_EDGE('',*,*,#2150,.F.) ;
#2155=ORIENTED_EDGE('',*,*,#2114,.F.) ;
#2156=ORIENTED_EDGE('',*,*,#2040,.F.) ;
#2157=ORIENTED_EDGE('',*,*,#1931,.F.) ;
#2158=ORIENTED_EDGE('',*,*,#444,.T.) ;
#2159=ORIENTED_EDGE('',*,*,#44,.F.) ;
#2160=ORIENTED_EDGE('',*,*,#189,.T.) ;
#2169=ORIENTED_EDGE('',*,*,#2150,.T.) ;
#2170=ORIENTED_EDGE('',*,*,#2167,.T.) ;
#2171=ORIENTED_EDGE('',*,*,#2078,.F.) ;
#2172=ORIENTED_EDGE('',*,*,#2119,.F.) ;
#2189=ORIENTED_EDGE('',*,*,#2182,.T.) ;
#2190=ORIENTED_EDGE('',*,*,#2187,.T.) ;
#2199=ORIENTED_EDGE('',*,*,#2167,.F.) ;
#2200=ORIENTED_EDGE('',*,*,#2145,.T.) ;
#2201=ORIENTED_EDGE('',*,*,#2197,.T.) ;
#2202=ORIENTED_EDGE('',*,*,#2085,.F.) ;
#2206=ORIENTED_EDGE('',*,*,#2090,.F.) ;
#2207=ORIENTED_EDGE('',*,*,#2197,.F.) ;
#2208=ORIENTED_EDGE('',*,*,#2138,.T.) ;
#2209=ORIENTED_EDGE('',*,*,#184,.F.) ;
#2226=ORIENTED_EDGE('',*,*,#2219,.F.) ;
#2227=ORIENTED_EDGE('',*,*,#2224,.F.) ;
#2248=ORIENTED_EDGE('',*,*,#1339,.F.) ;
#2249=ORIENTED_EDGE('',*,*,#1561,.T.) ;
#2250=ORIENTED_EDGE('',*,*,#2241,.T.) ;
#2251=ORIENTED_EDGE('',*,*,#2246,.F.) ;
#2265=ORIENTED_EDGE('',*,*,#2241,.F.) ;
#2266=ORIENTED_EDGE('',*,*,#1556,.T.) ;
#2267=ORIENTED_EDGE('',*,*,#1850,.T.) ;
#2268=ORIENTED_EDGE('',*,*,#2263,.F.) ;
#2289=ORIENTED_EDGE('',*,*,#1586,.F.) ;
#2290=ORIENTED_EDGE('',*,*,#1495,.T.) ;
#2291=ORIENTED_EDGE('',*,*,#2282,.T.) ;
#2292=ORIENTED_EDGE('',*,*,#2287,.F.) ;
#2301=ORIENTED_EDGE('',*,*,#2282,.F.) ;
#2302=ORIENTED_EDGE('',*,*,#1488,.T.) ;
#2303=ORIENTED_EDGE('',*,*,#2022,.T.) ;
#2304=ORIENTED_EDGE('',*,*,#2299,.F.) ;
#2325=ORIENTED_EDGE('',*,*,#2010,.F.) ;
#2326=ORIENTED_EDGE('',*,*,#1452,.T.) ;
#2327=ORIENTED_EDGE('',*,*,#2318,.T.) ;
#2328=ORIENTED_EDGE('',*,*,#2323,.F.) ;
#2337=ORIENTED_EDGE('',*,*,#2318,.F.) ;
#2338=ORIENTED_EDGE('',*,*,#1445,.T.) ;
#2339=ORIENTED_EDGE('',*,*,#1962,.T.) ;
#2340=ORIENTED_EDGE('',*,*,#2335,.F.) ;
#2356=ORIENTED_EDGE('',*,*,#1950,.F.) ;
#2357=ORIENTED_EDGE('',*,*,#1529,.T.) ;
#2358=ORIENTED_EDGE('',*,*,#2349,.T.) ;
#2359=ORIENTED_EDGE('',*,*,#2354,.F.) ;
#2368=ORIENTED_EDGE('',*,*,#2349,.F.) ;
#2369=ORIENTED_EDGE('',*,*,#1522,.T.) ;
#2370=ORIENTED_EDGE('',*,*,#1353,.T.) ;
#2371=ORIENTED_EDGE('',*,*,#2366,.F.) ;
#2427=ORIENTED_EDGE('',*,*,#1593,.T.) ;
#2428=ORIENTED_EDGE('',*,*,#2287,.T.) ;
#2429=ORIENTED_EDGE('',*,*,#2299,.T.) ;
#2430=ORIENTED_EDGE('',*,*,#2017,.T.) ;
#2431=ORIENTED_EDGE('',*,*,#2323,.T.) ;
#2432=ORIENTED_EDGE('',*,*,#2335,.T.) ;
#2433=ORIENTED_EDGE('',*,*,#1957,.T.) ;
#2434=ORIENTED_EDGE('',*,*,#2354,.T.) ;
#2435=ORIENTED_EDGE('',*,*,#2366,.T.) ;
#2436=ORIENTED_EDGE('',*,*,#1346,.T.) ;
#2437=ORIENTED_EDGE('',*,*,#2246,.T.) ;
#2438=ORIENTED_EDGE('',*,*,#2263,.T.) ;
#2439=ORIENTED_EDGE('',*,*,#1845,.T.) ;
#2440=ORIENTED_EDGE('',*,*,#2385,.F.) ;
#2441=ORIENTED_EDGE('',*,*,#2392,.F.) ;
#2442=ORIENTED_EDGE('',*,*,#2399,.F.) ;
#2443=ORIENTED_EDGE('',*,*,#2406,.F.) ;
#2444=ORIENTED_EDGE('',*,*,#2413,.F.) ;
#2445=ORIENTED_EDGE('',*,*,#2420,.F.) ;
#2446=ORIENTED_EDGE('',*,*,#2425,.F.) ;
#2474=ORIENTED_EDGE('',*,*,#2460,.F.) ;
#2475=ORIENTED_EDGE('',*,*,#2413,.T.) ;
#2476=ORIENTED_EDGE('',*,*,#2467,.T.) ;
#2477=ORIENTED_EDGE('',*,*,#2472,.F.) ;
#2498=ORIENTED_EDGE('',*,*,#2467,.F.) ;
#2499=ORIENTED_EDGE('',*,*,#2406,.T.) ;
#2500=ORIENTED_EDGE('',*,*,#2491,.T.) ;
#2501=ORIENTED_EDGE('',*,*,#2496,.F.) ;
#2522=ORIENTED_EDGE('',*,*,#2491,.F.) ;
#2523=ORIENTED_EDGE('',*,*,#2399,.T.) ;
#2524=ORIENTED_EDGE('',*,*,#2515,.T.) ;
#2525=ORIENTED_EDGE('',*,*,#2520,.F.) ;
#2560=ORIENTED_EDGE('',*,*,#2541,.F.) ;
#2561=ORIENTED_EDGE('',*,*,#2548,.F.) ;
#2562=ORIENTED_EDGE('',*,*,#2553,.F.) ;
#2563=ORIENTED_EDGE('',*,*,#2420,.T.) ;
#2564=ORIENTED_EDGE('',*,*,#2460,.T.) ;
#2565=ORIENTED_EDGE('',*,*,#2558,.F.) ;
#2597=ORIENTED_EDGE('',*,*,#2576,.F.) ;
#2598=ORIENTED_EDGE('',*,*,#2583,.F.) ;
#2599=ORIENTED_EDGE('',*,*,#2590,.F.) ;
#2600=ORIENTED_EDGE('',*,*,#2595,.F.) ;
#2632=ORIENTED_EDGE('',*,*,#2611,.F.) ;
#2633=ORIENTED_EDGE('',*,*,#2618,.F.) ;
#2634=ORIENTED_EDGE('',*,*,#2625,.F.) ;
#2635=ORIENTED_EDGE('',*,*,#2630,.F.) ;
#2667=ORIENTED_EDGE('',*,*,#2646,.F.) ;
#2668=ORIENTED_EDGE('',*,*,#2653,.F.) ;
#2669=ORIENTED_EDGE('',*,*,#2660,.F.) ;
#2670=ORIENTED_EDGE('',*,*,#2665,.F.) ;
#2702=ORIENTED_EDGE('',*,*,#2681,.F.) ;
#2703=ORIENTED_EDGE('',*,*,#2688,.F.) ;
#2704=ORIENTED_EDGE('',*,*,#2695,.F.) ;
#2705=ORIENTED_EDGE('',*,*,#2700,.F.) ;
#2737=ORIENTED_EDGE('',*,*,#2716,.F.) ;
#2738=ORIENTED_EDGE('',*,*,#2723,.F.) ;
#2739=ORIENTED_EDGE('',*,*,#2730,.F.) ;
#2740=ORIENTED_EDGE('',*,*,#2735,.F.) ;
#2772=ORIENTED_EDGE('',*,*,#2751,.F.) ;
#2773=ORIENTED_EDGE('',*,*,#2758,.F.) ;
#2774=ORIENTED_EDGE('',*,*,#2765,.F.) ;
#2775=ORIENTED_EDGE('',*,*,#2770,.F.) ;
#2807=ORIENTED_EDGE('',*,*,#2786,.F.) ;
#2808=ORIENTED_EDGE('',*,*,#2793,.F.) ;
#2809=ORIENTED_EDGE('',*,*,#2800,.F.) ;
#2810=ORIENTED_EDGE('',*,*,#2805,.F.) ;
#2840=ORIENTED_EDGE('',*,*,#2821,.F.) ;
#2841=ORIENTED_EDGE('',*,*,#2826,.F.) ;
#2842=ORIENTED_EDGE('',*,*,#2515,.F.) ;
#2843=ORIENTED_EDGE('',*,*,#2392,.T.) ;
#2844=ORIENTED_EDGE('',*,*,#2833,.T.) ;
#2845=ORIENTED_EDGE('',*,*,#2838,.F.) ;
#3006=ORIENTED_EDGE('',*,*,#2805,.T.) ;
#3007=ORIENTED_EDGE('',*,*,#2859,.F.) ;
#3008=ORIENTED_EDGE('',*,*,#2866,.F.) ;
#3009=ORIENTED_EDGE('',*,*,#2871,.F.) ;
#3010=ORIENTED_EDGE('',*,*,#2770,.T.) ;
#3011=ORIENTED_EDGE('',*,*,#2878,.F.) ;
#3012=ORIENTED_EDGE('',*,*,#2885,.F.) ;
#3013=ORIENTED_EDGE('',*,*,#2890,.F.) ;
#3014=ORIENTED_EDGE('',*,*,#2723,.T.) ;
#3015=ORIENTED_EDGE('',*,*,#2897,.F.) ;
#3016=ORIENTED_EDGE('',*,*,#2904,.F.) ;
#3017=ORIENTED_EDGE('',*,*,#2909,.F.) ;
#3018=ORIENTED_EDGE('',*,*,#2700,.T.) ;
#3019=ORIENTED_EDGE('',*,*,#2916,.F.) ;
#3020=ORIENTED_EDGE('',*,*,#2923,.F.) ;
#3021=ORIENTED_EDGE('',*,*,#2928,.F.) ;
#3022=ORIENTED_EDGE('',*,*,#2665,.T.) ;
#3023=ORIENTED_EDGE('',*,*,#2935,.F.) ;
#3024=ORIENTED_EDGE('',*,*,#2942,.F.) ;
#3025=ORIENTED_EDGE('',*,*,#2947,.F.) ;
#3026=ORIENTED_EDGE('',*,*,#2630,.T.) ;
#3027=ORIENTED_EDGE('',*,*,#2954,.F.) ;
#3028=ORIENTED_EDGE('',*,*,#2961,.F.) ;
#3029=ORIENTED_EDGE('',*,*,#2966,.F.) ;
#3030=ORIENTED_EDGE('',*,*,#2583,.T.) ;
#3031=ORIENTED_EDGE('',*,*,#2973,.F.) ;
#3032=ORIENTED_EDGE('',*,*,#2980,.F.) ;
#3033=ORIENTED_EDGE('',*,*,#2985,.F.) ;
#3034=ORIENTED_EDGE('',*,*,#2558,.T.) ;
#3035=ORIENTED_EDGE('',*,*,#2472,.T.) ;
#3036=ORIENTED_EDGE('',*,*,#2496,.T.) ;
#3037=ORIENTED_EDGE('',*,*,#2520,.T.) ;
#3038=ORIENTED_EDGE('',*,*,#2826,.T.) ;
#3039=ORIENTED_EDGE('',*,*,#2992,.F.) ;
#3040=ORIENTED_EDGE('',*,*,#2999,.F.) ;
#3041=ORIENTED_EDGE('',*,*,#3004,.F.) ;
#3055=ORIENTED_EDGE('',*,*,#2833,.F.) ;
#3056=ORIENTED_EDGE('',*,*,#2385,.T.) ;
#3057=ORIENTED_EDGE('',*,*,#1838,.T.) ;
#3058=ORIENTED_EDGE('',*,*,#3053,.F.) ;
#3072=ORIENTED_EDGE('',*,*,#2838,.T.) ;
#3073=ORIENTED_EDGE('',*,*,#3053,.T.) ;
#3074=ORIENTED_EDGE('',*,*,#1831,.T.) ;
#3075=ORIENTED_EDGE('',*,*,#3070,.F.) ;
#3089=ORIENTED_EDGE('',*,*,#2793,.T.) ;
#3090=ORIENTED_EDGE('',*,*,#3082,.F.) ;
#3091=ORIENTED_EDGE('',*,*,#1803,.T.) ;
#3092=ORIENTED_EDGE('',*,*,#3087,.F.) ;
#3106=ORIENTED_EDGE('',*,*,#2758,.T.) ;
#3107=ORIENTED_EDGE('',*,*,#3099,.F.) ;
#3108=ORIENTED_EDGE('',*,*,#1775,.T.) ;
#3109=ORIENTED_EDGE('',*,*,#3104,.F.) ;
#3123=ORIENTED_EDGE('',*,*,#2735,.T.) ;
#3124=ORIENTED_EDGE('',*,*,#3116,.F.) ;
#3125=ORIENTED_EDGE('',*,*,#1747,.T.) ;
#3126=ORIENTED_EDGE('',*,*,#3121,.F.) ;
#3140=ORIENTED_EDGE('',*,*,#2688,.T.) ;
#3141=ORIENTED_EDGE('',*,*,#3133,.F.) ;
#3142=ORIENTED_EDGE('',*,*,#1719,.T.) ;
#3143=ORIENTED_EDGE('',*,*,#3138,.F.) ;
#3157=ORIENTED_EDGE('',*,*,#2653,.T.) ;
#3158=ORIENTED_EDGE('',*,*,#3150,.F.) ;
#3159=ORIENTED_EDGE('',*,*,#1691,.T.) ;
#3160=ORIENTED_EDGE('',*,*,#3155,.F.) ;
#3174=ORIENTED_EDGE('',*,*,#2618,.T.) ;
#3175=ORIENTED_EDGE('',*,*,#3167,.F.) ;
#3176=ORIENTED_EDGE('',*,*,#1663,.T.) ;
#3177=ORIENTED_EDGE('',*,*,#3172,.F.) ;
#3191=ORIENTED_EDGE('',*,*,#2595,.T.) ;
#3192=ORIENTED_EDGE('',*,*,#3184,.F.) ;
#3193=ORIENTED_EDGE('',*,*,#1635,.T.) ;
#3194=ORIENTED_EDGE('',*,*,#3189,.F.) ;
#3208=ORIENTED_EDGE('',*,*,#1600,.F.) ;
#3209=ORIENTED_EDGE('',*,*,#2425,.T.) ;
#3210=ORIENTED_EDGE('',*,*,#2553,.T.) ;
#3211=ORIENTED_EDGE('',*,*,#3206,.F.) ;
#3220=ORIENTED_EDGE('',*,*,#1607,.T.) ;
#3221=ORIENTED_EDGE('',*,*,#3206,.T.) ;
#3222=ORIENTED_EDGE('',*,*,#2548,.T.) ;
#3223=ORIENTED_EDGE('',*,*,#3218,.F.) ;
#3251=ORIENTED_EDGE('',*,*,#3237,.F.) ;
#3252=ORIENTED_EDGE('',*,*,#3244,.T.) ;
#3253=ORIENTED_EDGE('',*,*,#3249,.T.) ;
#3254=ORIENTED_EDGE('',*,*,#2999,.T.) ;
#3282=ORIENTED_EDGE('',*,*,#3268,.T.) ;
#3283=ORIENTED_EDGE('',*,*,#3275,.F.) ;
#3284=ORIENTED_EDGE('',*,*,#3280,.F.) ;
#3285=ORIENTED_EDGE('',*,*,#1817,.F.) ;
#3313=ORIENTED_EDGE('',*,*,#3299,.T.) ;
#3314=ORIENTED_EDGE('',*,*,#3306,.F.) ;
#3315=ORIENTED_EDGE('',*,*,#3311,.F.) ;
#3316=ORIENTED_EDGE('',*,*,#3275,.T.) ;
#3344=ORIENTED_EDGE('',*,*,#3330,.T.) ;
#3345=ORIENTED_EDGE('',*,*,#3337,.F.) ;
#3346=ORIENTED_EDGE('',*,*,#3342,.F.) ;
#3347=ORIENTED_EDGE('',*,*,#3306,.T.) ;
#3375=ORIENTED_EDGE('',*,*,#3361,.T.) ;
#3376=ORIENTED_EDGE('',*,*,#3368,.F.) ;
#3377=ORIENTED_EDGE('',*,*,#3373,.F.) ;
#3378=ORIENTED_EDGE('',*,*,#3337,.T.) ;
#3406=ORIENTED_EDGE('',*,*,#3392,.T.) ;
#3407=ORIENTED_EDGE('',*,*,#3399,.F.) ;
#3408=ORIENTED_EDGE('',*,*,#3404,.F.) ;
#3409=ORIENTED_EDGE('',*,*,#3368,.T.) ;
#3437=ORIENTED_EDGE('',*,*,#3423,.T.) ;
#3438=ORIENTED_EDGE('',*,*,#3430,.F.) ;
#3439=ORIENTED_EDGE('',*,*,#3435,.F.) ;
#3440=ORIENTED_EDGE('',*,*,#3399,.T.) ;
#3468=ORIENTED_EDGE('',*,*,#3454,.T.) ;
#3469=ORIENTED_EDGE('',*,*,#3461,.F.) ;
#3470=ORIENTED_EDGE('',*,*,#3466,.F.) ;
#3471=ORIENTED_EDGE('',*,*,#3430,.T.) ;
#3499=ORIENTED_EDGE('',*,*,#3485,.T.) ;
#3500=ORIENTED_EDGE('',*,*,#3492,.F.) ;
#3501=ORIENTED_EDGE('',*,*,#3497,.F.) ;
#3502=ORIENTED_EDGE('',*,*,#3461,.T.) ;
#3530=ORIENTED_EDGE('',*,*,#3516,.T.) ;
#3531=ORIENTED_EDGE('',*,*,#3523,.F.) ;
#3532=ORIENTED_EDGE('',*,*,#3528,.F.) ;
#3533=ORIENTED_EDGE('',*,*,#3492,.T.) ;
#3561=ORIENTED_EDGE('',*,*,#3547,.T.) ;
#3562=ORIENTED_EDGE('',*,*,#3554,.F.) ;
#3563=ORIENTED_EDGE('',*,*,#3559,.F.) ;
#3564=ORIENTED_EDGE('',*,*,#3523,.T.) ;
#3583=ORIENTED_EDGE('',*,*,#3576,.T.) ;
#3584=ORIENTED_EDGE('',*,*,#3244,.F.) ;
#3585=ORIENTED_EDGE('',*,*,#3581,.F.) ;
#3586=ORIENTED_EDGE('',*,*,#3554,.T.) ;
#3595=ORIENTED_EDGE('',*,*,#2821,.T.) ;
#3596=ORIENTED_EDGE('',*,*,#3070,.T.) ;
#3597=ORIENTED_EDGE('',*,*,#1824,.T.) ;
#3598=ORIENTED_EDGE('',*,*,#3280,.T.) ;
#3599=ORIENTED_EDGE('',*,*,#3311,.T.) ;
#3600=ORIENTED_EDGE('',*,*,#3342,.T.) ;
#3601=ORIENTED_EDGE('',*,*,#3373,.T.) ;
#3602=ORIENTED_EDGE('',*,*,#3404,.T.) ;
#3603=ORIENTED_EDGE('',*,*,#3435,.T.) ;
#3604=ORIENTED_EDGE('',*,*,#3466,.T.) ;
#3605=ORIENTED_EDGE('',*,*,#3497,.T.) ;
#3606=ORIENTED_EDGE('',*,*,#3528,.T.) ;
#3607=ORIENTED_EDGE('',*,*,#3559,.T.) ;
#3608=ORIENTED_EDGE('',*,*,#3581,.T.) ;
#3609=ORIENTED_EDGE('',*,*,#3237,.T.) ;
#3610=ORIENTED_EDGE('',*,*,#2992,.T.) ;
#3619=ORIENTED_EDGE('',*,*,#3004,.T.) ;
#3620=ORIENTED_EDGE('',*,*,#3249,.F.) ;
#3621=ORIENTED_EDGE('',*,*,#3576,.F.) ;
#3622=ORIENTED_EDGE('',*,*,#3547,.F.) ;
#3623=ORIENTED_EDGE('',*,*,#3516,.F.) ;
#3624=ORIENTED_EDGE('',*,*,#3485,.F.) ;
#3625=ORIENTED_EDGE('',*,*,#3454,.F.) ;
#3626=ORIENTED_EDGE('',*,*,#3423,.F.) ;
#3627=ORIENTED_EDGE('',*,*,#3392,.F.) ;
#3628=ORIENTED_EDGE('',*,*,#3361,.F.) ;
#3629=ORIENTED_EDGE('',*,*,#3330,.F.) ;
#3630=ORIENTED_EDGE('',*,*,#3299,.F.) ;
#3631=ORIENTED_EDGE('',*,*,#3268,.F.) ;
#3632=ORIENTED_EDGE('',*,*,#1810,.T.) ;
#3633=ORIENTED_EDGE('',*,*,#3082,.T.) ;
#3634=ORIENTED_EDGE('',*,*,#2786,.T.) ;
#3657=ORIENTED_EDGE('',*,*,#3643,.F.) ;
#3658=ORIENTED_EDGE('',*,*,#3650,.T.) ;
#3659=ORIENTED_EDGE('',*,*,#3655,.T.) ;
#3660=ORIENTED_EDGE('',*,*,#2866,.T.) ;
#3683=ORIENTED_EDGE('',*,*,#3669,.T.) ;
#3684=ORIENTED_EDGE('',*,*,#3676,.F.) ;
#3685=ORIENTED_EDGE('',*,*,#3681,.F.) ;
#3686=ORIENTED_EDGE('',*,*,#1789,.F.) ;
#3709=ORIENTED_EDGE('',*,*,#3695,.T.) ;
#3710=ORIENTED_EDGE('',*,*,#3702,.F.) ;
#3711=ORIENTED_EDGE('',*,*,#3707,.F.) ;
#3712=ORIENTED_EDGE('',*,*,#3676,.T.) ;
#3735=ORIENTED_EDGE('',*,*,#3721,.T.) ;
#3736=ORIENTED_EDGE('',*,*,#3728,.F.) ;
#3737=ORIENTED_EDGE('',*,*,#3733,.F.) ;
#3738=ORIENTED_EDGE('',*,*,#3702,.T.) ;
#3761=ORIENTED_EDGE('',*,*,#3747,.T.) ;
#3762=ORIENTED_EDGE('',*,*,#3754,.F.) ;
#3763=ORIENTED_EDGE('',*,*,#3759,.F.) ;
#3764=ORIENTED_EDGE('',*,*,#3728,.T.) ;
#3787=ORIENTED_EDGE('',*,*,#3773,.T.) ;
#3788=ORIENTED_EDGE('',*,*,#3780,.F.) ;
#3789=ORIENTED_EDGE('',*,*,#3785,.F.) ;
#3790=ORIENTED_EDGE('',*,*,#3754,.T.) ;
#3813=ORIENTED_EDGE('',*,*,#3799,.T.) ;
#3814=ORIENTED_EDGE('',*,*,#3806,.F.) ;
#3815=ORIENTED_EDGE('',*,*,#3811,.F.) ;
#3816=ORIENTED_EDGE('',*,*,#3780,.T.) ;
#3839=ORIENTED_EDGE('',*,*,#3825,.T.) ;
#3840=ORIENTED_EDGE('',*,*,#3832,.F.) ;
#3841=ORIENTED_EDGE('',*,*,#3837,.F.) ;
#3842=ORIENTED_EDGE('',*,*,#3806,.T.) ;
#3865=ORIENTED_EDGE('',*,*,#3851,.T.) ;
#3866=ORIENTED_EDGE('',*,*,#3858,.F.) ;
#3867=ORIENTED_EDGE('',*,*,#3863,.F.) ;
#3868=ORIENTED_EDGE('',*,*,#3832,.T.) ;
#3891=ORIENTED_EDGE('',*,*,#3877,.T.) ;
#3892=ORIENTED_EDGE('',*,*,#3884,.F.) ;
#3893=ORIENTED_EDGE('',*,*,#3889,.F.) ;
#3894=ORIENTED_EDGE('',*,*,#3858,.T.) ;
#3917=ORIENTED_EDGE('',*,*,#3903,.T.) ;
#3918=ORIENTED_EDGE('',*,*,#3910,.F.) ;
#3919=ORIENTED_EDGE('',*,*,#3915,.F.) ;
#3920=ORIENTED_EDGE('',*,*,#3884,.T.) ;
#3934=ORIENTED_EDGE('',*,*,#3927,.T.) ;
#3935=ORIENTED_EDGE('',*,*,#3650,.F.) ;
#3936=ORIENTED_EDGE('',*,*,#3932,.F.) ;
#3937=ORIENTED_EDGE('',*,*,#3910,.T.) ;
#3946=ORIENTED_EDGE('',*,*,#2800,.T.) ;
#3947=ORIENTED_EDGE('',*,*,#3087,.T.) ;
#3948=ORIENTED_EDGE('',*,*,#1796,.T.) ;
#3949=ORIENTED_EDGE('',*,*,#3681,.T.) ;
#3950=ORIENTED_EDGE('',*,*,#3707,.T.) ;
#3951=ORIENTED_EDGE('',*,*,#3733,.T.) ;
#3952=ORIENTED_EDGE('',*,*,#3759,.T.) ;
#3953=ORIENTED_EDGE('',*,*,#3785,.T.) ;
#3954=ORIENTED_EDGE('',*,*,#3811,.T.) ;
#3955=ORIENTED_EDGE('',*,*,#3837,.T.) ;
#3956=ORIENTED_EDGE('',*,*,#3863,.T.) ;
#3957=ORIENTED_EDGE('',*,*,#3889,.T.) ;
#3958=ORIENTED_EDGE('',*,*,#3915,.T.) ;
#3959=ORIENTED_EDGE('',*,*,#3932,.T.) ;
#3960=ORIENTED_EDGE('',*,*,#3643,.T.) ;
#3961=ORIENTED_EDGE('',*,*,#2859,.T.) ;
#3970=ORIENTED_EDGE('',*,*,#2871,.T.) ;
#3971=ORIENTED_EDGE('',*,*,#3655,.F.) ;
#3972=ORIENTED_EDGE('',*,*,#3927,.F.) ;
#3973=ORIENTED_EDGE('',*,*,#3903,.F.) ;
#3974=ORIENTED_EDGE('',*,*,#3877,.F.) ;
#3975=ORIENTED_EDGE('',*,*,#3851,.F.) ;
#3976=ORIENTED_EDGE('',*,*,#3825,.F.) ;
#3977=ORIENTED_EDGE('',*,*,#3799,.F.) ;
#3978=ORIENTED_EDGE('',*,*,#3773,.F.) ;
#3979=ORIENTED_EDGE('',*,*,#3747,.F.) ;
#3980=ORIENTED_EDGE('',*,*,#3721,.F.) ;
#3981=ORIENTED_EDGE('',*,*,#3695,.F.) ;
#3982=ORIENTED_EDGE('',*,*,#3669,.F.) ;
#3983=ORIENTED_EDGE('',*,*,#1782,.T.) ;
#3984=ORIENTED_EDGE('',*,*,#3099,.T.) ;
#3985=ORIENTED_EDGE('',*,*,#2751,.T.) ;
#4008=ORIENTED_EDGE('',*,*,#3994,.F.) ;
#4009=ORIENTED_EDGE('',*,*,#4001,.T.) ;
#4010=ORIENTED_EDGE('',*,*,#4006,.T.) ;
#4011=ORIENTED_EDGE('',*,*,#2885,.T.) ;
#4034=ORIENTED_EDGE('',*,*,#4020,.T.) ;
#4035=ORIENTED_EDGE('',*,*,#4027,.F.) ;
#4036=ORIENTED_EDGE('',*,*,#4032,.F.) ;
#4037=ORIENTED_EDGE('',*,*,#1761,.F.) ;
#4060=ORIENTED_EDGE('',*,*,#4046,.T.) ;
#4061=ORIENTED_EDGE('',*,*,#4053,.F.) ;
#4062=ORIENTED_EDGE('',*,*,#4058,.F.) ;
#4063=ORIENTED_EDGE('',*,*,#4027,.T.) ;
#4086=ORIENTED_EDGE('',*,*,#4072,.T.) ;
#4087=ORIENTED_EDGE('',*,*,#4079,.F.) ;
#4088=ORIENTED_EDGE('',*,*,#4084,.F.) ;
#4089=ORIENTED_EDGE('',*,*,#4053,.T.) ;
#4112=ORIENTED_EDGE('',*,*,#4098,.T.) ;
#4113=ORIENTED_EDGE('',*,*,#4105,.F.) ;
#4114=ORIENTED_EDGE('',*,*,#4110,.F.) ;
#4115=ORIENTED_EDGE('',*,*,#4079,.T.) ;
#4138=ORIENTED_EDGE('',*,*,#4124,.T.) ;
#4139=ORIENTED_EDGE('',*,*,#4131,.F.) ;
#4140=ORIENTED_EDGE('',*,*,#4136,.F.) ;
#4141=ORIENTED_EDGE('',*,*,#4105,.T.) ;
#4164=ORIENTED_EDGE('',*,*,#4150,.T.) ;
#4165=ORIENTED_EDGE('',*,*,#4157,.F.) ;
#4166=ORIENTED_EDGE('',*,*,#4162,.F.) ;
#4167=ORIENTED_EDGE('',*,*,#4131,.T.) ;
#4190=ORIENTED_EDGE('',*,*,#4176,.T.) ;
#4191=ORIENTED_EDGE('',*,*,#4183,.F.) ;
#4192=ORIENTED_EDGE('',*,*,#4188,.F.) ;
#4193=ORIENTED_EDGE('',*,*,#4157,.T.) ;
#4216=ORIENTED_EDGE('',*,*,#4202,.T.) ;
#4217=ORIENTED_EDGE('',*,*,#4209,.F.) ;
#4218=ORIENTED_EDGE('',*,*,#4214,.F.) ;
#4219=ORIENTED_EDGE('',*,*,#4183,.T.) ;
#4242=ORIENTED_EDGE('',*,*,#4228,.T.) ;
#4243=ORIENTED_EDGE('',*,*,#4235,.F.) ;
#4244=ORIENTED_EDGE('',*,*,#4240,.F.) ;
#4245=ORIENTED_EDGE('',*,*,#4209,.T.) ;
#4268=ORIENTED_EDGE('',*,*,#4254,.T.) ;
#4269=ORIENTED_EDGE('',*,*,#4261,.F.) ;
#4270=ORIENTED_EDGE('',*,*,#4266,.F.) ;
#4271=ORIENTED_EDGE('',*,*,#4235,.T.) ;
#4285=ORIENTED_EDGE('',*,*,#4278,.T.) ;
#4286=ORIENTED_EDGE('',*,*,#4001,.F.) ;
#4287=ORIENTED_EDGE('',*,*,#4283,.F.) ;
#4288=ORIENTED_EDGE('',*,*,#4261,.T.) ;
#4297=ORIENTED_EDGE('',*,*,#2765,.T.) ;
#4298=ORIENTED_EDGE('',*,*,#3104,.T.) ;
#4299=ORIENTED_EDGE('',*,*,#1768,.T.) ;
#4300=ORIENTED_EDGE('',*,*,#4032,.T.) ;
#4301=ORIENTED_EDGE('',*,*,#4058,.T.) ;
#4302=ORIENTED_EDGE('',*,*,#4084,.T.) ;
#4303=ORIENTED_EDGE('',*,*,#4110,.T.) ;
#4304=ORIENTED_EDGE('',*,*,#4136,.T.) ;
#4305=ORIENTED_EDGE('',*,*,#4162,.T.) ;
#4306=ORIENTED_EDGE('',*,*,#4188,.T.) ;
#4307=ORIENTED_EDGE('',*,*,#4214,.T.) ;
#4308=ORIENTED_EDGE('',*,*,#4240,.T.) ;
#4309=ORIENTED_EDGE('',*,*,#4266,.T.) ;
#4310=ORIENTED_EDGE('',*,*,#4283,.T.) ;
#4311=ORIENTED_EDGE('',*,*,#3994,.T.) ;
#4312=ORIENTED_EDGE('',*,*,#2878,.T.) ;
#4321=ORIENTED_EDGE('',*,*,#2890,.T.) ;
#4322=ORIENTED_EDGE('',*,*,#4006,.F.) ;
#4323=ORIENTED_EDGE('',*,*,#4278,.F.) ;
#4324=ORIENTED_EDGE('',*,*,#4254,.F.) ;
#4325=ORIENTED_EDGE('',*,*,#4228,.F.) ;
#4326=ORIENTED_EDGE('',*,*,#4202,.F.) ;
#4327=ORIENTED_EDGE('',*,*,#4176,.F.) ;
#4328=ORIENTED_EDGE('',*,*,#4150,.F.) ;
#4329=ORIENTED_EDGE('',*,*,#4124,.F.) ;
#4330=ORIENTED_EDGE('',*,*,#4098,.F.) ;
#4331=ORIENTED_EDGE('',*,*,#4072,.F.) ;
#4332=ORIENTED_EDGE('',*,*,#4046,.F.) ;
#4333=ORIENTED_EDGE('',*,*,#4020,.F.) ;
#4334=ORIENTED_EDGE('',*,*,#1754,.T.) ;
#4335=ORIENTED_EDGE('',*,*,#3116,.T.) ;
#4336=ORIENTED_EDGE('',*,*,#2730,.T.) ;
#4359=ORIENTED_EDGE('',*,*,#4345,.F.) ;
#4360=ORIENTED_EDGE('',*,*,#4352,.T.) ;
#4361=ORIENTED_EDGE('',*,*,#4357,.T.) ;
#4362=ORIENTED_EDGE('',*,*,#2904,.T.) ;
#4385=ORIENTED_EDGE('',*,*,#4371,.T.) ;
#4386=ORIENTED_EDGE('',*,*,#4378,.F.) ;
#4387=ORIENTED_EDGE('',*,*,#4383,.F.) ;
#4388=ORIENTED_EDGE('',*,*,#1733,.F.) ;
#4411=ORIENTED_EDGE('',*,*,#4397,.T.) ;
#4412=ORIENTED_EDGE('',*,*,#4404,.F.) ;
#4413=ORIENTED_EDGE('',*,*,#4409,.F.) ;
#4414=ORIENTED_EDGE('',*,*,#4378,.T.) ;
#4437=ORIENTED_EDGE('',*,*,#4423,.T.) ;
#4438=ORIENTED_EDGE('',*,*,#4430,.F.) ;
#4439=ORIENTED_EDGE('',*,*,#4435,.F.) ;
#4440=ORIENTED_EDGE('',*,*,#4404,.T.) ;
#4463=ORIENTED_EDGE('',*,*,#4449,.T.) ;
#4464=ORIENTED_EDGE('',*,*,#4456,.F.) ;
#4465=ORIENTED_EDGE('',*,*,#4461,.F.) ;
#4466=ORIENTED_EDGE('',*,*,#4430,.T.) ;
#4489=ORIENTED_EDGE('',*,*,#4475,.T.) ;
#4490=ORIENTED_EDGE('',*,*,#4482,.F.) ;
#4491=ORIENTED_EDGE('',*,*,#4487,.F.) ;
#4492=ORIENTED_EDGE('',*,*,#4456,.T.) ;
#4515=ORIENTED_EDGE('',*,*,#4501,.T.) ;
#4516=ORIENTED_EDGE('',*,*,#4508,.F.) ;
#4517=ORIENTED_EDGE('',*,*,#4513,.F.) ;
#4518=ORIENTED_EDGE('',*,*,#4482,.T.) ;
#4541=ORIENTED_EDGE('',*,*,#4527,.T.) ;
#4542=ORIENTED_EDGE('',*,*,#4534,.F.) ;
#4543=ORIENTED_EDGE('',*,*,#4539,.F.) ;
#4544=ORIENTED_EDGE('',*,*,#4508,.T.) ;
#4567=ORIENTED_EDGE('',*,*,#4553,.T.) ;
#4568=ORIENTED_EDGE('',*,*,#4560,.F.) ;
#4569=ORIENTED_EDGE('',*,*,#4565,.F.) ;
#4570=ORIENTED_EDGE('',*,*,#4534,.T.) ;
#4593=ORIENTED_EDGE('',*,*,#4579,.T.) ;
#4594=ORIENTED_EDGE('',*,*,#4586,.F.) ;
#4595=ORIENTED_EDGE('',*,*,#4591,.F.) ;
#4596=ORIENTED_EDGE('',*,*,#4560,.T.) ;
#4619=ORIENTED_EDGE('',*,*,#4605,.T.) ;
#4620=ORIENTED_EDGE('',*,*,#4612,.F.) ;
#4621=ORIENTED_EDGE('',*,*,#4617,.F.) ;
#4622=ORIENTED_EDGE('',*,*,#4586,.T.) ;
#4636=ORIENTED_EDGE('',*,*,#4629,.T.) ;
#4637=ORIENTED_EDGE('',*,*,#4352,.F.) ;
#4638=ORIENTED_EDGE('',*,*,#4634,.F.) ;
#4639=ORIENTED_EDGE('',*,*,#4612,.T.) ;
#4648=ORIENTED_EDGE('',*,*,#2716,.T.) ;
#4649=ORIENTED_EDGE('',*,*,#3121,.T.) ;
#4650=ORIENTED_EDGE('',*,*,#1740,.T.) ;
#4651=ORIENTED_EDGE('',*,*,#4383,.T.) ;
#4652=ORIENTED_EDGE('',*,*,#4409,.T.) ;
#4653=ORIENTED_EDGE('',*,*,#4435,.T.) ;
#4654=ORIENTED_EDGE('',*,*,#4461,.T.) ;
#4655=ORIENTED_EDGE('',*,*,#4487,.T.) ;
#4656=ORIENTED_EDGE('',*,*,#4513,.T.) ;
#4657=ORIENTED_EDGE('',*,*,#4539,.T.) ;
#4658=ORIENTED_EDGE('',*,*,#4565,.T.) ;
#4659=ORIENTED_EDGE('',*,*,#4591,.T.) ;
#4660=ORIENTED_EDGE('',*,*,#4617,.T.) ;
#4661=ORIENTED_EDGE('',*,*,#4634,.T.) ;
#4662=ORIENTED_EDGE('',*,*,#4345,.T.) ;
#4663=ORIENTED_EDGE('',*,*,#2897,.T.) ;
#4672=ORIENTED_EDGE('',*,*,#2909,.T.) ;
#4673=ORIENTED_EDGE('',*,*,#4357,.F.) ;
#4674=ORIENTED_EDGE('',*,*,#4629,.F.) ;
#4675=ORIENTED_EDGE('',*,*,#4605,.F.) ;
#4676=ORIENTED_EDGE('',*,*,#4579,.F.) ;
#4677=ORIENTED_EDGE('',*,*,#4553,.F.) ;
#4678=ORIENTED_EDGE('',*,*,#4527,.F.) ;
#4679=ORIENTED_EDGE('',*,*,#4501,.F.) ;
#4680=ORIENTED_EDGE('',*,*,#4475,.F.) ;
#4681=ORIENTED_EDGE('',*,*,#4449,.F.) ;
#4682=ORIENTED_EDGE('',*,*,#4423,.F.) ;
#4683=ORIENTED_EDGE('',*,*,#4397,.F.) ;
#4684=ORIENTED_EDGE('',*,*,#4371,.F.) ;
#4685=ORIENTED_EDGE('',*,*,#1726,.T.) ;
#4686=ORIENTED_EDGE('',*,*,#3133,.T.) ;
#4687=ORIENTED_EDGE('',*,*,#2681,.T.) ;
#4710=ORIENTED_EDGE('',*,*,#4696,.F.) ;
#4711=ORIENTED_EDGE('',*,*,#4703,.T.) ;
#4712=ORIENTED_EDGE('',*,*,#4708,.T.) ;
#4713=ORIENTED_EDGE('',*,*,#2923,.T.) ;
#4736=ORIENTED_EDGE('',*,*,#4722,.T.) ;
#4737=ORIENTED_EDGE('',*,*,#4729,.F.) ;
#4738=ORIENTED_EDGE('',*,*,#4734,.F.) ;
#4739=ORIENTED_EDGE('',*,*,#1705,.F.) ;
#4762=ORIENTED_EDGE('',*,*,#4748,.T.) ;
#4763=ORIENTED_EDGE('',*,*,#4755,.F.) ;
#4764=ORIENTED_EDGE('',*,*,#4760,.F.) ;
#4765=ORIENTED_EDGE('',*,*,#4729,.T.) ;
#4788=ORIENTED_EDGE('',*,*,#4774,.T.) ;
#4789=ORIENTED_EDGE('',*,*,#4781,.F.) ;
#4790=ORIENTED_EDGE('',*,*,#4786,.F.) ;
#4791=ORIENTED_EDGE('',*,*,#4755,.T.) ;
#4814=ORIENTED_EDGE('',*,*,#4800,.T.) ;
#4815=ORIENTED_EDGE('',*,*,#4807,.F.) ;
#4816=ORIENTED_EDGE('',*,*,#4812,.F.) ;
#4817=ORIENTED_EDGE('',*,*,#4781,.T.) ;
#4840=ORIENTED_EDGE('',*,*,#4826,.T.) ;
#4841=ORIENTED_EDGE('',*,*,#4833,.F.) ;
#4842=ORIENTED_EDGE('',*,*,#4838,.F.) ;
#4843=ORIENTED_EDGE('',*,*,#4807,.T.) ;
#4866=ORIENTED_EDGE('',*,*,#4852,.T.) ;
#4867=ORIENTED_EDGE('',*,*,#4859,.F.) ;
#4868=ORIENTED_EDGE('',*,*,#4864,.F.) ;
#4869=ORIENTED_EDGE('',*,*,#4833,.T.) ;
#4892=ORIENTED_EDGE('',*,*,#4878,.T.) ;
#4893=ORIENTED_EDGE('',*,*,#4885,.F.) ;
#4894=ORIENTED_EDGE('',*,*,#4890,.F.) ;
#4895=ORIENTED_EDGE('',*,*,#4859,.T.) ;
#4918=ORIENTED_EDGE('',*,*,#4904,.T.) ;
#4919=ORIENTED_EDGE('',*,*,#4911,.F.) ;
#4920=ORIENTED_EDGE('',*,*,#4916,.F.) ;
#4921=ORIENTED_EDGE('',*,*,#4885,.T.) ;
#4944=ORIENTED_EDGE('',*,*,#4930,.T.) ;
#4945=ORIENTED_EDGE('',*,*,#4937,.F.) ;
#4946=ORIENTED_EDGE('',*,*,#4942,.F.) ;
#4947=ORIENTED_EDGE('',*,*,#4911,.T.) ;
#4970=ORIENTED_EDGE('',*,*,#4956,.T.) ;
#4971=ORIENTED_EDGE('',*,*,#4963,.F.) ;
#4972=ORIENTED_EDGE('',*,*,#4968,.F.) ;
#4973=ORIENTED_EDGE('',*,*,#4937,.T.) ;
#4987=ORIENTED_EDGE('',*,*,#4980,.T.) ;
#4988=ORIENTED_EDGE('',*,*,#4703,.F.) ;
#4989=ORIENTED_EDGE('',*,*,#4985,.F.) ;
#4990=ORIENTED_EDGE('',*,*,#4963,.T.) ;
#4999=ORIENTED_EDGE('',*,*,#2695,.T.) ;
#5000=ORIENTED_EDGE('',*,*,#3138,.T.) ;
#5001=ORIENTED_EDGE('',*,*,#1712,.T.) ;
#5002=ORIENTED_EDGE('',*,*,#4734,.T.) ;
#5003=ORIENTED_EDGE('',*,*,#4760,.T.) ;
#5004=ORIENTED_EDGE('',*,*,#4786,.T.) ;
#5005=ORIENTED_EDGE('',*,*,#4812,.T.) ;
#5006=ORIENTED_EDGE('',*,*,#4838,.T.) ;
#5007=ORIENTED_EDGE('',*,*,#4864,.T.) ;
#5008=ORIENTED_EDGE('',*,*,#4890,.T.) ;
#5009=ORIENTED_EDGE('',*,*,#4916,.T.) ;
#5010=ORIENTED_EDGE('',*,*,#4942,.T.) ;
#5011=ORIENTED_EDGE('',*,*,#4968,.T.) ;
#5012=ORIENTED_EDGE('',*,*,#4985,.T.) ;
#5013=ORIENTED_EDGE('',*,*,#4696,.T.) ;
#5014=ORIENTED_EDGE('',*,*,#2916,.T.) ;
#5023=ORIENTED_EDGE('',*,*,#2928,.T.) ;
#5024=ORIENTED_EDGE('',*,*,#4708,.F.) ;
#5025=ORIENTED_EDGE('',*,*,#4980,.F.) ;
#5026=ORIENTED_EDGE('',*,*,#4956,.F.) ;
#5027=ORIENTED_EDGE('',*,*,#4930,.F.) ;
#5028=ORIENTED_EDGE('',*,*,#4904,.F.) ;
#5029=ORIENTED_EDGE('',*,*,#4878,.F.) ;
#5030=ORIENTED_EDGE('',*,*,#4852,.F.) ;
#5031=ORIENTED_EDGE('',*,*,#4826,.F.) ;
#5032=ORIENTED_EDGE('',*,*,#4800,.F.) ;
#5033=ORIENTED_EDGE('',*,*,#4774,.F.) ;
#5034=ORIENTED_EDGE('',*,*,#4748,.F.) ;
#5035=ORIENTED_EDGE('',*,*,#4722,.F.) ;
#5036=ORIENTED_EDGE('',*,*,#1698,.T.) ;
#5037=ORIENTED_EDGE('',*,*,#3150,.T.) ;
#5038=ORIENTED_EDGE('',*,*,#2646,.T.) ;
#5061=ORIENTED_EDGE('',*,*,#5047,.F.) ;
#5062=ORIENTED_EDGE('',*,*,#5054,.T.) ;
#5063=ORIENTED_EDGE('',*,*,#5059,.T.) ;
#5064=ORIENTED_EDGE('',*,*,#2942,.T.) ;
#5087=ORIENTED_EDGE('',*,*,#5073,.T.) ;
#5088=ORIENTED_EDGE('',*,*,#5080,.F.) ;
#5089=ORIENTED_EDGE('',*,*,#5085,.F.) ;
#5090=ORIENTED_EDGE('',*,*,#1677,.F.) ;
#5113=ORIENTED_EDGE('',*,*,#5099,.T.) ;
#5114=ORIENTED_EDGE('',*,*,#5106,.F.) ;
#5115=ORIENTED_EDGE('',*,*,#5111,.F.) ;
#5116=ORIENTED_EDGE('',*,*,#5080,.T.) ;
#5139=ORIENTED_EDGE('',*,*,#5125,.T.) ;
#5140=ORIENTED_EDGE('',*,*,#5132,.F.) ;
#5141=ORIENTED_EDGE('',*,*,#5137,.F.) ;
#5142=ORIENTED_EDGE('',*,*,#5106,.T.) ;
#5165=ORIENTED_EDGE('',*,*,#5151,.T.) ;
#5166=ORIENTED_EDGE('',*,*,#5158,.F.) ;
#5167=ORIENTED_EDGE('',*,*,#5163,.F.) ;
#5168=ORIENTED_EDGE('',*,*,#5132,.T.) ;
#5191=ORIENTED_EDGE('',*,*,#5177,.T.) ;
#5192=ORIENTED_EDGE('',*,*,#5184,.F.) ;
#5193=ORIENTED_EDGE('',*,*,#5189,.F.) ;
#5194=ORIENTED_EDGE('',*,*,#5158,.T.) ;
#5217=ORIENTED_EDGE('',*,*,#5203,.T.) ;
#5218=ORIENTED_EDGE('',*,*,#5210,.F.) ;
#5219=ORIENTED_EDGE('',*,*,#5215,.F.) ;
#5220=ORIENTED_EDGE('',*,*,#5184,.T.) ;
#5243=ORIENTED_EDGE('',*,*,#5229,.T.) ;
#5244=ORIENTED_EDGE('',*,*,#5236,.F.) ;
#5245=ORIENTED_EDGE('',*,*,#5241,.F.) ;
#5246=ORIENTED_EDGE('',*,*,#5210,.T.) ;
#5269=ORIENTED_EDGE('',*,*,#5255,.T.) ;
#5270=ORIENTED_EDGE('',*,*,#5262,.F.) ;
#5271=ORIENTED_EDGE('',*,*,#5267,.F.) ;
#5272=ORIENTED_EDGE('',*,*,#5236,.T.) ;
#5295=ORIENTED_EDGE('',*,*,#5281,.T.) ;
#5296=ORIENTED_EDGE('',*,*,#5288,.F.) ;
#5297=ORIENTED_EDGE('',*,*,#5293,.F.) ;
#5298=ORIENTED_EDGE('',*,*,#5262,.T.) ;
#5321=ORIENTED_EDGE('',*,*,#5307,.T.) ;
#5322=ORIENTED_EDGE('',*,*,#5314,.F.) ;
#5323=ORIENTED_EDGE('',*,*,#5319,.F.) ;
#5324=ORIENTED_EDGE('',*,*,#5288,.T.) ;
#5338=ORIENTED_EDGE('',*,*,#5331,.T.) ;
#5339=ORIENTED_EDGE('',*,*,#5054,.F.) ;
#5340=ORIENTED_EDGE('',*,*,#5336,.F.) ;
#5341=ORIENTED_EDGE('',*,*,#5314,.T.) ;
#5350=ORIENTED_EDGE('',*,*,#2660,.T.) ;
#5351=ORIENTED_EDGE('',*,*,#3155,.T.) ;
#5352=ORIENTED_EDGE('',*,*,#1684,.T.) ;
#5353=ORIENTED_EDGE('',*,*,#5085,.T.) ;
#5354=ORIENTED_EDGE('',*,*,#5111,.T.) ;
#5355=ORIENTED_EDGE('',*,*,#5137,.T.) ;
#5356=ORIENTED_EDGE('',*,*,#5163,.T.) ;
#5357=ORIENTED_EDGE('',*,*,#5189,.T.) ;
#5358=ORIENTED_EDGE('',*,*,#5215,.T.) ;
#5359=ORIENTED_EDGE('',*,*,#5241,.T.) ;
#5360=ORIENTED_EDGE('',*,*,#5267,.T.) ;
#5361=ORIENTED_EDGE('',*,*,#5293,.T.) ;
#5362=ORIENTED_EDGE('',*,*,#5319,.T.) ;
#5363=ORIENTED_EDGE('',*,*,#5336,.T.) ;
#5364=ORIENTED_EDGE('',*,*,#5047,.T.) ;
#5365=ORIENTED_EDGE('',*,*,#2935,.T.) ;
#5374=ORIENTED_EDGE('',*,*,#2947,.T.) ;
#5375=ORIENTED_EDGE('',*,*,#5059,.F.) ;
#5376=ORIENTED_EDGE('',*,*,#5331,.F.) ;
#5377=ORIENTED_EDGE('',*,*,#5307,.F.) ;
#5378=ORIENTED_EDGE('',*,*,#5281,.F.) ;
#5379=ORIENTED_EDGE('',*,*,#5255,.F.) ;
#5380=ORIENTED_EDGE('',*,*,#5229,.F.) ;
#5381=ORIENTED_EDGE('',*,*,#5203,.F.) ;
#5382=ORIENTED_EDGE('',*,*,#5177,.F.) ;
#5383=ORIENTED_EDGE('',*,*,#5151,.F.) ;
#5384=ORIENTED_EDGE('',*,*,#5125,.F.) ;
#5385=ORIENTED_EDGE('',*,*,#5099,.F.) ;
#5386=ORIENTED_EDGE('',*,*,#5073,.F.) ;
#5387=ORIENTED_EDGE('',*,*,#1670,.T.) ;
#5388=ORIENTED_EDGE('',*,*,#3167,.T.) ;
#5389=ORIENTED_EDGE('',*,*,#2611,.T.) ;
#5412=ORIENTED_EDGE('',*,*,#5398,.F.) ;
#5413=ORIENTED_EDGE('',*,*,#5405,.T.) ;
#5414=ORIENTED_EDGE('',*,*,#5410,.T.) ;
#5415=ORIENTED_EDGE('',*,*,#2961,.T.) ;
#5438=ORIENTED_EDGE('',*,*,#5424,.T.) ;
#5439=ORIENTED_EDGE('',*,*,#5431,.F.) ;
#5440=ORIENTED_EDGE('',*,*,#5436,.F.) ;
#5441=ORIENTED_EDGE('',*,*,#1649,.F.) ;
#5464=ORIENTED_EDGE('',*,*,#5450,.T.) ;
#5465=ORIENTED_EDGE('',*,*,#5457,.F.) ;
#5466=ORIENTED_EDGE('',*,*,#5462,.F.) ;
#5467=ORIENTED_EDGE('',*,*,#5431,.T.) ;
#5490=ORIENTED_EDGE('',*,*,#5476,.T.) ;
#5491=ORIENTED_EDGE('',*,*,#5483,.F.) ;
#5492=ORIENTED_EDGE('',*,*,#5488,.F.) ;
#5493=ORIENTED_EDGE('',*,*,#5457,.T.) ;
#5516=ORIENTED_EDGE('',*,*,#5502,.T.) ;
#5517=ORIENTED_EDGE('',*,*,#5509,.F.) ;
#5518=ORIENTED_EDGE('',*,*,#5514,.F.) ;
#5519=ORIENTED_EDGE('',*,*,#5483,.T.) ;
#5542=ORIENTED_EDGE('',*,*,#5528,.T.) ;
#5543=ORIENTED_EDGE('',*,*,#5535,.F.) ;
#5544=ORIENTED_EDGE('',*,*,#5540,.F.) ;
#5545=ORIENTED_EDGE('',*,*,#5509,.T.) ;
#5568=ORIENTED_EDGE('',*,*,#5554,.T.) ;
#5569=ORIENTED_EDGE('',*,*,#5561,.F.) ;
#5570=ORIENTED_EDGE('',*,*,#5566,.F.) ;
#5571=ORIENTED_EDGE('',*,*,#5535,.T.) ;
#5594=ORIENTED_EDGE('',*,*,#5580,.T.) ;
#5595=ORIENTED_EDGE('',*,*,#5587,.F.) ;
#5596=ORIENTED_EDGE('',*,*,#5592,.F.) ;
#5597=ORIENTED_EDGE('',*,*,#5561,.T.) ;
#5620=ORIENTED_EDGE('',*,*,#5606,.T.) ;
#5621=ORIENTED_EDGE('',*,*,#5613,.F.) ;
#5622=ORIENTED_EDGE('',*,*,#5618,.F.) ;
#5623=ORIENTED_EDGE('',*,*,#5587,.T.) ;
#5646=ORIENTED_EDGE('',*,*,#5632,.T.) ;
#5647=ORIENTED_EDGE('',*,*,#5639,.F.) ;
#5648=ORIENTED_EDGE('',*,*,#5644,.F.) ;
#5649=ORIENTED_EDGE('',*,*,#5613,.T.) ;
#5672=ORIENTED_EDGE('',*,*,#5658,.T.) ;
#5673=ORIENTED_EDGE('',*,*,#5665,.F.) ;
#5674=ORIENTED_EDGE('',*,*,#5670,.F.) ;
#5675=ORIENTED_EDGE('',*,*,#5639,.T.) ;
#5689=ORIENTED_EDGE('',*,*,#5682,.T.) ;
#5690=ORIENTED_EDGE('',*,*,#5405,.F.) ;
#5691=ORIENTED_EDGE('',*,*,#5687,.F.) ;
#5692=ORIENTED_EDGE('',*,*,#5665,.T.) ;
#5701=ORIENTED_EDGE('',*,*,#2625,.T.) ;
#5702=ORIENTED_EDGE('',*,*,#3172,.T.) ;
#5703=ORIENTED_EDGE('',*,*,#1656,.T.) ;
#5704=ORIENTED_EDGE('',*,*,#5436,.T.) ;
#5705=ORIENTED_EDGE('',*,*,#5462,.T.) ;
#5706=ORIENTED_EDGE('',*,*,#5488,.T.) ;
#5707=ORIENTED_EDGE('',*,*,#5514,.T.) ;
#5708=ORIENTED_EDGE('',*,*,#5540,.T.) ;
#5709=ORIENTED_EDGE('',*,*,#5566,.T.) ;
#5710=ORIENTED_EDGE('',*,*,#5592,.T.) ;
#5711=ORIENTED_EDGE('',*,*,#5618,.T.) ;
#5712=ORIENTED_EDGE('',*,*,#5644,.T.) ;
#5713=ORIENTED_EDGE('',*,*,#5670,.T.) ;
#5714=ORIENTED_EDGE('',*,*,#5687,.T.) ;
#5715=ORIENTED_EDGE('',*,*,#5398,.T.) ;
#5716=ORIENTED_EDGE('',*,*,#2954,.T.) ;
#5725=ORIENTED_EDGE('',*,*,#2966,.T.) ;
#5726=ORIENTED_EDGE('',*,*,#5410,.F.) ;
#5727=ORIENTED_EDGE('',*,*,#5682,.F.) ;
#5728=ORIENTED_EDGE('',*,*,#5658,.F.) ;
#5729=ORIENTED_EDGE('',*,*,#5632,.F.) ;
#5730=ORIENTED_EDGE('',*,*,#5606,.F.) ;
#5731=ORIENTED_EDGE('',*,*,#5580,.F.) ;
#5732=ORIENTED_EDGE('',*,*,#5554,.F.) ;
#5733=ORIENTED_EDGE('',*,*,#5528,.F.) ;
#5734=ORIENTED_EDGE('',*,*,#5502,.F.) ;
#5735=ORIENTED_EDGE('',*,*,#5476,.F.) ;
#5736=ORIENTED_EDGE('',*,*,#5450,.F.) ;
#5737=ORIENTED_EDGE('',*,*,#5424,.F.) ;
#5738=ORIENTED_EDGE('',*,*,#1642,.T.) ;
#5739=ORIENTED_EDGE('',*,*,#3184,.T.) ;
#5740=ORIENTED_EDGE('',*,*,#2590,.T.) ;
#5763=ORIENTED_EDGE('',*,*,#5749,.F.) ;
#5764=ORIENTED_EDGE('',*,*,#5756,.T.) ;
#5765=ORIENTED_EDGE('',*,*,#5761,.T.) ;
#5766=ORIENTED_EDGE('',*,*,#2980,.T.) ;
#5789=ORIENTED_EDGE('',*,*,#5775,.T.) ;
#5790=ORIENTED_EDGE('',*,*,#5782,.F.) ;
#5791=ORIENTED_EDGE('',*,*,#5787,.F.) ;
#5792=ORIENTED_EDGE('',*,*,#1621,.F.) ;
#5815=ORIENTED_EDGE('',*,*,#5801,.T.) ;
#5816=ORIENTED_EDGE('',*,*,#5808,.F.) ;
#5817=ORIENTED_EDGE('',*,*,#5813,.F.) ;
#5818=ORIENTED_EDGE('',*,*,#5782,.T.) ;
#5841=ORIENTED_EDGE('',*,*,#5827,.T.) ;
#5842=ORIENTED_EDGE('',*,*,#5834,.F.) ;
#5843=ORIENTED_EDGE('',*,*,#5839,.F.) ;
#5844=ORIENTED_EDGE('',*,*,#5808,.T.) ;
#5867=ORIENTED_EDGE('',*,*,#5853,.T.) ;
#5868=ORIENTED_EDGE('',*,*,#5860,.F.) ;
#5869=ORIENTED_EDGE('',*,*,#5865,.F.) ;
#5870=ORIENTED_EDGE('',*,*,#5834,.T.) ;
#5893=ORIENTED_EDGE('',*,*,#5879,.T.) ;
#5894=ORIENTED_EDGE('',*,*,#5886,.F.) ;
#5895=ORIENTED_EDGE('',*,*,#5891,.F.) ;
#5896=ORIENTED_EDGE('',*,*,#5860,.T.) ;
#5919=ORIENTED_EDGE('',*,*,#5905,.T.) ;
#5920=ORIENTED_EDGE('',*,*,#5912,.F.) ;
#5921=ORIENTED_EDGE('',*,*,#5917,.F.) ;
#5922=ORIENTED_EDGE('',*,*,#5886,.T.) ;
#5945=ORIENTED_EDGE('',*,*,#5931,.T.) ;
#5946=ORIENTED_EDGE('',*,*,#5938,.F.) ;
#5947=ORIENTED_EDGE('',*,*,#5943,.F.) ;
#5948=ORIENTED_EDGE('',*,*,#5912,.T.) ;
#5971=ORIENTED_EDGE('',*,*,#5957,.T.) ;
#5972=ORIENTED_EDGE('',*,*,#5964,.F.) ;
#5973=ORIENTED_EDGE('',*,*,#5969,.F.) ;
#5974=ORIENTED_EDGE('',*,*,#5938,.T.) ;
#5997=ORIENTED_EDGE('',*,*,#5983,.T.) ;
#5998=ORIENTED_EDGE('',*,*,#5990,.F.) ;
#5999=ORIENTED_EDGE('',*,*,#5995,.F.) ;
#6000=ORIENTED_EDGE('',*,*,#5964,.T.) ;
#6023=ORIENTED_EDGE('',*,*,#6009,.T.) ;
#6024=ORIENTED_EDGE('',*,*,#6016,.F.) ;
#6025=ORIENTED_EDGE('',*,*,#6021,.F.) ;
#6026=ORIENTED_EDGE('',*,*,#5990,.T.) ;
#6040=ORIENTED_EDGE('',*,*,#6033,.T.) ;
#6041=ORIENTED_EDGE('',*,*,#5756,.F.) ;
#6042=ORIENTED_EDGE('',*,*,#6038,.F.) ;
#6043=ORIENTED_EDGE('',*,*,#6016,.T.) ;
#6052=ORIENTED_EDGE('',*,*,#2576,.T.) ;
#6053=ORIENTED_EDGE('',*,*,#3189,.T.) ;
#6054=ORIENTED_EDGE('',*,*,#1628,.T.) ;
#6055=ORIENTED_EDGE('',*,*,#5787,.T.) ;
#6056=ORIENTED_EDGE('',*,*,#5813,.T.) ;
#6057=ORIENTED_EDGE('',*,*,#5839,.T.) ;
#6058=ORIENTED_EDGE('',*,*,#5865,.T.) ;
#6059=ORIENTED_EDGE('',*,*,#5891,.T.) ;
#6060=ORIENTED_EDGE('',*,*,#5917,.T.) ;
#6061=ORIENTED_EDGE('',*,*,#5943,.T.) ;
#6062=ORIENTED_EDGE('',*,*,#5969,.T.) ;
#6063=ORIENTED_EDGE('',*,*,#5995,.T.) ;
#6064=ORIENTED_EDGE('',*,*,#6021,.T.) ;
#6065=ORIENTED_EDGE('',*,*,#6038,.T.) ;
#6066=ORIENTED_EDGE('',*,*,#5749,.T.) ;
#6067=ORIENTED_EDGE('',*,*,#2973,.T.) ;
#6076=ORIENTED_EDGE('',*,*,#2985,.T.) ;
#6077=ORIENTED_EDGE('',*,*,#5761,.F.) ;
#6078=ORIENTED_EDGE('',*,*,#6033,.F.) ;
#6079=ORIENTED_EDGE('',*,*,#6009,.F.) ;
#6080=ORIENTED_EDGE('',*,*,#5983,.F.) ;
#6081=ORIENTED_EDGE('',*,*,#5957,.F.) ;
#6082=ORIENTED_EDGE('',*,*,#5931,.F.) ;
#6083=ORIENTED_EDGE('',*,*,#5905,.F.) ;
#6084=ORIENTED_EDGE('',*,*,#5879,.F.) ;
#6085=ORIENTED_EDGE('',*,*,#5853,.F.) ;
#6086=ORIENTED_EDGE('',*,*,#5827,.F.) ;
#6087=ORIENTED_EDGE('',*,*,#5801,.F.) ;
#6088=ORIENTED_EDGE('',*,*,#5775,.F.) ;
#6089=ORIENTED_EDGE('',*,*,#1614,.T.) ;
#6090=ORIENTED_EDGE('',*,*,#3218,.T.) ;
#6091=ORIENTED_EDGE('',*,*,#2541,.T.) ;
#6343=ORIENTED_EDGE('',*,*,#733,.T.) ;
#6344=ORIENTED_EDGE('',*,*,#6105,.T.) ;
#6345=ORIENTED_EDGE('',*,*,#6112,.F.) ;
#6346=ORIENTED_EDGE('',*,*,#6119,.T.) ;
#6347=ORIENTED_EDGE('',*,*,#6126,.F.) ;
#6348=ORIENTED_EDGE('',*,*,#6133,.F.) ;
#6349=ORIENTED_EDGE('',*,*,#6140,.F.) ;
#6350=ORIENTED_EDGE('',*,*,#6147,.T.) ;
#6351=ORIENTED_EDGE('',*,*,#6154,.F.) ;
#6352=ORIENTED_EDGE('',*,*,#6161,.F.) ;
#6353=ORIENTED_EDGE('',*,*,#6168,.F.) ;
#6354=ORIENTED_EDGE('',*,*,#6175,.T.) ;
#6355=ORIENTED_EDGE('',*,*,#6182,.F.) ;
#6356=ORIENTED_EDGE('',*,*,#6189,.F.) ;
#6357=ORIENTED_EDGE('',*,*,#6196,.F.) ;
#6358=ORIENTED_EDGE('',*,*,#6203,.T.) ;
#6359=ORIENTED_EDGE('',*,*,#6210,.F.) ;
#6360=ORIENTED_EDGE('',*,*,#6217,.F.) ;
#6361=ORIENTED_EDGE('',*,*,#6224,.F.) ;
#6362=ORIENTED_EDGE('',*,*,#6231,.T.) ;
#6363=ORIENTED_EDGE('',*,*,#6238,.F.) ;
#6364=ORIENTED_EDGE('',*,*,#6245,.F.) ;
#6365=ORIENTED_EDGE('',*,*,#6252,.F.) ;
#6366=ORIENTED_EDGE('',*,*,#6259,.T.) ;
#6367=ORIENTED_EDGE('',*,*,#6266,.F.) ;
#6368=ORIENTED_EDGE('',*,*,#6273,.F.) ;
#6369=ORIENTED_EDGE('',*,*,#6280,.F.) ;
#6370=ORIENTED_EDGE('',*,*,#6287,.T.) ;
#6371=ORIENTED_EDGE('',*,*,#6294,.F.) ;
#6372=ORIENTED_EDGE('',*,*,#6301,.F.) ;
#6373=ORIENTED_EDGE('',*,*,#6308,.F.) ;
#6374=ORIENTED_EDGE('',*,*,#6315,.T.) ;
#6375=ORIENTED_EDGE('',*,*,#6322,.F.) ;
#6376=ORIENTED_EDGE('',*,*,#6329,.F.) ;
#6377=ORIENTED_EDGE('',*,*,#6336,.F.) ;
#6378=ORIENTED_EDGE('',*,*,#6341,.F.) ;
#6409=ORIENTED_EDGE('',*,*,#6388,.T.) ;
#6410=ORIENTED_EDGE('',*,*,#6395,.F.) ;
#6411=ORIENTED_EDGE('',*,*,#6402,.F.) ;
#6412=ORIENTED_EDGE('',*,*,#6407,.T.) ;
#6443=ORIENTED_EDGE('',*,*,#6422,.F.) ;
#6444=ORIENTED_EDGE('',*,*,#6429,.F.) ;
#6445=ORIENTED_EDGE('',*,*,#6436,.T.) ;
#6446=ORIENTED_EDGE('',*,*,#6441,.T.) ;
#6477=ORIENTED_EDGE('',*,*,#6456,.F.) ;
#6478=ORIENTED_EDGE('',*,*,#6463,.F.) ;
#6479=ORIENTED_EDGE('',*,*,#6470,.T.) ;
#6480=ORIENTED_EDGE('',*,*,#6475,.T.) ;
#6511=ORIENTED_EDGE('',*,*,#6490,.F.) ;
#6512=ORIENTED_EDGE('',*,*,#6497,.F.) ;
#6513=ORIENTED_EDGE('',*,*,#6504,.T.) ;
#6514=ORIENTED_EDGE('',*,*,#6509,.T.) ;
#6545=ORIENTED_EDGE('',*,*,#6524,.F.) ;
#6546=ORIENTED_EDGE('',*,*,#6531,.F.) ;
#6547=ORIENTED_EDGE('',*,*,#6538,.T.) ;
#6548=ORIENTED_EDGE('',*,*,#6543,.T.) ;
#6579=ORIENTED_EDGE('',*,*,#6558,.T.) ;
#6580=ORIENTED_EDGE('',*,*,#6565,.T.) ;
#6581=ORIENTED_EDGE('',*,*,#6572,.F.) ;
#6582=ORIENTED_EDGE('',*,*,#6577,.F.) ;
#6613=ORIENTED_EDGE('',*,*,#6592,.F.) ;
#6614=ORIENTED_EDGE('',*,*,#6599,.T.) ;
#6615=ORIENTED_EDGE('',*,*,#6606,.T.) ;
#6616=ORIENTED_EDGE('',*,*,#6611,.F.) ;
#6647=ORIENTED_EDGE('',*,*,#6626,.F.) ;
#6648=ORIENTED_EDGE('',*,*,#6633,.F.) ;
#6649=ORIENTED_EDGE('',*,*,#6640,.T.) ;
#6650=ORIENTED_EDGE('',*,*,#6645,.T.) ;
#6692=ORIENTED_EDGE('',*,*,#6664,.T.) ;
#6693=ORIENTED_EDGE('',*,*,#6671,.T.) ;
#6694=ORIENTED_EDGE('',*,*,#6678,.T.) ;
#6695=ORIENTED_EDGE('',*,*,#6685,.T.) ;
#6696=ORIENTED_EDGE('',*,*,#6690,.F.) ;
#6697=ORIENTED_EDGE('',*,*,#6105,.F.) ;
#6698=ORIENTED_EDGE('',*,*,#765,.T.) ;
#6773=ORIENTED_EDGE('',*,*,#6671,.F.) ;
#6774=ORIENTED_EDGE('',*,*,#6712,.T.) ;
#6775=ORIENTED_EDGE('',*,*,#6719,.T.) ;
#6776=ORIENTED_EDGE('',*,*,#6724,.F.) ;
#6777=ORIENTED_EDGE('',*,*,#6685,.F.) ;
#6778=ORIENTED_EDGE('',*,*,#6731,.T.) ;
#6779=ORIENTED_EDGE('',*,*,#6738,.T.) ;
#6780=ORIENTED_EDGE('',*,*,#6745,.T.) ;
#6781=ORIENTED_EDGE('',*,*,#6752,.T.) ;
#6782=ORIENTED_EDGE('',*,*,#6759,.T.) ;
#6783=ORIENTED_EDGE('',*,*,#6766,.T.) ;
#6784=ORIENTED_EDGE('',*,*,#6771,.T.) ;
#6812=ORIENTED_EDGE('',*,*,#6800,.T.) ;
#6813=ORIENTED_EDGE('',*,*,#6805,.F.) ;
#6814=ORIENTED_EDGE('',*,*,#6719,.F.) ;
#6815=ORIENTED_EDGE('',*,*,#6810,.T.) ;
#6899=ORIENTED_EDGE('',*,*,#6831,.F.) ;
#6900=ORIENTED_EDGE('',*,*,#6838,.F.) ;
#6901=ORIENTED_EDGE('',*,*,#6845,.F.) ;
#6902=ORIENTED_EDGE('',*,*,#6852,.F.) ;
#6903=ORIENTED_EDGE('',*,*,#6859,.F.) ;
#6904=ORIENTED_EDGE('',*,*,#6866,.F.) ;
#6905=ORIENTED_EDGE('',*,*,#6873,.F.) ;
#6906=ORIENTED_EDGE('',*,*,#6880,.T.) ;
#6907=ORIENTED_EDGE('',*,*,#6885,.F.) ;
#6908=ORIENTED_EDGE('',*,*,#6800,.F.) ;
#6909=ORIENTED_EDGE('',*,*,#6892,.F.) ;
#6910=ORIENTED_EDGE('',*,*,#6897,.T.) ;
#6950=ORIENTED_EDGE('',*,*,#6919,.T.) ;
#6951=ORIENTED_EDGE('',*,*,#6926,.F.) ;
#6952=ORIENTED_EDGE('',*,*,#6933,.T.) ;
#6953=ORIENTED_EDGE('',*,*,#6938,.F.) ;
#6954=ORIENTED_EDGE('',*,*,#6880,.F.) ;
#6955=ORIENTED_EDGE('',*,*,#6943,.F.) ;
#6956=ORIENTED_EDGE('',*,*,#6897,.F.) ;
#6957=ORIENTED_EDGE('',*,*,#6948,.F.) ;
#6958=ORIENTED_EDGE('',*,*,#794,.T.) ;
#6995=ORIENTED_EDGE('',*,*,#6974,.F.) ;
#6996=ORIENTED_EDGE('',*,*,#6981,.F.) ;
#6997=ORIENTED_EDGE('',*,*,#6988,.T.) ;
#6998=ORIENTED_EDGE('',*,*,#6993,.F.) ;
#7021=ORIENTED_EDGE('',*,*,#7009,.T.) ;
#7022=ORIENTED_EDGE('',*,*,#7014,.F.) ;
#7023=ORIENTED_EDGE('',*,*,#6933,.F.) ;
#7024=ORIENTED_EDGE('',*,*,#7019,.F.) ;
#7078=ORIENTED_EDGE('',*,*,#7038,.F.) ;
#7079=ORIENTED_EDGE('',*,*,#7045,.T.) ;
#7080=ORIENTED_EDGE('',*,*,#7052,.F.) ;
#7081=ORIENTED_EDGE('',*,*,#7059,.T.) ;
#7082=ORIENTED_EDGE('',*,*,#7064,.F.) ;
#7083=ORIENTED_EDGE('',*,*,#6988,.F.) ;
#7084=ORIENTED_EDGE('',*,*,#7071,.F.) ;
#7085=ORIENTED_EDGE('',*,*,#7076,.F.) ;
#7086=ORIENTED_EDGE('',*,*,#825,.T.) ;
#7156=ORIENTED_EDGE('',*,*,#7095,.T.) ;
#7157=ORIENTED_EDGE('',*,*,#7102,.T.) ;
#7158=ORIENTED_EDGE('',*,*,#7107,.F.) ;
#7159=ORIENTED_EDGE('',*,*,#7059,.F.) ;
#7160=ORIENTED_EDGE('',*,*,#7114,.T.) ;
#7161=ORIENTED_EDGE('',*,*,#7121,.T.) ;
#7162=ORIENTED_EDGE('',*,*,#7128,.T.) ;
#7163=ORIENTED_EDGE('',*,*,#7135,.T.) ;
#7164=ORIENTED_EDGE('',*,*,#7142,.T.) ;
#7165=ORIENTED_EDGE('',*,*,#7149,.T.) ;
#7166=ORIENTED_EDGE('',*,*,#7154,.T.) ;
#7167=ORIENTED_EDGE('',*,*,#7045,.F.) ;
#7195=ORIENTED_EDGE('',*,*,#7183,.T.) ;
#7196=ORIENTED_EDGE('',*,*,#7188,.F.) ;
#7197=ORIENTED_EDGE('',*,*,#7102,.F.) ;
#7198=ORIENTED_EDGE('',*,*,#7193,.F.) ;
#7277=ORIENTED_EDGE('',*,*,#7209,.T.) ;
#7278=ORIENTED_EDGE('',*,*,#7216,.F.) ;
#7279=ORIENTED_EDGE('',*,*,#7223,.F.) ;
#7280=ORIENTED_EDGE('',*,*,#7230,.F.) ;
#7281=ORIENTED_EDGE('',*,*,#7237,.F.) ;
#7282=ORIENTED_EDGE('',*,*,#7244,.F.) ;
#7283=ORIENTED_EDGE('',*,*,#7251,.F.) ;
#7284=ORIENTED_EDGE('',*,*,#7258,.F.) ;
#7285=ORIENTED_EDGE('',*,*,#7265,.T.) ;
#7286=ORIENTED_EDGE('',*,*,#7270,.F.) ;
#7287=ORIENTED_EDGE('',*,*,#7183,.F.) ;
#7288=ORIENTED_EDGE('',*,*,#7275,.F.) ;
#7307=ORIENTED_EDGE('',*,*,#6341,.T.) ;
#7308=ORIENTED_EDGE('',*,*,#7295,.F.) ;
#7309=ORIENTED_EDGE('',*,*,#7265,.F.) ;
#7310=ORIENTED_EDGE('',*,*,#7300,.T.) ;
#7311=ORIENTED_EDGE('',*,*,#7209,.F.) ;
#7312=ORIENTED_EDGE('',*,*,#7305,.T.) ;
#7313=ORIENTED_EDGE('',*,*,#852,.T.) ;
#7717=ORIENTED_EDGE('',*,*,#6308,.T.) ;
#7718=ORIENTED_EDGE('',*,*,#7327,.F.) ;
#7719=ORIENTED_EDGE('',*,*,#7334,.F.) ;
#7720=ORIENTED_EDGE('',*,*,#7341,.T.) ;
#7721=ORIENTED_EDGE('',*,*,#7348,.F.) ;
#7722=ORIENTED_EDGE('',*,*,#7355,.F.) ;
#7723=ORIENTED_EDGE('',*,*,#7362,.F.) ;
#7724=ORIENTED_EDGE('',*,*,#7367,.F.) ;
#7725=ORIENTED_EDGE('',*,*,#6280,.T.) ;
#7726=ORIENTED_EDGE('',*,*,#7374,.F.) ;
#7727=ORIENTED_EDGE('',*,*,#7381,.F.) ;
#7728=ORIENTED_EDGE('',*,*,#7388,.T.) ;
#7729=ORIENTED_EDGE('',*,*,#7395,.F.) ;
#7730=ORIENTED_EDGE('',*,*,#7402,.F.) ;
#7731=ORIENTED_EDGE('',*,*,#7409,.F.) ;
#7732=ORIENTED_EDGE('',*,*,#7414,.F.) ;
#7733=ORIENTED_EDGE('',*,*,#6252,.T.) ;
#7734=ORIENTED_EDGE('',*,*,#7421,.F.) ;
#7735=ORIENTED_EDGE('',*,*,#7428,.F.) ;
#7736=ORIENTED_EDGE('',*,*,#7435,.T.) ;
#7737=ORIENTED_EDGE('',*,*,#7442,.F.) ;
#7738=ORIENTED_EDGE('',*,*,#7449,.F.) ;
#7739=ORIENTED_EDGE('',*,*,#7456,.F.) ;
#7740=ORIENTED_EDGE('',*,*,#7461,.F.) ;
#7741=ORIENTED_EDGE('',*,*,#6224,.T.) ;
#7742=ORIENTED_EDGE('',*,*,#7468,.F.) ;
#7743=ORIENTED_EDGE('',*,*,#7475,.F.) ;
#7744=ORIENTED_EDGE('',*,*,#7482,.T.) ;
#7745=ORIENTED_EDGE('',*,*,#7489,.F.) ;
#7746=ORIENTED_EDGE('',*,*,#7496,.F.) ;
#7747=ORIENTED_EDGE('',*,*,#7503,.F.) ;
#7748=ORIENTED_EDGE('',*,*,#7508,.F.) ;
#7749=ORIENTED_EDGE('',*,*,#6196,.T.) ;
#7750=ORIENTED_EDGE('',*,*,#7515,.F.) ;
#7751=ORIENTED_EDGE('',*,*,#7522,.F.) ;
#7752=ORIENTED_EDGE('',*,*,#7529,.T.) ;
#7753=ORIENTED_EDGE('',*,*,#7536,.F.) ;
#7754=ORIENTED_EDGE('',*,*,#7543,.F.) ;
#7755=ORIENTED_EDGE('',*,*,#7550,.F.) ;
#7756=ORIENTED_EDGE('',*,*,#7555,.F.) ;
#7757=ORIENTED_EDGE('',*,*,#6168,.T.) ;
#7758=ORIENTED_EDGE('',*,*,#7562,.F.) ;
#7759=ORIENTED_EDGE('',*,*,#7569,.F.) ;
#7760=ORIENTED_EDGE('',*,*,#7576,.T.) ;
#7761=ORIENTED_EDGE('',*,*,#7583,.F.) ;
#7762=ORIENTED_EDGE('',*,*,#7590,.F.) ;
#7763=ORIENTED_EDGE('',*,*,#7597,.F.) ;
#7764=ORIENTED_EDGE('',*,*,#7602,.F.) ;
#7765=ORIENTED_EDGE('',*,*,#6140,.T.) ;
#7766=ORIENTED_EDGE('',*,*,#7609,.F.) ;
#7767=ORIENTED_EDGE('',*,*,#7616,.F.) ;
#7768=ORIENTED_EDGE('',*,*,#7623,.T.) ;
#7769=ORIENTED_EDGE('',*,*,#7630,.F.) ;
#7770=ORIENTED_EDGE('',*,*,#7637,.F.) ;
#7771=ORIENTED_EDGE('',*,*,#7644,.F.) ;
#7772=ORIENTED_EDGE('',*,*,#7649,.F.) ;
#7773=ORIENTED_EDGE('',*,*,#6112,.T.) ;
#7774=ORIENTED_EDGE('',*,*,#6690,.T.) ;
#7775=ORIENTED_EDGE('',*,*,#6724,.T.) ;
#7776=ORIENTED_EDGE('',*,*,#6805,.T.) ;
#7777=ORIENTED_EDGE('',*,*,#6885,.T.) ;
#7778=ORIENTED_EDGE('',*,*,#6938,.T.) ;
#7779=ORIENTED_EDGE('',*,*,#7014,.T.) ;
#7780=ORIENTED_EDGE('',*,*,#7656,.F.) ;
#7781=ORIENTED_EDGE('',*,*,#7663,.F.) ;
#7782=ORIENTED_EDGE('',*,*,#7668,.F.) ;
#7783=ORIENTED_EDGE('',*,*,#6993,.T.) ;
#7784=ORIENTED_EDGE('',*,*,#7064,.T.) ;
#7785=ORIENTED_EDGE('',*,*,#7107,.T.) ;
#7786=ORIENTED_EDGE('',*,*,#7188,.T.) ;
#7787=ORIENTED_EDGE('',*,*,#7270,.T.) ;
#7788=ORIENTED_EDGE('',*,*,#7295,.T.) ;
#7789=ORIENTED_EDGE('',*,*,#6336,.T.) ;
#7790=ORIENTED_EDGE('',*,*,#7675,.F.) ;
#7791=ORIENTED_EDGE('',*,*,#7682,.F.) ;
#7792=ORIENTED_EDGE('',*,*,#7689,.T.) ;
#7793=ORIENTED_EDGE('',*,*,#7696,.F.) ;
#7794=ORIENTED_EDGE('',*,*,#7703,.F.) ;
#7795=ORIENTED_EDGE('',*,*,#7710,.F.) ;
#7796=ORIENTED_EDGE('',*,*,#7715,.F.) ;
#7817=ORIENTED_EDGE('',*,*,#876,.T.) ;
#7818=ORIENTED_EDGE('',*,*,#7076,.T.) ;
#7819=ORIENTED_EDGE('',*,*,#7810,.F.) ;
#7820=ORIENTED_EDGE('',*,*,#7815,.F.) ;
#7834=ORIENTED_EDGE('',*,*,#6981,.T.) ;
#7835=ORIENTED_EDGE('',*,*,#7832,.T.) ;
#7836=ORIENTED_EDGE('',*,*,#7810,.T.) ;
#7837=ORIENTED_EDGE('',*,*,#7071,.T.) ;
#7853=ORIENTED_EDGE('',*,*,#911,.T.) ;
#7854=ORIENTED_EDGE('',*,*,#7846,.T.) ;
#7855=ORIENTED_EDGE('',*,*,#7851,.F.) ;
#7856=ORIENTED_EDGE('',*,*,#6919,.F.) ;
#7865=ORIENTED_EDGE('',*,*,#7019,.T.) ;
#7866=ORIENTED_EDGE('',*,*,#6926,.T.) ;
#7867=ORIENTED_EDGE('',*,*,#7851,.T.) ;
#7868=ORIENTED_EDGE('',*,*,#7863,.T.) ;
#7924=ORIENTED_EDGE('',*,*,#930,.T.) ;
#7925=ORIENTED_EDGE('',*,*,#7815,.T.) ;
#7926=ORIENTED_EDGE('',*,*,#7832,.F.) ;
#7927=ORIENTED_EDGE('',*,*,#6974,.T.) ;
#7928=ORIENTED_EDGE('',*,*,#7668,.T.) ;
#7929=ORIENTED_EDGE('',*,*,#7882,.T.) ;
#7930=ORIENTED_EDGE('',*,*,#7889,.F.) ;
#7931=ORIENTED_EDGE('',*,*,#7896,.T.) ;
#7932=ORIENTED_EDGE('',*,*,#7903,.F.) ;
#7933=ORIENTED_EDGE('',*,*,#7910,.T.) ;
#7934=ORIENTED_EDGE('',*,*,#7917,.T.) ;
#7935=ORIENTED_EDGE('',*,*,#7922,.F.) ;
#7956=ORIENTED_EDGE('',*,*,#7882,.F.) ;
#7957=ORIENTED_EDGE('',*,*,#7663,.T.) ;
#7958=ORIENTED_EDGE('',*,*,#7949,.T.) ;
#7959=ORIENTED_EDGE('',*,*,#7954,.F.) ;
#8008=ORIENTED_EDGE('',*,*,#965,.T.) ;
#8009=ORIENTED_EDGE('',*,*,#7973,.T.) ;
#8010=ORIENTED_EDGE('',*,*,#7980,.F.) ;
#8011=ORIENTED_EDGE('',*,*,#7987,.F.) ;
#8012=ORIENTED_EDGE('',*,*,#7994,.F.) ;
#8013=ORIENTED_EDGE('',*,*,#8001,.F.) ;
#8014=ORIENTED_EDGE('',*,*,#8006,.F.) ;
#8015=ORIENTED_EDGE('',*,*,#7949,.F.) ;
#8016=ORIENTED_EDGE('',*,*,#7656,.T.) ;
#8017=ORIENTED_EDGE('',*,*,#7009,.F.) ;
#8018=ORIENTED_EDGE('',*,*,#7863,.F.) ;
#8019=ORIENTED_EDGE('',*,*,#7846,.F.) ;
#8033=ORIENTED_EDGE('',*,*,#8031,.T.) ;
#8034=ORIENTED_EDGE('',*,*,#7889,.T.) ;
#8035=ORIENTED_EDGE('',*,*,#7954,.T.) ;
#8036=ORIENTED_EDGE('',*,*,#8006,.T.) ;
#8057=ORIENTED_EDGE('',*,*,#992,.T.) ;
#8058=ORIENTED_EDGE('',*,*,#8050,.T.) ;
#8059=ORIENTED_EDGE('',*,*,#8055,.T.) ;
#8060=ORIENTED_EDGE('',*,*,#7973,.F.) ;
#8088=ORIENTED_EDGE('',*,*,#8074,.F.) ;
#8089=ORIENTED_EDGE('',*,*,#8081,.T.) ;
#8090=ORIENTED_EDGE('',*,*,#8086,.T.) ;
#8091=ORIENTED_EDGE('',*,*,#8050,.F.) ;
#8092=ORIENTED_EDGE('',*,*,#1018,.T.) ;
#8169=ORIENTED_EDGE('',*,*,#8106,.T.) ;
#8170=ORIENTED_EDGE('',*,*,#8113,.F.) ;
#8171=ORIENTED_EDGE('',*,*,#8120,.F.) ;
#8172=ORIENTED_EDGE('',*,*,#8127,.T.) ;
#8173=ORIENTED_EDGE('',*,*,#8134,.F.) ;
#8174=ORIENTED_EDGE('',*,*,#8141,.T.) ;
#8175=ORIENTED_EDGE('',*,*,#8148,.F.) ;
#8176=ORIENTED_EDGE('',*,*,#8155,.T.) ;
#8177=ORIENTED_EDGE('',*,*,#8162,.F.) ;
#8178=ORIENTED_EDGE('',*,*,#8167,.F.) ;
#8210=ORIENTED_EDGE('',*,*,#8189,.F.) ;
#8211=ORIENTED_EDGE('',*,*,#8196,.F.) ;
#8212=ORIENTED_EDGE('',*,*,#8203,.F.) ;
#8213=ORIENTED_EDGE('',*,*,#8208,.F.) ;
#8246=ORIENTED_EDGE('',*,*,#8227,.T.) ;
#8247=ORIENTED_EDGE('',*,*,#8234,.F.) ;
#8248=ORIENTED_EDGE('',*,*,#8239,.F.) ;
#8249=ORIENTED_EDGE('',*,*,#8244,.T.) ;
#8250=ORIENTED_EDGE('',*,*,#1047,.T.) ;
#8259=ORIENTED_EDGE('',*,*,#1071,.T.) ;
#8260=ORIENTED_EDGE('',*,*,#7922,.T.) ;
#8261=ORIENTED_EDGE('',*,*,#8257,.T.) ;
#8262=ORIENTED_EDGE('',*,*,#8227,.F.) ;
#8276=ORIENTED_EDGE('',*,*,#8031,.F.) ;
#8277=ORIENTED_EDGE('',*,*,#8001,.T.) ;
#8278=ORIENTED_EDGE('',*,*,#8274,.F.) ;
#8279=ORIENTED_EDGE('',*,*,#7896,.F.) ;
#8396=ORIENTED_EDGE('',*,*,#8208,.T.) ;
#8397=ORIENTED_EDGE('',*,*,#8293,.F.) ;
#8398=ORIENTED_EDGE('',*,*,#8300,.F.) ;
#8399=ORIENTED_EDGE('',*,*,#8307,.F.) ;
#8400=ORIENTED_EDGE('',*,*,#8314,.T.) ;
#8401=ORIENTED_EDGE('',*,*,#8321,.F.) ;
#8402=ORIENTED_EDGE('',*,*,#8328,.F.) ;
#8403=ORIENTED_EDGE('',*,*,#8335,.F.) ;
#8404=ORIENTED_EDGE('',*,*,#8340,.T.) ;
#8405=ORIENTED_EDGE('',*,*,#7903,.T.) ;
#8406=ORIENTED_EDGE('',*,*,#8274,.T.) ;
#8407=ORIENTED_EDGE('',*,*,#7994,.T.) ;
#8408=ORIENTED_EDGE('',*,*,#8347,.T.) ;
#8409=ORIENTED_EDGE('',*,*,#8354,.T.) ;
#8410=ORIENTED_EDGE('',*,*,#8361,.F.) ;
#8411=ORIENTED_EDGE('',*,*,#8368,.T.) ;
#8412=ORIENTED_EDGE('',*,*,#8375,.T.) ;
#8413=ORIENTED_EDGE('',*,*,#8382,.T.) ;
#8414=ORIENTED_EDGE('',*,*,#8389,.F.) ;
#8415=ORIENTED_EDGE('',*,*,#8394,.T.) ;
#8434=ORIENTED_EDGE('',*,*,#8427,.T.) ;
#8435=ORIENTED_EDGE('',*,*,#6558,.F.) ;
#8436=ORIENTED_EDGE('',*,*,#8432,.F.) ;
#8437=ORIENTED_EDGE('',*,*,#7630,.T.) ;
#8451=ORIENTED_EDGE('',*,*,#8444,.T.) ;
#8452=ORIENTED_EDGE('',*,*,#6538,.F.) ;
#8453=ORIENTED_EDGE('',*,*,#8449,.F.) ;
#8454=ORIENTED_EDGE('',*,*,#7583,.T.) ;
#8468=ORIENTED_EDGE('',*,*,#8461,.T.) ;
#8469=ORIENTED_EDGE('',*,*,#6504,.F.) ;
#8470=ORIENTED_EDGE('',*,*,#8466,.F.) ;
#8471=ORIENTED_EDGE('',*,*,#7536,.T.) ;
#8485=ORIENTED_EDGE('',*,*,#8478,.T.) ;
#8486=ORIENTED_EDGE('',*,*,#6470,.F.) ;
#8487=ORIENTED_EDGE('',*,*,#8483,.F.) ;
#8488=ORIENTED_EDGE('',*,*,#7489,.T.) ;
#8502=ORIENTED_EDGE('',*,*,#8495,.T.) ;
#8503=ORIENTED_EDGE('',*,*,#6436,.F.) ;
#8504=ORIENTED_EDGE('',*,*,#8500,.F.) ;
#8505=ORIENTED_EDGE('',*,*,#7442,.T.) ;
#8519=ORIENTED_EDGE('',*,*,#8512,.T.) ;
#8520=ORIENTED_EDGE('',*,*,#6599,.F.) ;
#8521=ORIENTED_EDGE('',*,*,#8517,.F.) ;
#8522=ORIENTED_EDGE('',*,*,#7395,.T.) ;
#8536=ORIENTED_EDGE('',*,*,#8529,.T.) ;
#8537=ORIENTED_EDGE('',*,*,#6407,.F.) ;
#8538=ORIENTED_EDGE('',*,*,#8534,.F.) ;
#8539=ORIENTED_EDGE('',*,*,#7348,.T.) ;
#8553=ORIENTED_EDGE('',*,*,#8546,.T.) ;
#8554=ORIENTED_EDGE('',*,*,#6640,.F.) ;
#8555=ORIENTED_EDGE('',*,*,#8551,.F.) ;
#8556=ORIENTED_EDGE('',*,*,#7696,.T.) ;
#8577=ORIENTED_EDGE('',*,*,#6119,.F.) ;
#8578=ORIENTED_EDGE('',*,*,#7649,.T.) ;
#8579=ORIENTED_EDGE('',*,*,#7644,.T.) ;
#8580=ORIENTED_EDGE('',*,*,#8570,.T.) ;
#8581=ORIENTED_EDGE('',*,*,#8575,.F.) ;
#8607=ORIENTED_EDGE('',*,*,#8570,.F.) ;
#8608=ORIENTED_EDGE('',*,*,#8593,.T.) ;
#8609=ORIENTED_EDGE('',*,*,#8600,.T.) ;
#8610=ORIENTED_EDGE('',*,*,#8605,.F.) ;
#8624=ORIENTED_EDGE('',*,*,#8600,.F.) ;
#8625=ORIENTED_EDGE('',*,*,#7616,.T.) ;
#8626=ORIENTED_EDGE('',*,*,#7609,.T.) ;
#8627=ORIENTED_EDGE('',*,*,#6133,.T.) ;
#8628=ORIENTED_EDGE('',*,*,#8622,.F.) ;
#8637=ORIENTED_EDGE('',*,*,#8575,.T.) ;
#8638=ORIENTED_EDGE('',*,*,#8605,.T.) ;
#8639=ORIENTED_EDGE('',*,*,#8622,.T.) ;
#8640=ORIENTED_EDGE('',*,*,#6126,.T.) ;
#8661=ORIENTED_EDGE('',*,*,#6147,.F.) ;
#8662=ORIENTED_EDGE('',*,*,#7602,.T.) ;
#8663=ORIENTED_EDGE('',*,*,#7597,.T.) ;
#8664=ORIENTED_EDGE('',*,*,#8654,.T.) ;
#8665=ORIENTED_EDGE('',*,*,#8659,.F.) ;
#8686=ORIENTED_EDGE('',*,*,#8654,.F.) ;
#8687=ORIENTED_EDGE('',*,*,#8672,.T.) ;
#8688=ORIENTED_EDGE('',*,*,#8679,.T.) ;
#8689=ORIENTED_EDGE('',*,*,#8684,.F.) ;
#8703=ORIENTED_EDGE('',*,*,#8679,.F.) ;
#8704=ORIENTED_EDGE('',*,*,#7569,.T.) ;
#8705=ORIENTED_EDGE('',*,*,#7562,.T.) ;
#8706=ORIENTED_EDGE('',*,*,#6161,.T.) ;
#8707=ORIENTED_EDGE('',*,*,#8701,.F.) ;
#8711=ORIENTED_EDGE('',*,*,#8659,.T.) ;
#8712=ORIENTED_EDGE('',*,*,#8684,.T.) ;
#8713=ORIENTED_EDGE('',*,*,#8701,.T.) ;
#8714=ORIENTED_EDGE('',*,*,#6154,.T.) ;
#8735=ORIENTED_EDGE('',*,*,#6175,.F.) ;
#8736=ORIENTED_EDGE('',*,*,#7555,.T.) ;
#8737=ORIENTED_EDGE('',*,*,#7550,.T.) ;
#8738=ORIENTED_EDGE('',*,*,#8728,.T.) ;
#8739=ORIENTED_EDGE('',*,*,#8733,.F.) ;
#8760=ORIENTED_EDGE('',*,*,#8728,.F.) ;
#8761=ORIENTED_EDGE('',*,*,#8746,.T.) ;
#8762=ORIENTED_EDGE('',*,*,#8753,.T.) ;
#8763=ORIENTED_EDGE('',*,*,#8758,.F.) ;
#8777=ORIENTED_EDGE('',*,*,#8753,.F.) ;
#8778=ORIENTED_EDGE('',*,*,#7522,.T.) ;
#8779=ORIENTED_EDGE('',*,*,#7515,.T.) ;
#8780=ORIENTED_EDGE('',*,*,#6189,.T.) ;
#8781=ORIENTED_EDGE('',*,*,#8775,.F.) ;
#8785=ORIENTED_EDGE('',*,*,#8733,.T.) ;
#8786=ORIENTED_EDGE('',*,*,#8758,.T.) ;
#8787=ORIENTED_EDGE('',*,*,#8775,.T.) ;
#8788=ORIENTED_EDGE('',*,*,#6182,.T.) ;
#8809=ORIENTED_EDGE('',*,*,#6203,.F.) ;
#8810=ORIENTED_EDGE('',*,*,#7508,.T.) ;
#8811=ORIENTED_EDGE('',*,*,#7503,.T.) ;
#8812=ORIENTED_EDGE('',*,*,#8802,.T.) ;
#8813=ORIENTED_EDGE('',*,*,#8807,.F.) ;
#8834=ORIENTED_EDGE('',*,*,#8802,.F.) ;
#8835=ORIENTED_EDGE('',*,*,#8820,.T.) ;
#8836=ORIENTED_EDGE('',*,*,#8827,.T.) ;
#8837=ORIENTED_EDGE('',*,*,#8832,.F.) ;
#8851=ORIENTED_EDGE('',*,*,#8827,.F.) ;
#8852=ORIENTED_EDGE('',*,*,#7475,.T.) ;
#8853=ORIENTED_EDGE('',*,*,#7468,.T.) ;
#8854=ORIENTED_EDGE('',*,*,#6217,.T.) ;
#8855=ORIENTED_EDGE('',*,*,#8849,.F.) ;
#8859=ORIENTED_EDGE('',*,*,#8807,.T.) ;
#8860=ORIENTED_EDGE('',*,*,#8832,.T.) ;
#8861=ORIENTED_EDGE('',*,*,#8849,.T.) ;
#8862=ORIENTED_EDGE('',*,*,#6210,.T.) ;
#8883=ORIENTED_EDGE('',*,*,#6231,.F.) ;
#8884=ORIENTED_EDGE('',*,*,#7461,.T.) ;
#8885=ORIENTED_EDGE('',*,*,#7456,.T.) ;
#8886=ORIENTED_EDGE('',*,*,#8876,.T.) ;
#8887=ORIENTED_EDGE('',*,*,#8881,.F.) ;
#8908=ORIENTED_EDGE('',*,*,#8876,.F.) ;
#8909=ORIENTED_EDGE('',*,*,#8894,.T.) ;
#8910=ORIENTED_EDGE('',*,*,#8901,.T.) ;
#8911=ORIENTED_EDGE('',*,*,#8906,.F.) ;
#8925=ORIENTED_EDGE('',*,*,#8901,.F.) ;
#8926=ORIENTED_EDGE('',*,*,#7428,.T.) ;
#8927=ORIENTED_EDGE('',*,*,#7421,.T.) ;
#8928=ORIENTED_EDGE('',*,*,#6245,.T.) ;
#8929=ORIENTED_EDGE('',*,*,#8923,.F.) ;
#8933=ORIENTED_EDGE('',*,*,#8881,.T.) ;
#8934=ORIENTED_EDGE('',*,*,#8906,.T.) ;
#8935=ORIENTED_EDGE('',*,*,#8923,.T.) ;
#8936=ORIENTED_EDGE('',*,*,#6238,.T.) ;
#8957=ORIENTED_EDGE('',*,*,#6259,.F.) ;
#8958=ORIENTED_EDGE('',*,*,#7414,.T.) ;
#8959=ORIENTED_EDGE('',*,*,#7409,.T.) ;
#8960=ORIENTED_EDGE('',*,*,#8950,.T.) ;
#8961=ORIENTED_EDGE('',*,*,#8955,.F.) ;
#8982=ORIENTED_EDGE('',*,*,#8950,.F.) ;
#8983=ORIENTED_EDGE('',*,*,#8968,.T.) ;
#8984=ORIENTED_EDGE('',*,*,#8975,.T.) ;
#8985=ORIENTED_EDGE('',*,*,#8980,.F.) ;
#8999=ORIENTED_EDGE('',*,*,#8975,.F.) ;
#9000=ORIENTED_EDGE('',*,*,#7381,.T.) ;
#9001=ORIENTED_EDGE('',*,*,#7374,.T.) ;
#9002=ORIENTED_EDGE('',*,*,#6273,.T.) ;
#9003=ORIENTED_EDGE('',*,*,#8997,.F.) ;
#9007=ORIENTED_EDGE('',*,*,#8955,.T.) ;
#9008=ORIENTED_EDGE('',*,*,#8980,.T.) ;
#9009=ORIENTED_EDGE('',*,*,#8997,.T.) ;
#9010=ORIENTED_EDGE('',*,*,#6266,.T.) ;
#9031=ORIENTED_EDGE('',*,*,#6287,.F.) ;
#9032=ORIENTED_EDGE('',*,*,#7367,.T.) ;
#9033=ORIENTED_EDGE('',*,*,#7362,.T.) ;
#9034=ORIENTED_EDGE('',*,*,#9024,.T.) ;
#9035=ORIENTED_EDGE('',*,*,#9029,.F.) ;
#9056=ORIENTED_EDGE('',*,*,#9024,.F.) ;
#9057=ORIENTED_EDGE('',*,*,#9042,.T.) ;
#9058=ORIENTED_EDGE('',*,*,#9049,.T.) ;
#9059=ORIENTED_EDGE('',*,*,#9054,.F.) ;
#9073=ORIENTED_EDGE('',*,*,#9049,.F.) ;
#9074=ORIENTED_EDGE('',*,*,#7334,.T.) ;
#9075=ORIENTED_EDGE('',*,*,#7327,.T.) ;
#9076=ORIENTED_EDGE('',*,*,#6301,.T.) ;
#9077=ORIENTED_EDGE('',*,*,#9071,.F.) ;
#9081=ORIENTED_EDGE('',*,*,#9029,.T.) ;
#9082=ORIENTED_EDGE('',*,*,#9054,.T.) ;
#9083=ORIENTED_EDGE('',*,*,#9071,.T.) ;
#9084=ORIENTED_EDGE('',*,*,#6294,.T.) ;
#9105=ORIENTED_EDGE('',*,*,#6315,.F.) ;
#9106=ORIENTED_EDGE('',*,*,#7715,.T.) ;
#9107=ORIENTED_EDGE('',*,*,#7710,.T.) ;
#9108=ORIENTED_EDGE('',*,*,#9098,.T.) ;
#9109=ORIENTED_EDGE('',*,*,#9103,.F.) ;
#9130=ORIENTED_EDGE('',*,*,#9098,.F.) ;
#9131=ORIENTED_EDGE('',*,*,#9116,.T.) ;
#9132=ORIENTED_EDGE('',*,*,#9123,.T.) ;
#9133=ORIENTED_EDGE('',*,*,#9128,.F.) ;
#9147=ORIENTED_EDGE('',*,*,#9123,.F.) ;
#9148=ORIENTED_EDGE('',*,*,#7682,.T.) ;
#9149=ORIENTED_EDGE('',*,*,#7675,.T.) ;
#9150=ORIENTED_EDGE('',*,*,#6329,.T.) ;
#9151=ORIENTED_EDGE('',*,*,#9145,.F.) ;
#9155=ORIENTED_EDGE('',*,*,#9103,.T.) ;
#9156=ORIENTED_EDGE('',*,*,#9128,.T.) ;
#9157=ORIENTED_EDGE('',*,*,#9145,.T.) ;
#9158=ORIENTED_EDGE('',*,*,#6322,.T.) ;
#9191=ORIENTED_EDGE('',*,*,#9170,.F.) ;
#9192=ORIENTED_EDGE('',*,*,#7216,.T.) ;
#9193=ORIENTED_EDGE('',*,*,#9177,.T.) ;
#9194=ORIENTED_EDGE('',*,*,#9184,.T.) ;
#9195=ORIENTED_EDGE('',*,*,#9189,.F.) ;
#9196=ORIENTED_EDGE('',*,*,#7154,.F.) ;
#9224=ORIENTED_EDGE('',*,*,#9184,.F.) ;
#9225=ORIENTED_EDGE('',*,*,#9210,.T.) ;
#9226=ORIENTED_EDGE('',*,*,#9217,.T.) ;
#9227=ORIENTED_EDGE('',*,*,#9222,.F.) ;
#9246=ORIENTED_EDGE('',*,*,#9217,.F.) ;
#9247=ORIENTED_EDGE('',*,*,#9239,.T.) ;
#9248=ORIENTED_EDGE('',*,*,#7275,.T.) ;
#9249=ORIENTED_EDGE('',*,*,#7193,.T.) ;
#9250=ORIENTED_EDGE('',*,*,#7095,.F.) ;
#9251=ORIENTED_EDGE('',*,*,#9244,.F.) ;
#9279=ORIENTED_EDGE('',*,*,#648,.F.) ;
#9280=ORIENTED_EDGE('',*,*,#9265,.T.) ;
#9281=ORIENTED_EDGE('',*,*,#9272,.T.) ;
#9282=ORIENTED_EDGE('',*,*,#9277,.F.) ;
#9310=ORIENTED_EDGE('',*,*,#9272,.F.) ;
#9311=ORIENTED_EDGE('',*,*,#9296,.T.) ;
#9312=ORIENTED_EDGE('',*,*,#9303,.T.) ;
#9313=ORIENTED_EDGE('',*,*,#9308,.F.) ;
#9341=ORIENTED_EDGE('',*,*,#9303,.F.) ;
#9342=ORIENTED_EDGE('',*,*,#9327,.T.) ;
#9343=ORIENTED_EDGE('',*,*,#9334,.T.) ;
#9344=ORIENTED_EDGE('',*,*,#9339,.F.) ;
#9372=ORIENTED_EDGE('',*,*,#9334,.F.) ;
#9373=ORIENTED_EDGE('',*,*,#9358,.T.) ;
#9374=ORIENTED_EDGE('',*,*,#9365,.T.) ;
#9375=ORIENTED_EDGE('',*,*,#9370,.F.) ;
#9403=ORIENTED_EDGE('',*,*,#9365,.F.) ;
#9404=ORIENTED_EDGE('',*,*,#9389,.T.) ;
#9405=ORIENTED_EDGE('',*,*,#9396,.T.) ;
#9406=ORIENTED_EDGE('',*,*,#9401,.F.) ;
#9430=ORIENTED_EDGE('',*,*,#9396,.F.) ;
#9431=ORIENTED_EDGE('',*,*,#9418,.T.) ;
#9432=ORIENTED_EDGE('',*,*,#7258,.T.) ;
#9433=ORIENTED_EDGE('',*,*,#9423,.T.) ;
#9434=ORIENTED_EDGE('',*,*,#7114,.F.) ;
#9435=ORIENTED_EDGE('',*,*,#9428,.F.) ;
#9449=ORIENTED_EDGE('',*,*,#9423,.F.) ;
#9450=ORIENTED_EDGE('',*,*,#7251,.T.) ;
#9451=ORIENTED_EDGE('',*,*,#9447,.T.) ;
#9452=ORIENTED_EDGE('',*,*,#7121,.F.) ;
#9466=ORIENTED_EDGE('',*,*,#9447,.F.) ;
#9467=ORIENTED_EDGE('',*,*,#7244,.T.) ;
#9468=ORIENTED_EDGE('',*,*,#9464,.T.) ;
#9469=ORIENTED_EDGE('',*,*,#7128,.F.) ;
#9483=ORIENTED_EDGE('',*,*,#9464,.F.) ;
#9484=ORIENTED_EDGE('',*,*,#7237,.T.) ;
#9485=ORIENTED_EDGE('',*,*,#9481,.T.) ;
#9486=ORIENTED_EDGE('',*,*,#7135,.F.) ;
#9500=ORIENTED_EDGE('',*,*,#9481,.F.) ;
#9501=ORIENTED_EDGE('',*,*,#7230,.T.) ;
#9502=ORIENTED_EDGE('',*,*,#9498,.T.) ;
#9503=ORIENTED_EDGE('',*,*,#7142,.F.) ;
#9512=ORIENTED_EDGE('',*,*,#9498,.F.) ;
#9513=ORIENTED_EDGE('',*,*,#7223,.T.) ;
#9514=ORIENTED_EDGE('',*,*,#9170,.T.) ;
#9515=ORIENTED_EDGE('',*,*,#7149,.F.) ;
#9524=ORIENTED_EDGE('',*,*,#7305,.F.) ;
#9525=ORIENTED_EDGE('',*,*,#9239,.F.) ;
#9526=ORIENTED_EDGE('',*,*,#9210,.F.) ;
#9527=ORIENTED_EDGE('',*,*,#9177,.F.) ;
#9528=ORIENTED_EDGE('',*,*,#7300,.F.) ;
#9529=ORIENTED_EDGE('',*,*,#9418,.F.) ;
#9530=ORIENTED_EDGE('',*,*,#9389,.F.) ;
#9531=ORIENTED_EDGE('',*,*,#9358,.F.) ;
#9532=ORIENTED_EDGE('',*,*,#9327,.F.) ;
#9533=ORIENTED_EDGE('',*,*,#9296,.F.) ;
#9534=ORIENTED_EDGE('',*,*,#9265,.F.) ;
#9535=ORIENTED_EDGE('',*,*,#641,.T.) ;
#9536=ORIENTED_EDGE('',*,*,#857,.F.) ;
#9545=ORIENTED_EDGE('',*,*,#818,.F.) ;
#9546=ORIENTED_EDGE('',*,*,#655,.T.) ;
#9547=ORIENTED_EDGE('',*,*,#9277,.T.) ;
#9548=ORIENTED_EDGE('',*,*,#9308,.T.) ;
#9549=ORIENTED_EDGE('',*,*,#9339,.T.) ;
#9550=ORIENTED_EDGE('',*,*,#9370,.T.) ;
#9551=ORIENTED_EDGE('',*,*,#9401,.T.) ;
#9552=ORIENTED_EDGE('',*,*,#9428,.T.) ;
#9553=ORIENTED_EDGE('',*,*,#7052,.T.) ;
#9554=ORIENTED_EDGE('',*,*,#9189,.T.) ;
#9555=ORIENTED_EDGE('',*,*,#9222,.T.) ;
#9556=ORIENTED_EDGE('',*,*,#9244,.T.) ;
#9557=ORIENTED_EDGE('',*,*,#7038,.T.) ;
#9590=ORIENTED_EDGE('',*,*,#6831,.T.) ;
#9591=ORIENTED_EDGE('',*,*,#9571,.T.) ;
#9592=ORIENTED_EDGE('',*,*,#9578,.F.) ;
#9593=ORIENTED_EDGE('',*,*,#9583,.F.) ;
#9594=ORIENTED_EDGE('',*,*,#6771,.F.) ;
#9595=ORIENTED_EDGE('',*,*,#9588,.T.) ;
#9623=ORIENTED_EDGE('',*,*,#9609,.T.) ;
#9624=ORIENTED_EDGE('',*,*,#9616,.F.) ;
#9625=ORIENTED_EDGE('',*,*,#9621,.F.) ;
#9626=ORIENTED_EDGE('',*,*,#9578,.T.) ;
#9640=ORIENTED_EDGE('',*,*,#9633,.T.) ;
#9641=ORIENTED_EDGE('',*,*,#6892,.T.) ;
#9642=ORIENTED_EDGE('',*,*,#6810,.F.) ;
#9643=ORIENTED_EDGE('',*,*,#6712,.F.) ;
#9644=ORIENTED_EDGE('',*,*,#9638,.F.) ;
#9645=ORIENTED_EDGE('',*,*,#9616,.T.) ;
#9673=ORIENTED_EDGE('',*,*,#9659,.T.) ;
#9674=ORIENTED_EDGE('',*,*,#9666,.F.) ;
#9675=ORIENTED_EDGE('',*,*,#9671,.F.) ;
#9676=ORIENTED_EDGE('',*,*,#606,.T.) ;
#9704=ORIENTED_EDGE('',*,*,#9690,.T.) ;
#9705=ORIENTED_EDGE('',*,*,#9697,.F.) ;
#9706=ORIENTED_EDGE('',*,*,#9702,.F.) ;
#9707=ORIENTED_EDGE('',*,*,#9666,.T.) ;
#9735=ORIENTED_EDGE('',*,*,#9721,.T.) ;
#9736=ORIENTED_EDGE('',*,*,#9728,.F.) ;
#9737=ORIENTED_EDGE('',*,*,#9733,.F.) ;
#9738=ORIENTED_EDGE('',*,*,#9697,.T.) ;
#9766=ORIENTED_EDGE('',*,*,#9752,.T.) ;
#9767=ORIENTED_EDGE('',*,*,#9759,.F.) ;
#9768=ORIENTED_EDGE('',*,*,#9764,.F.) ;
#9769=ORIENTED_EDGE('',*,*,#9728,.T.) ;
#9797=ORIENTED_EDGE('',*,*,#9783,.T.) ;
#9798=ORIENTED_EDGE('',*,*,#9790,.F.) ;
#9799=ORIENTED_EDGE('',*,*,#9795,.F.) ;
#9800=ORIENTED_EDGE('',*,*,#9759,.T.) ;
#9824=ORIENTED_EDGE('',*,*,#9812,.T.) ;
#9825=ORIENTED_EDGE('',*,*,#6873,.T.) ;
#9826=ORIENTED_EDGE('',*,*,#9817,.F.) ;
#9827=ORIENTED_EDGE('',*,*,#6731,.F.) ;
#9828=ORIENTED_EDGE('',*,*,#9822,.F.) ;
#9829=ORIENTED_EDGE('',*,*,#9790,.T.) ;
#9843=ORIENTED_EDGE('',*,*,#6866,.T.) ;
#9844=ORIENTED_EDGE('',*,*,#9841,.F.) ;
#9845=ORIENTED_EDGE('',*,*,#6738,.F.) ;
#9846=ORIENTED_EDGE('',*,*,#9817,.T.) ;
#9860=ORIENTED_EDGE('',*,*,#6859,.T.) ;
#9861=ORIENTED_EDGE('',*,*,#9858,.F.) ;
#9862=ORIENTED_EDGE('',*,*,#6745,.F.) ;
#9863=ORIENTED_EDGE('',*,*,#9841,.T.) ;
#9877=ORIENTED_EDGE('',*,*,#6852,.T.) ;
#9878=ORIENTED_EDGE('',*,*,#9875,.F.) ;
#9879=ORIENTED_EDGE('',*,*,#6752,.F.) ;
#9880=ORIENTED_EDGE('',*,*,#9858,.T.) ;
#9894=ORIENTED_EDGE('',*,*,#6845,.T.) ;
#9895=ORIENTED_EDGE('',*,*,#9892,.F.) ;
#9896=ORIENTED_EDGE('',*,*,#6759,.F.) ;
#9897=ORIENTED_EDGE('',*,*,#9875,.T.) ;
#9906=ORIENTED_EDGE('',*,*,#6838,.T.) ;
#9907=ORIENTED_EDGE('',*,*,#9588,.F.) ;
#9908=ORIENTED_EDGE('',*,*,#6766,.F.) ;
#9909=ORIENTED_EDGE('',*,*,#9892,.T.) ;
#9913=ORIENTED_EDGE('',*,*,#760,.F.) ;
#9914=ORIENTED_EDGE('',*,*,#613,.T.) ;
#9915=ORIENTED_EDGE('',*,*,#9671,.T.) ;
#9916=ORIENTED_EDGE('',*,*,#9702,.T.) ;
#9917=ORIENTED_EDGE('',*,*,#9733,.T.) ;
#9918=ORIENTED_EDGE('',*,*,#9764,.T.) ;
#9919=ORIENTED_EDGE('',*,*,#9795,.T.) ;
#9920=ORIENTED_EDGE('',*,*,#9822,.T.) ;
#9921=ORIENTED_EDGE('',*,*,#6678,.F.) ;
#9922=ORIENTED_EDGE('',*,*,#9583,.T.) ;
#9923=ORIENTED_EDGE('',*,*,#9621,.T.) ;
#9924=ORIENTED_EDGE('',*,*,#9638,.T.) ;
#9925=ORIENTED_EDGE('',*,*,#6664,.F.) ;
#9929=ORIENTED_EDGE('',*,*,#6948,.T.) ;
#9930=ORIENTED_EDGE('',*,*,#9633,.F.) ;
#9931=ORIENTED_EDGE('',*,*,#9609,.F.) ;
#9932=ORIENTED_EDGE('',*,*,#9571,.F.) ;
#9933=ORIENTED_EDGE('',*,*,#6943,.T.) ;
#9934=ORIENTED_EDGE('',*,*,#9812,.F.) ;
#9935=ORIENTED_EDGE('',*,*,#9783,.F.) ;
#9936=ORIENTED_EDGE('',*,*,#9752,.F.) ;
#9937=ORIENTED_EDGE('',*,*,#9721,.F.) ;
#9938=ORIENTED_EDGE('',*,*,#9690,.F.) ;
#9939=ORIENTED_EDGE('',*,*,#9659,.F.) ;
#9940=ORIENTED_EDGE('',*,*,#599,.T.) ;
#9941=ORIENTED_EDGE('',*,*,#799,.F.) ;
#9962=ORIENTED_EDGE('',*,*,#8340,.F.) ;
#9963=ORIENTED_EDGE('',*,*,#9955,.F.) ;
#9964=ORIENTED_EDGE('',*,*,#9960,.T.) ;
#9965=ORIENTED_EDGE('',*,*,#7910,.F.) ;
#9981=ORIENTED_EDGE('',*,*,#9974,.T.) ;
#9982=ORIENTED_EDGE('',*,*,#9979,.T.) ;
#9983=ORIENTED_EDGE('',*,*,#8347,.F.) ;
#9984=ORIENTED_EDGE('',*,*,#7987,.T.) ;
#10012=ORIENTED_EDGE('',*,*,#10000,.F.) ;
#10013=ORIENTED_EDGE('',*,*,#10005,.F.) ;
#10014=ORIENTED_EDGE('',*,*,#8328,.T.) ;
#10015=ORIENTED_EDGE('',*,*,#10010,.F.) ;
#10038=ORIENTED_EDGE('',*,*,#8361,.T.) ;
#10039=ORIENTED_EDGE('',*,*,#10024,.T.) ;
#10040=ORIENTED_EDGE('',*,*,#10031,.F.) ;
#10041=ORIENTED_EDGE('',*,*,#10036,.T.) ;
#10067=ORIENTED_EDGE('',*,*,#9960,.F.) ;
#10068=ORIENTED_EDGE('',*,*,#10053,.F.) ;
#10069=ORIENTED_EDGE('',*,*,#10000,.T.) ;
#10070=ORIENTED_EDGE('',*,*,#10060,.F.) ;
#10071=ORIENTED_EDGE('',*,*,#10065,.F.) ;
#10072=ORIENTED_EDGE('',*,*,#8234,.T.) ;
#10073=ORIENTED_EDGE('',*,*,#8257,.F.) ;
#10074=ORIENTED_EDGE('',*,*,#7917,.F.) ;
#10095=ORIENTED_EDGE('',*,*,#8055,.F.) ;
#10096=ORIENTED_EDGE('',*,*,#8086,.F.) ;
#10097=ORIENTED_EDGE('',*,*,#10083,.F.) ;
#10098=ORIENTED_EDGE('',*,*,#10088,.T.) ;
#10099=ORIENTED_EDGE('',*,*,#10031,.T.) ;
#10100=ORIENTED_EDGE('',*,*,#10093,.T.) ;
#10101=ORIENTED_EDGE('',*,*,#9974,.F.) ;
#10102=ORIENTED_EDGE('',*,*,#7980,.T.) ;
#10111=ORIENTED_EDGE('',*,*,#9955,.T.) ;
#10112=ORIENTED_EDGE('',*,*,#8335,.T.) ;
#10113=ORIENTED_EDGE('',*,*,#10005,.T.) ;
#10114=ORIENTED_EDGE('',*,*,#10053,.T.) ;
#10123=ORIENTED_EDGE('',*,*,#10093,.F.) ;
#10124=ORIENTED_EDGE('',*,*,#10024,.F.) ;
#10125=ORIENTED_EDGE('',*,*,#8354,.F.) ;
#10126=ORIENTED_EDGE('',*,*,#9979,.F.) ;
#10140=ORIENTED_EDGE('',*,*,#10010,.T.) ;
#10141=ORIENTED_EDGE('',*,*,#8321,.T.) ;
#10142=ORIENTED_EDGE('',*,*,#10138,.T.) ;
#10143=ORIENTED_EDGE('',*,*,#10060,.T.) ;
#10157=ORIENTED_EDGE('',*,*,#10088,.F.) ;
#10158=ORIENTED_EDGE('',*,*,#10155,.F.) ;
#10159=ORIENTED_EDGE('',*,*,#8368,.F.) ;
#10160=ORIENTED_EDGE('',*,*,#10036,.F.) ;
#10188=ORIENTED_EDGE('',*,*,#10176,.F.) ;
#10189=ORIENTED_EDGE('',*,*,#10181,.T.) ;
#10190=ORIENTED_EDGE('',*,*,#8196,.T.) ;
#10191=ORIENTED_EDGE('',*,*,#10186,.F.) ;
#10205=ORIENTED_EDGE('',*,*,#10203,.F.) ;
#10206=ORIENTED_EDGE('',*,*,#10186,.T.) ;
#10207=ORIENTED_EDGE('',*,*,#8189,.T.) ;
#10208=ORIENTED_EDGE('',*,*,#8394,.F.) ;
#10236=ORIENTED_EDGE('',*,*,#10224,.T.) ;
#10237=ORIENTED_EDGE('',*,*,#10229,.T.) ;
#10238=ORIENTED_EDGE('',*,*,#8148,.T.) ;
#10239=ORIENTED_EDGE('',*,*,#8141,.F.) ;
#10240=ORIENTED_EDGE('',*,*,#8134,.T.) ;
#10241=ORIENTED_EDGE('',*,*,#10234,.F.) ;
#10255=ORIENTED_EDGE('',*,*,#10253,.F.) ;
#10256=ORIENTED_EDGE('',*,*,#8293,.T.) ;
#10257=ORIENTED_EDGE('',*,*,#8203,.T.) ;
#10258=ORIENTED_EDGE('',*,*,#10181,.F.) ;
#10279=ORIENTED_EDGE('',*,*,#10138,.F.) ;
#10280=ORIENTED_EDGE('',*,*,#8314,.F.) ;
#10281=ORIENTED_EDGE('',*,*,#10272,.F.) ;
#10282=ORIENTED_EDGE('',*,*,#10277,.F.) ;
#10298=ORIENTED_EDGE('',*,*,#8375,.F.) ;
#10299=ORIENTED_EDGE('',*,*,#10155,.T.) ;
#10300=ORIENTED_EDGE('',*,*,#10291,.F.) ;
#10301=ORIENTED_EDGE('',*,*,#10296,.F.) ;
#10324=ORIENTED_EDGE('',*,*,#10234,.T.) ;
#10325=ORIENTED_EDGE('',*,*,#8127,.F.) ;
#10326=ORIENTED_EDGE('',*,*,#10315,.F.) ;
#10327=ORIENTED_EDGE('',*,*,#10322,.F.) ;
#10350=ORIENTED_EDGE('',*,*,#10341,.T.) ;
#10351=ORIENTED_EDGE('',*,*,#8155,.F.) ;
#10352=ORIENTED_EDGE('',*,*,#10229,.F.) ;
#10353=ORIENTED_EDGE('',*,*,#10348,.F.) ;
#10372=ORIENTED_EDGE('',*,*,#8162,.T.) ;
#10373=ORIENTED_EDGE('',*,*,#10341,.F.) ;
#10374=ORIENTED_EDGE('',*,*,#10365,.F.) ;
#10375=ORIENTED_EDGE('',*,*,#8382,.F.) ;
#10376=ORIENTED_EDGE('',*,*,#10296,.T.) ;
#10377=ORIENTED_EDGE('',*,*,#10370,.T.) ;
#10391=ORIENTED_EDGE('',*,*,#8239,.T.) ;
#10392=ORIENTED_EDGE('',*,*,#10065,.T.) ;
#10393=ORIENTED_EDGE('',*,*,#10277,.T.) ;
#10394=ORIENTED_EDGE('',*,*,#10389,.T.) ;
#10395=ORIENTED_EDGE('',*,*,#8113,.T.) ;
#10399=ORIENTED_EDGE('',*,*,#8081,.F.) ;
#10400=ORIENTED_EDGE('',*,*,#8167,.T.) ;
#10401=ORIENTED_EDGE('',*,*,#10370,.F.) ;
#10402=ORIENTED_EDGE('',*,*,#10291,.T.) ;
#10403=ORIENTED_EDGE('',*,*,#10083,.T.) ;
#10417=ORIENTED_EDGE('',*,*,#8120,.T.) ;
#10418=ORIENTED_EDGE('',*,*,#10389,.F.) ;
#10419=ORIENTED_EDGE('',*,*,#10272,.T.) ;
#10420=ORIENTED_EDGE('',*,*,#8307,.T.) ;
#10421=ORIENTED_EDGE('',*,*,#10415,.F.) ;
#10422=ORIENTED_EDGE('',*,*,#10315,.T.) ;
#10431=ORIENTED_EDGE('',*,*,#10322,.T.) ;
#10432=ORIENTED_EDGE('',*,*,#10415,.T.) ;
#10433=ORIENTED_EDGE('',*,*,#8300,.T.) ;
#10434=ORIENTED_EDGE('',*,*,#10253,.T.) ;
#10435=ORIENTED_EDGE('',*,*,#10176,.T.) ;
#10436=ORIENTED_EDGE('',*,*,#10203,.T.) ;
#10437=ORIENTED_EDGE('',*,*,#8389,.T.) ;
#10438=ORIENTED_EDGE('',*,*,#10365,.T.) ;
#10439=ORIENTED_EDGE('',*,*,#10348,.T.) ;
#10440=ORIENTED_EDGE('',*,*,#10224,.F.) ;
#10459=ORIENTED_EDGE('',*,*,#10452,.F.) ;
#10460=ORIENTED_EDGE('',*,*,#2219,.T.) ;
#10461=ORIENTED_EDGE('',*,*,#10457,.T.) ;
#10462=ORIENTED_EDGE('',*,*,#2182,.F.) ;
#10466=ORIENTED_EDGE('',*,*,#10457,.F.) ;
#10467=ORIENTED_EDGE('',*,*,#2224,.T.) ;
#10468=ORIENTED_EDGE('',*,*,#10452,.T.) ;
#10469=ORIENTED_EDGE('',*,*,#2187,.F.) ;
#10488=ORIENTED_EDGE('',*,*,#10481,.F.) ;
#10489=ORIENTED_EDGE('',*,*,#1303,.T.) ;
#10490=ORIENTED_EDGE('',*,*,#10486,.T.) ;
#10491=ORIENTED_EDGE('',*,*,#1256,.F.) ;
#10495=ORIENTED_EDGE('',*,*,#10486,.F.) ;
#10496=ORIENTED_EDGE('',*,*,#1308,.T.) ;
#10497=ORIENTED_EDGE('',*,*,#10481,.T.) ;
#10498=ORIENTED_EDGE('',*,*,#1261,.F.) ;
#10507=ORIENTED_EDGE('',*,*,#557,.T.) ;
#10508=ORIENTED_EDGE('',*,*,#1054,.F.) ;
#10509=ORIENTED_EDGE('',*,*,#8244,.F.) ;
#10510=ORIENTED_EDGE('',*,*,#8106,.F.) ;
#10511=ORIENTED_EDGE('',*,*,#8074,.T.) ;
#10512=ORIENTED_EDGE('',*,*,#1013,.F.) ;
#10533=ORIENTED_EDGE('',*,*,#10526,.F.) ;
#10534=ORIENTED_EDGE('',*,*,#6388,.F.) ;
#10535=ORIENTED_EDGE('',*,*,#8529,.F.) ;
#10536=ORIENTED_EDGE('',*,*,#7341,.F.) ;
#10537=ORIENTED_EDGE('',*,*,#10531,.T.) ;
#10558=ORIENTED_EDGE('',*,*,#10551,.T.) ;
#10559=ORIENTED_EDGE('',*,*,#10531,.F.) ;
#10560=ORIENTED_EDGE('',*,*,#9042,.F.) ;
#10561=ORIENTED_EDGE('',*,*,#10556,.F.) ;
#10575=ORIENTED_EDGE('',*,*,#10526,.T.) ;
#10576=ORIENTED_EDGE('',*,*,#10551,.F.) ;
#10577=ORIENTED_EDGE('',*,*,#10573,.F.) ;
#10578=ORIENTED_EDGE('',*,*,#6395,.T.) ;
#10587=ORIENTED_EDGE('',*,*,#10556,.T.) ;
#10588=ORIENTED_EDGE('',*,*,#7355,.T.) ;
#10589=ORIENTED_EDGE('',*,*,#8534,.T.) ;
#10590=ORIENTED_EDGE('',*,*,#6402,.T.) ;
#10591=ORIENTED_EDGE('',*,*,#10573,.T.) ;
#10612=ORIENTED_EDGE('',*,*,#10605,.F.) ;
#10613=ORIENTED_EDGE('',*,*,#6606,.F.) ;
#10614=ORIENTED_EDGE('',*,*,#8512,.F.) ;
#10615=ORIENTED_EDGE('',*,*,#7388,.F.) ;
#10616=ORIENTED_EDGE('',*,*,#10610,.T.) ;
#10632=ORIENTED_EDGE('',*,*,#10625,.T.) ;
#10633=ORIENTED_EDGE('',*,*,#10610,.F.) ;
#10634=ORIENTED_EDGE('',*,*,#8968,.F.) ;
#10635=ORIENTED_EDGE('',*,*,#10630,.F.) ;
#10644=ORIENTED_EDGE('',*,*,#10605,.T.) ;
#10645=ORIENTED_EDGE('',*,*,#10625,.F.) ;
#10646=ORIENTED_EDGE('',*,*,#10642,.F.) ;
#10647=ORIENTED_EDGE('',*,*,#6611,.T.) ;
#10656=ORIENTED_EDGE('',*,*,#10630,.T.) ;
#10657=ORIENTED_EDGE('',*,*,#7402,.T.) ;
#10658=ORIENTED_EDGE('',*,*,#8517,.T.) ;
#10659=ORIENTED_EDGE('',*,*,#6592,.T.) ;
#10660=ORIENTED_EDGE('',*,*,#10642,.T.) ;
#10681=ORIENTED_EDGE('',*,*,#10674,.F.) ;
#10682=ORIENTED_EDGE('',*,*,#6441,.F.) ;
#10683=ORIENTED_EDGE('',*,*,#8495,.F.) ;
#10684=ORIENTED_EDGE('',*,*,#7435,.F.) ;
#10685=ORIENTED_EDGE('',*,*,#10679,.T.) ;
#10701=ORIENTED_EDGE('',*,*,#10694,.T.) ;
#10702=ORIENTED_EDGE('',*,*,#10679,.F.) ;
#10703=ORIENTED_EDGE('',*,*,#8894,.F.) ;
#10704=ORIENTED_EDGE('',*,*,#10699,.F.) ;
#10713=ORIENTED_EDGE('',*,*,#10674,.T.) ;
#10714=ORIENTED_EDGE('',*,*,#10694,.F.) ;
#10715=ORIENTED_EDGE('',*,*,#10711,.F.) ;
#10716=ORIENTED_EDGE('',*,*,#6422,.T.) ;
#10725=ORIENTED_EDGE('',*,*,#10699,.T.) ;
#10726=ORIENTED_EDGE('',*,*,#7449,.T.) ;
#10727=ORIENTED_EDGE('',*,*,#8500,.T.) ;
#10728=ORIENTED_EDGE('',*,*,#6429,.T.) ;
#10729=ORIENTED_EDGE('',*,*,#10711,.T.) ;
#10750=ORIENTED_EDGE('',*,*,#10743,.F.) ;
#10751=ORIENTED_EDGE('',*,*,#6475,.F.) ;
#10752=ORIENTED_EDGE('',*,*,#8478,.F.) ;
#10753=ORIENTED_EDGE('',*,*,#7482,.F.) ;
#10754=ORIENTED_EDGE('',*,*,#10748,.T.) ;
#10770=ORIENTED_EDGE('',*,*,#10763,.T.) ;
#10771=ORIENTED_EDGE('',*,*,#10748,.F.) ;
#10772=ORIENTED_EDGE('',*,*,#8820,.F.) ;
#10773=ORIENTED_EDGE('',*,*,#10768,.F.) ;
#10782=ORIENTED_EDGE('',*,*,#10743,.T.) ;
#10783=ORIENTED_EDGE('',*,*,#10763,.F.) ;
#10784=ORIENTED_EDGE('',*,*,#10780,.F.) ;
#10785=ORIENTED_EDGE('',*,*,#6456,.T.) ;
#10794=ORIENTED_EDGE('',*,*,#10768,.T.) ;
#10795=ORIENTED_EDGE('',*,*,#7496,.T.) ;
#10796=ORIENTED_EDGE('',*,*,#8483,.T.) ;
#10797=ORIENTED_EDGE('',*,*,#6463,.T.) ;
#10798=ORIENTED_EDGE('',*,*,#10780,.T.) ;
#10819=ORIENTED_EDGE('',*,*,#10812,.F.) ;
#10820=ORIENTED_EDGE('',*,*,#6509,.F.) ;
#10821=ORIENTED_EDGE('',*,*,#8461,.F.) ;
#10822=ORIENTED_EDGE('',*,*,#7529,.F.) ;
#10823=ORIENTED_EDGE('',*,*,#10817,.T.) ;
#10839=ORIENTED_EDGE('',*,*,#10832,.T.) ;
#10840=ORIENTED_EDGE('',*,*,#10817,.F.) ;
#10841=ORIENTED_EDGE('',*,*,#8746,.F.) ;
#10842=ORIENTED_EDGE('',*,*,#10837,.F.) ;
#10851=ORIENTED_EDGE('',*,*,#10812,.T.) ;
#10852=ORIENTED_EDGE('',*,*,#10832,.F.) ;
#10853=ORIENTED_EDGE('',*,*,#10849,.F.) ;
#10854=ORIENTED_EDGE('',*,*,#6490,.T.) ;
#10863=ORIENTED_EDGE('',*,*,#10837,.T.) ;
#10864=ORIENTED_EDGE('',*,*,#7543,.T.) ;
#10865=ORIENTED_EDGE('',*,*,#8466,.T.) ;
#10866=ORIENTED_EDGE('',*,*,#6497,.T.) ;
#10867=ORIENTED_EDGE('',*,*,#10849,.T.) ;
#10888=ORIENTED_EDGE('',*,*,#10881,.F.) ;
#10889=ORIENTED_EDGE('',*,*,#6543,.F.) ;
#10890=ORIENTED_EDGE('',*,*,#8444,.F.) ;
#10891=ORIENTED_EDGE('',*,*,#7576,.F.) ;
#10892=ORIENTED_EDGE('',*,*,#10886,.T.) ;
#10908=ORIENTED_EDGE('',*,*,#10901,.T.) ;
#10909=ORIENTED_EDGE('',*,*,#10886,.F.) ;
#10910=ORIENTED_EDGE('',*,*,#8672,.F.) ;
#10911=ORIENTED_EDGE('',*,*,#10906,.F.) ;
#10920=ORIENTED_EDGE('',*,*,#10881,.T.) ;
#10921=ORIENTED_EDGE('',*,*,#10901,.F.) ;
#10922=ORIENTED_EDGE('',*,*,#10918,.F.) ;
#10923=ORIENTED_EDGE('',*,*,#6524,.T.) ;
#10932=ORIENTED_EDGE('',*,*,#10906,.T.) ;
#10933=ORIENTED_EDGE('',*,*,#7590,.T.) ;
#10934=ORIENTED_EDGE('',*,*,#8449,.T.) ;
#10935=ORIENTED_EDGE('',*,*,#6531,.T.) ;
#10936=ORIENTED_EDGE('',*,*,#10918,.T.) ;
#10957=ORIENTED_EDGE('',*,*,#10950,.F.) ;
#10958=ORIENTED_EDGE('',*,*,#6565,.F.) ;
#10959=ORIENTED_EDGE('',*,*,#8427,.F.) ;
#10960=ORIENTED_EDGE('',*,*,#7623,.F.) ;
#10961=ORIENTED_EDGE('',*,*,#10955,.T.) ;
#10977=ORIENTED_EDGE('',*,*,#10970,.T.) ;
#10978=ORIENTED_EDGE('',*,*,#10955,.F.) ;
#10979=ORIENTED_EDGE('',*,*,#8593,.F.) ;
#10980=ORIENTED_EDGE('',*,*,#10975,.F.) ;
#10989=ORIENTED_EDGE('',*,*,#10950,.T.) ;
#10990=ORIENTED_EDGE('',*,*,#10970,.F.) ;
#10991=ORIENTED_EDGE('',*,*,#10987,.F.) ;
#10992=ORIENTED_EDGE('',*,*,#6572,.T.) ;
#11001=ORIENTED_EDGE('',*,*,#10975,.T.) ;
#11002=ORIENTED_EDGE('',*,*,#7637,.T.) ;
#11003=ORIENTED_EDGE('',*,*,#8432,.T.) ;
#11004=ORIENTED_EDGE('',*,*,#6577,.T.) ;
#11005=ORIENTED_EDGE('',*,*,#10987,.T.) ;
#11026=ORIENTED_EDGE('',*,*,#11019,.F.) ;
#11027=ORIENTED_EDGE('',*,*,#6645,.F.) ;
#11028=ORIENTED_EDGE('',*,*,#8546,.F.) ;
#11029=ORIENTED_EDGE('',*,*,#7689,.F.) ;
#11030=ORIENTED_EDGE('',*,*,#11024,.T.) ;
#11046=ORIENTED_EDGE('',*,*,#11039,.T.) ;
#11047=ORIENTED_EDGE('',*,*,#11024,.F.) ;
#11048=ORIENTED_EDGE('',*,*,#9116,.F.) ;
#11049=ORIENTED_EDGE('',*,*,#11044,.F.) ;
#11058=ORIENTED_EDGE('',*,*,#11019,.T.) ;
#11059=ORIENTED_EDGE('',*,*,#11039,.F.) ;
#11060=ORIENTED_EDGE('',*,*,#11056,.F.) ;
#11061=ORIENTED_EDGE('',*,*,#6626,.T.) ;
#11070=ORIENTED_EDGE('',*,*,#11044,.T.) ;
#11071=ORIENTED_EDGE('',*,*,#7703,.T.) ;
#11072=ORIENTED_EDGE('',*,*,#8551,.T.) ;
#11073=ORIENTED_EDGE('',*,*,#6633,.T.) ;
#11074=ORIENTED_EDGE('',*,*,#11056,.T.) ;
#710=FACE_BOUND('',#689,.T.) ;
#1265=FACE_BOUND('',#1262,.T.) ;
#1312=FACE_BOUND('',#1309,.T.) ;
#2191=FACE_BOUND('',#2188,.T.) ;
#2228=FACE_BOUND('',#2225,.T.) ;
#6413=FACE_BOUND('',#6408,.T.) ;
#6447=FACE_BOUND('',#6442,.T.) ;
#6481=FACE_BOUND('',#6476,.T.) ;
#6515=FACE_BOUND('',#6510,.T.) ;
#6549=FACE_BOUND('',#6544,.T.) ;
#6583=FACE_BOUND('',#6578,.T.) ;
#6617=FACE_BOUND('',#6612,.T.) ;
#6651=FACE_BOUND('',#6646,.T.) ;
#30=CLOSED_SHELL('Closed Shell',(#134,#165,#196,#227,#258,#289,#320,#351,#382,#404,#507,#533,#711,#748,#772,#806,#840,#864,#891,#918,#945,#972,#999,#1025,#1061,#1078,#1118,#1166,#1190,#1231,#1266,#1283,#1313,#1376,#1400,#1424,#1472,#1515,#1542,#1569,#1897,#1914,#1981,#1998,#2033,#2059,#2102,#2126,#2162,#2192,#2204,#2229,#2253,#2270,#2294,#2306,#2330,#2342,#2361,#2373,#2448,#2479,#2503,#2527,#2567,#2602,#2637,#2672,#2707,#2742,#2777,#2812,#2847,#3043,#3060,#3077,#3094,#3111,#3128,#3145,#3162,#3179,#3196,#3213,#3225,#3256,#3287,#3318,#3349,#3380,#3411,#3442,#3473,#3504,#3535,#3566,#3588,#3612,#3636,#3662,#3688,#3714,#3740,#3766,#3792,#3818,#3844,#3870,#3896,#3922,#3939,#3963,#3987,#4013,#4039,#4065,#4091,#4117,#4143,#4169,#4195,#4221,#4247,#4273,#4290,#4314,#4338,#4364,#4390,#4416,#4442,#4468,#4494,#4520,#4546,#4572,#4598,#4624,#4641,#4665,#4689,#4715,#4741,#4767,#4793,#4819,#4845,#4871,#4897,#4923,#4949,#4975,#4992,#5016,#5040,#5066,#5092,#5118,#5144,#5170,#5196,#5222,#5248,#5274,#5300,#5326,#5343,#5367,#5391,#5417,#5443,#5469,#5495,#5521,#5547,#5573,#5599,#5625,#5651,#5677,#5694,#5718,#5742,#5768,#5794,#5820,#5846,#5872,#5898,#5924,#5950,#5976,#6002,#6028,#6045,#6069,#6093,#6652,#6700,#6786,#6817,#6912,#6960,#7000,#7026,#7088,#7169,#7200,#7290,#7315,#7798,#7822,#7839,#7858,#7870,#7937,#7961,#8021,#8038,#8062,#8094,#8180,#8215,#8252,#8264,#8281,#8417,#8439,#8456,#8473,#8490,#8507,#8524,#8541,#8558,#8583,#8612,#8630,#8642,#8667,#8691,#8709,#8716,#8741,#8765,#8783,#8790,#8815,#8839,#8857,#8864,#8889,#8913,#8931,#8938,#8963,#8987,#9005,#9012,#9037,#9061,#9079,#9086,#9111,#9135,#9153,#9160,#9198,#9229,#9253,#9284,#9315,#9346,#9377,#9408,#9437,#9454,#9471,#9488,#9505,#9517,#9538,#9559,#9597,#9628,#9647,#9678,#9709,#9740,#9771,#9802,#9831,#9848,#9865,#9882,#9899,#9911,#9927,#9943,#9967,#9986,#10017,#10043,#10076,#10104,#10116,#10128,#10145,#10162,#10193,#10210,#10243,#10260,#10284,#10303,#10329,#10355,#10379,#10397,#10405,#10424,#10442,#10464,#10471,#10493,#10500,#10514,#10539,#10563,#10580,#10593,#10618,#10637,#10649,#10662,#10687,#10706,#10718,#10731,#10756,#10775,#10787,#10800,#10825,#10844,#10856,#10869,#10894,#10913,#10925,#10938,#10963,#10982,#10994,#11007,#11032,#11051,#11063,#11076)) ;
#11077=ADVANCED_BREP_SHAPE_REPRESENTATION('NONE',(#21),#16) ;
#134=ADVANCED_FACE('Part body',(#133),#35,.T.) ;
#165=ADVANCED_FACE('Part body',(#164),#139,.F.) ;
#196=ADVANCED_FACE('Part body',(#195),#170,.F.) ;
#227=ADVANCED_FACE('Part body',(#226),#201,.T.) ;
#258=ADVANCED_FACE('Part body',(#257),#232,.T.) ;
#289=ADVANCED_FACE('Part body',(#288),#263,.T.) ;
#320=ADVANCED_FACE('Part body',(#319),#294,.T.) ;
#351=ADVANCED_FACE('Part body',(#350),#325,.T.) ;
#382=ADVANCED_FACE('Part body',(#381),#356,.T.) ;
#404=ADVANCED_FACE('Part body',(#403),#387,.T.) ;
#507=ADVANCED_FACE('Part body',(#506),#409,.F.) ;
#533=ADVANCED_FACE('Part body',(#532),#409,.F.) ;
#711=ADVANCED_FACE('Part body',(#548,#710),#538,.T.) ;
#748=ADVANCED_FACE('Part body',(#747),#716,.T.) ;
#772=ADVANCED_FACE('Part body',(#771),#753,.T.) ;
#806=ADVANCED_FACE('Part body',(#805),#777,.T.) ;
#840=ADVANCED_FACE('Part body',(#839),#811,.T.) ;
#864=ADVANCED_FACE('Part body',(#863),#845,.T.) ;
#891=ADVANCED_FACE('Part body',(#890),#869,.T.) ;
#918=ADVANCED_FACE('Part body',(#917),#896,.T.) ;
#945=ADVANCED_FACE('Part body',(#944),#923,.T.) ;
#972=ADVANCED_FACE('Part body',(#971),#950,.T.) ;
#999=ADVANCED_FACE('Part body',(#998),#977,.T.) ;
#1025=ADVANCED_FACE('Part body',(#1024),#1004,.T.) ;
#1061=ADVANCED_FACE('Part body',(#1060),#1030,.T.) ;
#1078=ADVANCED_FACE('Part body',(#1077),#1066,.T.) ;
#1118=ADVANCED_FACE('Part body',(#1117),#1083,.T.) ;
#1166=ADVANCED_FACE('Part body',(#1165),#1123,.F.) ;
#1190=ADVANCED_FACE('Part body',(#1189),#1171,.T.) ;
#1231=ADVANCED_FACE('Part body',(#1230),#1195,.T.) ;
#1266=ADVANCED_FACE('Part body',(#1247,#1265),#1236,.T.) ;
#1283=ADVANCED_FACE('Part body',(#1282),#1271,.T.) ;
#1313=ADVANCED_FACE('Part body',(#1294,#1312),#1288,.T.) ;
#1376=ADVANCED_FACE('Part body',(#1375),#1318,.F.) ;
#1400=ADVANCED_FACE('Part body',(#1399),#1381,.T.) ;
#1424=ADVANCED_FACE('Part body',(#1423),#1405,.T.) ;
#1472=ADVANCED_FACE('Part body',(#1471),#1429,.T.) ;
#1515=ADVANCED_FACE('Part body',(#1514),#1429,.T.) ;
#1542=ADVANCED_FACE('Part body',(#1541),#1429,.T.) ;
#1569=ADVANCED_FACE('Part body',(#1568),#1429,.T.) ;
#1897=ADVANCED_FACE('Part body',(#1896),#1574,.F.) ;
#1914=ADVANCED_FACE('Part body',(#1913),#1902,.T.) ;
#1981=ADVANCED_FACE('Part body',(#1980),#1919,.F.) ;
#1998=ADVANCED_FACE('Part body',(#1997),#1986,.T.) ;
#2033=ADVANCED_FACE('Part body',(#2032),#2003,.F.) ;
#2059=ADVANCED_FACE('Part body',(#2058),#1083,.T.) ;
#2102=ADVANCED_FACE('Part body',(#2101),#2064,.T.) ;
#2126=ADVANCED_FACE('Part body',(#2125),#2107,.T.) ;
#2162=ADVANCED_FACE('Part body',(#2161),#2131,.F.) ;
#2192=ADVANCED_FACE('Part body',(#2173,#2191),#1236,.T.) ;
#2204=ADVANCED_FACE('Part body',(#2203),#1271,.T.) ;
#2229=ADVANCED_FACE('Part body',(#2210,#2228),#1288,.T.) ;
#2253=ADVANCED_FACE('Part body',(#2252),#2234,.T.) ;
#2270=ADVANCED_FACE('Part body',(#2269),#2258,.F.) ;
#2294=ADVANCED_FACE('Part body',(#2293),#2275,.F.) ;
#2306=ADVANCED_FACE('Part body',(#2305),#2234,.T.) ;
#2330=ADVANCED_FACE('Part body',(#2329),#2311,.F.) ;
#2342=ADVANCED_FACE('Part body',(#2341),#2275,.F.) ;
#2361=ADVANCED_FACE('Part body',(#2360),#2258,.F.) ;
#2373=ADVANCED_FACE('Part body',(#2372),#2311,.F.) ;
#2448=ADVANCED_FACE('Part body',(#2447),#2378,.T.) ;
#2479=ADVANCED_FACE('Part body',(#2478),#2453,.T.) ;
#2503=ADVANCED_FACE('Part body',(#2502),#2484,.T.) ;
#2527=ADVANCED_FACE('Part body',(#2526),#2508,.T.) ;
#2567=ADVANCED_FACE('Part body',(#2566),#2532,.F.) ;
#2602=ADVANCED_FACE('Part body',(#2601),#2532,.F.) ;
#2637=ADVANCED_FACE('Part body',(#2636),#2532,.F.) ;
#2672=ADVANCED_FACE('Part body',(#2671),#2532,.F.) ;
#2707=ADVANCED_FACE('Part body',(#2706),#2532,.F.) ;
#2742=ADVANCED_FACE('Part body',(#2741),#2532,.F.) ;
#2777=ADVANCED_FACE('Part body',(#2776),#2532,.F.) ;
#2812=ADVANCED_FACE('Part body',(#2811),#2532,.F.) ;
#2847=ADVANCED_FACE('Part body',(#2846),#2532,.F.) ;
#3043=ADVANCED_FACE('Part body',(#3042),#2852,.T.) ;
#3060=ADVANCED_FACE('Part body',(#3059),#3048,.F.) ;
#3077=ADVANCED_FACE('Part body',(#3076),#3065,.T.) ;
#3094=ADVANCED_FACE('Part body',(#3093),#3065,.T.) ;
#3111=ADVANCED_FACE('Part body',(#3110),#3065,.T.) ;
#3128=ADVANCED_FACE('Part body',(#3127),#3065,.T.) ;
#3145=ADVANCED_FACE('Part body',(#3144),#3065,.T.) ;
#3162=ADVANCED_FACE('Part body',(#3161),#3065,.T.) ;
#3179=ADVANCED_FACE('Part body',(#3178),#3065,.T.) ;
#3196=ADVANCED_FACE('Part body',(#3195),#3065,.T.) ;
#3213=ADVANCED_FACE('Part body',(#3212),#3201,.F.) ;
#3225=ADVANCED_FACE('Part body',(#3224),#3065,.T.) ;
#3256=ADVANCED_FACE('Part body',(#3255),#3230,.T.) ;
#3287=ADVANCED_FACE('Part body',(#3286),#3261,.T.) ;
#3318=ADVANCED_FACE('Part body',(#3317),#3292,.T.) ;
#3349=ADVANCED_FACE('Part body',(#3348),#3323,.T.) ;
#3380=ADVANCED_FACE('Part body',(#3379),#3354,.T.) ;
#3411=ADVANCED_FACE('Part body',(#3410),#3385,.T.) ;
#3442=ADVANCED_FACE('Part body',(#3441),#3416,.T.) ;
#3473=ADVANCED_FACE('Part body',(#3472),#3447,.T.) ;
#3504=ADVANCED_FACE('Part body',(#3503),#3478,.T.) ;
#3535=ADVANCED_FACE('Part body',(#3534),#3509,.T.) ;
#3566=ADVANCED_FACE('Part body',(#3565),#3540,.T.) ;
#3588=ADVANCED_FACE('Part body',(#3587),#3571,.T.) ;
#3612=ADVANCED_FACE('Part body',(#3611),#3593,.T.) ;
#3636=ADVANCED_FACE('Part body',(#3635),#3617,.F.) ;
#3662=ADVANCED_FACE('Part body',(#3661),#3230,.T.) ;
#3688=ADVANCED_FACE('Part body',(#3687),#3261,.T.) ;
#3714=ADVANCED_FACE('Part body',(#3713),#3292,.T.) ;
#3740=ADVANCED_FACE('Part body',(#3739),#3323,.T.) ;
#3766=ADVANCED_FACE('Part body',(#3765),#3354,.T.) ;
#3792=ADVANCED_FACE('Part body',(#3791),#3385,.T.) ;
#3818=ADVANCED_FACE('Part body',(#3817),#3416,.T.) ;
#3844=ADVANCED_FACE('Part body',(#3843),#3447,.T.) ;
#3870=ADVANCED_FACE('Part body',(#3869),#3478,.T.) ;
#3896=ADVANCED_FACE('Part body',(#3895),#3509,.T.) ;
#3922=ADVANCED_FACE('Part body',(#3921),#3540,.T.) ;
#3939=ADVANCED_FACE('Part body',(#3938),#3571,.T.) ;
#3963=ADVANCED_FACE('Part body',(#3962),#3944,.T.) ;
#3987=ADVANCED_FACE('Part body',(#3986),#3968,.F.) ;
#4013=ADVANCED_FACE('Part body',(#4012),#3230,.T.) ;
#4039=ADVANCED_FACE('Part body',(#4038),#3261,.T.) ;
#4065=ADVANCED_FACE('Part body',(#4064),#3292,.T.) ;
#4091=ADVANCED_FACE('Part body',(#4090),#3323,.T.) ;
#4117=ADVANCED_FACE('Part body',(#4116),#3354,.T.) ;
#4143=ADVANCED_FACE('Part body',(#4142),#3385,.T.) ;
#4169=ADVANCED_FACE('Part body',(#4168),#3416,.T.) ;
#4195=ADVANCED_FACE('Part body',(#4194),#3447,.T.) ;
#4221=ADVANCED_FACE('Part body',(#4220),#3478,.T.) ;
#4247=ADVANCED_FACE('Part body',(#4246),#3509,.T.) ;
#4273=ADVANCED_FACE('Part body',(#4272),#3540,.T.) ;
#4290=ADVANCED_FACE('Part body',(#4289),#3571,.T.) ;
#4314=ADVANCED_FACE('Part body',(#4313),#4295,.T.) ;
#4338=ADVANCED_FACE('Part body',(#4337),#4319,.F.) ;
#4364=ADVANCED_FACE('Part body',(#4363),#3230,.T.) ;
#4390=ADVANCED_FACE('Part body',(#4389),#3261,.T.) ;
#4416=ADVANCED_FACE('Part body',(#4415),#3292,.T.) ;
#4442=ADVANCED_FACE('Part body',(#4441),#3323,.T.) ;
#4468=ADVANCED_FACE('Part body',(#4467),#3354,.T.) ;
#4494=ADVANCED_FACE('Part body',(#4493),#3385,.T.) ;
#4520=ADVANCED_FACE('Part body',(#4519),#3416,.T.) ;
#4546=ADVANCED_FACE('Part body',(#4545),#3447,.T.) ;
#4572=ADVANCED_FACE('Part body',(#4571),#3478,.T.) ;
#4598=ADVANCED_FACE('Part body',(#4597),#3509,.T.) ;
#4624=ADVANCED_FACE('Part body',(#4623),#3540,.T.) ;
#4641=ADVANCED_FACE('Part body',(#4640),#3571,.T.) ;
#4665=ADVANCED_FACE('Part body',(#4664),#4646,.T.) ;
#4689=ADVANCED_FACE('Part body',(#4688),#4670,.F.) ;
#4715=ADVANCED_FACE('Part body',(#4714),#3230,.T.) ;
#4741=ADVANCED_FACE('Part body',(#4740),#3261,.T.) ;
#4767=ADVANCED_FACE('Part body',(#4766),#3292,.T.) ;
#4793=ADVANCED_FACE('Part body',(#4792),#3323,.T.) ;
#4819=ADVANCED_FACE('Part body',(#4818),#3354,.T.) ;
#4845=ADVANCED_FACE('Part body',(#4844),#3385,.T.) ;
#4871=ADVANCED_FACE('Part body',(#4870),#3416,.T.) ;
#4897=ADVANCED_FACE('Part body',(#4896),#3447,.T.) ;
#4923=ADVANCED_FACE('Part body',(#4922),#3478,.T.) ;
#4949=ADVANCED_FACE('Part body',(#4948),#3509,.T.) ;
#4975=ADVANCED_FACE('Part body',(#4974),#3540,.T.) ;
#4992=ADVANCED_FACE('Part body',(#4991),#3571,.T.) ;
#5016=ADVANCED_FACE('Part body',(#5015),#4997,.T.) ;
#5040=ADVANCED_FACE('Part body',(#5039),#5021,.F.) ;
#5066=ADVANCED_FACE('Part body',(#5065),#3230,.T.) ;
#5092=ADVANCED_FACE('Part body',(#5091),#3261,.T.) ;
#5118=ADVANCED_FACE('Part body',(#5117),#3292,.T.) ;
#5144=ADVANCED_FACE('Part body',(#5143),#3323,.T.) ;
#5170=ADVANCED_FACE('Part body',(#5169),#3354,.T.) ;
#5196=ADVANCED_FACE('Part body',(#5195),#3385,.T.) ;
#5222=ADVANCED_FACE('Part body',(#5221),#3416,.T.) ;
#5248=ADVANCED_FACE('Part body',(#5247),#3447,.T.) ;
#5274=ADVANCED_FACE('Part body',(#5273),#3478,.T.) ;
#5300=ADVANCED_FACE('Part body',(#5299),#3509,.T.) ;
#5326=ADVANCED_FACE('Part body',(#5325),#3540,.T.) ;
#5343=ADVANCED_FACE('Part body',(#5342),#3571,.T.) ;
#5367=ADVANCED_FACE('Part body',(#5366),#5348,.T.) ;
#5391=ADVANCED_FACE('Part body',(#5390),#5372,.F.) ;
#5417=ADVANCED_FACE('Part body',(#5416),#3230,.T.) ;
#5443=ADVANCED_FACE('Part body',(#5442),#3261,.T.) ;
#5469=ADVANCED_FACE('Part body',(#5468),#3292,.T.) ;
#5495=ADVANCED_FACE('Part body',(#5494),#3323,.T.) ;
#5521=ADVANCED_FACE('Part body',(#5520),#3354,.T.) ;
#5547=ADVANCED_FACE('Part body',(#5546),#3385,.T.) ;
#5573=ADVANCED_FACE('Part body',(#5572),#3416,.T.) ;
#5599=ADVANCED_FACE('Part body',(#5598),#3447,.T.) ;
#5625=ADVANCED_FACE('Part body',(#5624),#3478,.T.) ;
#5651=ADVANCED_FACE('Part body',(#5650),#3509,.T.) ;
#5677=ADVANCED_FACE('Part body',(#5676),#3540,.T.) ;
#5694=ADVANCED_FACE('Part body',(#5693),#3571,.T.) ;
#5718=ADVANCED_FACE('Part body',(#5717),#5699,.T.) ;
#5742=ADVANCED_FACE('Part body',(#5741),#5723,.F.) ;
#5768=ADVANCED_FACE('Part body',(#5767),#3230,.T.) ;
#5794=ADVANCED_FACE('Part body',(#5793),#3261,.T.) ;
#5820=ADVANCED_FACE('Part body',(#5819),#3292,.T.) ;
#5846=ADVANCED_FACE('Part body',(#5845),#3323,.T.) ;
#5872=ADVANCED_FACE('Part body',(#5871),#3354,.T.) ;
#5898=ADVANCED_FACE('Part body',(#5897),#3385,.T.) ;
#5924=ADVANCED_FACE('Part body',(#5923),#3416,.T.) ;
#5950=ADVANCED_FACE('Part body',(#5949),#3447,.T.) ;
#5976=ADVANCED_FACE('Part body',(#5975),#3478,.T.) ;
#6002=ADVANCED_FACE('Part body',(#6001),#3509,.T.) ;
#6028=ADVANCED_FACE('Part body',(#6027),#3540,.T.) ;
#6045=ADVANCED_FACE('Part body',(#6044),#3571,.T.) ;
#6069=ADVANCED_FACE('Part body',(#6068),#6050,.T.) ;
#6093=ADVANCED_FACE('Part body',(#6092),#6074,.F.) ;
#6652=ADVANCED_FACE('Part body',(#6379,#6413,#6447,#6481,#6515,#6549,#6583,#6617,#6651),#6098,.F.) ;
#6700=ADVANCED_FACE('Part body',(#6699),#6657,.T.) ;
#6786=ADVANCED_FACE('Part body',(#6785),#6705,.T.) ;
#6817=ADVANCED_FACE('Part body',(#6816),#6791,.T.) ;
#6912=ADVANCED_FACE('Part body',(#6911),#6822,.F.) ;
#6960=ADVANCED_FACE('Part body',(#6959),#6657,.T.) ;
#7000=ADVANCED_FACE('Part body',(#6999),#6965,.F.) ;
#7026=ADVANCED_FACE('Part body',(#7025),#6965,.F.) ;
#7088=ADVANCED_FACE('Part body',(#7087),#7031,.T.) ;
#7169=ADVANCED_FACE('Part body',(#7168),#6822,.F.) ;
#7200=ADVANCED_FACE('Part body',(#7199),#7174,.T.) ;
#7290=ADVANCED_FACE('Part body',(#7289),#6705,.T.) ;
#7315=ADVANCED_FACE('Part body',(#7314),#7031,.T.) ;
#7798=ADVANCED_FACE('Part body',(#7797),#7320,.T.) ;
#7822=ADVANCED_FACE('Part body',(#7821),#7803,.F.) ;
#7839=ADVANCED_FACE('Part body',(#7838),#7827,.T.) ;
#7858=ADVANCED_FACE('Part body',(#7857),#7803,.F.) ;
#7870=ADVANCED_FACE('Part body',(#7869),#7827,.T.) ;
#7937=ADVANCED_FACE('Part body',(#7936),#7875,.F.) ;
#7961=ADVANCED_FACE('Part body',(#7960),#7942,.F.) ;
#8021=ADVANCED_FACE('Part body',(#8020),#7966,.F.) ;
#8038=ADVANCED_FACE('Part body',(#8037),#8026,.T.) ;
#8062=ADVANCED_FACE('Part body',(#8061),#8043,.F.) ;
#8094=ADVANCED_FACE('Part body',(#8093),#8067,.T.) ;
#8180=ADVANCED_FACE('Part body',(#8179),#8099,.F.) ;
#8215=ADVANCED_FACE('Part body',(#8214),#8099,.F.) ;
#8252=ADVANCED_FACE('Part body',(#8251),#8220,.T.) ;
#8264=ADVANCED_FACE('Part body',(#8263),#8043,.F.) ;
#8281=ADVANCED_FACE('Part body',(#8280),#8269,.F.) ;
#8417=ADVANCED_FACE('Part body',(#8416),#8286,.T.) ;
#8439=ADVANCED_FACE('Part body',(#8438),#8422,.T.) ;
#8456=ADVANCED_FACE('Part body',(#8455),#8422,.T.) ;
#8473=ADVANCED_FACE('Part body',(#8472),#8422,.T.) ;
#8490=ADVANCED_FACE('Part body',(#8489),#8422,.T.) ;
#8507=ADVANCED_FACE('Part body',(#8506),#8422,.T.) ;
#8524=ADVANCED_FACE('Part body',(#8523),#8422,.T.) ;
#8541=ADVANCED_FACE('Part body',(#8540),#8422,.T.) ;
#8558=ADVANCED_FACE('Part body',(#8557),#8422,.T.) ;
#8583=ADVANCED_FACE('Part body',(#8582),#8563,.T.) ;
#8612=ADVANCED_FACE('Part body',(#8611),#8588,.F.) ;
#8630=ADVANCED_FACE('Part body',(#8629),#8617,.T.) ;
#8642=ADVANCED_FACE('Part body',(#8641),#8635,.T.) ;
#8667=ADVANCED_FACE('Part body',(#8666),#8647,.T.) ;
#8691=ADVANCED_FACE('Part body',(#8690),#8588,.F.) ;
#8709=ADVANCED_FACE('Part body',(#8708),#8696,.T.) ;
#8716=ADVANCED_FACE('Part body',(#8715),#8635,.T.) ;
#8741=ADVANCED_FACE('Part body',(#8740),#8721,.T.) ;
#8765=ADVANCED_FACE('Part body',(#8764),#8588,.F.) ;
#8783=ADVANCED_FACE('Part body',(#8782),#8770,.T.) ;
#8790=ADVANCED_FACE('Part body',(#8789),#8635,.T.) ;
#8815=ADVANCED_FACE('Part body',(#8814),#8795,.T.) ;
#8839=ADVANCED_FACE('Part body',(#8838),#8588,.F.) ;
#8857=ADVANCED_FACE('Part body',(#8856),#8844,.T.) ;
#8864=ADVANCED_FACE('Part body',(#8863),#8635,.T.) ;
#8889=ADVANCED_FACE('Part body',(#8888),#8869,.T.) ;
#8913=ADVANCED_FACE('Part body',(#8912),#8588,.F.) ;
#8931=ADVANCED_FACE('Part body',(#8930),#8918,.T.) ;
#8938=ADVANCED_FACE('Part body',(#8937),#8635,.T.) ;
#8963=ADVANCED_FACE('Part body',(#8962),#8943,.T.) ;
#8987=ADVANCED_FACE('Part body',(#8986),#8588,.F.) ;
#9005=ADVANCED_FACE('Part body',(#9004),#8992,.T.) ;
#9012=ADVANCED_FACE('Part body',(#9011),#8635,.T.) ;
#9037=ADVANCED_FACE('Part body',(#9036),#9017,.T.) ;
#9061=ADVANCED_FACE('Part body',(#9060),#8588,.F.) ;
#9079=ADVANCED_FACE('Part body',(#9078),#9066,.T.) ;
#9086=ADVANCED_FACE('Part body',(#9085),#8635,.T.) ;
#9111=ADVANCED_FACE('Part body',(#9110),#9091,.T.) ;
#9135=ADVANCED_FACE('Part body',(#9134),#8588,.F.) ;
#9153=ADVANCED_FACE('Part body',(#9152),#9140,.T.) ;
#9160=ADVANCED_FACE('Part body',(#9159),#8635,.T.) ;
#9198=ADVANCED_FACE('Part body',(#9197),#9165,.T.) ;
#9229=ADVANCED_FACE('Part body',(#9228),#9203,.F.) ;
#9253=ADVANCED_FACE('Part body',(#9252),#9234,.T.) ;
#9284=ADVANCED_FACE('Part body',(#9283),#9258,.T.) ;
#9315=ADVANCED_FACE('Part body',(#9314),#9289,.T.) ;
#9346=ADVANCED_FACE('Part body',(#9345),#9320,.F.) ;
#9377=ADVANCED_FACE('Part body',(#9376),#9351,.T.) ;
#9408=ADVANCED_FACE('Part body',(#9407),#9382,.T.) ;
#9437=ADVANCED_FACE('Part body',(#9436),#9413,.T.) ;
#9454=ADVANCED_FACE('Part body',(#9453),#9442,.T.) ;
#9471=ADVANCED_FACE('Part body',(#9470),#9459,.T.) ;
#9488=ADVANCED_FACE('Part body',(#9487),#9476,.F.) ;
#9505=ADVANCED_FACE('Part body',(#9504),#9493,.T.) ;
#9517=ADVANCED_FACE('Part body',(#9516),#9510,.T.) ;
#9538=ADVANCED_FACE('Part body',(#9537),#9522,.F.) ;
#9559=ADVANCED_FACE('Part body',(#9558),#9543,.T.) ;
#9597=ADVANCED_FACE('Part body',(#9596),#9564,.F.) ;
#9628=ADVANCED_FACE('Part body',(#9627),#9602,.F.) ;
#9647=ADVANCED_FACE('Part body',(#9646),#9234,.T.) ;
#9678=ADVANCED_FACE('Part body',(#9677),#9652,.T.) ;
#9709=ADVANCED_FACE('Part body',(#9708),#9683,.F.) ;
#9740=ADVANCED_FACE('Part body',(#9739),#9714,.F.) ;
#9771=ADVANCED_FACE('Part body',(#9770),#9745,.F.) ;
#9802=ADVANCED_FACE('Part body',(#9801),#9776,.T.) ;
#9831=ADVANCED_FACE('Part body',(#9830),#9807,.F.) ;
#9848=ADVANCED_FACE('Part body',(#9847),#9836,.F.) ;
#9865=ADVANCED_FACE('Part body',(#9864),#9853,.F.) ;
#9882=ADVANCED_FACE('Part body',(#9881),#9870,.F.) ;
#9899=ADVANCED_FACE('Part body',(#9898),#9887,.F.) ;
#9911=ADVANCED_FACE('Part body',(#9910),#9904,.T.) ;
#9927=ADVANCED_FACE('Part body',(#9926),#9522,.F.) ;
#9943=ADVANCED_FACE('Part body',(#9942),#9543,.T.) ;
#9967=ADVANCED_FACE('Part body',(#9966),#9948,.T.) ;
#9986=ADVANCED_FACE('Part body',(#9985),#9948,.T.) ;
#10017=ADVANCED_FACE('Part body',(#10016),#9991,.T.) ;
#10043=ADVANCED_FACE('Part body',(#10042),#9991,.T.) ;
#10076=ADVANCED_FACE('Part body',(#10075),#10048,.T.) ;
#10104=ADVANCED_FACE('Part body',(#10103),#10048,.T.) ;
#10116=ADVANCED_FACE('Part body',(#10115),#10109,.T.) ;
#10128=ADVANCED_FACE('Part body',(#10127),#10121,.F.) ;
#10145=ADVANCED_FACE('Part body',(#10144),#10133,.T.) ;
#10162=ADVANCED_FACE('Part body',(#10161),#10150,.F.) ;
#10193=ADVANCED_FACE('Part body',(#10192),#10167,.F.) ;
#10210=ADVANCED_FACE('Part body',(#10209),#10198,.F.) ;
#10243=ADVANCED_FACE('Part body',(#10242),#10215,.F.) ;
#10260=ADVANCED_FACE('Part body',(#10259),#10248,.F.) ;
#10284=ADVANCED_FACE('Part body',(#10283),#10265,.F.) ;
#10303=ADVANCED_FACE('Part body',(#10302),#10265,.F.) ;
#10329=ADVANCED_FACE('Part body',(#10328),#10308,.T.) ;
#10355=ADVANCED_FACE('Part body',(#10354),#10334,.T.) ;
#10379=ADVANCED_FACE('Part body',(#10378),#10360,.F.) ;
#10397=ADVANCED_FACE('Part body',(#10396),#10384,.F.) ;
#10405=ADVANCED_FACE('Part body',(#10404),#10384,.F.) ;
#10424=ADVANCED_FACE('Part body',(#10423),#10410,.F.) ;
#10442=ADVANCED_FACE('Part body',(#10441),#10429,.T.) ;
#10464=ADVANCED_FACE('Part body',(#10463),#10447,.F.) ;
#10471=ADVANCED_FACE('Part body',(#10470),#10447,.F.) ;
#10493=ADVANCED_FACE('Part body',(#10492),#10476,.F.) ;
#10500=ADVANCED_FACE('Part body',(#10499),#10476,.F.) ;
#10514=ADVANCED_FACE('Part body',(#10513),#10505,.T.) ;
#10539=ADVANCED_FACE('Part body',(#10538),#10519,.F.) ;
#10563=ADVANCED_FACE('Part body',(#10562),#10544,.F.) ;
#10580=ADVANCED_FACE('Part body',(#10579),#10568,.T.) ;
#10593=ADVANCED_FACE('Part body',(#10592),#10585,.T.) ;
#10618=ADVANCED_FACE('Part body',(#10617),#10598,.F.) ;
#10637=ADVANCED_FACE('Part body',(#10636),#10544,.F.) ;
#10649=ADVANCED_FACE('Part body',(#10648),#10568,.T.) ;
#10662=ADVANCED_FACE('Part body',(#10661),#10654,.T.) ;
#10687=ADVANCED_FACE('Part body',(#10686),#10667,.F.) ;
#10706=ADVANCED_FACE('Part body',(#10705),#10544,.F.) ;
#10718=ADVANCED_FACE('Part body',(#10717),#10568,.T.) ;
#10731=ADVANCED_FACE('Part body',(#10730),#10723,.T.) ;
#10756=ADVANCED_FACE('Part body',(#10755),#10736,.F.) ;
#10775=ADVANCED_FACE('Part body',(#10774),#10544,.F.) ;
#10787=ADVANCED_FACE('Part body',(#10786),#10568,.T.) ;
#10800=ADVANCED_FACE('Part body',(#10799),#10792,.T.) ;
#10825=ADVANCED_FACE('Part body',(#10824),#10805,.F.) ;
#10844=ADVANCED_FACE('Part body',(#10843),#10544,.F.) ;
#10856=ADVANCED_FACE('Part body',(#10855),#10568,.T.) ;
#10869=ADVANCED_FACE('Part body',(#10868),#10861,.T.) ;
#10894=ADVANCED_FACE('Part body',(#10893),#10874,.F.) ;
#10913=ADVANCED_FACE('Part body',(#10912),#10544,.F.) ;
#10925=ADVANCED_FACE('Part body',(#10924),#10568,.T.) ;
#10938=ADVANCED_FACE('Part body',(#10937),#10930,.T.) ;
#10963=ADVANCED_FACE('Part body',(#10962),#10943,.F.) ;
#10982=ADVANCED_FACE('Part body',(#10981),#10544,.F.) ;
#10994=ADVANCED_FACE('Part body',(#10993),#10568,.T.) ;
#11007=ADVANCED_FACE('Part body',(#11006),#10999,.T.) ;
#11032=ADVANCED_FACE('Part body',(#11031),#11012,.F.) ;
#11051=ADVANCED_FACE('Part body',(#11050),#10544,.F.) ;
#11063=ADVANCED_FACE('Part body',(#11062),#10568,.T.) ;
#11076=ADVANCED_FACE('Part body',(#11075),#11068,.T.) ;
#4=APPLICATION_PROTOCOL_DEFINITION('international standard','automotive_design',2001,#1) ;
#717=B_SPLINE_CURVE_WITH_KNOTS('',5,(#718,#719,#720,#721,#722,#723),.UNSPECIFIED.,.F.,.U.,(6,6),(0.,0.80499045979),.UNSPECIFIED.) ;
#734=B_SPLINE_CURVE_WITH_KNOTS('',5,(#735,#736,#737,#738,#739,#740),.UNSPECIFIED.,.F.,.U.,(6,6),(0.,0.80499045979),.UNSPECIFIED.) ;
#778=B_SPLINE_CURVE_WITH_KNOTS('',5,(#779,#780,#781,#782,#783,#784),.UNSPECIFIED.,.F.,.U.,(6,6),(0.,0.804990459977),.UNSPECIFIED.) ;
#826=B_SPLINE_CURVE_WITH_KNOTS('',5,(#827,#828,#829,#830,#831,#832),.UNSPECIFIED.,.F.,.U.,(6,6),(0.,0.804990459603),.UNSPECIFIED.) ;
#877=B_SPLINE_CURVE_WITH_KNOTS('',5,(#878,#879,#880,#881,#882,#883),.UNSPECIFIED.,.F.,.U.,(6,6),(0.,0.804990459604),.UNSPECIFIED.) ;
#897=B_SPLINE_CURVE_WITH_KNOTS('',5,(#898,#899,#900,#901,#902,#903),.UNSPECIFIED.,.F.,.U.,(6,6),(0.,0.804990459976),.UNSPECIFIED.) ;
#931=B_SPLINE_CURVE_WITH_KNOTS('',5,(#932,#933,#934,#935,#936,#937),.UNSPECIFIED.,.F.,.U.,(6,6),(0.,0.804990459791),.UNSPECIFIED.) ;
#951=B_SPLINE_CURVE_WITH_KNOTS('',5,(#952,#953,#954,#955,#956,#957),.UNSPECIFIED.,.F.,.U.,(6,6),(0.,0.804990459791),.UNSPECIFIED.) ;
#978=B_SPLINE_CURVE_WITH_KNOTS('',5,(#979,#980,#981,#982,#983,#984),.UNSPECIFIED.,.F.,.U.,(6,6),(0.,0.804990459789),.UNSPECIFIED.) ;
#1005=B_SPLINE_CURVE_WITH_KNOTS('',4,(#1006,#1007,#1008,#1009,#1010),.UNSPECIFIED.,.F.,.U.,(5,5),(0.,0.676799296005),.UNSPECIFIED.) ;
#1031=B_SPLINE_CURVE_WITH_KNOTS('',5,(#1032,#1033,#1034,#1035,#1036,#1037),.UNSPECIFIED.,.F.,.U.,(6,6),(0.,0.80499045979),.UNSPECIFIED.) ;
#1048=B_SPLINE_CURVE_WITH_KNOTS('',4,(#1049,#1050,#1051,#1052,#1053),.UNSPECIFIED.,.F.,.U.,(5,5),(0.,0.676799296204),.UNSPECIFIED.) ;
#10316=B_SPLINE_CURVE_WITH_KNOTS('',4,(#10317,#10318,#10319,#10320,#10321),.UNSPECIFIED.,.F.,.U.,(5,5),(0.,0.666442315791),.UNSPECIFIED.) ;
#10342=B_SPLINE_CURVE_WITH_KNOTS('',4,(#10343,#10344,#10345,#10346,#10347),.UNSPECIFIED.,.F.,.U.,(5,5),(0.,0.666442386345),.UNSPECIFIED.) ;
#21=MANIFOLD_SOLID_BREP('Part body',#30) ;
#152=CIRCLE('generated circle',#151,0.1) ;
#157=CIRCLE('generated circle',#156,0.1) ;
#174=CIRCLE('generated circle',#173,0.1) ;
#188=CIRCLE('generated circle',#187,0.1) ;
#205=CIRCLE('generated circle',#204,0.3) ;
#212=CIRCLE('generated circle',#211,0.3) ;
#236=CIRCLE('generated circle',#235,0.3) ;
#250=CIRCLE('generated circle',#249,0.3) ;
#298=CIRCLE('generated circle',#297,0.3) ;
#305=CIRCLE('generated circle',#304,0.3) ;
#360=CIRCLE('generated circle',#359,0.3) ;
#367=CIRCLE('generated circle',#366,0.3) ;
#422=CIRCLE('generated circle',#421,0.5) ;
#455=CIRCLE('generated circle',#454,0.5) ;
#469=CIRCLE('generated circle',#468,0.5) ;
#483=CIRCLE('generated circle',#482,0.5) ;
#757=CIRCLE('generated circle',#756,0.3) ;
#798=CIRCLE('generated circle',#797,0.3) ;
#815=CIRCLE('generated circle',#814,0.3) ;
#856=CIRCLE('generated circle',#855,0.3) ;
#1148=CIRCLE('generated circle',#1147,0.45) ;
#1182=CIRCLE('generated circle',#1181,0.45) ;
#1251=CIRCLE('generated circle',#1250,0.400000000373) ;
#1260=CIRCLE('generated circle',#1259,0.400000000373) ;
#1298=CIRCLE('generated circle',#1297,0.400000000373) ;
#1307=CIRCLE('generated circle',#1306,0.400000000373) ;
#1385=CIRCLE('generated circle',#1384,0.5) ;
#1409=CIRCLE('generated circle',#1408,0.5) ;
#1463=CIRCLE('generated circle',#1462,0.5) ;
#1506=CIRCLE('generated circle',#1505,0.5) ;
#2068=CIRCLE('generated circle',#2067,0.45) ;
#2111=CIRCLE('generated circle',#2110,0.45) ;
#2177=CIRCLE('generated circle',#2176,0.400000000373) ;
#2186=CIRCLE('generated circle',#2185,0.400000000373) ;
#2214=CIRCLE('generated circle',#2213,0.400000000373) ;
#2223=CIRCLE('generated circle',#2222,0.400000000373) ;
#3234=CIRCLE('generated circle',#3233,0.450110726514) ;
#3248=CIRCLE('generated circle',#3247,0.450110726514) ;
#3296=CIRCLE('generated circle',#3295,0.450220282588) ;
#3310=CIRCLE('generated circle',#3309,0.450220282588) ;
#3482=CIRCLE('generated circle',#3481,0.450621368845) ;
#3496=CIRCLE('generated circle',#3495,0.450621368845) ;
#3640=CIRCLE('generated circle',#3639,0.450110726514) ;
#3654=CIRCLE('generated circle',#3653,0.450110726514) ;
#3692=CIRCLE('generated circle',#3691,0.450220282588) ;
#3706=CIRCLE('generated circle',#3705,0.450220282588) ;
#3848=CIRCLE('generated circle',#3847,0.450621368845) ;
#3862=CIRCLE('generated circle',#3861,0.450621368845) ;
#3991=CIRCLE('generated circle',#3990,0.450110726514) ;
#4005=CIRCLE('generated circle',#4004,0.450110726514) ;
#4043=CIRCLE('generated circle',#4042,0.450220282588) ;
#4057=CIRCLE('generated circle',#4056,0.450220282588) ;
#4199=CIRCLE('generated circle',#4198,0.450621368845) ;
#4213=CIRCLE('generated circle',#4212,0.450621368845) ;
#4342=CIRCLE('generated circle',#4341,0.450110726514) ;
#4356=CIRCLE('generated circle',#4355,0.450110726514) ;
#4394=CIRCLE('generated circle',#4393,0.450220282588) ;
#4408=CIRCLE('generated circle',#4407,0.450220282588) ;
#4550=CIRCLE('generated circle',#4549,0.450621368845) ;
#4564=CIRCLE('generated circle',#4563,0.450621368845) ;
#4693=CIRCLE('generated circle',#4692,0.450110726514) ;
#4707=CIRCLE('generated circle',#4706,0.450110726514) ;
#4745=CIRCLE('generated circle',#4744,0.450220282588) ;
#4759=CIRCLE('generated circle',#4758,0.450220282588) ;
#4901=CIRCLE('generated circle',#4900,0.450621368845) ;
#4915=CIRCLE('generated circle',#4914,0.450621368845) ;
#5044=CIRCLE('generated circle',#5043,0.450110726514) ;
#5058=CIRCLE('generated circle',#5057,0.450110726514) ;
#5096=CIRCLE('generated circle',#5095,0.450220282588) ;
#5110=CIRCLE('generated circle',#5109,0.450220282588) ;
#5252=CIRCLE('generated circle',#5251,0.450621368845) ;
#5266=CIRCLE('generated circle',#5265,0.450621368845) ;
#5395=CIRCLE('generated circle',#5394,0.450110726514) ;
#5409=CIRCLE('generated circle',#5408,0.450110726514) ;
#5447=CIRCLE('generated circle',#5446,0.450220282588) ;
#5461=CIRCLE('generated circle',#5460,0.450220282588) ;
#5603=CIRCLE('generated circle',#5602,0.450621368845) ;
#5617=CIRCLE('generated circle',#5616,0.450621368845) ;
#5746=CIRCLE('generated circle',#5745,0.450110726514) ;
#5760=CIRCLE('generated circle',#5759,0.450110726514) ;
#5798=CIRCLE('generated circle',#5797,0.450220282588) ;
#5812=CIRCLE('generated circle',#5811,0.450220282588) ;
#5954=CIRCLE('generated circle',#5953,0.450621368845) ;
#5968=CIRCLE('generated circle',#5967,0.450621368845) ;
#6749=CIRCLE('generated circle',#6748,0.150000002845) ;
#6763=CIRCLE('generated circle',#6762,0.85) ;
#6835=CIRCLE('generated circle',#6834,0.85) ;
#6849=CIRCLE('generated circle',#6848,0.150000002845) ;
#7132=CIRCLE('generated circle',#7131,0.150000002845) ;
#7146=CIRCLE('generated circle',#7145,0.85) ;
#7220=CIRCLE('generated circle',#7219,0.85) ;
#7234=CIRCLE('generated circle',#7233,0.150000002845) ;
#8124=CIRCLE('generated circle',#8123,0.300124300152) ;
#8152=CIRCLE('generated circle',#8151,0.300124300161) ;
#9207=CIRCLE('generated circle',#9206,0.15) ;
#9221=CIRCLE('generated circle',#9220,0.15) ;
#9262=CIRCLE('generated circle',#9261,0.5) ;
#9276=CIRCLE('generated circle',#9275,0.5) ;
#9324=CIRCLE('generated circle',#9323,0.5) ;
#9338=CIRCLE('generated circle',#9337,0.5) ;
#9386=CIRCLE('generated circle',#9385,0.5) ;
#9400=CIRCLE('generated circle',#9399,0.5) ;
#9606=CIRCLE('generated circle',#9605,0.15) ;
#9620=CIRCLE('generated circle',#9619,0.15) ;
#9656=CIRCLE('generated circle',#9655,0.5) ;
#9670=CIRCLE('generated circle',#9669,0.5) ;
#9718=CIRCLE('generated circle',#9717,0.5) ;
#9732=CIRCLE('generated circle',#9731,0.5) ;
#9780=CIRCLE('generated circle',#9779,0.5) ;
#9794=CIRCLE('generated circle',#9793,0.5) ;
#22=COLOUR_RGB('Colour',0.796078431373,0.823529411765,0.937254901961) ;
#11083=CONSTRUCTIVE_GEOMETRY_REPRESENTATION('supplemental geometry',(#11082),#16) ;
#11084=CONSTRUCTIVE_GEOMETRY_REPRESENTATION_RELATIONSHIP('supplemental geometry','',#19,#11083) ;
#139=CYLINDRICAL_SURFACE('generated cylinder',#138,0.1) ;
#170=CYLINDRICAL_SURFACE('generated cylinder',#169,0.1) ;
#201=CYLINDRICAL_SURFACE('generated cylinder',#200,0.3) ;
#232=CYLINDRICAL_SURFACE('generated cylinder',#231,0.3) ;
#294=CYLINDRICAL_SURFACE('generated cylinder',#293,0.3) ;
#356=CYLINDRICAL_SURFACE('generated cylinder',#355,0.3) ;
#716=CYLINDRICAL_SURFACE('generated cylinder',#715,0.3) ;
#753=CYLINDRICAL_SURFACE('generated cylinder',#752,0.3) ;
#777=CYLINDRICAL_SURFACE('generated cylinder',#776,0.3) ;
#811=CYLINDRICAL_SURFACE('generated cylinder',#810,0.3) ;
#845=CYLINDRICAL_SURFACE('generated cylinder',#844,0.3) ;
#869=CYLINDRICAL_SURFACE('generated cylinder',#868,0.3) ;
#896=CYLINDRICAL_SURFACE('generated cylinder',#895,0.3) ;
#923=CYLINDRICAL_SURFACE('generated cylinder',#922,0.3) ;
#950=CYLINDRICAL_SURFACE('generated cylinder',#949,0.3) ;
#977=CYLINDRICAL_SURFACE('generated cylinder',#976,0.3) ;
#1004=CYLINDRICAL_SURFACE('generated cylinder',#1003,0.3) ;
#1030=CYLINDRICAL_SURFACE('generated cylinder',#1029,0.3) ;
#1066=CYLINDRICAL_SURFACE('generated cylinder',#1065,0.3) ;
#1171=CYLINDRICAL_SURFACE('generated cylinder',#1170,0.45) ;
#1381=CYLINDRICAL_SURFACE('generated cylinder',#1380,0.5) ;
#1405=CYLINDRICAL_SURFACE('generated cylinder',#1404,0.5) ;
#1902=CYLINDRICAL_SURFACE('generated cylinder',#1901,0.5) ;
#1986=CYLINDRICAL_SURFACE('generated cylinder',#1985,0.5) ;
#2107=CYLINDRICAL_SURFACE('generated cylinder',#2106,0.45) ;
#3230=CYLINDRICAL_SURFACE('generated cylinder',#3229,0.450110726514) ;
#3292=CYLINDRICAL_SURFACE('generated cylinder',#3291,0.450220282588) ;
#3478=CYLINDRICAL_SURFACE('generated cylinder',#3477,0.450621368845) ;
#9203=CYLINDRICAL_SURFACE('generated cylinder',#9202,0.15) ;
#9258=CYLINDRICAL_SURFACE('generated cylinder',#9257,0.5) ;
#9320=CYLINDRICAL_SURFACE('generated cylinder',#9319,0.5) ;
#9382=CYLINDRICAL_SURFACE('generated cylinder',#9381,0.5) ;
#9476=CYLINDRICAL_SURFACE('generated cylinder',#9475,0.150000002845) ;
#9510=CYLINDRICAL_SURFACE('generated cylinder',#9509,0.85) ;
#9602=CYLINDRICAL_SURFACE('generated cylinder',#9601,0.15) ;
#9652=CYLINDRICAL_SURFACE('generated cylinder',#9651,0.5) ;
#9714=CYLINDRICAL_SURFACE('generated cylinder',#9713,0.5) ;
#9776=CYLINDRICAL_SURFACE('generated cylinder',#9775,0.5) ;
#9870=CYLINDRICAL_SURFACE('generated cylinder',#9869,0.150000002845) ;
#9904=CYLINDRICAL_SURFACE('generated cylinder',#9903,0.85) ;
#10308=CYLINDRICAL_SURFACE('generated cylinder',#10307,0.300124300152) ;
#10334=CYLINDRICAL_SURFACE('generated cylinder',#10333,0.300124300161) ;
#10447=CYLINDRICAL_SURFACE('generated cylinder',#10446,0.400000000373) ;
#10476=CYLINDRICAL_SURFACE('generated cylinder',#10475,0.400000000373) ;
#44=EDGE_CURVE('',#41,#43,#39,.F.) ;
#51=EDGE_CURVE('',#43,#50,#48,.T.) ;
#58=EDGE_CURVE('',#50,#57,#55,.T.) ;
#65=EDGE_CURVE('',#64,#57,#62,.T.) ;
#72=EDGE_CURVE('',#71,#64,#69,.T.) ;
#79=EDGE_CURVE('',#71,#78,#76,.T.) ;
#86=EDGE_CURVE('',#85,#78,#83,.F.) ;
#93=EDGE_CURVE('',#92,#85,#90,.F.) ;
#100=EDGE_CURVE('',#92,#99,#97,.F.) ;
#107=EDGE_CURVE('',#99,#106,#104,.T.) ;
#114=EDGE_CURVE('',#113,#106,#111,.F.) ;
#119=EDGE_CURVE('',#113,#41,#118,.T.) ;
#148=EDGE_CURVE('',#145,#147,#143,.F.) ;
#153=EDGE_CURVE('',#92,#145,#152,.F.) ;
#158=EDGE_CURVE('',#147,#85,#157,.T.) ;
#177=EDGE_CURVE('',#176,#113,#174,.T.) ;
#184=EDGE_CURVE('',#176,#183,#181,.T.) ;
#189=EDGE_CURVE('',#41,#183,#188,.F.) ;
#208=EDGE_CURVE('',#207,#57,#205,.F.) ;
#215=EDGE_CURVE('',#50,#214,#212,.T.) ;
#220=EDGE_CURVE('',#214,#207,#219,.T.) ;
#239=EDGE_CURVE('',#64,#238,#236,.F.) ;
#246=EDGE_CURVE('',#245,#238,#243,.T.) ;
#251=EDGE_CURVE('',#245,#71,#250,.T.) ;
#270=EDGE_CURVE('',#207,#269,#267,.T.) ;
#277=EDGE_CURVE('',#214,#276,#274,.T.) ;
#282=EDGE_CURVE('',#276,#269,#281,.T.) ;
#301=EDGE_CURVE('',#300,#269,#298,.F.) ;
#308=EDGE_CURVE('',#276,#307,#305,.T.) ;
#313=EDGE_CURVE('',#307,#300,#312,.T.) ;
#332=EDGE_CURVE('',#307,#331,#329,.T.) ;
#339=EDGE_CURVE('',#331,#338,#336,.T.) ;
#344=EDGE_CURVE('',#300,#338,#343,.T.) ;
#363=EDGE_CURVE('',#362,#338,#360,.F.) ;
#370=EDGE_CURVE('',#331,#369,#367,.T.) ;
#375=EDGE_CURVE('',#369,#362,#374,.T.) ;
#392=EDGE_CURVE('',#362,#238,#391,.T.) ;
#397=EDGE_CURVE('',#369,#245,#396,.T.) ;
#418=EDGE_CURVE('',#415,#417,#413,.F.) ;
#425=EDGE_CURVE('',#424,#415,#422,.F.) ;
#432=EDGE_CURVE('',#431,#424,#429,.F.) ;
#437=EDGE_CURVE('',#78,#431,#436,.T.) ;
#444=EDGE_CURVE('',#443,#43,#441,.T.) ;
#451=EDGE_CURVE('',#450,#443,#448,.F.) ;
#458=EDGE_CURVE('',#457,#450,#455,.F.) ;
#465=EDGE_CURVE('',#464,#457,#462,.F.) ;
#472=EDGE_CURVE('',#471,#464,#469,.F.) ;
#479=EDGE_CURVE('',#478,#471,#476,.F.) ;
#484=EDGE_CURVE('',#417,#478,#483,.F.) ;
#514=EDGE_CURVE('',#513,#99,#511,.T.) ;
#521=EDGE_CURVE('',#520,#513,#518,.F.) ;
#526=EDGE_CURVE('',#106,#520,#525,.T.) ;
#557=EDGE_CURVE('',#554,#556,#552,.T.) ;
#564=EDGE_CURVE('',#563,#554,#561,.T.) ;
#571=EDGE_CURVE('',#570,#563,#568,.F.) ;
#578=EDGE_CURVE('',#577,#570,#575,.F.) ;
#585=EDGE_CURVE('',#584,#577,#582,.F.) ;
#592=EDGE_CURVE('',#591,#584,#589,.T.) ;
#599=EDGE_CURVE('',#598,#591,#596,.T.) ;
#606=EDGE_CURVE('',#605,#598,#603,.T.) ;
#613=EDGE_CURVE('',#612,#605,#610,.F.) ;
#620=EDGE_CURVE('',#619,#612,#617,.T.) ;
#627=EDGE_CURVE('',#626,#619,#624,.F.) ;
#634=EDGE_CURVE('',#633,#626,#631,.F.) ;
#641=EDGE_CURVE('',#640,#633,#638,.F.) ;
#648=EDGE_CURVE('',#640,#647,#645,.T.) ;
#655=EDGE_CURVE('',#654,#647,#652,.T.) ;
#662=EDGE_CURVE('',#661,#654,#659,.T.) ;
#669=EDGE_CURVE('',#668,#661,#666,.F.) ;
#676=EDGE_CURVE('',#675,#668,#673,.F.) ;
#683=EDGE_CURVE('',#682,#675,#680,.T.) ;
#688=EDGE_CURVE('',#556,#682,#687,.T.) ;
#726=EDGE_CURVE('',#619,#725,#717,.T.) ;
#733=EDGE_CURVE('',#732,#725,#730,.F.) ;
#741=EDGE_CURVE('',#626,#732,#734,.T.) ;
#760=EDGE_CURVE('',#612,#759,#757,.F.) ;
#765=EDGE_CURVE('',#725,#759,#764,.T.) ;
#787=EDGE_CURVE('',#584,#786,#778,.T.) ;
#794=EDGE_CURVE('',#793,#786,#791,.T.) ;
#799=EDGE_CURVE('',#793,#591,#798,.T.) ;
#818=EDGE_CURVE('',#654,#817,#815,.F.) ;
#825=EDGE_CURVE('',#824,#817,#822,.T.) ;
#833=EDGE_CURVE('',#661,#824,#826,.T.) ;
#852=EDGE_CURVE('',#851,#732,#849,.F.) ;
#857=EDGE_CURVE('',#851,#633,#856,.F.) ;
#876=EDGE_CURVE('',#875,#824,#873,.F.) ;
#884=EDGE_CURVE('',#668,#875,#877,.T.) ;
#906=EDGE_CURVE('',#577,#905,#897,.T.) ;
#911=EDGE_CURVE('',#786,#905,#910,.F.) ;
#930=EDGE_CURVE('',#929,#875,#927,.F.) ;
#938=EDGE_CURVE('',#675,#929,#931,.T.) ;
#960=EDGE_CURVE('',#570,#959,#951,.T.) ;
#965=EDGE_CURVE('',#905,#959,#964,.F.) ;
#987=EDGE_CURVE('',#563,#986,#978,.T.) ;
#992=EDGE_CURVE('',#959,#986,#991,.F.) ;
#1013=EDGE_CURVE('',#554,#1012,#1005,.F.) ;
#1018=EDGE_CURVE('',#986,#1012,#1017,.T.) ;
#1040=EDGE_CURVE('',#682,#1039,#1031,.T.) ;
#1047=EDGE_CURVE('',#1046,#1039,#1044,.T.) ;
#1054=EDGE_CURVE('',#1046,#556,#1048,.T.) ;
#1071=EDGE_CURVE('',#1039,#929,#1070,.T.) ;
#1092=EDGE_CURVE('',#1089,#1091,#1087,.F.) ;
#1099=EDGE_CURVE('',#1098,#1091,#1096,.T.) ;
#1106=EDGE_CURVE('',#1105,#1098,#1103,.F.) ;
#1111=EDGE_CURVE('',#1105,#1089,#1110,.T.) ;
#1130=EDGE_CURVE('',#1129,#145,#1127,.F.) ;
#1137=EDGE_CURVE('',#1136,#1129,#1134,.F.) ;
#1144=EDGE_CURVE('',#1143,#1136,#1141,.F.) ;
#1149=EDGE_CURVE('',#1091,#1143,#1148,.T.) ;
#1154=EDGE_CURVE('',#513,#1089,#1153,.F.) ;
#1178=EDGE_CURVE('',#1177,#1143,#1175,.T.) ;
#1183=EDGE_CURVE('',#1177,#1098,#1182,.T.) ;
#1200=EDGE_CURVE('',#431,#1105,#1199,.F.) ;
#1207=EDGE_CURVE('',#1177,#1206,#1204,.F.) ;
#1214=EDGE_CURVE('',#1206,#1213,#1211,.F.) ;
#1219=EDGE_CURVE('',#1213,#147,#1218,.F.) ;
#1241=EDGE_CURVE('',#1206,#1136,#1240,.T.) ;
#1256=EDGE_CURVE('',#1253,#1255,#1251,.F.) ;
#1261=EDGE_CURVE('',#1255,#1253,#1260,.F.) ;
#1276=EDGE_CURVE('',#1213,#1129,#1275,.T.) ;
#1303=EDGE_CURVE('',#1300,#1302,#1298,.T.) ;
#1308=EDGE_CURVE('',#1302,#1300,#1307,.T.) ;
#1325=EDGE_CURVE('',#417,#1324,#1322,.T.) ;
#1332=EDGE_CURVE('',#1331,#1324,#1329,.F.) ;
#1339=EDGE_CURVE('',#1331,#1338,#1336,.T.) ;
#1346=EDGE_CURVE('',#1345,#1338,#1343,.F.) ;
#1353=EDGE_CURVE('',#1352,#1345,#1350,.T.) ;
#1360=EDGE_CURVE('',#1359,#1352,#1357,.F.) ;
#1365=EDGE_CURVE('',#415,#1359,#1364,.T.) ;
#1388=EDGE_CURVE('',#1387,#1324,#1385,.F.) ;
#1393=EDGE_CURVE('',#478,#1387,#1392,.T.) ;
#1412=EDGE_CURVE('',#1359,#1411,#1409,.F.) ;
#1417=EDGE_CURVE('',#424,#1411,#1416,.T.) ;
#1438=EDGE_CURVE('',#1435,#1437,#1433,.F.) ;
#1445=EDGE_CURVE('',#1444,#1437,#1442,.F.) ;
#1452=EDGE_CURVE('',#1451,#1444,#1449,.F.) ;
#1459=EDGE_CURVE('',#1451,#1458,#1456,.F.) ;
#1464=EDGE_CURVE('',#1435,#1458,#1463,.F.) ;
#1481=EDGE_CURVE('',#1478,#1480,#1476,.F.) ;
#1488=EDGE_CURVE('',#1487,#1480,#1485,.F.) ;
#1495=EDGE_CURVE('',#1494,#1487,#1492,.F.) ;
#1502=EDGE_CURVE('',#1494,#1501,#1499,.F.) ;
#1507=EDGE_CURVE('',#1478,#1501,#1506,.F.) ;
#1522=EDGE_CURVE('',#1521,#1352,#1519,.F.) ;
#1529=EDGE_CURVE('',#1528,#1521,#1526,.F.) ;
#1534=EDGE_CURVE('',#1528,#1411,#1533,.F.) ;
#1549=EDGE_CURVE('',#1387,#1548,#1546,.F.) ;
#1556=EDGE_CURVE('',#1555,#1548,#1553,.F.) ;
#1561=EDGE_CURVE('',#1331,#1555,#1560,.T.) ;
#1579=EDGE_CURVE('',#471,#1501,#1578,.T.) ;
#1586=EDGE_CURVE('',#1494,#1585,#1583,.T.) ;
#1593=EDGE_CURVE('',#1592,#1585,#1590,.F.) ;
#1600=EDGE_CURVE('',#1592,#1599,#1597,.T.) ;
#1607=EDGE_CURVE('',#1606,#1599,#1604,.F.) ;
#1614=EDGE_CURVE('',#1613,#1606,#1611,.T.) ;
#1621=EDGE_CURVE('',#1613,#1620,#1618,.T.) ;
#1628=EDGE_CURVE('',#1627,#1620,#1625,.F.) ;
#1635=EDGE_CURVE('',#1634,#1627,#1632,.F.) ;
#1642=EDGE_CURVE('',#1641,#1634,#1639,.T.) ;
#1649=EDGE_CURVE('',#1641,#1648,#1646,.T.) ;
#1656=EDGE_CURVE('',#1655,#1648,#1653,.F.) ;
#1663=EDGE_CURVE('',#1662,#1655,#1660,.F.) ;
#1670=EDGE_CURVE('',#1669,#1662,#1667,.T.) ;
#1677=EDGE_CURVE('',#1669,#1676,#1674,.T.) ;
#1684=EDGE_CURVE('',#1683,#1676,#1681,.F.) ;
#1691=EDGE_CURVE('',#1690,#1683,#1688,.F.) ;
#1698=EDGE_CURVE('',#1697,#1690,#1695,.T.) ;
#1705=EDGE_CURVE('',#1697,#1704,#1702,.T.) ;
#1712=EDGE_CURVE('',#1711,#1704,#1709,.F.) ;
#1719=EDGE_CURVE('',#1718,#1711,#1716,.F.) ;
#1726=EDGE_CURVE('',#1725,#1718,#1723,.T.) ;
#1733=EDGE_CURVE('',#1725,#1732,#1730,.T.) ;
#1740=EDGE_CURVE('',#1739,#1732,#1737,.F.) ;
#1747=EDGE_CURVE('',#1746,#1739,#1744,.F.) ;
#1754=EDGE_CURVE('',#1753,#1746,#1751,.T.) ;
#1761=EDGE_CURVE('',#1753,#1760,#1758,.T.) ;
#1768=EDGE_CURVE('',#1767,#1760,#1765,.F.) ;
#1775=EDGE_CURVE('',#1774,#1767,#1772,.F.) ;
#1782=EDGE_CURVE('',#1781,#1774,#1779,.T.) ;
#1789=EDGE_CURVE('',#1781,#1788,#1786,.T.) ;
#1796=EDGE_CURVE('',#1795,#1788,#1793,.F.) ;
#1803=EDGE_CURVE('',#1802,#1795,#1800,.F.) ;
#1810=EDGE_CURVE('',#1809,#1802,#1807,.T.) ;
#1817=EDGE_CURVE('',#1809,#1816,#1814,.T.) ;
#1824=EDGE_CURVE('',#1823,#1816,#1821,.F.) ;
#1831=EDGE_CURVE('',#1830,#1823,#1828,.F.) ;
#1838=EDGE_CURVE('',#1837,#1830,#1835,.T.) ;
#1845=EDGE_CURVE('',#1844,#1837,#1842,.F.) ;
#1850=EDGE_CURVE('',#1548,#1844,#1849,.T.) ;
#1907=EDGE_CURVE('',#464,#1478,#1906,.T.) ;
#1924=EDGE_CURVE('',#450,#1435,#1923,.T.) ;
#1931=EDGE_CURVE('',#443,#1930,#1928,.F.) ;
#1938=EDGE_CURVE('',#1930,#1937,#1935,.F.) ;
#1943=EDGE_CURVE('',#520,#1937,#1942,.F.) ;
#1950=EDGE_CURVE('',#1528,#1949,#1947,.T.) ;
#1957=EDGE_CURVE('',#1956,#1949,#1954,.F.) ;
#1962=EDGE_CURVE('',#1437,#1956,#1961,.T.) ;
#1991=EDGE_CURVE('',#457,#1458,#1990,.T.) ;
#2010=EDGE_CURVE('',#1451,#2009,#2007,.T.) ;
#2017=EDGE_CURVE('',#2016,#2009,#2014,.F.) ;
#2022=EDGE_CURVE('',#1480,#2016,#2021,.T.) ;
#2040=EDGE_CURVE('',#1930,#2039,#2037,.F.) ;
#2047=EDGE_CURVE('',#2039,#2046,#2044,.F.) ;
#2052=EDGE_CURVE('',#1937,#2046,#2051,.F.) ;
#2071=EDGE_CURVE('',#2070,#2046,#2068,.F.) ;
#2078=EDGE_CURVE('',#2070,#2077,#2075,.F.) ;
#2085=EDGE_CURVE('',#2077,#2084,#2082,.F.) ;
#2090=EDGE_CURVE('',#2084,#176,#2089,.F.) ;
#2114=EDGE_CURVE('',#2039,#2113,#2111,.F.) ;
#2119=EDGE_CURVE('',#2113,#2070,#2118,.F.) ;
#2138=EDGE_CURVE('',#2137,#183,#2135,.F.) ;
#2145=EDGE_CURVE('',#2144,#2137,#2142,.F.) ;
#2150=EDGE_CURVE('',#2113,#2144,#2149,.F.) ;
#2167=EDGE_CURVE('',#2144,#2077,#2166,.F.) ;
#2182=EDGE_CURVE('',#2179,#2181,#2177,.F.) ;
#2187=EDGE_CURVE('',#2181,#2179,#2186,.F.) ;
#2197=EDGE_CURVE('',#2137,#2084,#2196,.F.) ;
#2219=EDGE_CURVE('',#2216,#2218,#2214,.T.) ;
#2224=EDGE_CURVE('',#2218,#2216,#2223,.T.) ;
#2241=EDGE_CURVE('',#1555,#2240,#2238,.T.) ;
#2246=EDGE_CURVE('',#1338,#2240,#2245,.T.) ;
#2263=EDGE_CURVE('',#2240,#1844,#2262,.F.) ;
#2282=EDGE_CURVE('',#1487,#2281,#2279,.T.) ;
#2287=EDGE_CURVE('',#1585,#2281,#2286,.F.) ;
#2299=EDGE_CURVE('',#2281,#2016,#2298,.F.) ;
#2318=EDGE_CURVE('',#1444,#2317,#2315,.T.) ;
#2323=EDGE_CURVE('',#2009,#2317,#2322,.F.) ;
#2335=EDGE_CURVE('',#2317,#1956,#2334,.F.) ;
#2349=EDGE_CURVE('',#1521,#2348,#2346,.T.) ;
#2354=EDGE_CURVE('',#1949,#2348,#2353,.F.) ;
#2366=EDGE_CURVE('',#2348,#1345,#2365,.F.) ;
#2385=EDGE_CURVE('',#2384,#1837,#2382,.F.) ;
#2392=EDGE_CURVE('',#2391,#2384,#2389,.F.) ;
#2399=EDGE_CURVE('',#2398,#2391,#2396,.T.) ;
#2406=EDGE_CURVE('',#2405,#2398,#2403,.T.) ;
#2413=EDGE_CURVE('',#2412,#2405,#2410,.T.) ;
#2420=EDGE_CURVE('',#2419,#2412,#2417,.F.) ;
#2425=EDGE_CURVE('',#1592,#2419,#2424,.F.) ;
#2460=EDGE_CURVE('',#2412,#2459,#2457,.T.) ;
#2467=EDGE_CURVE('',#2405,#2466,#2464,.T.) ;
#2472=EDGE_CURVE('',#2459,#2466,#2471,.T.) ;
#2491=EDGE_CURVE('',#2398,#2490,#2488,.T.) ;
#2496=EDGE_CURVE('',#2466,#2490,#2495,.T.) ;
#2515=EDGE_CURVE('',#2391,#2514,#2512,.T.) ;
#2520=EDGE_CURVE('',#2490,#2514,#2519,.T.) ;
#2541=EDGE_CURVE('',#2538,#2540,#2536,.F.) ;
#2548=EDGE_CURVE('',#2547,#2538,#2545,.F.) ;
#2553=EDGE_CURVE('',#2419,#2547,#2552,.T.) ;
#2558=EDGE_CURVE('',#2540,#2459,#2557,.F.) ;
#2576=EDGE_CURVE('',#2573,#2575,#2571,.T.) ;
#2583=EDGE_CURVE('',#2582,#2573,#2580,.F.) ;
#2590=EDGE_CURVE('',#2589,#2582,#2587,.F.) ;
#2595=EDGE_CURVE('',#2575,#2589,#2594,.F.) ;
#2611=EDGE_CURVE('',#2608,#2610,#2606,.F.) ;
#2618=EDGE_CURVE('',#2617,#2608,#2615,.F.) ;
#2625=EDGE_CURVE('',#2624,#2617,#2622,.T.) ;
#2630=EDGE_CURVE('',#2610,#2624,#2629,.F.) ;
#2646=EDGE_CURVE('',#2643,#2645,#2641,.F.) ;
#2653=EDGE_CURVE('',#2652,#2643,#2650,.F.) ;
#2660=EDGE_CURVE('',#2659,#2652,#2657,.T.) ;
#2665=EDGE_CURVE('',#2645,#2659,#2664,.F.) ;
#2681=EDGE_CURVE('',#2678,#2680,#2676,.F.) ;
#2688=EDGE_CURVE('',#2687,#2678,#2685,.F.) ;
#2695=EDGE_CURVE('',#2694,#2687,#2692,.T.) ;
#2700=EDGE_CURVE('',#2680,#2694,#2699,.F.) ;
#2716=EDGE_CURVE('',#2713,#2715,#2711,.T.) ;
#2723=EDGE_CURVE('',#2722,#2713,#2720,.F.) ;
#2730=EDGE_CURVE('',#2729,#2722,#2727,.F.) ;
#2735=EDGE_CURVE('',#2715,#2729,#2734,.F.) ;
#2751=EDGE_CURVE('',#2748,#2750,#2746,.F.) ;
#2758=EDGE_CURVE('',#2757,#2748,#2755,.F.) ;
#2765=EDGE_CURVE('',#2764,#2757,#2762,.T.) ;
#2770=EDGE_CURVE('',#2750,#2764,#2769,.F.) ;
#2786=EDGE_CURVE('',#2783,#2785,#2781,.F.) ;
#2793=EDGE_CURVE('',#2792,#2783,#2790,.F.) ;
#2800=EDGE_CURVE('',#2799,#2792,#2797,.T.) ;
#2805=EDGE_CURVE('',#2785,#2799,#2804,.F.) ;
#2821=EDGE_CURVE('',#2818,#2820,#2816,.T.) ;
#2826=EDGE_CURVE('',#2514,#2818,#2825,.F.) ;
#2833=EDGE_CURVE('',#2384,#2832,#2830,.T.) ;
#2838=EDGE_CURVE('',#2820,#2832,#2837,.F.) ;
#2859=EDGE_CURVE('',#2858,#2799,#2856,.T.) ;
#2866=EDGE_CURVE('',#2865,#2858,#2863,.T.) ;
#2871=EDGE_CURVE('',#2750,#2865,#2870,.T.) ;
#2878=EDGE_CURVE('',#2877,#2764,#2875,.T.) ;
#2885=EDGE_CURVE('',#2884,#2877,#2882,.T.) ;
#2890=EDGE_CURVE('',#2722,#2884,#2889,.T.) ;
#2897=EDGE_CURVE('',#2896,#2713,#2894,.T.) ;
#2904=EDGE_CURVE('',#2903,#2896,#2901,.T.) ;
#2909=EDGE_CURVE('',#2680,#2903,#2908,.T.) ;
#2916=EDGE_CURVE('',#2915,#2694,#2913,.T.) ;
#2923=EDGE_CURVE('',#2922,#2915,#2920,.T.) ;
#2928=EDGE_CURVE('',#2645,#2922,#2927,.T.) ;
#2935=EDGE_CURVE('',#2934,#2659,#2932,.T.) ;
#2942=EDGE_CURVE('',#2941,#2934,#2939,.T.) ;
#2947=EDGE_CURVE('',#2610,#2941,#2946,.T.) ;
#2954=EDGE_CURVE('',#2953,#2624,#2951,.T.) ;
#2961=EDGE_CURVE('',#2960,#2953,#2958,.T.) ;
#2966=EDGE_CURVE('',#2582,#2960,#2965,.T.) ;
#2973=EDGE_CURVE('',#2972,#2573,#2970,.T.) ;
#2980=EDGE_CURVE('',#2979,#2972,#2977,.T.) ;
#2985=EDGE_CURVE('',#2540,#2979,#2984,.T.) ;
#2992=EDGE_CURVE('',#2991,#2818,#2989,.T.) ;
#2999=EDGE_CURVE('',#2998,#2991,#2996,.T.) ;
#3004=EDGE_CURVE('',#2785,#2998,#3003,.T.) ;
#3053=EDGE_CURVE('',#2832,#1830,#3052,.F.) ;
#3070=EDGE_CURVE('',#2820,#1823,#3069,.T.) ;
#3082=EDGE_CURVE('',#1802,#2783,#3081,.T.) ;
#3087=EDGE_CURVE('',#2792,#1795,#3086,.T.) ;
#3099=EDGE_CURVE('',#1774,#2748,#3098,.T.) ;
#3104=EDGE_CURVE('',#2757,#1767,#3103,.T.) ;
#3116=EDGE_CURVE('',#1746,#2729,#3115,.T.) ;
#3121=EDGE_CURVE('',#2715,#1739,#3120,.T.) ;
#3133=EDGE_CURVE('',#1718,#2678,#3132,.T.) ;
#3138=EDGE_CURVE('',#2687,#1711,#3137,.T.) ;
#3150=EDGE_CURVE('',#1690,#2643,#3149,.T.) ;
#3155=EDGE_CURVE('',#2652,#1683,#3154,.T.) ;
#3167=EDGE_CURVE('',#1662,#2608,#3166,.T.) ;
#3172=EDGE_CURVE('',#2617,#1655,#3171,.T.) ;
#3184=EDGE_CURVE('',#1634,#2589,#3183,.T.) ;
#3189=EDGE_CURVE('',#2575,#1627,#3188,.T.) ;
#3206=EDGE_CURVE('',#1599,#2547,#3205,.F.) ;
#3218=EDGE_CURVE('',#1606,#2538,#3217,.T.) ;
#3237=EDGE_CURVE('',#3236,#2991,#3234,.T.) ;
#3244=EDGE_CURVE('',#3236,#3243,#3241,.F.) ;
#3249=EDGE_CURVE('',#3243,#2998,#3248,.T.) ;
#3268=EDGE_CURVE('',#1809,#3267,#3265,.F.) ;
#3275=EDGE_CURVE('',#3274,#3267,#3272,.T.) ;
#3280=EDGE_CURVE('',#1816,#3274,#3279,.F.) ;
#3299=EDGE_CURVE('',#3267,#3298,#3296,.T.) ;
#3306=EDGE_CURVE('',#3305,#3298,#3303,.F.) ;
#3311=EDGE_CURVE('',#3274,#3305,#3310,.T.) ;
#3330=EDGE_CURVE('',#3298,#3329,#3327,.F.) ;
#3337=EDGE_CURVE('',#3336,#3329,#3334,.T.) ;
#3342=EDGE_CURVE('',#3305,#3336,#3341,.F.) ;
#3361=EDGE_CURVE('',#3329,#3360,#3358,.F.) ;
#3368=EDGE_CURVE('',#3367,#3360,#3365,.T.) ;
#3373=EDGE_CURVE('',#3336,#3367,#3372,.F.) ;
#3392=EDGE_CURVE('',#3360,#3391,#3389,.F.) ;
#3399=EDGE_CURVE('',#3398,#3391,#3396,.T.) ;
#3404=EDGE_CURVE('',#3367,#3398,#3403,.F.) ;
#3423=EDGE_CURVE('',#3391,#3422,#3420,.F.) ;
#3430=EDGE_CURVE('',#3429,#3422,#3427,.T.) ;
#3435=EDGE_CURVE('',#3398,#3429,#3434,.F.) ;
#3454=EDGE_CURVE('',#3422,#3453,#3451,.F.) ;
#3461=EDGE_CURVE('',#3460,#3453,#3458,.T.) ;
#3466=EDGE_CURVE('',#3429,#3460,#3465,.F.) ;
#3485=EDGE_CURVE('',#3453,#3484,#3482,.T.) ;
#3492=EDGE_CURVE('',#3491,#3484,#3489,.F.) ;
#3497=EDGE_CURVE('',#3460,#3491,#3496,.T.) ;
#3516=EDGE_CURVE('',#3484,#3515,#3513,.F.) ;
#3523=EDGE_CURVE('',#3522,#3515,#3520,.T.) ;
#3528=EDGE_CURVE('',#3491,#3522,#3527,.F.) ;
#3547=EDGE_CURVE('',#3515,#3546,#3544,.F.) ;
#3554=EDGE_CURVE('',#3553,#3546,#3551,.T.) ;
#3559=EDGE_CURVE('',#3522,#3553,#3558,.F.) ;
#3576=EDGE_CURVE('',#3546,#3243,#3575,.F.) ;
#3581=EDGE_CURVE('',#3553,#3236,#3580,.F.) ;
#3643=EDGE_CURVE('',#3642,#2858,#3640,.T.) ;
#3650=EDGE_CURVE('',#3642,#3649,#3647,.F.) ;
#3655=EDGE_CURVE('',#3649,#2865,#3654,.T.) ;
#3669=EDGE_CURVE('',#1781,#3668,#3666,.F.) ;
#3676=EDGE_CURVE('',#3675,#3668,#3673,.T.) ;
#3681=EDGE_CURVE('',#1788,#3675,#3680,.F.) ;
#3695=EDGE_CURVE('',#3668,#3694,#3692,.T.) ;
#3702=EDGE_CURVE('',#3701,#3694,#3699,.F.) ;
#3707=EDGE_CURVE('',#3675,#3701,#3706,.T.) ;
#3721=EDGE_CURVE('',#3694,#3720,#3718,.F.) ;
#3728=EDGE_CURVE('',#3727,#3720,#3725,.T.) ;
#3733=EDGE_CURVE('',#3701,#3727,#3732,.F.) ;
#3747=EDGE_CURVE('',#3720,#3746,#3744,.F.) ;
#3754=EDGE_CURVE('',#3753,#3746,#3751,.T.) ;
#3759=EDGE_CURVE('',#3727,#3753,#3758,.F.) ;
#3773=EDGE_CURVE('',#3746,#3772,#3770,.F.) ;
#3780=EDGE_CURVE('',#3779,#3772,#3777,.T.) ;
#3785=EDGE_CURVE('',#3753,#3779,#3784,.F.) ;
#3799=EDGE_CURVE('',#3772,#3798,#3796,.F.) ;
#3806=EDGE_CURVE('',#3805,#3798,#3803,.T.) ;
#3811=EDGE_CURVE('',#3779,#3805,#3810,.F.) ;
#3825=EDGE_CURVE('',#3798,#3824,#3822,.F.) ;
#3832=EDGE_CURVE('',#3831,#3824,#3829,.T.) ;
#3837=EDGE_CURVE('',#3805,#3831,#3836,.F.) ;
#3851=EDGE_CURVE('',#3824,#3850,#3848,.T.) ;
#3858=EDGE_CURVE('',#3857,#3850,#3855,.F.) ;
#3863=EDGE_CURVE('',#3831,#3857,#3862,.T.) ;
#3877=EDGE_CURVE('',#3850,#3876,#3874,.F.) ;
#3884=EDGE_CURVE('',#3883,#3876,#3881,.T.) ;
#3889=EDGE_CURVE('',#3857,#3883,#3888,.F.) ;
#3903=EDGE_CURVE('',#3876,#3902,#3900,.F.) ;
#3910=EDGE_CURVE('',#3909,#3902,#3907,.T.) ;
#3915=EDGE_CURVE('',#3883,#3909,#3914,.F.) ;
#3927=EDGE_CURVE('',#3902,#3649,#3926,.F.) ;
#3932=EDGE_CURVE('',#3909,#3642,#3931,.F.) ;
#3994=EDGE_CURVE('',#3993,#2877,#3991,.T.) ;
#4001=EDGE_CURVE('',#3993,#4000,#3998,.F.) ;
#4006=EDGE_CURVE('',#4000,#2884,#4005,.T.) ;
#4020=EDGE_CURVE('',#1753,#4019,#4017,.F.) ;
#4027=EDGE_CURVE('',#4026,#4019,#4024,.T.) ;
#4032=EDGE_CURVE('',#1760,#4026,#4031,.F.) ;
#4046=EDGE_CURVE('',#4019,#4045,#4043,.T.) ;
#4053=EDGE_CURVE('',#4052,#4045,#4050,.F.) ;
#4058=EDGE_CURVE('',#4026,#4052,#4057,.T.) ;
#4072=EDGE_CURVE('',#4045,#4071,#4069,.F.) ;
#4079=EDGE_CURVE('',#4078,#4071,#4076,.T.) ;
#4084=EDGE_CURVE('',#4052,#4078,#4083,.F.) ;
#4098=EDGE_CURVE('',#4071,#4097,#4095,.F.) ;
#4105=EDGE_CURVE('',#4104,#4097,#4102,.T.) ;
#4110=EDGE_CURVE('',#4078,#4104,#4109,.F.) ;
#4124=EDGE_CURVE('',#4097,#4123,#4121,.F.) ;
#4131=EDGE_CURVE('',#4130,#4123,#4128,.T.) ;
#4136=EDGE_CURVE('',#4104,#4130,#4135,.F.) ;
#4150=EDGE_CURVE('',#4123,#4149,#4147,.F.) ;
#4157=EDGE_CURVE('',#4156,#4149,#4154,.T.) ;
#4162=EDGE_CURVE('',#4130,#4156,#4161,.F.) ;
#4176=EDGE_CURVE('',#4149,#4175,#4173,.F.) ;
#4183=EDGE_CURVE('',#4182,#4175,#4180,.T.) ;
#4188=EDGE_CURVE('',#4156,#4182,#4187,.F.) ;
#4202=EDGE_CURVE('',#4175,#4201,#4199,.T.) ;
#4209=EDGE_CURVE('',#4208,#4201,#4206,.F.) ;
#4214=EDGE_CURVE('',#4182,#4208,#4213,.T.) ;
#4228=EDGE_CURVE('',#4201,#4227,#4225,.F.) ;
#4235=EDGE_CURVE('',#4234,#4227,#4232,.T.) ;
#4240=EDGE_CURVE('',#4208,#4234,#4239,.F.) ;
#4254=EDGE_CURVE('',#4227,#4253,#4251,.F.) ;
#4261=EDGE_CURVE('',#4260,#4253,#4258,.T.) ;
#4266=EDGE_CURVE('',#4234,#4260,#4265,.F.) ;
#4278=EDGE_CURVE('',#4253,#4000,#4277,.F.) ;
#4283=EDGE_CURVE('',#4260,#3993,#4282,.F.) ;
#4345=EDGE_CURVE('',#4344,#2896,#4342,.T.) ;
#4352=EDGE_CURVE('',#4344,#4351,#4349,.F.) ;
#4357=EDGE_CURVE('',#4351,#2903,#4356,.T.) ;
#4371=EDGE_CURVE('',#1725,#4370,#4368,.F.) ;
#4378=EDGE_CURVE('',#4377,#4370,#4375,.T.) ;
#4383=EDGE_CURVE('',#1732,#4377,#4382,.F.) ;
#4397=EDGE_CURVE('',#4370,#4396,#4394,.T.) ;
#4404=EDGE_CURVE('',#4403,#4396,#4401,.F.) ;
#4409=EDGE_CURVE('',#4377,#4403,#4408,.T.) ;
#4423=EDGE_CURVE('',#4396,#4422,#4420,.F.) ;
#4430=EDGE_CURVE('',#4429,#4422,#4427,.T.) ;
#4435=EDGE_CURVE('',#4403,#4429,#4434,.F.) ;
#4449=EDGE_CURVE('',#4422,#4448,#4446,.F.) ;
#4456=EDGE_CURVE('',#4455,#4448,#4453,.T.) ;
#4461=EDGE_CURVE('',#4429,#4455,#4460,.F.) ;
#4475=EDGE_CURVE('',#4448,#4474,#4472,.F.) ;
#4482=EDGE_CURVE('',#4481,#4474,#4479,.T.) ;
#4487=EDGE_CURVE('',#4455,#4481,#4486,.F.) ;
#4501=EDGE_CURVE('',#4474,#4500,#4498,.F.) ;
#4508=EDGE_CURVE('',#4507,#4500,#4505,.T.) ;
#4513=EDGE_CURVE('',#4481,#4507,#4512,.F.) ;
#4527=EDGE_CURVE('',#4500,#4526,#4524,.F.) ;
#4534=EDGE_CURVE('',#4533,#4526,#4531,.T.) ;
#4539=EDGE_CURVE('',#4507,#4533,#4538,.F.) ;
#4553=EDGE_CURVE('',#4526,#4552,#4550,.T.) ;
#4560=EDGE_CURVE('',#4559,#4552,#4557,.F.) ;
#4565=EDGE_CURVE('',#4533,#4559,#4564,.T.) ;
#4579=EDGE_CURVE('',#4552,#4578,#4576,.F.) ;
#4586=EDGE_CURVE('',#4585,#4578,#4583,.T.) ;
#4591=EDGE_CURVE('',#4559,#4585,#4590,.F.) ;
#4605=EDGE_CURVE('',#4578,#4604,#4602,.F.) ;
#4612=EDGE_CURVE('',#4611,#4604,#4609,.T.) ;
#4617=EDGE_CURVE('',#4585,#4611,#4616,.F.) ;
#4629=EDGE_CURVE('',#4604,#4351,#4628,.F.) ;
#4634=EDGE_CURVE('',#4611,#4344,#4633,.F.) ;
#4696=EDGE_CURVE('',#4695,#2915,#4693,.T.) ;
#4703=EDGE_CURVE('',#4695,#4702,#4700,.F.) ;
#4708=EDGE_CURVE('',#4702,#2922,#4707,.T.) ;
#4722=EDGE_CURVE('',#1697,#4721,#4719,.F.) ;
#4729=EDGE_CURVE('',#4728,#4721,#4726,.T.) ;
#4734=EDGE_CURVE('',#1704,#4728,#4733,.F.) ;
#4748=EDGE_CURVE('',#4721,#4747,#4745,.T.) ;
#4755=EDGE_CURVE('',#4754,#4747,#4752,.F.) ;
#4760=EDGE_CURVE('',#4728,#4754,#4759,.T.) ;
#4774=EDGE_CURVE('',#4747,#4773,#4771,.F.) ;
#4781=EDGE_CURVE('',#4780,#4773,#4778,.T.) ;
#4786=EDGE_CURVE('',#4754,#4780,#4785,.F.) ;
#4800=EDGE_CURVE('',#4773,#4799,#4797,.F.) ;
#4807=EDGE_CURVE('',#4806,#4799,#4804,.T.) ;
#4812=EDGE_CURVE('',#4780,#4806,#4811,.F.) ;
#4826=EDGE_CURVE('',#4799,#4825,#4823,.F.) ;
#4833=EDGE_CURVE('',#4832,#4825,#4830,.T.) ;
#4838=EDGE_CURVE('',#4806,#4832,#4837,.F.) ;
#4852=EDGE_CURVE('',#4825,#4851,#4849,.F.) ;
#4859=EDGE_CURVE('',#4858,#4851,#4856,.T.) ;
#4864=EDGE_CURVE('',#4832,#4858,#4863,.F.) ;
#4878=EDGE_CURVE('',#4851,#4877,#4875,.F.) ;
#4885=EDGE_CURVE('',#4884,#4877,#4882,.T.) ;
#4890=EDGE_CURVE('',#4858,#4884,#4889,.F.) ;
#4904=EDGE_CURVE('',#4877,#4903,#4901,.T.) ;
#4911=EDGE_CURVE('',#4910,#4903,#4908,.F.) ;
#4916=EDGE_CURVE('',#4884,#4910,#4915,.T.) ;
#4930=EDGE_CURVE('',#4903,#4929,#4927,.F.) ;
#4937=EDGE_CURVE('',#4936,#4929,#4934,.T.) ;
#4942=EDGE_CURVE('',#4910,#4936,#4941,.F.) ;
#4956=EDGE_CURVE('',#4929,#4955,#4953,.F.) ;
#4963=EDGE_CURVE('',#4962,#4955,#4960,.T.) ;
#4968=EDGE_CURVE('',#4936,#4962,#4967,.F.) ;
#4980=EDGE_CURVE('',#4955,#4702,#4979,.F.) ;
#4985=EDGE_CURVE('',#4962,#4695,#4984,.F.) ;
#5047=EDGE_CURVE('',#5046,#2934,#5044,.T.) ;
#5054=EDGE_CURVE('',#5046,#5053,#5051,.F.) ;
#5059=EDGE_CURVE('',#5053,#2941,#5058,.T.) ;
#5073=EDGE_CURVE('',#1669,#5072,#5070,.F.) ;
#5080=EDGE_CURVE('',#5079,#5072,#5077,.T.) ;
#5085=EDGE_CURVE('',#1676,#5079,#5084,.F.) ;
#5099=EDGE_CURVE('',#5072,#5098,#5096,.T.) ;
#5106=EDGE_CURVE('',#5105,#5098,#5103,.F.) ;
#5111=EDGE_CURVE('',#5079,#5105,#5110,.T.) ;
#5125=EDGE_CURVE('',#5098,#5124,#5122,.F.) ;
#5132=EDGE_CURVE('',#5131,#5124,#5129,.T.) ;
#5137=EDGE_CURVE('',#5105,#5131,#5136,.F.) ;
#5151=EDGE_CURVE('',#5124,#5150,#5148,.F.) ;
#5158=EDGE_CURVE('',#5157,#5150,#5155,.T.) ;
#5163=EDGE_CURVE('',#5131,#5157,#5162,.F.) ;
#5177=EDGE_CURVE('',#5150,#5176,#5174,.F.) ;
#5184=EDGE_CURVE('',#5183,#5176,#5181,.T.) ;
#5189=EDGE_CURVE('',#5157,#5183,#5188,.F.) ;
#5203=EDGE_CURVE('',#5176,#5202,#5200,.F.) ;
#5210=EDGE_CURVE('',#5209,#5202,#5207,.T.) ;
#5215=EDGE_CURVE('',#5183,#5209,#5214,.F.) ;
#5229=EDGE_CURVE('',#5202,#5228,#5226,.F.) ;
#5236=EDGE_CURVE('',#5235,#5228,#5233,.T.) ;
#5241=EDGE_CURVE('',#5209,#5235,#5240,.F.) ;
#5255=EDGE_CURVE('',#5228,#5254,#5252,.T.) ;
#5262=EDGE_CURVE('',#5261,#5254,#5259,.F.) ;
#5267=EDGE_CURVE('',#5235,#5261,#5266,.T.) ;
#5281=EDGE_CURVE('',#5254,#5280,#5278,.F.) ;
#5288=EDGE_CURVE('',#5287,#5280,#5285,.T.) ;
#5293=EDGE_CURVE('',#5261,#5287,#5292,.F.) ;
#5307=EDGE_CURVE('',#5280,#5306,#5304,.F.) ;
#5314=EDGE_CURVE('',#5313,#5306,#5311,.T.) ;
#5319=EDGE_CURVE('',#5287,#5313,#5318,.F.) ;
#5331=EDGE_CURVE('',#5306,#5053,#5330,.F.) ;
#5336=EDGE_CURVE('',#5313,#5046,#5335,.F.) ;
#5398=EDGE_CURVE('',#5397,#2953,#5395,.T.) ;
#5405=EDGE_CURVE('',#5397,#5404,#5402,.F.) ;
#5410=EDGE_CURVE('',#5404,#2960,#5409,.T.) ;
#5424=EDGE_CURVE('',#1641,#5423,#5421,.F.) ;
#5431=EDGE_CURVE('',#5430,#5423,#5428,.T.) ;
#5436=EDGE_CURVE('',#1648,#5430,#5435,.F.) ;
#5450=EDGE_CURVE('',#5423,#5449,#5447,.T.) ;
#5457=EDGE_CURVE('',#5456,#5449,#5454,.F.) ;
#5462=EDGE_CURVE('',#5430,#5456,#5461,.T.) ;
#5476=EDGE_CURVE('',#5449,#5475,#5473,.F.) ;
#5483=EDGE_CURVE('',#5482,#5475,#5480,.T.) ;
#5488=EDGE_CURVE('',#5456,#5482,#5487,.F.) ;
#5502=EDGE_CURVE('',#5475,#5501,#5499,.F.) ;
#5509=EDGE_CURVE('',#5508,#5501,#5506,.T.) ;
#5514=EDGE_CURVE('',#5482,#5508,#5513,.F.) ;
#5528=EDGE_CURVE('',#5501,#5527,#5525,.F.) ;
#5535=EDGE_CURVE('',#5534,#5527,#5532,.T.) ;
#5540=EDGE_CURVE('',#5508,#5534,#5539,.F.) ;
#5554=EDGE_CURVE('',#5527,#5553,#5551,.F.) ;
#5561=EDGE_CURVE('',#5560,#5553,#5558,.T.) ;
#5566=EDGE_CURVE('',#5534,#5560,#5565,.F.) ;
#5580=EDGE_CURVE('',#5553,#5579,#5577,.F.) ;
#5587=EDGE_CURVE('',#5586,#5579,#5584,.T.) ;
#5592=EDGE_CURVE('',#5560,#5586,#5591,.F.) ;
#5606=EDGE_CURVE('',#5579,#5605,#5603,.T.) ;
#5613=EDGE_CURVE('',#5612,#5605,#5610,.F.) ;
#5618=EDGE_CURVE('',#5586,#5612,#5617,.T.) ;
#5632=EDGE_CURVE('',#5605,#5631,#5629,.F.) ;
#5639=EDGE_CURVE('',#5638,#5631,#5636,.T.) ;
#5644=EDGE_CURVE('',#5612,#5638,#5643,.F.) ;
#5658=EDGE_CURVE('',#5631,#5657,#5655,.F.) ;
#5665=EDGE_CURVE('',#5664,#5657,#5662,.T.) ;
#5670=EDGE_CURVE('',#5638,#5664,#5669,.F.) ;
#5682=EDGE_CURVE('',#5657,#5404,#5681,.F.) ;
#5687=EDGE_CURVE('',#5664,#5397,#5686,.F.) ;
#5749=EDGE_CURVE('',#5748,#2972,#5746,.T.) ;
#5756=EDGE_CURVE('',#5748,#5755,#5753,.F.) ;
#5761=EDGE_CURVE('',#5755,#2979,#5760,.T.) ;
#5775=EDGE_CURVE('',#1613,#5774,#5772,.F.) ;
#5782=EDGE_CURVE('',#5781,#5774,#5779,.T.) ;
#5787=EDGE_CURVE('',#1620,#5781,#5786,.F.) ;
#5801=EDGE_CURVE('',#5774,#5800,#5798,.T.) ;
#5808=EDGE_CURVE('',#5807,#5800,#5805,.F.) ;
#5813=EDGE_CURVE('',#5781,#5807,#5812,.T.) ;
#5827=EDGE_CURVE('',#5800,#5826,#5824,.F.) ;
#5834=EDGE_CURVE('',#5833,#5826,#5831,.T.) ;
#5839=EDGE_CURVE('',#5807,#5833,#5838,.F.) ;
#5853=EDGE_CURVE('',#5826,#5852,#5850,.F.) ;
#5860=EDGE_CURVE('',#5859,#5852,#5857,.T.) ;
#5865=EDGE_CURVE('',#5833,#5859,#5864,.F.) ;
#5879=EDGE_CURVE('',#5852,#5878,#5876,.F.) ;
#5886=EDGE_CURVE('',#5885,#5878,#5883,.T.) ;
#5891=EDGE_CURVE('',#5859,#5885,#5890,.F.) ;
#5905=EDGE_CURVE('',#5878,#5904,#5902,.F.) ;
#5912=EDGE_CURVE('',#5911,#5904,#5909,.T.) ;
#5917=EDGE_CURVE('',#5885,#5911,#5916,.F.) ;
#5931=EDGE_CURVE('',#5904,#5930,#5928,.F.) ;
#5938=EDGE_CURVE('',#5937,#5930,#5935,.T.) ;
#5943=EDGE_CURVE('',#5911,#5937,#5942,.F.) ;
#5957=EDGE_CURVE('',#5930,#5956,#5954,.T.) ;
#5964=EDGE_CURVE('',#5963,#5956,#5961,.F.) ;
#5969=EDGE_CURVE('',#5937,#5963,#5968,.T.) ;
#5983=EDGE_CURVE('',#5956,#5982,#5980,.F.) ;
#5990=EDGE_CURVE('',#5989,#5982,#5987,.T.) ;
#5995=EDGE_CURVE('',#5963,#5989,#5994,.F.) ;
#6009=EDGE_CURVE('',#5982,#6008,#6006,.F.) ;
#6016=EDGE_CURVE('',#6015,#6008,#6013,.T.) ;
#6021=EDGE_CURVE('',#5989,#6015,#6020,.F.) ;
#6033=EDGE_CURVE('',#6008,#5755,#6032,.F.) ;
#6038=EDGE_CURVE('',#6015,#5748,#6037,.F.) ;
#6105=EDGE_CURVE('',#725,#6104,#6102,.T.) ;
#6112=EDGE_CURVE('',#6111,#6104,#6109,.F.) ;
#6119=EDGE_CURVE('',#6111,#6118,#6116,.T.) ;
#6126=EDGE_CURVE('',#6125,#6118,#6123,.F.) ;
#6133=EDGE_CURVE('',#6132,#6125,#6130,.T.) ;
#6140=EDGE_CURVE('',#6139,#6132,#6137,.F.) ;
#6147=EDGE_CURVE('',#6139,#6146,#6144,.T.) ;
#6154=EDGE_CURVE('',#6153,#6146,#6151,.F.) ;
#6161=EDGE_CURVE('',#6160,#6153,#6158,.T.) ;
#6168=EDGE_CURVE('',#6167,#6160,#6165,.F.) ;
#6175=EDGE_CURVE('',#6167,#6174,#6172,.T.) ;
#6182=EDGE_CURVE('',#6181,#6174,#6179,.F.) ;
#6189=EDGE_CURVE('',#6188,#6181,#6186,.T.) ;
#6196=EDGE_CURVE('',#6195,#6188,#6193,.F.) ;
#6203=EDGE_CURVE('',#6195,#6202,#6200,.T.) ;
#6210=EDGE_CURVE('',#6209,#6202,#6207,.F.) ;
#6217=EDGE_CURVE('',#6216,#6209,#6214,.T.) ;
#6224=EDGE_CURVE('',#6223,#6216,#6221,.F.) ;
#6231=EDGE_CURVE('',#6223,#6230,#6228,.T.) ;
#6238=EDGE_CURVE('',#6237,#6230,#6235,.F.) ;
#6245=EDGE_CURVE('',#6244,#6237,#6242,.T.) ;
#6252=EDGE_CURVE('',#6251,#6244,#6249,.F.) ;
#6259=EDGE_CURVE('',#6251,#6258,#6256,.T.) ;
#6266=EDGE_CURVE('',#6265,#6258,#6263,.F.) ;
#6273=EDGE_CURVE('',#6272,#6265,#6270,.T.) ;
#6280=EDGE_CURVE('',#6279,#6272,#6277,.F.) ;
#6287=EDGE_CURVE('',#6279,#6286,#6284,.T.) ;
#6294=EDGE_CURVE('',#6293,#6286,#6291,.F.) ;
#6301=EDGE_CURVE('',#6300,#6293,#6298,.T.) ;
#6308=EDGE_CURVE('',#6307,#6300,#6305,.F.) ;
#6315=EDGE_CURVE('',#6307,#6314,#6312,.T.) ;
#6322=EDGE_CURVE('',#6321,#6314,#6319,.F.) ;
#6329=EDGE_CURVE('',#6328,#6321,#6326,.T.) ;
#6336=EDGE_CURVE('',#6335,#6328,#6333,.F.) ;
#6341=EDGE_CURVE('',#732,#6335,#6340,.T.) ;
#6388=EDGE_CURVE('',#6385,#6387,#6383,.F.) ;
#6395=EDGE_CURVE('',#6394,#6387,#6392,.T.) ;
#6402=EDGE_CURVE('',#6401,#6394,#6399,.F.) ;
#6407=EDGE_CURVE('',#6401,#6385,#6406,.T.) ;
#6422=EDGE_CURVE('',#6419,#6421,#6417,.T.) ;
#6429=EDGE_CURVE('',#6428,#6419,#6426,.F.) ;
#6436=EDGE_CURVE('',#6428,#6435,#6433,.T.) ;
#6441=EDGE_CURVE('',#6435,#6421,#6440,.F.) ;
#6456=EDGE_CURVE('',#6453,#6455,#6451,.T.) ;
#6463=EDGE_CURVE('',#6462,#6453,#6460,.F.) ;
#6470=EDGE_CURVE('',#6462,#6469,#6467,.T.) ;
#6475=EDGE_CURVE('',#6469,#6455,#6474,.F.) ;
#6490=EDGE_CURVE('',#6487,#6489,#6485,.T.) ;
#6497=EDGE_CURVE('',#6496,#6487,#6494,.F.) ;
#6504=EDGE_CURVE('',#6496,#6503,#6501,.T.) ;
#6509=EDGE_CURVE('',#6503,#6489,#6508,.F.) ;
#6524=EDGE_CURVE('',#6521,#6523,#6519,.T.) ;
#6531=EDGE_CURVE('',#6530,#6521,#6528,.F.) ;
#6538=EDGE_CURVE('',#6530,#6537,#6535,.T.) ;
#6543=EDGE_CURVE('',#6537,#6523,#6542,.F.) ;
#6558=EDGE_CURVE('',#6555,#6557,#6553,.T.) ;
#6565=EDGE_CURVE('',#6557,#6564,#6562,.F.) ;
#6572=EDGE_CURVE('',#6571,#6564,#6569,.T.) ;
#6577=EDGE_CURVE('',#6555,#6571,#6576,.F.) ;
#6592=EDGE_CURVE('',#6589,#6591,#6587,.F.) ;
#6599=EDGE_CURVE('',#6589,#6598,#6596,.T.) ;
#6606=EDGE_CURVE('',#6598,#6605,#6603,.F.) ;
#6611=EDGE_CURVE('',#6591,#6605,#6610,.T.) ;
#6626=EDGE_CURVE('',#6623,#6625,#6621,.T.) ;
#6633=EDGE_CURVE('',#6632,#6623,#6630,.F.) ;
#6640=EDGE_CURVE('',#6632,#6639,#6637,.T.) ;
#6645=EDGE_CURVE('',#6639,#6625,#6644,.F.) ;
#6664=EDGE_CURVE('',#759,#6663,#6661,.T.) ;
#6671=EDGE_CURVE('',#6663,#6670,#6668,.T.) ;
#6678=EDGE_CURVE('',#6670,#6677,#6675,.T.) ;
#6685=EDGE_CURVE('',#6677,#6684,#6682,.T.) ;
#6690=EDGE_CURVE('',#6104,#6684,#6689,.T.) ;
#6712=EDGE_CURVE('',#6663,#6711,#6709,.F.) ;
#6719=EDGE_CURVE('',#6711,#6718,#6716,.T.) ;
#6724=EDGE_CURVE('',#6684,#6718,#6723,.T.) ;
#6731=EDGE_CURVE('',#6677,#6730,#6728,.T.) ;
#6738=EDGE_CURVE('',#6730,#6737,#6735,.T.) ;
#6745=EDGE_CURVE('',#6737,#6744,#6742,.T.) ;
#6752=EDGE_CURVE('',#6744,#6751,#6749,.T.) ;
#6759=EDGE_CURVE('',#6751,#6758,#6756,.T.) ;
#6766=EDGE_CURVE('',#6758,#6765,#6763,.F.) ;
#6771=EDGE_CURVE('',#6765,#6670,#6770,.T.) ;
#6800=EDGE_CURVE('',#6797,#6799,#6795,.T.) ;
#6805=EDGE_CURVE('',#6718,#6799,#6804,.T.) ;
#6810=EDGE_CURVE('',#6711,#6797,#6809,.T.) ;
#6831=EDGE_CURVE('',#6828,#6830,#6826,.T.) ;
#6838=EDGE_CURVE('',#6837,#6828,#6835,.F.) ;
#6845=EDGE_CURVE('',#6844,#6837,#6842,.T.) ;
#6852=EDGE_CURVE('',#6851,#6844,#6849,.T.) ;
#6859=EDGE_CURVE('',#6858,#6851,#6856,.T.) ;
#6866=EDGE_CURVE('',#6865,#6858,#6863,.T.) ;
#6873=EDGE_CURVE('',#6872,#6865,#6870,.T.) ;
#6880=EDGE_CURVE('',#6872,#6879,#6877,.T.) ;
#6885=EDGE_CURVE('',#6799,#6879,#6884,.F.) ;
#6892=EDGE_CURVE('',#6891,#6797,#6889,.F.) ;
#6897=EDGE_CURVE('',#6891,#6830,#6896,.T.) ;
#6919=EDGE_CURVE('',#786,#6918,#6916,.T.) ;
#6926=EDGE_CURVE('',#6925,#6918,#6923,.F.) ;
#6933=EDGE_CURVE('',#6925,#6932,#6930,.T.) ;
#6938=EDGE_CURVE('',#6879,#6932,#6937,.T.) ;
#6943=EDGE_CURVE('',#6830,#6872,#6942,.T.) ;
#6948=EDGE_CURVE('',#793,#6891,#6947,.T.) ;
#6974=EDGE_CURVE('',#6971,#6973,#6969,.T.) ;
#6981=EDGE_CURVE('',#6980,#6971,#6978,.F.) ;
#6988=EDGE_CURVE('',#6980,#6987,#6985,.T.) ;
#6993=EDGE_CURVE('',#6973,#6987,#6992,.F.) ;
#7009=EDGE_CURVE('',#7006,#7008,#7004,.T.) ;
#7014=EDGE_CURVE('',#6932,#7008,#7013,.F.) ;
#7019=EDGE_CURVE('',#7006,#6925,#7018,.F.) ;
#7038=EDGE_CURVE('',#7037,#817,#7035,.F.) ;
#7045=EDGE_CURVE('',#7037,#7044,#7042,.T.) ;
#7052=EDGE_CURVE('',#7051,#7044,#7049,.F.) ;
#7059=EDGE_CURVE('',#7051,#7058,#7056,.T.) ;
#7064=EDGE_CURVE('',#6987,#7058,#7063,.T.) ;
#7071=EDGE_CURVE('',#7070,#6980,#7068,.F.) ;
#7076=EDGE_CURVE('',#824,#7070,#7075,.T.) ;
#7095=EDGE_CURVE('',#7037,#7094,#7092,.T.) ;
#7102=EDGE_CURVE('',#7094,#7101,#7099,.T.) ;
#7107=EDGE_CURVE('',#7058,#7101,#7106,.F.) ;
#7114=EDGE_CURVE('',#7051,#7113,#7111,.T.) ;
#7121=EDGE_CURVE('',#7113,#7120,#7118,.T.) ;
#7128=EDGE_CURVE('',#7120,#7127,#7125,.T.) ;
#7135=EDGE_CURVE('',#7127,#7134,#7132,.F.) ;
#7142=EDGE_CURVE('',#7134,#7141,#7139,.T.) ;
#7149=EDGE_CURVE('',#7141,#7148,#7146,.T.) ;
#7154=EDGE_CURVE('',#7148,#7044,#7153,.T.) ;
#7183=EDGE_CURVE('',#7180,#7182,#7178,.T.) ;
#7188=EDGE_CURVE('',#7101,#7182,#7187,.T.) ;
#7193=EDGE_CURVE('',#7180,#7094,#7192,.T.) ;
#7209=EDGE_CURVE('',#7206,#7208,#7204,.T.) ;
#7216=EDGE_CURVE('',#7215,#7208,#7213,.T.) ;
#7223=EDGE_CURVE('',#7222,#7215,#7220,.T.) ;
#7230=EDGE_CURVE('',#7229,#7222,#7227,.T.) ;
#7237=EDGE_CURVE('',#7236,#7229,#7234,.F.) ;
#7244=EDGE_CURVE('',#7243,#7236,#7241,.T.) ;
#7251=EDGE_CURVE('',#7250,#7243,#7248,.T.) ;
#7258=EDGE_CURVE('',#7257,#7250,#7255,.T.) ;
#7265=EDGE_CURVE('',#7257,#7264,#7262,.T.) ;
#7270=EDGE_CURVE('',#7182,#7264,#7269,.F.) ;
#7275=EDGE_CURVE('',#7206,#7180,#7274,.T.) ;
#7295=EDGE_CURVE('',#7264,#6335,#7294,.F.) ;
#7300=EDGE_CURVE('',#7257,#7208,#7299,.F.) ;
#7305=EDGE_CURVE('',#7206,#851,#7304,.F.) ;
#7327=EDGE_CURVE('',#7326,#6300,#7324,.T.) ;
#7334=EDGE_CURVE('',#7333,#7326,#7331,.T.) ;
#7341=EDGE_CURVE('',#7333,#7340,#7338,.F.) ;
#7348=EDGE_CURVE('',#7347,#7340,#7345,.T.) ;
#7355=EDGE_CURVE('',#7354,#7347,#7352,.F.) ;
#7362=EDGE_CURVE('',#7361,#7354,#7359,.F.) ;
#7367=EDGE_CURVE('',#6279,#7361,#7366,.T.) ;
#7374=EDGE_CURVE('',#7373,#6272,#7371,.T.) ;
#7381=EDGE_CURVE('',#7380,#7373,#7378,.T.) ;
#7388=EDGE_CURVE('',#7380,#7387,#7385,.F.) ;
#7395=EDGE_CURVE('',#7394,#7387,#7392,.T.) ;
#7402=EDGE_CURVE('',#7401,#7394,#7399,.F.) ;
#7409=EDGE_CURVE('',#7408,#7401,#7406,.F.) ;
#7414=EDGE_CURVE('',#6251,#7408,#7413,.T.) ;
#7421=EDGE_CURVE('',#7420,#6244,#7418,.T.) ;
#7428=EDGE_CURVE('',#7427,#7420,#7425,.T.) ;
#7435=EDGE_CURVE('',#7427,#7434,#7432,.F.) ;
#7442=EDGE_CURVE('',#7441,#7434,#7439,.T.) ;
#7449=EDGE_CURVE('',#7448,#7441,#7446,.F.) ;
#7456=EDGE_CURVE('',#7455,#7448,#7453,.F.) ;
#7461=EDGE_CURVE('',#6223,#7455,#7460,.T.) ;
#7468=EDGE_CURVE('',#7467,#6216,#7465,.T.) ;
#7475=EDGE_CURVE('',#7474,#7467,#7472,.T.) ;
#7482=EDGE_CURVE('',#7474,#7481,#7479,.F.) ;
#7489=EDGE_CURVE('',#7488,#7481,#7486,.T.) ;
#7496=EDGE_CURVE('',#7495,#7488,#7493,.F.) ;
#7503=EDGE_CURVE('',#7502,#7495,#7500,.F.) ;
#7508=EDGE_CURVE('',#6195,#7502,#7507,.T.) ;
#7515=EDGE_CURVE('',#7514,#6188,#7512,.T.) ;
#7522=EDGE_CURVE('',#7521,#7514,#7519,.T.) ;
#7529=EDGE_CURVE('',#7521,#7528,#7526,.F.) ;
#7536=EDGE_CURVE('',#7535,#7528,#7533,.T.) ;
#7543=EDGE_CURVE('',#7542,#7535,#7540,.F.) ;
#7550=EDGE_CURVE('',#7549,#7542,#7547,.F.) ;
#7555=EDGE_CURVE('',#6167,#7549,#7554,.T.) ;
#7562=EDGE_CURVE('',#7561,#6160,#7559,.T.) ;
#7569=EDGE_CURVE('',#7568,#7561,#7566,.T.) ;
#7576=EDGE_CURVE('',#7568,#7575,#7573,.F.) ;
#7583=EDGE_CURVE('',#7582,#7575,#7580,.T.) ;
#7590=EDGE_CURVE('',#7589,#7582,#7587,.F.) ;
#7597=EDGE_CURVE('',#7596,#7589,#7594,.F.) ;
#7602=EDGE_CURVE('',#6139,#7596,#7601,.T.) ;
#7609=EDGE_CURVE('',#7608,#6132,#7606,.T.) ;
#7616=EDGE_CURVE('',#7615,#7608,#7613,.T.) ;
#7623=EDGE_CURVE('',#7615,#7622,#7620,.F.) ;
#7630=EDGE_CURVE('',#7629,#7622,#7627,.T.) ;
#7637=EDGE_CURVE('',#7636,#7629,#7634,.F.) ;
#7644=EDGE_CURVE('',#7643,#7636,#7641,.F.) ;
#7649=EDGE_CURVE('',#6111,#7643,#7648,.T.) ;
#7656=EDGE_CURVE('',#7655,#7008,#7653,.F.) ;
#7663=EDGE_CURVE('',#7662,#7655,#7660,.F.) ;
#7668=EDGE_CURVE('',#6973,#7662,#7667,.F.) ;
#7675=EDGE_CURVE('',#7674,#6328,#7672,.T.) ;
#7682=EDGE_CURVE('',#7681,#7674,#7679,.T.) ;
#7689=EDGE_CURVE('',#7681,#7688,#7686,.F.) ;
#7696=EDGE_CURVE('',#7695,#7688,#7693,.T.) ;
#7703=EDGE_CURVE('',#7702,#7695,#7700,.F.) ;
#7710=EDGE_CURVE('',#7709,#7702,#7707,.F.) ;
#7715=EDGE_CURVE('',#6307,#7709,#7714,.T.) ;
#7810=EDGE_CURVE('',#7809,#7070,#7807,.F.) ;
#7815=EDGE_CURVE('',#875,#7809,#7814,.T.) ;
#7832=EDGE_CURVE('',#6971,#7809,#7831,.F.) ;
#7846=EDGE_CURVE('',#905,#7845,#7843,.T.) ;
#7851=EDGE_CURVE('',#6918,#7845,#7850,.F.) ;
#7863=EDGE_CURVE('',#7845,#7006,#7862,.F.) ;
#7882=EDGE_CURVE('',#7662,#7881,#7879,.T.) ;
#7889=EDGE_CURVE('',#7888,#7881,#7886,.F.) ;
#7896=EDGE_CURVE('',#7888,#7895,#7893,.T.) ;
#7903=EDGE_CURVE('',#7902,#7895,#7900,.F.) ;
#7910=EDGE_CURVE('',#7902,#7909,#7907,.T.) ;
#7917=EDGE_CURVE('',#7909,#7916,#7914,.T.) ;
#7922=EDGE_CURVE('',#929,#7916,#7921,.T.) ;
#7949=EDGE_CURVE('',#7655,#7948,#7946,.T.) ;
#7954=EDGE_CURVE('',#7881,#7948,#7953,.F.) ;
#7973=EDGE_CURVE('',#959,#7972,#7970,.T.) ;
#7980=EDGE_CURVE('',#7979,#7972,#7977,.T.) ;
#7987=EDGE_CURVE('',#7986,#7979,#7984,.T.) ;
#7994=EDGE_CURVE('',#7993,#7986,#7991,.F.) ;
#8001=EDGE_CURVE('',#8000,#7993,#7998,.T.) ;
#8006=EDGE_CURVE('',#7948,#8000,#8005,.F.) ;
#8031=EDGE_CURVE('',#8000,#7888,#8030,.F.) ;
#8050=EDGE_CURVE('',#986,#8049,#8047,.T.) ;
#8055=EDGE_CURVE('',#8049,#7972,#8054,.T.) ;
#8074=EDGE_CURVE('',#8073,#1012,#8071,.T.) ;
#8081=EDGE_CURVE('',#8073,#8080,#8078,.T.) ;
#8086=EDGE_CURVE('',#8080,#8049,#8085,.T.) ;
#8106=EDGE_CURVE('',#8073,#8105,#8103,.T.) ;
#8113=EDGE_CURVE('',#8112,#8105,#8110,.T.) ;
#8120=EDGE_CURVE('',#8119,#8112,#8117,.T.) ;
#8127=EDGE_CURVE('',#8119,#8126,#8124,.T.) ;
#8134=EDGE_CURVE('',#8133,#8126,#8131,.T.) ;
#8141=EDGE_CURVE('',#8133,#8140,#8138,.T.) ;
#8148=EDGE_CURVE('',#8147,#8140,#8145,.T.) ;
#8155=EDGE_CURVE('',#8147,#8154,#8152,.T.) ;
#8162=EDGE_CURVE('',#8161,#8154,#8159,.T.) ;
#8167=EDGE_CURVE('',#8073,#8161,#8166,.T.) ;
#8189=EDGE_CURVE('',#8186,#8188,#8184,.T.) ;
#8196=EDGE_CURVE('',#8195,#8186,#8193,.T.) ;
#8203=EDGE_CURVE('',#8202,#8195,#8200,.T.) ;
#8208=EDGE_CURVE('',#8188,#8202,#8207,.F.) ;
#8227=EDGE_CURVE('',#1039,#8226,#8224,.T.) ;
#8234=EDGE_CURVE('',#8233,#8226,#8231,.T.) ;
#8239=EDGE_CURVE('',#8105,#8233,#8238,.T.) ;
#8244=EDGE_CURVE('',#8105,#1046,#8243,.T.) ;
#8257=EDGE_CURVE('',#7916,#8226,#8256,.T.) ;
#8274=EDGE_CURVE('',#7895,#7993,#8273,.F.) ;
#8293=EDGE_CURVE('',#8292,#8202,#8290,.T.) ;
#8300=EDGE_CURVE('',#8299,#8292,#8297,.F.) ;
#8307=EDGE_CURVE('',#8306,#8299,#8304,.T.) ;
#8314=EDGE_CURVE('',#8306,#8313,#8311,.F.) ;
#8321=EDGE_CURVE('',#8320,#8313,#8318,.F.) ;
#8328=EDGE_CURVE('',#8327,#8320,#8325,.T.) ;
#8335=EDGE_CURVE('',#8334,#8327,#8332,.F.) ;
#8340=EDGE_CURVE('',#8334,#7902,#8339,.T.) ;
#8347=EDGE_CURVE('',#7986,#8346,#8344,.T.) ;
#8354=EDGE_CURVE('',#8346,#8353,#8351,.F.) ;
#8361=EDGE_CURVE('',#8360,#8353,#8358,.T.) ;
#8368=EDGE_CURVE('',#8360,#8367,#8365,.F.) ;
#8375=EDGE_CURVE('',#8367,#8374,#8372,.F.) ;
#8382=EDGE_CURVE('',#8374,#8381,#8379,.T.) ;
#8389=EDGE_CURVE('',#8388,#8381,#8386,.F.) ;
#8394=EDGE_CURVE('',#8388,#8188,#8393,.T.) ;
#8427=EDGE_CURVE('',#7622,#6557,#8426,.F.) ;
#8432=EDGE_CURVE('',#7629,#6555,#8431,.F.) ;
#8444=EDGE_CURVE('',#7575,#6537,#8443,.F.) ;
#8449=EDGE_CURVE('',#7582,#6530,#8448,.F.) ;
#8461=EDGE_CURVE('',#7528,#6503,#8460,.F.) ;
#8466=EDGE_CURVE('',#7535,#6496,#8465,.F.) ;
#8478=EDGE_CURVE('',#7481,#6469,#8477,.F.) ;
#8483=EDGE_CURVE('',#7488,#6462,#8482,.F.) ;
#8495=EDGE_CURVE('',#7434,#6435,#8494,.F.) ;
#8500=EDGE_CURVE('',#7441,#6428,#8499,.F.) ;
#8512=EDGE_CURVE('',#7387,#6598,#8511,.F.) ;
#8517=EDGE_CURVE('',#7394,#6589,#8516,.F.) ;
#8529=EDGE_CURVE('',#7340,#6385,#8528,.F.) ;
#8534=EDGE_CURVE('',#7347,#6401,#8533,.F.) ;
#8546=EDGE_CURVE('',#7688,#6639,#8545,.F.) ;
#8551=EDGE_CURVE('',#7695,#6632,#8550,.F.) ;
#8570=EDGE_CURVE('',#7636,#8569,#8567,.T.) ;
#8575=EDGE_CURVE('',#6118,#8569,#8574,.T.) ;
#8593=EDGE_CURVE('',#7636,#7615,#8592,.F.) ;
#8600=EDGE_CURVE('',#7615,#8599,#8597,.T.) ;
#8605=EDGE_CURVE('',#8569,#8599,#8604,.F.) ;
#8622=EDGE_CURVE('',#8599,#6125,#8621,.T.) ;
#8654=EDGE_CURVE('',#7589,#8653,#8651,.T.) ;
#8659=EDGE_CURVE('',#6146,#8653,#8658,.T.) ;
#8672=EDGE_CURVE('',#7589,#7568,#8671,.F.) ;
#8679=EDGE_CURVE('',#7568,#8678,#8676,.T.) ;
#8684=EDGE_CURVE('',#8653,#8678,#8683,.F.) ;
#8701=EDGE_CURVE('',#8678,#6153,#8700,.T.) ;
#8728=EDGE_CURVE('',#7542,#8727,#8725,.T.) ;
#8733=EDGE_CURVE('',#6174,#8727,#8732,.T.) ;
#8746=EDGE_CURVE('',#7542,#7521,#8745,.F.) ;
#8753=EDGE_CURVE('',#7521,#8752,#8750,.T.) ;
#8758=EDGE_CURVE('',#8727,#8752,#8757,.F.) ;
#8775=EDGE_CURVE('',#8752,#6181,#8774,.T.) ;
#8802=EDGE_CURVE('',#7495,#8801,#8799,.T.) ;
#8807=EDGE_CURVE('',#6202,#8801,#8806,.T.) ;
#8820=EDGE_CURVE('',#7495,#7474,#8819,.F.) ;
#8827=EDGE_CURVE('',#7474,#8826,#8824,.T.) ;
#8832=EDGE_CURVE('',#8801,#8826,#8831,.F.) ;
#8849=EDGE_CURVE('',#8826,#6209,#8848,.T.) ;
#8876=EDGE_CURVE('',#7448,#8875,#8873,.T.) ;
#8881=EDGE_CURVE('',#6230,#8875,#8880,.T.) ;
#8894=EDGE_CURVE('',#7448,#7427,#8893,.F.) ;
#8901=EDGE_CURVE('',#7427,#8900,#8898,.T.) ;
#8906=EDGE_CURVE('',#8875,#8900,#8905,.F.) ;
#8923=EDGE_CURVE('',#8900,#6237,#8922,.T.) ;
#8950=EDGE_CURVE('',#7401,#8949,#8947,.T.) ;
#8955=EDGE_CURVE('',#6258,#8949,#8954,.T.) ;
#8968=EDGE_CURVE('',#7401,#7380,#8967,.F.) ;
#8975=EDGE_CURVE('',#7380,#8974,#8972,.T.) ;
#8980=EDGE_CURVE('',#8949,#8974,#8979,.F.) ;
#8997=EDGE_CURVE('',#8974,#6265,#8996,.T.) ;
#9024=EDGE_CURVE('',#7354,#9023,#9021,.T.) ;
#9029=EDGE_CURVE('',#6286,#9023,#9028,.T.) ;
#9042=EDGE_CURVE('',#7354,#7333,#9041,.F.) ;
#9049=EDGE_CURVE('',#7333,#9048,#9046,.T.) ;
#9054=EDGE_CURVE('',#9023,#9048,#9053,.F.) ;
#9071=EDGE_CURVE('',#9048,#6293,#9070,.T.) ;
#9098=EDGE_CURVE('',#7702,#9097,#9095,.T.) ;
#9103=EDGE_CURVE('',#6314,#9097,#9102,.T.) ;
#9116=EDGE_CURVE('',#7702,#7681,#9115,.F.) ;
#9123=EDGE_CURVE('',#7681,#9122,#9120,.T.) ;
#9128=EDGE_CURVE('',#9097,#9122,#9127,.F.) ;
#9145=EDGE_CURVE('',#9122,#6321,#9144,.T.) ;
#9170=EDGE_CURVE('',#7215,#7148,#9169,.T.) ;
#9177=EDGE_CURVE('',#7208,#9176,#9174,.T.) ;
#9184=EDGE_CURVE('',#9176,#9183,#9181,.T.) ;
#9189=EDGE_CURVE('',#7044,#9183,#9188,.T.) ;
#9210=EDGE_CURVE('',#9176,#9209,#9207,.F.) ;
#9217=EDGE_CURVE('',#9209,#9216,#9214,.T.) ;
#9222=EDGE_CURVE('',#9183,#9216,#9221,.F.) ;
#9239=EDGE_CURVE('',#9209,#7206,#9238,.T.) ;
#9244=EDGE_CURVE('',#9216,#7037,#9243,.T.) ;
#9265=EDGE_CURVE('',#640,#9264,#9262,.T.) ;
#9272=EDGE_CURVE('',#9264,#9271,#9269,.T.) ;
#9277=EDGE_CURVE('',#647,#9271,#9276,.T.) ;
#9296=EDGE_CURVE('',#9264,#9295,#9293,.T.) ;
#9303=EDGE_CURVE('',#9295,#9302,#9300,.T.) ;
#9308=EDGE_CURVE('',#9271,#9302,#9307,.T.) ;
#9327=EDGE_CURVE('',#9295,#9326,#9324,.F.) ;
#9334=EDGE_CURVE('',#9326,#9333,#9331,.T.) ;
#9339=EDGE_CURVE('',#9302,#9333,#9338,.F.) ;
#9358=EDGE_CURVE('',#9326,#9357,#9355,.T.) ;
#9365=EDGE_CURVE('',#9357,#9364,#9362,.T.) ;
#9370=EDGE_CURVE('',#9333,#9364,#9369,.T.) ;
#9389=EDGE_CURVE('',#9357,#9388,#9386,.T.) ;
#9396=EDGE_CURVE('',#9388,#9395,#9393,.T.) ;
#9401=EDGE_CURVE('',#9364,#9395,#9400,.T.) ;
#9418=EDGE_CURVE('',#9388,#7257,#9417,.T.) ;
#9423=EDGE_CURVE('',#7250,#7113,#9422,.T.) ;
#9428=EDGE_CURVE('',#9395,#7051,#9427,.T.) ;
#9447=EDGE_CURVE('',#7243,#7120,#9446,.T.) ;
#9464=EDGE_CURVE('',#7236,#7127,#9463,.T.) ;
#9481=EDGE_CURVE('',#7229,#7134,#9480,.T.) ;
#9498=EDGE_CURVE('',#7222,#7141,#9497,.T.) ;
#9571=EDGE_CURVE('',#6830,#9570,#9568,.T.) ;
#9578=EDGE_CURVE('',#9577,#9570,#9575,.T.) ;
#9583=EDGE_CURVE('',#6670,#9577,#9582,.T.) ;
#9588=EDGE_CURVE('',#6765,#6828,#9587,.T.) ;
#9609=EDGE_CURVE('',#9570,#9608,#9606,.F.) ;
#9616=EDGE_CURVE('',#9615,#9608,#9613,.F.) ;
#9621=EDGE_CURVE('',#9577,#9615,#9620,.F.) ;
#9633=EDGE_CURVE('',#9608,#6891,#9632,.F.) ;
#9638=EDGE_CURVE('',#9615,#6663,#9637,.F.) ;
#9659=EDGE_CURVE('',#598,#9658,#9656,.T.) ;
#9666=EDGE_CURVE('',#9665,#9658,#9663,.F.) ;
#9671=EDGE_CURVE('',#605,#9665,#9670,.T.) ;
#9690=EDGE_CURVE('',#9658,#9689,#9687,.T.) ;
#9697=EDGE_CURVE('',#9696,#9689,#9694,.T.) ;
#9702=EDGE_CURVE('',#9665,#9696,#9701,.T.) ;
#9721=EDGE_CURVE('',#9689,#9720,#9718,.F.) ;
#9728=EDGE_CURVE('',#9727,#9720,#9725,.F.) ;
#9733=EDGE_CURVE('',#9696,#9727,#9732,.F.) ;
#9752=EDGE_CURVE('',#9720,#9751,#9749,.T.) ;
#9759=EDGE_CURVE('',#9758,#9751,#9756,.T.) ;
#9764=EDGE_CURVE('',#9727,#9758,#9763,.T.) ;
#9783=EDGE_CURVE('',#9751,#9782,#9780,.T.) ;
#9790=EDGE_CURVE('',#9789,#9782,#9787,.F.) ;
#9795=EDGE_CURVE('',#9758,#9789,#9794,.T.) ;
#9812=EDGE_CURVE('',#9782,#6872,#9811,.T.) ;
#9817=EDGE_CURVE('',#6730,#6865,#9816,.T.) ;
#9822=EDGE_CURVE('',#9789,#6677,#9821,.T.) ;
#9841=EDGE_CURVE('',#6737,#6858,#9840,.T.) ;
#9858=EDGE_CURVE('',#6744,#6851,#9857,.T.) ;
#9875=EDGE_CURVE('',#6751,#6844,#9874,.F.) ;
#9892=EDGE_CURVE('',#6758,#6837,#9891,.T.) ;
#9955=EDGE_CURVE('',#9954,#8334,#9952,.F.) ;
#9960=EDGE_CURVE('',#9954,#7909,#9959,.T.) ;
#9974=EDGE_CURVE('',#7979,#9973,#9971,.T.) ;
#9979=EDGE_CURVE('',#9973,#8346,#9978,.F.) ;
#10000=EDGE_CURVE('',#9997,#9999,#9995,.T.) ;
#10005=EDGE_CURVE('',#8327,#9997,#10004,.F.) ;
#10010=EDGE_CURVE('',#9999,#8320,#10009,.F.) ;
#10024=EDGE_CURVE('',#8353,#10023,#10021,.F.) ;
#10031=EDGE_CURVE('',#10030,#10023,#10028,.T.) ;
#10036=EDGE_CURVE('',#10030,#8360,#10035,.F.) ;
#10053=EDGE_CURVE('',#9997,#9954,#10052,.F.) ;
#10060=EDGE_CURVE('',#10059,#9999,#10057,.F.) ;
#10065=EDGE_CURVE('',#8233,#10059,#10064,.F.) ;
#10083=EDGE_CURVE('',#10082,#8080,#10080,.F.) ;
#10088=EDGE_CURVE('',#10082,#10030,#10087,.F.) ;
#10093=EDGE_CURVE('',#10023,#9973,#10092,.F.) ;
#10138=EDGE_CURVE('',#8313,#10059,#10137,.F.) ;
#10155=EDGE_CURVE('',#8367,#10082,#10154,.F.) ;
#10176=EDGE_CURVE('',#10173,#10175,#10171,.F.) ;
#10181=EDGE_CURVE('',#10173,#8195,#10180,.T.) ;
#10186=EDGE_CURVE('',#10175,#8186,#10185,.T.) ;
#10203=EDGE_CURVE('',#10175,#8388,#10202,.F.) ;
#10224=EDGE_CURVE('',#10221,#10223,#10219,.T.) ;
#10229=EDGE_CURVE('',#10223,#8147,#10228,.T.) ;
#10234=EDGE_CURVE('',#10221,#8126,#10233,.T.) ;
#10253=EDGE_CURVE('',#8292,#10173,#10252,.F.) ;
#10272=EDGE_CURVE('',#10271,#8306,#10269,.F.) ;
#10277=EDGE_CURVE('',#10059,#10271,#10276,.F.) ;
#10291=EDGE_CURVE('',#10290,#10082,#10288,.F.) ;
#10296=EDGE_CURVE('',#8374,#10290,#10295,.F.) ;
#10315=EDGE_CURVE('',#10314,#8119,#10312,.F.) ;
#10322=EDGE_CURVE('',#10221,#10314,#10316,.T.) ;
#10341=EDGE_CURVE('',#10340,#8154,#10338,.F.) ;
#10348=EDGE_CURVE('',#10340,#10223,#10342,.T.) ;
#10365=EDGE_CURVE('',#8381,#10340,#10364,.F.) ;
#10370=EDGE_CURVE('',#10290,#8161,#10369,.T.) ;
#10389=EDGE_CURVE('',#10271,#8112,#10388,.T.) ;
#10415=EDGE_CURVE('',#10314,#8299,#10414,.F.) ;
#10452=EDGE_CURVE('',#2216,#2179,#10451,.F.) ;
#10457=EDGE_CURVE('',#2218,#2181,#10456,.F.) ;
#10481=EDGE_CURVE('',#1300,#1253,#10480,.F.) ;
#10486=EDGE_CURVE('',#1302,#1255,#10485,.F.) ;
#10526=EDGE_CURVE('',#6387,#10525,#10523,.F.) ;
#10531=EDGE_CURVE('',#7333,#10525,#10530,.T.) ;
#10551=EDGE_CURVE('',#10550,#10525,#10548,.T.) ;
#10556=EDGE_CURVE('',#10550,#7354,#10555,.T.) ;
#10573=EDGE_CURVE('',#6394,#10550,#10572,.F.) ;
#10605=EDGE_CURVE('',#6605,#10604,#10602,.F.) ;
#10610=EDGE_CURVE('',#7380,#10604,#10609,.T.) ;
#10625=EDGE_CURVE('',#10624,#10604,#10622,.T.) ;
#10630=EDGE_CURVE('',#10624,#7401,#10629,.T.) ;
#10642=EDGE_CURVE('',#6591,#10624,#10641,.F.) ;
#10674=EDGE_CURVE('',#6421,#10673,#10671,.F.) ;
#10679=EDGE_CURVE('',#7427,#10673,#10678,.T.) ;
#10694=EDGE_CURVE('',#10693,#10673,#10691,.T.) ;
#10699=EDGE_CURVE('',#10693,#7448,#10698,.T.) ;
#10711=EDGE_CURVE('',#6419,#10693,#10710,.F.) ;
#10743=EDGE_CURVE('',#6455,#10742,#10740,.F.) ;
#10748=EDGE_CURVE('',#7474,#10742,#10747,.T.) ;
#10763=EDGE_CURVE('',#10762,#10742,#10760,.T.) ;
#10768=EDGE_CURVE('',#10762,#7495,#10767,.T.) ;
#10780=EDGE_CURVE('',#6453,#10762,#10779,.F.) ;
#10812=EDGE_CURVE('',#6489,#10811,#10809,.F.) ;
#10817=EDGE_CURVE('',#7521,#10811,#10816,.T.) ;
#10832=EDGE_CURVE('',#10831,#10811,#10829,.T.) ;
#10837=EDGE_CURVE('',#10831,#7542,#10836,.T.) ;
#10849=EDGE_CURVE('',#6487,#10831,#10848,.F.) ;
#10881=EDGE_CURVE('',#6523,#10880,#10878,.F.) ;
#10886=EDGE_CURVE('',#7568,#10880,#10885,.T.) ;
#10901=EDGE_CURVE('',#10900,#10880,#10898,.T.) ;
#10906=EDGE_CURVE('',#10900,#7589,#10905,.T.) ;
#10918=EDGE_CURVE('',#6521,#10900,#10917,.F.) ;
#10950=EDGE_CURVE('',#6564,#10949,#10947,.F.) ;
#10955=EDGE_CURVE('',#7615,#10949,#10954,.T.) ;
#10970=EDGE_CURVE('',#10969,#10949,#10967,.T.) ;
#10975=EDGE_CURVE('',#10969,#7636,#10974,.T.) ;
#10987=EDGE_CURVE('',#6571,#10969,#10986,.F.) ;
#11019=EDGE_CURVE('',#6625,#11018,#11016,.F.) ;
#11024=EDGE_CURVE('',#7681,#11018,#11023,.T.) ;
#11039=EDGE_CURVE('',#11038,#11018,#11036,.T.) ;
#11044=EDGE_CURVE('',#11038,#7702,#11043,.T.) ;
#11056=EDGE_CURVE('',#6623,#11038,#11055,.F.) ;
#120=EDGE_LOOP('',(#121,#122,#123,#124,#125,#126,#127,#128,#129,#130,#131,#132)) ;
#159=EDGE_LOOP('',(#160,#161,#162,#163)) ;
#190=EDGE_LOOP('',(#191,#192,#193,#194)) ;
#221=EDGE_LOOP('',(#222,#223,#224,#225)) ;
#252=EDGE_LOOP('',(#253,#254,#255,#256)) ;
#283=EDGE_LOOP('',(#284,#285,#286,#287)) ;
#314=EDGE_LOOP('',(#315,#316,#317,#318)) ;
#345=EDGE_LOOP('',(#346,#347,#348,#349)) ;
#376=EDGE_LOOP('',(#377,#378,#379,#380)) ;
#398=EDGE_LOOP('',(#399,#400,#401,#402)) ;
#485=EDGE_LOOP('',(#486,#487,#488,#489,#490,#491,#492,#493,#494,#495,#496,#497,#498,#499,#500,#501,#502,#503,#504,#505)) ;
#527=EDGE_LOOP('',(#528,#529,#530,#531)) ;
#539=EDGE_LOOP('',(#540,#541,#542,#543,#544,#545,#546,#547)) ;
#689=EDGE_LOOP('',(#690,#691,#692,#693,#694,#695,#696,#697,#698,#699,#700,#701,#702,#703,#704,#705,#706,#707,#708,#709)) ;
#742=EDGE_LOOP('',(#743,#744,#745,#746)) ;
#766=EDGE_LOOP('',(#767,#768,#769,#770)) ;
#800=EDGE_LOOP('',(#801,#802,#803,#804)) ;
#834=EDGE_LOOP('',(#835,#836,#837,#838)) ;
#858=EDGE_LOOP('',(#859,#860,#861,#862)) ;
#885=EDGE_LOOP('',(#886,#887,#888,#889)) ;
#912=EDGE_LOOP('',(#913,#914,#915,#916)) ;
#939=EDGE_LOOP('',(#940,#941,#942,#943)) ;
#966=EDGE_LOOP('',(#967,#968,#969,#970)) ;
#993=EDGE_LOOP('',(#994,#995,#996,#997)) ;
#1019=EDGE_LOOP('',(#1020,#1021,#1022,#1023)) ;
#1055=EDGE_LOOP('',(#1056,#1057,#1058,#1059)) ;
#1072=EDGE_LOOP('',(#1073,#1074,#1075,#1076)) ;
#1112=EDGE_LOOP('',(#1113,#1114,#1115,#1116)) ;
#1155=EDGE_LOOP('',(#1156,#1157,#1158,#1159,#1160,#1161,#1162,#1163,#1164)) ;
#1184=EDGE_LOOP('',(#1185,#1186,#1187,#1188)) ;
#1220=EDGE_LOOP('',(#1221,#1222,#1223,#1224,#1225,#1226,#1227,#1228,#1229)) ;
#1242=EDGE_LOOP('',(#1243,#1244,#1245,#1246)) ;
#1262=EDGE_LOOP('',(#1263,#1264)) ;
#1277=EDGE_LOOP('',(#1278,#1279,#1280,#1281)) ;
#1289=EDGE_LOOP('',(#1290,#1291,#1292,#1293)) ;
#1309=EDGE_LOOP('',(#1310,#1311)) ;
#1366=EDGE_LOOP('',(#1367,#1368,#1369,#1370,#1371,#1372,#1373,#1374)) ;
#1394=EDGE_LOOP('',(#1395,#1396,#1397,#1398)) ;
#1418=EDGE_LOOP('',(#1419,#1420,#1421,#1422)) ;
#1465=EDGE_LOOP('',(#1466,#1467,#1468,#1469,#1470)) ;
#1508=EDGE_LOOP('',(#1509,#1510,#1511,#1512,#1513)) ;
#1535=EDGE_LOOP('',(#1536,#1537,#1538,#1539,#1540)) ;
#1562=EDGE_LOOP('',(#1563,#1564,#1565,#1566,#1567)) ;
#1851=EDGE_LOOP('',(#1852,#1853,#1854,#1855,#1856,#1857,#1858,#1859,#1860,#1861,#1862,#1863,#1864,#1865,#1866,#1867,#1868,#1869,#1870,#1871,#1872,#1873,#1874,#1875,#1876,#1877,#1878,#1879,#1880,#1881,#1882,#1883,#1884,#1885,#1886,#1887,#1888,#1889,#1890,#1891,#1892,#1893,#1894,#1895)) ;
#1908=EDGE_LOOP('',(#1909,#1910,#1911,#1912)) ;
#1963=EDGE_LOOP('',(#1964,#1965,#1966,#1967,#1968,#1969,#1970,#1971,#1972,#1973,#1974,#1975,#1976,#1977,#1978,#1979)) ;
#1992=EDGE_LOOP('',(#1993,#1994,#1995,#1996)) ;
#2023=EDGE_LOOP('',(#2024,#2025,#2026,#2027,#2028,#2029,#2030,#2031)) ;
#2053=EDGE_LOOP('',(#2054,#2055,#2056,#2057)) ;
#2091=EDGE_LOOP('',(#2092,#2093,#2094,#2095,#2096,#2097,#2098,#2099,#2100)) ;
#2120=EDGE_LOOP('',(#2121,#2122,#2123,#2124)) ;
#2151=EDGE_LOOP('',(#2152,#2153,#2154,#2155,#2156,#2157,#2158,#2159,#2160)) ;
#2168=EDGE_LOOP('',(#2169,#2170,#2171,#2172)) ;
#2188=EDGE_LOOP('',(#2189,#2190)) ;
#2198=EDGE_LOOP('',(#2199,#2200,#2201,#2202)) ;
#2205=EDGE_LOOP('',(#2206,#2207,#2208,#2209)) ;
#2225=EDGE_LOOP('',(#2226,#2227)) ;
#2247=EDGE_LOOP('',(#2248,#2249,#2250,#2251)) ;
#2264=EDGE_LOOP('',(#2265,#2266,#2267,#2268)) ;
#2288=EDGE_LOOP('',(#2289,#2290,#2291,#2292)) ;
#2300=EDGE_LOOP('',(#2301,#2302,#2303,#2304)) ;
#2324=EDGE_LOOP('',(#2325,#2326,#2327,#2328)) ;
#2336=EDGE_LOOP('',(#2337,#2338,#2339,#2340)) ;
#2355=EDGE_LOOP('',(#2356,#2357,#2358,#2359)) ;
#2367=EDGE_LOOP('',(#2368,#2369,#2370,#2371)) ;
#2426=EDGE_LOOP('',(#2427,#2428,#2429,#2430,#2431,#2432,#2433,#2434,#2435,#2436,#2437,#2438,#2439,#2440,#2441,#2442,#2443,#2444,#2445,#2446)) ;
#2473=EDGE_LOOP('',(#2474,#2475,#2476,#2477)) ;
#2497=EDGE_LOOP('',(#2498,#2499,#2500,#2501)) ;
#2521=EDGE_LOOP('',(#2522,#2523,#2524,#2525)) ;
#2559=EDGE_LOOP('',(#2560,#2561,#2562,#2563,#2564,#2565)) ;
#2596=EDGE_LOOP('',(#2597,#2598,#2599,#2600)) ;
#2631=EDGE_LOOP('',(#2632,#2633,#2634,#2635)) ;
#2666=EDGE_LOOP('',(#2667,#2668,#2669,#2670)) ;
#2701=EDGE_LOOP('',(#2702,#2703,#2704,#2705)) ;
#2736=EDGE_LOOP('',(#2737,#2738,#2739,#2740)) ;
#2771=EDGE_LOOP('',(#2772,#2773,#2774,#2775)) ;
#2806=EDGE_LOOP('',(#2807,#2808,#2809,#2810)) ;
#2839=EDGE_LOOP('',(#2840,#2841,#2842,#2843,#2844,#2845)) ;
#3005=EDGE_LOOP('',(#3006,#3007,#3008,#3009,#3010,#3011,#3012,#3013,#3014,#3015,#3016,#3017,#3018,#3019,#3020,#3021,#3022,#3023,#3024,#3025,#3026,#3027,#3028,#3029,#3030,#3031,#3032,#3033,#3034,#3035,#3036,#3037,#3038,#3039,#3040,#3041)) ;
#3054=EDGE_LOOP('',(#3055,#3056,#3057,#3058)) ;
#3071=EDGE_LOOP('',(#3072,#3073,#3074,#3075)) ;
#3088=EDGE_LOOP('',(#3089,#3090,#3091,#3092)) ;
#3105=EDGE_LOOP('',(#3106,#3107,#3108,#3109)) ;
#3122=EDGE_LOOP('',(#3123,#3124,#3125,#3126)) ;
#3139=EDGE_LOOP('',(#3140,#3141,#3142,#3143)) ;
#3156=EDGE_LOOP('',(#3157,#3158,#3159,#3160)) ;
#3173=EDGE_LOOP('',(#3174,#3175,#3176,#3177)) ;
#3190=EDGE_LOOP('',(#3191,#3192,#3193,#3194)) ;
#3207=EDGE_LOOP('',(#3208,#3209,#3210,#3211)) ;
#3219=EDGE_LOOP('',(#3220,#3221,#3222,#3223)) ;
#3250=EDGE_LOOP('',(#3251,#3252,#3253,#3254)) ;
#3281=EDGE_LOOP('',(#3282,#3283,#3284,#3285)) ;
#3312=EDGE_LOOP('',(#3313,#3314,#3315,#3316)) ;
#3343=EDGE_LOOP('',(#3344,#3345,#3346,#3347)) ;
#3374=EDGE_LOOP('',(#3375,#3376,#3377,#3378)) ;
#3405=EDGE_LOOP('',(#3406,#3407,#3408,#3409)) ;
#3436=EDGE_LOOP('',(#3437,#3438,#3439,#3440)) ;
#3467=EDGE_LOOP('',(#3468,#3469,#3470,#3471)) ;
#3498=EDGE_LOOP('',(#3499,#3500,#3501,#3502)) ;
#3529=EDGE_LOOP('',(#3530,#3531,#3532,#3533)) ;
#3560=EDGE_LOOP('',(#3561,#3562,#3563,#3564)) ;
#3582=EDGE_LOOP('',(#3583,#3584,#3585,#3586)) ;
#3594=EDGE_LOOP('',(#3595,#3596,#3597,#3598,#3599,#3600,#3601,#3602,#3603,#3604,#3605,#3606,#3607,#3608,#3609,#3610)) ;
#3618=EDGE_LOOP('',(#3619,#3620,#3621,#3622,#3623,#3624,#3625,#3626,#3627,#3628,#3629,#3630,#3631,#3632,#3633,#3634)) ;
#3656=EDGE_LOOP('',(#3657,#3658,#3659,#3660)) ;
#3682=EDGE_LOOP('',(#3683,#3684,#3685,#3686)) ;
#3708=EDGE_LOOP('',(#3709,#3710,#3711,#3712)) ;
#3734=EDGE_LOOP('',(#3735,#3736,#3737,#3738)) ;
#3760=EDGE_LOOP('',(#3761,#3762,#3763,#3764)) ;
#3786=EDGE_LOOP('',(#3787,#3788,#3789,#3790)) ;
#3812=EDGE_LOOP('',(#3813,#3814,#3815,#3816)) ;
#3838=EDGE_LOOP('',(#3839,#3840,#3841,#3842)) ;
#3864=EDGE_LOOP('',(#3865,#3866,#3867,#3868)) ;
#3890=EDGE_LOOP('',(#3891,#3892,#3893,#3894)) ;
#3916=EDGE_LOOP('',(#3917,#3918,#3919,#3920)) ;
#3933=EDGE_LOOP('',(#3934,#3935,#3936,#3937)) ;
#3945=EDGE_LOOP('',(#3946,#3947,#3948,#3949,#3950,#3951,#3952,#3953,#3954,#3955,#3956,#3957,#3958,#3959,#3960,#3961)) ;
#3969=EDGE_LOOP('',(#3970,#3971,#3972,#3973,#3974,#3975,#3976,#3977,#3978,#3979,#3980,#3981,#3982,#3983,#3984,#3985)) ;
#4007=EDGE_LOOP('',(#4008,#4009,#4010,#4011)) ;
#4033=EDGE_LOOP('',(#4034,#4035,#4036,#4037)) ;
#4059=EDGE_LOOP('',(#4060,#4061,#4062,#4063)) ;
#4085=EDGE_LOOP('',(#4086,#4087,#4088,#4089)) ;
#4111=EDGE_LOOP('',(#4112,#4113,#4114,#4115)) ;
#4137=EDGE_LOOP('',(#4138,#4139,#4140,#4141)) ;
#4163=EDGE_LOOP('',(#4164,#4165,#4166,#4167)) ;
#4189=EDGE_LOOP('',(#4190,#4191,#4192,#4193)) ;
#4215=EDGE_LOOP('',(#4216,#4217,#4218,#4219)) ;
#4241=EDGE_LOOP('',(#4242,#4243,#4244,#4245)) ;
#4267=EDGE_LOOP('',(#4268,#4269,#4270,#4271)) ;
#4284=EDGE_LOOP('',(#4285,#4286,#4287,#4288)) ;
#4296=EDGE_LOOP('',(#4297,#4298,#4299,#4300,#4301,#4302,#4303,#4304,#4305,#4306,#4307,#4308,#4309,#4310,#4311,#4312)) ;
#4320=EDGE_LOOP('',(#4321,#4322,#4323,#4324,#4325,#4326,#4327,#4328,#4329,#4330,#4331,#4332,#4333,#4334,#4335,#4336)) ;
#4358=EDGE_LOOP('',(#4359,#4360,#4361,#4362)) ;
#4384=EDGE_LOOP('',(#4385,#4386,#4387,#4388)) ;
#4410=EDGE_LOOP('',(#4411,#4412,#4413,#4414)) ;
#4436=EDGE_LOOP('',(#4437,#4438,#4439,#4440)) ;
#4462=EDGE_LOOP('',(#4463,#4464,#4465,#4466)) ;
#4488=EDGE_LOOP('',(#4489,#4490,#4491,#4492)) ;
#4514=EDGE_LOOP('',(#4515,#4516,#4517,#4518)) ;
#4540=EDGE_LOOP('',(#4541,#4542,#4543,#4544)) ;
#4566=EDGE_LOOP('',(#4567,#4568,#4569,#4570)) ;
#4592=EDGE_LOOP('',(#4593,#4594,#4595,#4596)) ;
#4618=EDGE_LOOP('',(#4619,#4620,#4621,#4622)) ;
#4635=EDGE_LOOP('',(#4636,#4637,#4638,#4639)) ;
#4647=EDGE_LOOP('',(#4648,#4649,#4650,#4651,#4652,#4653,#4654,#4655,#4656,#4657,#4658,#4659,#4660,#4661,#4662,#4663)) ;
#4671=EDGE_LOOP('',(#4672,#4673,#4674,#4675,#4676,#4677,#4678,#4679,#4680,#4681,#4682,#4683,#4684,#4685,#4686,#4687)) ;
#4709=EDGE_LOOP('',(#4710,#4711,#4712,#4713)) ;
#4735=EDGE_LOOP('',(#4736,#4737,#4738,#4739)) ;
#4761=EDGE_LOOP('',(#4762,#4763,#4764,#4765)) ;
#4787=EDGE_LOOP('',(#4788,#4789,#4790,#4791)) ;
#4813=EDGE_LOOP('',(#4814,#4815,#4816,#4817)) ;
#4839=EDGE_LOOP('',(#4840,#4841,#4842,#4843)) ;
#4865=EDGE_LOOP('',(#4866,#4867,#4868,#4869)) ;
#4891=EDGE_LOOP('',(#4892,#4893,#4894,#4895)) ;
#4917=EDGE_LOOP('',(#4918,#4919,#4920,#4921)) ;
#4943=EDGE_LOOP('',(#4944,#4945,#4946,#4947)) ;
#4969=EDGE_LOOP('',(#4970,#4971,#4972,#4973)) ;
#4986=EDGE_LOOP('',(#4987,#4988,#4989,#4990)) ;
#4998=EDGE_LOOP('',(#4999,#5000,#5001,#5002,#5003,#5004,#5005,#5006,#5007,#5008,#5009,#5010,#5011,#5012,#5013,#5014)) ;
#5022=EDGE_LOOP('',(#5023,#5024,#5025,#5026,#5027,#5028,#5029,#5030,#5031,#5032,#5033,#5034,#5035,#5036,#5037,#5038)) ;
#5060=EDGE_LOOP('',(#5061,#5062,#5063,#5064)) ;
#5086=EDGE_LOOP('',(#5087,#5088,#5089,#5090)) ;
#5112=EDGE_LOOP('',(#5113,#5114,#5115,#5116)) ;
#5138=EDGE_LOOP('',(#5139,#5140,#5141,#5142)) ;
#5164=EDGE_LOOP('',(#5165,#5166,#5167,#5168)) ;
#5190=EDGE_LOOP('',(#5191,#5192,#5193,#5194)) ;
#5216=EDGE_LOOP('',(#5217,#5218,#5219,#5220)) ;
#5242=EDGE_LOOP('',(#5243,#5244,#5245,#5246)) ;
#5268=EDGE_LOOP('',(#5269,#5270,#5271,#5272)) ;
#5294=EDGE_LOOP('',(#5295,#5296,#5297,#5298)) ;
#5320=EDGE_LOOP('',(#5321,#5322,#5323,#5324)) ;
#5337=EDGE_LOOP('',(#5338,#5339,#5340,#5341)) ;
#5349=EDGE_LOOP('',(#5350,#5351,#5352,#5353,#5354,#5355,#5356,#5357,#5358,#5359,#5360,#5361,#5362,#5363,#5364,#5365)) ;
#5373=EDGE_LOOP('',(#5374,#5375,#5376,#5377,#5378,#5379,#5380,#5381,#5382,#5383,#5384,#5385,#5386,#5387,#5388,#5389)) ;
#5411=EDGE_LOOP('',(#5412,#5413,#5414,#5415)) ;
#5437=EDGE_LOOP('',(#5438,#5439,#5440,#5441)) ;
#5463=EDGE_LOOP('',(#5464,#5465,#5466,#5467)) ;
#5489=EDGE_LOOP('',(#5490,#5491,#5492,#5493)) ;
#5515=EDGE_LOOP('',(#5516,#5517,#5518,#5519)) ;
#5541=EDGE_LOOP('',(#5542,#5543,#5544,#5545)) ;
#5567=EDGE_LOOP('',(#5568,#5569,#5570,#5571)) ;
#5593=EDGE_LOOP('',(#5594,#5595,#5596,#5597)) ;
#5619=EDGE_LOOP('',(#5620,#5621,#5622,#5623)) ;
#5645=EDGE_LOOP('',(#5646,#5647,#5648,#5649)) ;
#5671=EDGE_LOOP('',(#5672,#5673,#5674,#5675)) ;
#5688=EDGE_LOOP('',(#5689,#5690,#5691,#5692)) ;
#5700=EDGE_LOOP('',(#5701,#5702,#5703,#5704,#5705,#5706,#5707,#5708,#5709,#5710,#5711,#5712,#5713,#5714,#5715,#5716)) ;
#5724=EDGE_LOOP('',(#5725,#5726,#5727,#5728,#5729,#5730,#5731,#5732,#5733,#5734,#5735,#5736,#5737,#5738,#5739,#5740)) ;
#5762=EDGE_LOOP('',(#5763,#5764,#5765,#5766)) ;
#5788=EDGE_LOOP('',(#5789,#5790,#5791,#5792)) ;
#5814=EDGE_LOOP('',(#5815,#5816,#5817,#5818)) ;
#5840=EDGE_LOOP('',(#5841,#5842,#5843,#5844)) ;
#5866=EDGE_LOOP('',(#5867,#5868,#5869,#5870)) ;
#5892=EDGE_LOOP('',(#5893,#5894,#5895,#5896)) ;
#5918=EDGE_LOOP('',(#5919,#5920,#5921,#5922)) ;
#5944=EDGE_LOOP('',(#5945,#5946,#5947,#5948)) ;
#5970=EDGE_LOOP('',(#5971,#5972,#5973,#5974)) ;
#5996=EDGE_LOOP('',(#5997,#5998,#5999,#6000)) ;
#6022=EDGE_LOOP('',(#6023,#6024,#6025,#6026)) ;
#6039=EDGE_LOOP('',(#6040,#6041,#6042,#6043)) ;
#6051=EDGE_LOOP('',(#6052,#6053,#6054,#6055,#6056,#6057,#6058,#6059,#6060,#6061,#6062,#6063,#6064,#6065,#6066,#6067)) ;
#6075=EDGE_LOOP('',(#6076,#6077,#6078,#6079,#6080,#6081,#6082,#6083,#6084,#6085,#6086,#6087,#6088,#6089,#6090,#6091)) ;
#6342=EDGE_LOOP('',(#6343,#6344,#6345,#6346,#6347,#6348,#6349,#6350,#6351,#6352,#6353,#6354,#6355,#6356,#6357,#6358,#6359,#6360,#6361,#6362,#6363,#6364,#6365,#6366,#6367,#6368,#6369,#6370,#6371,#6372,#6373,#6374,#6375,#6376,#6377,#6378)) ;
#6408=EDGE_LOOP('',(#6409,#6410,#6411,#6412)) ;
#6442=EDGE_LOOP('',(#6443,#6444,#6445,#6446)) ;
#6476=EDGE_LOOP('',(#6477,#6478,#6479,#6480)) ;
#6510=EDGE_LOOP('',(#6511,#6512,#6513,#6514)) ;
#6544=EDGE_LOOP('',(#6545,#6546,#6547,#6548)) ;
#6578=EDGE_LOOP('',(#6579,#6580,#6581,#6582)) ;
#6612=EDGE_LOOP('',(#6613,#6614,#6615,#6616)) ;
#6646=EDGE_LOOP('',(#6647,#6648,#6649,#6650)) ;
#6691=EDGE_LOOP('',(#6692,#6693,#6694,#6695,#6696,#6697,#6698)) ;
#6772=EDGE_LOOP('',(#6773,#6774,#6775,#6776,#6777,#6778,#6779,#6780,#6781,#6782,#6783,#6784)) ;
#6811=EDGE_LOOP('',(#6812,#6813,#6814,#6815)) ;
#6898=EDGE_LOOP('',(#6899,#6900,#6901,#6902,#6903,#6904,#6905,#6906,#6907,#6908,#6909,#6910)) ;
#6949=EDGE_LOOP('',(#6950,#6951,#6952,#6953,#6954,#6955,#6956,#6957,#6958)) ;
#6994=EDGE_LOOP('',(#6995,#6996,#6997,#6998)) ;
#7020=EDGE_LOOP('',(#7021,#7022,#7023,#7024)) ;
#7077=EDGE_LOOP('',(#7078,#7079,#7080,#7081,#7082,#7083,#7084,#7085,#7086)) ;
#7155=EDGE_LOOP('',(#7156,#7157,#7158,#7159,#7160,#7161,#7162,#7163,#7164,#7165,#7166,#7167)) ;
#7194=EDGE_LOOP('',(#7195,#7196,#7197,#7198)) ;
#7276=EDGE_LOOP('',(#7277,#7278,#7279,#7280,#7281,#7282,#7283,#7284,#7285,#7286,#7287,#7288)) ;
#7306=EDGE_LOOP('',(#7307,#7308,#7309,#7310,#7311,#7312,#7313)) ;
#7716=EDGE_LOOP('',(#7717,#7718,#7719,#7720,#7721,#7722,#7723,#7724,#7725,#7726,#7727,#7728,#7729,#7730,#7731,#7732,#7733,#7734,#7735,#7736,#7737,#7738,#7739,#7740,#7741,#7742,#7743,#7744,#7745,#7746,#7747,#7748,#7749,#7750,#7751,#7752,#7753,#7754,#7755,#7756,#7757,#7758,#7759,#7760,#7761,#7762,#7763,#7764,#7765,#7766,#7767,#7768,#7769,#7770,#7771,#7772,#7773,#7774,#7775,#7776,#7777,#7778,#7779,#7780,#7781,#7782,#7783,#7784,#7785,#7786,#7787,#7788,#7789,#7790,#7791,#7792,#7793,#7794,#7795,#7796)) ;
#7816=EDGE_LOOP('',(#7817,#7818,#7819,#7820)) ;
#7833=EDGE_LOOP('',(#7834,#7835,#7836,#7837)) ;
#7852=EDGE_LOOP('',(#7853,#7854,#7855,#7856)) ;
#7864=EDGE_LOOP('',(#7865,#7866,#7867,#7868)) ;
#7923=EDGE_LOOP('',(#7924,#7925,#7926,#7927,#7928,#7929,#7930,#7931,#7932,#7933,#7934,#7935)) ;
#7955=EDGE_LOOP('',(#7956,#7957,#7958,#7959)) ;
#8007=EDGE_LOOP('',(#8008,#8009,#8010,#8011,#8012,#8013,#8014,#8015,#8016,#8017,#8018,#8019)) ;
#8032=EDGE_LOOP('',(#8033,#8034,#8035,#8036)) ;
#8056=EDGE_LOOP('',(#8057,#8058,#8059,#8060)) ;
#8087=EDGE_LOOP('',(#8088,#8089,#8090,#8091,#8092)) ;
#8168=EDGE_LOOP('',(#8169,#8170,#8171,#8172,#8173,#8174,#8175,#8176,#8177,#8178)) ;
#8209=EDGE_LOOP('',(#8210,#8211,#8212,#8213)) ;
#8245=EDGE_LOOP('',(#8246,#8247,#8248,#8249,#8250)) ;
#8258=EDGE_LOOP('',(#8259,#8260,#8261,#8262)) ;
#8275=EDGE_LOOP('',(#8276,#8277,#8278,#8279)) ;
#8395=EDGE_LOOP('',(#8396,#8397,#8398,#8399,#8400,#8401,#8402,#8403,#8404,#8405,#8406,#8407,#8408,#8409,#8410,#8411,#8412,#8413,#8414,#8415)) ;
#8433=EDGE_LOOP('',(#8434,#8435,#8436,#8437)) ;
#8450=EDGE_LOOP('',(#8451,#8452,#8453,#8454)) ;
#8467=EDGE_LOOP('',(#8468,#8469,#8470,#8471)) ;
#8484=EDGE_LOOP('',(#8485,#8486,#8487,#8488)) ;
#8501=EDGE_LOOP('',(#8502,#8503,#8504,#8505)) ;
#8518=EDGE_LOOP('',(#8519,#8520,#8521,#8522)) ;
#8535=EDGE_LOOP('',(#8536,#8537,#8538,#8539)) ;
#8552=EDGE_LOOP('',(#8553,#8554,#8555,#8556)) ;
#8576=EDGE_LOOP('',(#8577,#8578,#8579,#8580,#8581)) ;
#8606=EDGE_LOOP('',(#8607,#8608,#8609,#8610)) ;
#8623=EDGE_LOOP('',(#8624,#8625,#8626,#8627,#8628)) ;
#8636=EDGE_LOOP('',(#8637,#8638,#8639,#8640)) ;
#8660=EDGE_LOOP('',(#8661,#8662,#8663,#8664,#8665)) ;
#8685=EDGE_LOOP('',(#8686,#8687,#8688,#8689)) ;
#8702=EDGE_LOOP('',(#8703,#8704,#8705,#8706,#8707)) ;
#8710=EDGE_LOOP('',(#8711,#8712,#8713,#8714)) ;
#8734=EDGE_LOOP('',(#8735,#8736,#8737,#8738,#8739)) ;
#8759=EDGE_LOOP('',(#8760,#8761,#8762,#8763)) ;
#8776=EDGE_LOOP('',(#8777,#8778,#8779,#8780,#8781)) ;
#8784=EDGE_LOOP('',(#8785,#8786,#8787,#8788)) ;
#8808=EDGE_LOOP('',(#8809,#8810,#8811,#8812,#8813)) ;
#8833=EDGE_LOOP('',(#8834,#8835,#8836,#8837)) ;
#8850=EDGE_LOOP('',(#8851,#8852,#8853,#8854,#8855)) ;
#8858=EDGE_LOOP('',(#8859,#8860,#8861,#8862)) ;
#8882=EDGE_LOOP('',(#8883,#8884,#8885,#8886,#8887)) ;
#8907=EDGE_LOOP('',(#8908,#8909,#8910,#8911)) ;
#8924=EDGE_LOOP('',(#8925,#8926,#8927,#8928,#8929)) ;
#8932=EDGE_LOOP('',(#8933,#8934,#8935,#8936)) ;
#8956=EDGE_LOOP('',(#8957,#8958,#8959,#8960,#8961)) ;
#8981=EDGE_LOOP('',(#8982,#8983,#8984,#8985)) ;
#8998=EDGE_LOOP('',(#8999,#9000,#9001,#9002,#9003)) ;
#9006=EDGE_LOOP('',(#9007,#9008,#9009,#9010)) ;
#9030=EDGE_LOOP('',(#9031,#9032,#9033,#9034,#9035)) ;
#9055=EDGE_LOOP('',(#9056,#9057,#9058,#9059)) ;
#9072=EDGE_LOOP('',(#9073,#9074,#9075,#9076,#9077)) ;
#9080=EDGE_LOOP('',(#9081,#9082,#9083,#9084)) ;
#9104=EDGE_LOOP('',(#9105,#9106,#9107,#9108,#9109)) ;
#9129=EDGE_LOOP('',(#9130,#9131,#9132,#9133)) ;
#9146=EDGE_LOOP('',(#9147,#9148,#9149,#9150,#9151)) ;
#9154=EDGE_LOOP('',(#9155,#9156,#9157,#9158)) ;
#9190=EDGE_LOOP('',(#9191,#9192,#9193,#9194,#9195,#9196)) ;
#9223=EDGE_LOOP('',(#9224,#9225,#9226,#9227)) ;
#9245=EDGE_LOOP('',(#9246,#9247,#9248,#9249,#9250,#9251)) ;
#9278=EDGE_LOOP('',(#9279,#9280,#9281,#9282)) ;
#9309=EDGE_LOOP('',(#9310,#9311,#9312,#9313)) ;
#9340=EDGE_LOOP('',(#9341,#9342,#9343,#9344)) ;
#9371=EDGE_LOOP('',(#9372,#9373,#9374,#9375)) ;
#9402=EDGE_LOOP('',(#9403,#9404,#9405,#9406)) ;
#9429=EDGE_LOOP('',(#9430,#9431,#9432,#9433,#9434,#9435)) ;
#9448=EDGE_LOOP('',(#9449,#9450,#9451,#9452)) ;
#9465=EDGE_LOOP('',(#9466,#9467,#9468,#9469)) ;
#9482=EDGE_LOOP('',(#9483,#9484,#9485,#9486)) ;
#9499=EDGE_LOOP('',(#9500,#9501,#9502,#9503)) ;
#9511=EDGE_LOOP('',(#9512,#9513,#9514,#9515)) ;
#9523=EDGE_LOOP('',(#9524,#9525,#9526,#9527,#9528,#9529,#9530,#9531,#9532,#9533,#9534,#9535,#9536)) ;
#9544=EDGE_LOOP('',(#9545,#9546,#9547,#9548,#9549,#9550,#9551,#9552,#9553,#9554,#9555,#9556,#9557)) ;
#9589=EDGE_LOOP('',(#9590,#9591,#9592,#9593,#9594,#9595)) ;
#9622=EDGE_LOOP('',(#9623,#9624,#9625,#9626)) ;
#9639=EDGE_LOOP('',(#9640,#9641,#9642,#9643,#9644,#9645)) ;
#9672=EDGE_LOOP('',(#9673,#9674,#9675,#9676)) ;
#9703=EDGE_LOOP('',(#9704,#9705,#9706,#9707)) ;
#9734=EDGE_LOOP('',(#9735,#9736,#9737,#9738)) ;
#9765=EDGE_LOOP('',(#9766,#9767,#9768,#9769)) ;
#9796=EDGE_LOOP('',(#9797,#9798,#9799,#9800)) ;
#9823=EDGE_LOOP('',(#9824,#9825,#9826,#9827,#9828,#9829)) ;
#9842=EDGE_LOOP('',(#9843,#9844,#9845,#9846)) ;
#9859=EDGE_LOOP('',(#9860,#9861,#9862,#9863)) ;
#9876=EDGE_LOOP('',(#9877,#9878,#9879,#9880)) ;
#9893=EDGE_LOOP('',(#9894,#9895,#9896,#9897)) ;
#9905=EDGE_LOOP('',(#9906,#9907,#9908,#9909)) ;
#9912=EDGE_LOOP('',(#9913,#9914,#9915,#9916,#9917,#9918,#9919,#9920,#9921,#9922,#9923,#9924,#9925)) ;
#9928=EDGE_LOOP('',(#9929,#9930,#9931,#9932,#9933,#9934,#9935,#9936,#9937,#9938,#9939,#9940,#9941)) ;
#9961=EDGE_LOOP('',(#9962,#9963,#9964,#9965)) ;
#9980=EDGE_LOOP('',(#9981,#9982,#9983,#9984)) ;
#10011=EDGE_LOOP('',(#10012,#10013,#10014,#10015)) ;
#10037=EDGE_LOOP('',(#10038,#10039,#10040,#10041)) ;
#10066=EDGE_LOOP('',(#10067,#10068,#10069,#10070,#10071,#10072,#10073,#10074)) ;
#10094=EDGE_LOOP('',(#10095,#10096,#10097,#10098,#10099,#10100,#10101,#10102)) ;
#10110=EDGE_LOOP('',(#10111,#10112,#10113,#10114)) ;
#10122=EDGE_LOOP('',(#10123,#10124,#10125,#10126)) ;
#10139=EDGE_LOOP('',(#10140,#10141,#10142,#10143)) ;
#10156=EDGE_LOOP('',(#10157,#10158,#10159,#10160)) ;
#10187=EDGE_LOOP('',(#10188,#10189,#10190,#10191)) ;
#10204=EDGE_LOOP('',(#10205,#10206,#10207,#10208)) ;
#10235=EDGE_LOOP('',(#10236,#10237,#10238,#10239,#10240,#10241)) ;
#10254=EDGE_LOOP('',(#10255,#10256,#10257,#10258)) ;
#10278=EDGE_LOOP('',(#10279,#10280,#10281,#10282)) ;
#10297=EDGE_LOOP('',(#10298,#10299,#10300,#10301)) ;
#10323=EDGE_LOOP('',(#10324,#10325,#10326,#10327)) ;
#10349=EDGE_LOOP('',(#10350,#10351,#10352,#10353)) ;
#10371=EDGE_LOOP('',(#10372,#10373,#10374,#10375,#10376,#10377)) ;
#10390=EDGE_LOOP('',(#10391,#10392,#10393,#10394,#10395)) ;
#10398=EDGE_LOOP('',(#10399,#10400,#10401,#10402,#10403)) ;
#10416=EDGE_LOOP('',(#10417,#10418,#10419,#10420,#10421,#10422)) ;
#10430=EDGE_LOOP('',(#10431,#10432,#10433,#10434,#10435,#10436,#10437,#10438,#10439,#10440)) ;
#10458=EDGE_LOOP('',(#10459,#10460,#10461,#10462)) ;
#10465=EDGE_LOOP('',(#10466,#10467,#10468,#10469)) ;
#10487=EDGE_LOOP('',(#10488,#10489,#10490,#10491)) ;
#10494=EDGE_LOOP('',(#10495,#10496,#10497,#10498)) ;
#10506=EDGE_LOOP('',(#10507,#10508,#10509,#10510,#10511,#10512)) ;
#10532=EDGE_LOOP('',(#10533,#10534,#10535,#10536,#10537)) ;
#10557=EDGE_LOOP('',(#10558,#10559,#10560,#10561)) ;
#10574=EDGE_LOOP('',(#10575,#10576,#10577,#10578)) ;
#10586=EDGE_LOOP('',(#10587,#10588,#10589,#10590,#10591)) ;
#10611=EDGE_LOOP('',(#10612,#10613,#10614,#10615,#10616)) ;
#10631=EDGE_LOOP('',(#10632,#10633,#10634,#10635)) ;
#10643=EDGE_LOOP('',(#10644,#10645,#10646,#10647)) ;
#10655=EDGE_LOOP('',(#10656,#10657,#10658,#10659,#10660)) ;
#10680=EDGE_LOOP('',(#10681,#10682,#10683,#10684,#10685)) ;
#10700=EDGE_LOOP('',(#10701,#10702,#10703,#10704)) ;
#10712=EDGE_LOOP('',(#10713,#10714,#10715,#10716)) ;
#10724=EDGE_LOOP('',(#10725,#10726,#10727,#10728,#10729)) ;
#10749=EDGE_LOOP('',(#10750,#10751,#10752,#10753,#10754)) ;
#10769=EDGE_LOOP('',(#10770,#10771,#10772,#10773)) ;
#10781=EDGE_LOOP('',(#10782,#10783,#10784,#10785)) ;
#10793=EDGE_LOOP('',(#10794,#10795,#10796,#10797,#10798)) ;
#10818=EDGE_LOOP('',(#10819,#10820,#10821,#10822,#10823)) ;
#10838=EDGE_LOOP('',(#10839,#10840,#10841,#10842)) ;
#10850=EDGE_LOOP('',(#10851,#10852,#10853,#10854)) ;
#10862=EDGE_LOOP('',(#10863,#10864,#10865,#10866,#10867)) ;
#10887=EDGE_LOOP('',(#10888,#10889,#10890,#10891,#10892)) ;
#10907=EDGE_LOOP('',(#10908,#10909,#10910,#10911)) ;
#10919=EDGE_LOOP('',(#10920,#10921,#10922,#10923)) ;
#10931=EDGE_LOOP('',(#10932,#10933,#10934,#10935,#10936)) ;
#10956=EDGE_LOOP('',(#10957,#10958,#10959,#10960,#10961)) ;
#10976=EDGE_LOOP('',(#10977,#10978,#10979,#10980)) ;
#10988=EDGE_LOOP('',(#10989,#10990,#10991,#10992)) ;
#11000=EDGE_LOOP('',(#11001,#11002,#11003,#11004,#11005)) ;
#11025=EDGE_LOOP('',(#11026,#11027,#11028,#11029,#11030)) ;
#11045=EDGE_LOOP('',(#11046,#11047,#11048,#11049)) ;
#11057=EDGE_LOOP('',(#11058,#11059,#11060,#11061)) ;
#11069=EDGE_LOOP('',(#11070,#11071,#11072,#11073,#11074)) ;
#133=FACE_OUTER_BOUND('',#120,.T.) ;
#164=FACE_OUTER_BOUND('',#159,.T.) ;
#195=FACE_OUTER_BOUND('',#190,.T.) ;
#226=FACE_OUTER_BOUND('',#221,.T.) ;
#257=FACE_OUTER_BOUND('',#252,.T.) ;
#288=FACE_OUTER_BOUND('',#283,.T.) ;
#319=FACE_OUTER_BOUND('',#314,.T.) ;
#350=FACE_OUTER_BOUND('',#345,.T.) ;
#381=FACE_OUTER_BOUND('',#376,.T.) ;
#403=FACE_OUTER_BOUND('',#398,.T.) ;
#506=FACE_OUTER_BOUND('',#485,.T.) ;
#532=FACE_OUTER_BOUND('',#527,.T.) ;
#548=FACE_OUTER_BOUND('',#539,.T.) ;
#747=FACE_OUTER_BOUND('',#742,.T.) ;
#771=FACE_OUTER_BOUND('',#766,.T.) ;
#805=FACE_OUTER_BOUND('',#800,.T.) ;
#839=FACE_OUTER_BOUND('',#834,.T.) ;
#863=FACE_OUTER_BOUND('',#858,.T.) ;
#890=FACE_OUTER_BOUND('',#885,.T.) ;
#917=FACE_OUTER_BOUND('',#912,.T.) ;
#944=FACE_OUTER_BOUND('',#939,.T.) ;
#971=FACE_OUTER_BOUND('',#966,.T.) ;
#998=FACE_OUTER_BOUND('',#993,.T.) ;
#1024=FACE_OUTER_BOUND('',#1019,.T.) ;
#1060=FACE_OUTER_BOUND('',#1055,.T.) ;
#1077=FACE_OUTER_BOUND('',#1072,.T.) ;
#1117=FACE_OUTER_BOUND('',#1112,.T.) ;
#1165=FACE_OUTER_BOUND('',#1155,.T.) ;
#1189=FACE_OUTER_BOUND('',#1184,.T.) ;
#1230=FACE_OUTER_BOUND('',#1220,.T.) ;
#1247=FACE_OUTER_BOUND('',#1242,.T.) ;
#1282=FACE_OUTER_BOUND('',#1277,.T.) ;
#1294=FACE_OUTER_BOUND('',#1289,.T.) ;
#1375=FACE_OUTER_BOUND('',#1366,.T.) ;
#1399=FACE_OUTER_BOUND('',#1394,.T.) ;
#1423=FACE_OUTER_BOUND('',#1418,.T.) ;
#1471=FACE_OUTER_BOUND('',#1465,.T.) ;
#1514=FACE_OUTER_BOUND('',#1508,.T.) ;
#1541=FACE_OUTER_BOUND('',#1535,.T.) ;
#1568=FACE_OUTER_BOUND('',#1562,.T.) ;
#1896=FACE_OUTER_BOUND('',#1851,.T.) ;
#1913=FACE_OUTER_BOUND('',#1908,.T.) ;
#1980=FACE_OUTER_BOUND('',#1963,.T.) ;
#1997=FACE_OUTER_BOUND('',#1992,.T.) ;
#2032=FACE_OUTER_BOUND('',#2023,.T.) ;
#2058=FACE_OUTER_BOUND('',#2053,.T.) ;
#2101=FACE_OUTER_BOUND('',#2091,.T.) ;
#2125=FACE_OUTER_BOUND('',#2120,.T.) ;
#2161=FACE_OUTER_BOUND('',#2151,.T.) ;
#2173=FACE_OUTER_BOUND('',#2168,.T.) ;
#2203=FACE_OUTER_BOUND('',#2198,.T.) ;
#2210=FACE_OUTER_BOUND('',#2205,.T.) ;
#2252=FACE_OUTER_BOUND('',#2247,.T.) ;
#2269=FACE_OUTER_BOUND('',#2264,.T.) ;
#2293=FACE_OUTER_BOUND('',#2288,.T.) ;
#2305=FACE_OUTER_BOUND('',#2300,.T.) ;
#2329=FACE_OUTER_BOUND('',#2324,.T.) ;
#2341=FACE_OUTER_BOUND('',#2336,.T.) ;
#2360=FACE_OUTER_BOUND('',#2355,.T.) ;
#2372=FACE_OUTER_BOUND('',#2367,.T.) ;
#2447=FACE_OUTER_BOUND('',#2426,.T.) ;
#2478=FACE_OUTER_BOUND('',#2473,.T.) ;
#2502=FACE_OUTER_BOUND('',#2497,.T.) ;
#2526=FACE_OUTER_BOUND('',#2521,.T.) ;
#2566=FACE_OUTER_BOUND('',#2559,.T.) ;
#2601=FACE_OUTER_BOUND('',#2596,.T.) ;
#2636=FACE_OUTER_BOUND('',#2631,.T.) ;
#2671=FACE_OUTER_BOUND('',#2666,.T.) ;
#2706=FACE_OUTER_BOUND('',#2701,.T.) ;
#2741=FACE_OUTER_BOUND('',#2736,.T.) ;
#2776=FACE_OUTER_BOUND('',#2771,.T.) ;
#2811=FACE_OUTER_BOUND('',#2806,.T.) ;
#2846=FACE_OUTER_BOUND('',#2839,.T.) ;
#3042=FACE_OUTER_BOUND('',#3005,.T.) ;
#3059=FACE_OUTER_BOUND('',#3054,.T.) ;
#3076=FACE_OUTER_BOUND('',#3071,.T.) ;
#3093=FACE_OUTER_BOUND('',#3088,.T.) ;
#3110=FACE_OUTER_BOUND('',#3105,.T.) ;
#3127=FACE_OUTER_BOUND('',#3122,.T.) ;
#3144=FACE_OUTER_BOUND('',#3139,.T.) ;
#3161=FACE_OUTER_BOUND('',#3156,.T.) ;
#3178=FACE_OUTER_BOUND('',#3173,.T.) ;
#3195=FACE_OUTER_BOUND('',#3190,.T.) ;
#3212=FACE_OUTER_BOUND('',#3207,.T.) ;
#3224=FACE_OUTER_BOUND('',#3219,.T.) ;
#3255=FACE_OUTER_BOUND('',#3250,.T.) ;
#3286=FACE_OUTER_BOUND('',#3281,.T.) ;
#3317=FACE_OUTER_BOUND('',#3312,.T.) ;
#3348=FACE_OUTER_BOUND('',#3343,.T.) ;
#3379=FACE_OUTER_BOUND('',#3374,.T.) ;
#3410=FACE_OUTER_BOUND('',#3405,.T.) ;
#3441=FACE_OUTER_BOUND('',#3436,.T.) ;
#3472=FACE_OUTER_BOUND('',#3467,.T.) ;
#3503=FACE_OUTER_BOUND('',#3498,.T.) ;
#3534=FACE_OUTER_BOUND('',#3529,.T.) ;
#3565=FACE_OUTER_BOUND('',#3560,.T.) ;
#3587=FACE_OUTER_BOUND('',#3582,.T.) ;
#3611=FACE_OUTER_BOUND('',#3594,.T.) ;
#3635=FACE_OUTER_BOUND('',#3618,.T.) ;
#3661=FACE_OUTER_BOUND('',#3656,.T.) ;
#3687=FACE_OUTER_BOUND('',#3682,.T.) ;
#3713=FACE_OUTER_BOUND('',#3708,.T.) ;
#3739=FACE_OUTER_BOUND('',#3734,.T.) ;
#3765=FACE_OUTER_BOUND('',#3760,.T.) ;
#3791=FACE_OUTER_BOUND('',#3786,.T.) ;
#3817=FACE_OUTER_BOUND('',#3812,.T.) ;
#3843=FACE_OUTER_BOUND('',#3838,.T.) ;
#3869=FACE_OUTER_BOUND('',#3864,.T.) ;
#3895=FACE_OUTER_BOUND('',#3890,.T.) ;
#3921=FACE_OUTER_BOUND('',#3916,.T.) ;
#3938=FACE_OUTER_BOUND('',#3933,.T.) ;
#3962=FACE_OUTER_BOUND('',#3945,.T.) ;
#3986=FACE_OUTER_BOUND('',#3969,.T.) ;
#4012=FACE_OUTER_BOUND('',#4007,.T.) ;
#4038=FACE_OUTER_BOUND('',#4033,.T.) ;
#4064=FACE_OUTER_BOUND('',#4059,.T.) ;
#4090=FACE_OUTER_BOUND('',#4085,.T.) ;
#4116=FACE_OUTER_BOUND('',#4111,.T.) ;
#4142=FACE_OUTER_BOUND('',#4137,.T.) ;
#4168=FACE_OUTER_BOUND('',#4163,.T.) ;
#4194=FACE_OUTER_BOUND('',#4189,.T.) ;
#4220=FACE_OUTER_BOUND('',#4215,.T.) ;
#4246=FACE_OUTER_BOUND('',#4241,.T.) ;
#4272=FACE_OUTER_BOUND('',#4267,.T.) ;
#4289=FACE_OUTER_BOUND('',#4284,.T.) ;
#4313=FACE_OUTER_BOUND('',#4296,.T.) ;
#4337=FACE_OUTER_BOUND('',#4320,.T.) ;
#4363=FACE_OUTER_BOUND('',#4358,.T.) ;
#4389=FACE_OUTER_BOUND('',#4384,.T.) ;
#4415=FACE_OUTER_BOUND('',#4410,.T.) ;
#4441=FACE_OUTER_BOUND('',#4436,.T.) ;
#4467=FACE_OUTER_BOUND('',#4462,.T.) ;
#4493=FACE_OUTER_BOUND('',#4488,.T.) ;
#4519=FACE_OUTER_BOUND('',#4514,.T.) ;
#4545=FACE_OUTER_BOUND('',#4540,.T.) ;
#4571=FACE_OUTER_BOUND('',#4566,.T.) ;
#4597=FACE_OUTER_BOUND('',#4592,.T.) ;
#4623=FACE_OUTER_BOUND('',#4618,.T.) ;
#4640=FACE_OUTER_BOUND('',#4635,.T.) ;
#4664=FACE_OUTER_BOUND('',#4647,.T.) ;
#4688=FACE_OUTER_BOUND('',#4671,.T.) ;
#4714=FACE_OUTER_BOUND('',#4709,.T.) ;
#4740=FACE_OUTER_BOUND('',#4735,.T.) ;
#4766=FACE_OUTER_BOUND('',#4761,.T.) ;
#4792=FACE_OUTER_BOUND('',#4787,.T.) ;
#4818=FACE_OUTER_BOUND('',#4813,.T.) ;
#4844=FACE_OUTER_BOUND('',#4839,.T.) ;
#4870=FACE_OUTER_BOUND('',#4865,.T.) ;
#4896=FACE_OUTER_BOUND('',#4891,.T.) ;
#4922=FACE_OUTER_BOUND('',#4917,.T.) ;
#4948=FACE_OUTER_BOUND('',#4943,.T.) ;
#4974=FACE_OUTER_BOUND('',#4969,.T.) ;
#4991=FACE_OUTER_BOUND('',#4986,.T.) ;
#5015=FACE_OUTER_BOUND('',#4998,.T.) ;
#5039=FACE_OUTER_BOUND('',#5022,.T.) ;
#5065=FACE_OUTER_BOUND('',#5060,.T.) ;
#5091=FACE_OUTER_BOUND('',#5086,.T.) ;
#5117=FACE_OUTER_BOUND('',#5112,.T.) ;
#5143=FACE_OUTER_BOUND('',#5138,.T.) ;
#5169=FACE_OUTER_BOUND('',#5164,.T.) ;
#5195=FACE_OUTER_BOUND('',#5190,.T.) ;
#5221=FACE_OUTER_BOUND('',#5216,.T.) ;
#5247=FACE_OUTER_BOUND('',#5242,.T.) ;
#5273=FACE_OUTER_BOUND('',#5268,.T.) ;
#5299=FACE_OUTER_BOUND('',#5294,.T.) ;
#5325=FACE_OUTER_BOUND('',#5320,.T.) ;
#5342=FACE_OUTER_BOUND('',#5337,.T.) ;
#5366=FACE_OUTER_BOUND('',#5349,.T.) ;
#5390=FACE_OUTER_BOUND('',#5373,.T.) ;
#5416=FACE_OUTER_BOUND('',#5411,.T.) ;
#5442=FACE_OUTER_BOUND('',#5437,.T.) ;
#5468=FACE_OUTER_BOUND('',#5463,.T.) ;
#5494=FACE_OUTER_BOUND('',#5489,.T.) ;
#5520=FACE_OUTER_BOUND('',#5515,.T.) ;
#5546=FACE_OUTER_BOUND('',#5541,.T.) ;
#5572=FACE_OUTER_BOUND('',#5567,.T.) ;
#5598=FACE_OUTER_BOUND('',#5593,.T.) ;
#5624=FACE_OUTER_BOUND('',#5619,.T.) ;
#5650=FACE_OUTER_BOUND('',#5645,.T.) ;
#5676=FACE_OUTER_BOUND('',#5671,.T.) ;
#5693=FACE_OUTER_BOUND('',#5688,.T.) ;
#5717=FACE_OUTER_BOUND('',#5700,.T.) ;
#5741=FACE_OUTER_BOUND('',#5724,.T.) ;
#5767=FACE_OUTER_BOUND('',#5762,.T.) ;
#5793=FACE_OUTER_BOUND('',#5788,.T.) ;
#5819=FACE_OUTER_BOUND('',#5814,.T.) ;
#5845=FACE_OUTER_BOUND('',#5840,.T.) ;
#5871=FACE_OUTER_BOUND('',#5866,.T.) ;
#5897=FACE_OUTER_BOUND('',#5892,.T.) ;
#5923=FACE_OUTER_BOUND('',#5918,.T.) ;
#5949=FACE_OUTER_BOUND('',#5944,.T.) ;
#5975=FACE_OUTER_BOUND('',#5970,.T.) ;
#6001=FACE_OUTER_BOUND('',#5996,.T.) ;
#6027=FACE_OUTER_BOUND('',#6022,.T.) ;
#6044=FACE_OUTER_BOUND('',#6039,.T.) ;
#6068=FACE_OUTER_BOUND('',#6051,.T.) ;
#6092=FACE_OUTER_BOUND('',#6075,.T.) ;
#6379=FACE_OUTER_BOUND('',#6342,.T.) ;
#6699=FACE_OUTER_BOUND('',#6691,.T.) ;
#6785=FACE_OUTER_BOUND('',#6772,.T.) ;
#6816=FACE_OUTER_BOUND('',#6811,.T.) ;
#6911=FACE_OUTER_BOUND('',#6898,.T.) ;
#6959=FACE_OUTER_BOUND('',#6949,.T.) ;
#6999=FACE_OUTER_BOUND('',#6994,.T.) ;
#7025=FACE_OUTER_BOUND('',#7020,.T.) ;
#7087=FACE_OUTER_BOUND('',#7077,.T.) ;
#7168=FACE_OUTER_BOUND('',#7155,.T.) ;
#7199=FACE_OUTER_BOUND('',#7194,.T.) ;
#7289=FACE_OUTER_BOUND('',#7276,.T.) ;
#7314=FACE_OUTER_BOUND('',#7306,.T.) ;
#7797=FACE_OUTER_BOUND('',#7716,.T.) ;
#7821=FACE_OUTER_BOUND('',#7816,.T.) ;
#7838=FACE_OUTER_BOUND('',#7833,.T.) ;
#7857=FACE_OUTER_BOUND('',#7852,.T.) ;
#7869=FACE_OUTER_BOUND('',#7864,.T.) ;
#7936=FACE_OUTER_BOUND('',#7923,.T.) ;
#7960=FACE_OUTER_BOUND('',#7955,.T.) ;
#8020=FACE_OUTER_BOUND('',#8007,.T.) ;
#8037=FACE_OUTER_BOUND('',#8032,.T.) ;
#8061=FACE_OUTER_BOUND('',#8056,.T.) ;
#8093=FACE_OUTER_BOUND('',#8087,.T.) ;
#8179=FACE_OUTER_BOUND('',#8168,.T.) ;
#8214=FACE_OUTER_BOUND('',#8209,.T.) ;
#8251=FACE_OUTER_BOUND('',#8245,.T.) ;
#8263=FACE_OUTER_BOUND('',#8258,.T.) ;
#8280=FACE_OUTER_BOUND('',#8275,.T.) ;
#8416=FACE_OUTER_BOUND('',#8395,.T.) ;
#8438=FACE_OUTER_BOUND('',#8433,.T.) ;
#8455=FACE_OUTER_BOUND('',#8450,.T.) ;
#8472=FACE_OUTER_BOUND('',#8467,.T.) ;
#8489=FACE_OUTER_BOUND('',#8484,.T.) ;
#8506=FACE_OUTER_BOUND('',#8501,.T.) ;
#8523=FACE_OUTER_BOUND('',#8518,.T.) ;
#8540=FACE_OUTER_BOUND('',#8535,.T.) ;
#8557=FACE_OUTER_BOUND('',#8552,.T.) ;
#8582=FACE_OUTER_BOUND('',#8576,.T.) ;
#8611=FACE_OUTER_BOUND('',#8606,.T.) ;
#8629=FACE_OUTER_BOUND('',#8623,.T.) ;
#8641=FACE_OUTER_BOUND('',#8636,.T.) ;
#8666=FACE_OUTER_BOUND('',#8660,.T.) ;
#8690=FACE_OUTER_BOUND('',#8685,.T.) ;
#8708=FACE_OUTER_BOUND('',#8702,.T.) ;
#8715=FACE_OUTER_BOUND('',#8710,.T.) ;
#8740=FACE_OUTER_BOUND('',#8734,.T.) ;
#8764=FACE_OUTER_BOUND('',#8759,.T.) ;
#8782=FACE_OUTER_BOUND('',#8776,.T.) ;
#8789=FACE_OUTER_BOUND('',#8784,.T.) ;
#8814=FACE_OUTER_BOUND('',#8808,.T.) ;
#8838=FACE_OUTER_BOUND('',#8833,.T.) ;
#8856=FACE_OUTER_BOUND('',#8850,.T.) ;
#8863=FACE_OUTER_BOUND('',#8858,.T.) ;
#8888=FACE_OUTER_BOUND('',#8882,.T.) ;
#8912=FACE_OUTER_BOUND('',#8907,.T.) ;
#8930=FACE_OUTER_BOUND('',#8924,.T.) ;
#8937=FACE_OUTER_BOUND('',#8932,.T.) ;
#8962=FACE_OUTER_BOUND('',#8956,.T.) ;
#8986=FACE_OUTER_BOUND('',#8981,.T.) ;
#9004=FACE_OUTER_BOUND('',#8998,.T.) ;
#9011=FACE_OUTER_BOUND('',#9006,.T.) ;
#9036=FACE_OUTER_BOUND('',#9030,.T.) ;
#9060=FACE_OUTER_BOUND('',#9055,.T.) ;
#9078=FACE_OUTER_BOUND('',#9072,.T.) ;
#9085=FACE_OUTER_BOUND('',#9080,.T.) ;
#9110=FACE_OUTER_BOUND('',#9104,.T.) ;
#9134=FACE_OUTER_BOUND('',#9129,.T.) ;
#9152=FACE_OUTER_BOUND('',#9146,.T.) ;
#9159=FACE_OUTER_BOUND('',#9154,.T.) ;
#9197=FACE_OUTER_BOUND('',#9190,.T.) ;
#9228=FACE_OUTER_BOUND('',#9223,.T.) ;
#9252=FACE_OUTER_BOUND('',#9245,.T.) ;
#9283=FACE_OUTER_BOUND('',#9278,.T.) ;
#9314=FACE_OUTER_BOUND('',#9309,.T.) ;
#9345=FACE_OUTER_BOUND('',#9340,.T.) ;
#9376=FACE_OUTER_BOUND('',#9371,.T.) ;
#9407=FACE_OUTER_BOUND('',#9402,.T.) ;
#9436=FACE_OUTER_BOUND('',#9429,.T.) ;
#9453=FACE_OUTER_BOUND('',#9448,.T.) ;
#9470=FACE_OUTER_BOUND('',#9465,.T.) ;
#9487=FACE_OUTER_BOUND('',#9482,.T.) ;
#9504=FACE_OUTER_BOUND('',#9499,.T.) ;
#9516=FACE_OUTER_BOUND('',#9511,.T.) ;
#9537=FACE_OUTER_BOUND('',#9523,.T.) ;
#9558=FACE_OUTER_BOUND('',#9544,.T.) ;
#9596=FACE_OUTER_BOUND('',#9589,.T.) ;
#9627=FACE_OUTER_BOUND('',#9622,.T.) ;
#9646=FACE_OUTER_BOUND('',#9639,.T.) ;
#9677=FACE_OUTER_BOUND('',#9672,.T.) ;
#9708=FACE_OUTER_BOUND('',#9703,.T.) ;
#9739=FACE_OUTER_BOUND('',#9734,.T.) ;
#9770=FACE_OUTER_BOUND('',#9765,.T.) ;
#9801=FACE_OUTER_BOUND('',#9796,.T.) ;
#9830=FACE_OUTER_BOUND('',#9823,.T.) ;
#9847=FACE_OUTER_BOUND('',#9842,.T.) ;
#9864=FACE_OUTER_BOUND('',#9859,.T.) ;
#9881=FACE_OUTER_BOUND('',#9876,.T.) ;
#9898=FACE_OUTER_BOUND('',#9893,.T.) ;
#9910=FACE_OUTER_BOUND('',#9905,.T.) ;
#9926=FACE_OUTER_BOUND('',#9912,.T.) ;
#9942=FACE_OUTER_BOUND('',#9928,.T.) ;
#9966=FACE_OUTER_BOUND('',#9961,.T.) ;
#9985=FACE_OUTER_BOUND('',#9980,.T.) ;
#10016=FACE_OUTER_BOUND('',#10011,.T.) ;
#10042=FACE_OUTER_BOUND('',#10037,.T.) ;
#10075=FACE_OUTER_BOUND('',#10066,.T.) ;
#10103=FACE_OUTER_BOUND('',#10094,.T.) ;
#10115=FACE_OUTER_BOUND('',#10110,.T.) ;
#10127=FACE_OUTER_BOUND('',#10122,.T.) ;
#10144=FACE_OUTER_BOUND('',#10139,.T.) ;
#10161=FACE_OUTER_BOUND('',#10156,.T.) ;
#10192=FACE_OUTER_BOUND('',#10187,.T.) ;
#10209=FACE_OUTER_BOUND('',#10204,.T.) ;
#10242=FACE_OUTER_BOUND('',#10235,.T.) ;
#10259=FACE_OUTER_BOUND('',#10254,.T.) ;
#10283=FACE_OUTER_BOUND('',#10278,.T.) ;
#10302=FACE_OUTER_BOUND('',#10297,.T.) ;
#10328=FACE_OUTER_BOUND('',#10323,.T.) ;
#10354=FACE_OUTER_BOUND('',#10349,.T.) ;
#10378=FACE_OUTER_BOUND('',#10371,.T.) ;
#10396=FACE_OUTER_BOUND('',#10390,.T.) ;
#10404=FACE_OUTER_BOUND('',#10398,.T.) ;
#10423=FACE_OUTER_BOUND('',#10416,.T.) ;
#10441=FACE_OUTER_BOUND('',#10430,.T.) ;
#10463=FACE_OUTER_BOUND('',#10458,.T.) ;
#10470=FACE_OUTER_BOUND('',#10465,.T.) ;
#10492=FACE_OUTER_BOUND('',#10487,.T.) ;
#10499=FACE_OUTER_BOUND('',#10494,.T.) ;
#10513=FACE_OUTER_BOUND('',#10506,.T.) ;
#10538=FACE_OUTER_BOUND('',#10532,.T.) ;
#10562=FACE_OUTER_BOUND('',#10557,.T.) ;
#10579=FACE_OUTER_BOUND('',#10574,.T.) ;
#10592=FACE_OUTER_BOUND('',#10586,.T.) ;
#10617=FACE_OUTER_BOUND('',#10611,.T.) ;
#10636=FACE_OUTER_BOUND('',#10631,.T.) ;
#10648=FACE_OUTER_BOUND('',#10643,.T.) ;
#10661=FACE_OUTER_BOUND('',#10655,.T.) ;
#10686=FACE_OUTER_BOUND('',#10680,.T.) ;
#10705=FACE_OUTER_BOUND('',#10700,.T.) ;
#10717=FACE_OUTER_BOUND('',#10712,.T.) ;
#10730=FACE_OUTER_BOUND('',#10724,.T.) ;
#10755=FACE_OUTER_BOUND('',#10749,.T.) ;
#10774=FACE_OUTER_BOUND('',#10769,.T.) ;
#10786=FACE_OUTER_BOUND('',#10781,.T.) ;
#10799=FACE_OUTER_BOUND('',#10793,.T.) ;
#10824=FACE_OUTER_BOUND('',#10818,.T.) ;
#10843=FACE_OUTER_BOUND('',#10838,.T.) ;
#10855=FACE_OUTER_BOUND('',#10850,.T.) ;
#10868=FACE_OUTER_BOUND('',#10862,.T.) ;
#10893=FACE_OUTER_BOUND('',#10887,.T.) ;
#10912=FACE_OUTER_BOUND('',#10907,.T.) ;
#10924=FACE_OUTER_BOUND('',#10919,.T.) ;
#10937=FACE_OUTER_BOUND('',#10931,.T.) ;
#10962=FACE_OUTER_BOUND('',#10956,.T.) ;
#10981=FACE_OUTER_BOUND('',#10976,.T.) ;
#10993=FACE_OUTER_BOUND('',#10988,.T.) ;
#11006=FACE_OUTER_BOUND('',#11000,.T.) ;
#11031=FACE_OUTER_BOUND('',#11025,.T.) ;
#11050=FACE_OUTER_BOUND('',#11045,.T.) ;
#11062=FACE_OUTER_BOUND('',#11057,.T.) ;
#11075=FACE_OUTER_BOUND('',#11069,.T.) ;
#39=LINE('Line',#36,#38) ;
#48=LINE('Line',#45,#47) ;
#55=LINE('Line',#52,#54) ;
#62=LINE('Line',#59,#61) ;
#69=LINE('Line',#66,#68) ;
#76=LINE('Line',#73,#75) ;
#83=LINE('Line',#80,#82) ;
#90=LINE('Line',#87,#89) ;
#97=LINE('Line',#94,#96) ;
#104=LINE('Line',#101,#103) ;
#111=LINE('Line',#108,#110) ;
#118=LINE('Line',#115,#117) ;
#143=LINE('Line',#140,#142) ;
#181=LINE('Line',#178,#180) ;
#219=LINE('Line',#216,#218) ;
#243=LINE('Line',#240,#242) ;
#267=LINE('Line',#264,#266) ;
#274=LINE('Line',#271,#273) ;
#281=LINE('Line',#278,#280) ;
#312=LINE('Line',#309,#311) ;
#329=LINE('Line',#326,#328) ;
#336=LINE('Line',#333,#335) ;
#343=LINE('Line',#340,#342) ;
#374=LINE('Line',#371,#373) ;
#391=LINE('Line',#388,#390) ;
#396=LINE('Line',#393,#395) ;
#413=LINE('Line',#410,#412) ;
#429=LINE('Line',#426,#428) ;
#436=LINE('Line',#433,#435) ;
#441=LINE('Line',#438,#440) ;
#448=LINE('Line',#445,#447) ;
#462=LINE('Line',#459,#461) ;
#476=LINE('Line',#473,#475) ;
#511=LINE('Line',#508,#510) ;
#518=LINE('Line',#515,#517) ;
#525=LINE('Line',#522,#524) ;
#552=LINE('Line',#549,#551) ;
#561=LINE('Line',#558,#560) ;
#568=LINE('Line',#565,#567) ;
#575=LINE('Line',#572,#574) ;
#582=LINE('Line',#579,#581) ;
#589=LINE('Line',#586,#588) ;
#596=LINE('Line',#593,#595) ;
#603=LINE('Line',#600,#602) ;
#610=LINE('Line',#607,#609) ;
#617=LINE('Line',#614,#616) ;
#624=LINE('Line',#621,#623) ;
#631=LINE('Line',#628,#630) ;
#638=LINE('Line',#635,#637) ;
#645=LINE('Line',#642,#644) ;
#652=LINE('Line',#649,#651) ;
#659=LINE('Line',#656,#658) ;
#666=LINE('Line',#663,#665) ;
#673=LINE('Line',#670,#672) ;
#680=LINE('Line',#677,#679) ;
#687=LINE('Line',#684,#686) ;
#730=LINE('Line',#727,#729) ;
#764=LINE('Line',#761,#763) ;
#791=LINE('Line',#788,#790) ;
#822=LINE('Line',#819,#821) ;
#849=LINE('Line',#846,#848) ;
#873=LINE('Line',#870,#872) ;
#910=LINE('Line',#907,#909) ;
#927=LINE('Line',#924,#926) ;
#964=LINE('Line',#961,#963) ;
#991=LINE('Line',#988,#990) ;
#1017=LINE('Line',#1014,#1016) ;
#1044=LINE('Line',#1041,#1043) ;
#1070=LINE('Line',#1067,#1069) ;
#1087=LINE('Line',#1084,#1086) ;
#1096=LINE('Line',#1093,#1095) ;
#1103=LINE('Line',#1100,#1102) ;
#1110=LINE('Line',#1107,#1109) ;
#1127=LINE('Line',#1124,#1126) ;
#1134=LINE('Line',#1131,#1133) ;
#1141=LINE('Line',#1138,#1140) ;
#1153=LINE('Line',#1150,#1152) ;
#1175=LINE('Line',#1172,#1174) ;
#1199=LINE('Line',#1196,#1198) ;
#1204=LINE('Line',#1201,#1203) ;
#1211=LINE('Line',#1208,#1210) ;
#1218=LINE('Line',#1215,#1217) ;
#1240=LINE('Line',#1237,#1239) ;
#1275=LINE('Line',#1272,#1274) ;
#1322=LINE('Line',#1319,#1321) ;
#1329=LINE('Line',#1326,#1328) ;
#1336=LINE('Line',#1333,#1335) ;
#1343=LINE('Line',#1340,#1342) ;
#1350=LINE('Line',#1347,#1349) ;
#1357=LINE('Line',#1354,#1356) ;
#1364=LINE('Line',#1361,#1363) ;
#1392=LINE('Line',#1389,#1391) ;
#1416=LINE('Line',#1413,#1415) ;
#1433=LINE('Line',#1430,#1432) ;
#1442=LINE('Line',#1439,#1441) ;
#1449=LINE('Line',#1446,#1448) ;
#1456=LINE('Line',#1453,#1455) ;
#1476=LINE('Line',#1473,#1475) ;
#1485=LINE('Line',#1482,#1484) ;
#1492=LINE('Line',#1489,#1491) ;
#1499=LINE('Line',#1496,#1498) ;
#1519=LINE('Line',#1516,#1518) ;
#1526=LINE('Line',#1523,#1525) ;
#1533=LINE('Line',#1530,#1532) ;
#1546=LINE('Line',#1543,#1545) ;
#1553=LINE('Line',#1550,#1552) ;
#1560=LINE('Line',#1557,#1559) ;
#1578=LINE('Line',#1575,#1577) ;
#1583=LINE('Line',#1580,#1582) ;
#1590=LINE('Line',#1587,#1589) ;
#1597=LINE('Line',#1594,#1596) ;
#1604=LINE('Line',#1601,#1603) ;
#1611=LINE('Line',#1608,#1610) ;
#1618=LINE('Line',#1615,#1617) ;
#1625=LINE('Line',#1622,#1624) ;
#1632=LINE('Line',#1629,#1631) ;
#1639=LINE('Line',#1636,#1638) ;
#1646=LINE('Line',#1643,#1645) ;
#1653=LINE('Line',#1650,#1652) ;
#1660=LINE('Line',#1657,#1659) ;
#1667=LINE('Line',#1664,#1666) ;
#1674=LINE('Line',#1671,#1673) ;
#1681=LINE('Line',#1678,#1680) ;
#1688=LINE('Line',#1685,#1687) ;
#1695=LINE('Line',#1692,#1694) ;
#1702=LINE('Line',#1699,#1701) ;
#1709=LINE('Line',#1706,#1708) ;
#1716=LINE('Line',#1713,#1715) ;
#1723=LINE('Line',#1720,#1722) ;
#1730=LINE('Line',#1727,#1729) ;
#1737=LINE('Line',#1734,#1736) ;
#1744=LINE('Line',#1741,#1743) ;
#1751=LINE('Line',#1748,#1750) ;
#1758=LINE('Line',#1755,#1757) ;
#1765=LINE('Line',#1762,#1764) ;
#1772=LINE('Line',#1769,#1771) ;
#1779=LINE('Line',#1776,#1778) ;
#1786=LINE('Line',#1783,#1785) ;
#1793=LINE('Line',#1790,#1792) ;
#1800=LINE('Line',#1797,#1799) ;
#1807=LINE('Line',#1804,#1806) ;
#1814=LINE('Line',#1811,#1813) ;
#1821=LINE('Line',#1818,#1820) ;
#1828=LINE('Line',#1825,#1827) ;
#1835=LINE('Line',#1832,#1834) ;
#1842=LINE('Line',#1839,#1841) ;
#1849=LINE('Line',#1846,#1848) ;
#1906=LINE('Line',#1903,#1905) ;
#1923=LINE('Line',#1920,#1922) ;
#1928=LINE('Line',#1925,#1927) ;
#1935=LINE('Line',#1932,#1934) ;
#1942=LINE('Line',#1939,#1941) ;
#1947=LINE('Line',#1944,#1946) ;
#1954=LINE('Line',#1951,#1953) ;
#1961=LINE('Line',#1958,#1960) ;
#1990=LINE('Line',#1987,#1989) ;
#2007=LINE('Line',#2004,#2006) ;
#2014=LINE('Line',#2011,#2013) ;
#2021=LINE('Line',#2018,#2020) ;
#2037=LINE('Line',#2034,#2036) ;
#2044=LINE('Line',#2041,#2043) ;
#2051=LINE('Line',#2048,#2050) ;
#2075=LINE('Line',#2072,#2074) ;
#2082=LINE('Line',#2079,#2081) ;
#2089=LINE('Line',#2086,#2088) ;
#2118=LINE('Line',#2115,#2117) ;
#2135=LINE('Line',#2132,#2134) ;
#2142=LINE('Line',#2139,#2141) ;
#2149=LINE('Line',#2146,#2148) ;
#2166=LINE('Line',#2163,#2165) ;
#2196=LINE('Line',#2193,#2195) ;
#2238=LINE('Line',#2235,#2237) ;
#2245=LINE('Line',#2242,#2244) ;
#2262=LINE('Line',#2259,#2261) ;
#2279=LINE('Line',#2276,#2278) ;
#2286=LINE('Line',#2283,#2285) ;
#2298=LINE('Line',#2295,#2297) ;
#2315=LINE('Line',#2312,#2314) ;
#2322=LINE('Line',#2319,#2321) ;
#2334=LINE('Line',#2331,#2333) ;
#2346=LINE('Line',#2343,#2345) ;
#2353=LINE('Line',#2350,#2352) ;
#2365=LINE('Line',#2362,#2364) ;
#2382=LINE('Line',#2379,#2381) ;
#2389=LINE('Line',#2386,#2388) ;
#2396=LINE('Line',#2393,#2395) ;
#2403=LINE('Line',#2400,#2402) ;
#2410=LINE('Line',#2407,#2409) ;
#2417=LINE('Line',#2414,#2416) ;
#2424=LINE('Line',#2421,#2423) ;
#2457=LINE('Line',#2454,#2456) ;
#2464=LINE('Line',#2461,#2463) ;
#2471=LINE('Line',#2468,#2470) ;
#2488=LINE('Line',#2485,#2487) ;
#2495=LINE('Line',#2492,#2494) ;
#2512=LINE('Line',#2509,#2511) ;
#2519=LINE('Line',#2516,#2518) ;
#2536=LINE('Line',#2533,#2535) ;
#2545=LINE('Line',#2542,#2544) ;
#2552=LINE('Line',#2549,#2551) ;
#2557=LINE('Line',#2554,#2556) ;
#2571=LINE('Line',#2568,#2570) ;
#2580=LINE('Line',#2577,#2579) ;
#2587=LINE('Line',#2584,#2586) ;
#2594=LINE('Line',#2591,#2593) ;
#2606=LINE('Line',#2603,#2605) ;
#2615=LINE('Line',#2612,#2614) ;
#2622=LINE('Line',#2619,#2621) ;
#2629=LINE('Line',#2626,#2628) ;
#2641=LINE('Line',#2638,#2640) ;
#2650=LINE('Line',#2647,#2649) ;
#2657=LINE('Line',#2654,#2656) ;
#2664=LINE('Line',#2661,#2663) ;
#2676=LINE('Line',#2673,#2675) ;
#2685=LINE('Line',#2682,#2684) ;
#2692=LINE('Line',#2689,#2691) ;
#2699=LINE('Line',#2696,#2698) ;
#2711=LINE('Line',#2708,#2710) ;
#2720=LINE('Line',#2717,#2719) ;
#2727=LINE('Line',#2724,#2726) ;
#2734=LINE('Line',#2731,#2733) ;
#2746=LINE('Line',#2743,#2745) ;
#2755=LINE('Line',#2752,#2754) ;
#2762=LINE('Line',#2759,#2761) ;
#2769=LINE('Line',#2766,#2768) ;
#2781=LINE('Line',#2778,#2780) ;
#2790=LINE('Line',#2787,#2789) ;
#2797=LINE('Line',#2794,#2796) ;
#2804=LINE('Line',#2801,#2803) ;
#2816=LINE('Line',#2813,#2815) ;
#2825=LINE('Line',#2822,#2824) ;
#2830=LINE('Line',#2827,#2829) ;
#2837=LINE('Line',#2834,#2836) ;
#2856=LINE('Line',#2853,#2855) ;
#2863=LINE('Line',#2860,#2862) ;
#2870=LINE('Line',#2867,#2869) ;
#2875=LINE('Line',#2872,#2874) ;
#2882=LINE('Line',#2879,#2881) ;
#2889=LINE('Line',#2886,#2888) ;
#2894=LINE('Line',#2891,#2893) ;
#2901=LINE('Line',#2898,#2900) ;
#2908=LINE('Line',#2905,#2907) ;
#2913=LINE('Line',#2910,#2912) ;
#2920=LINE('Line',#2917,#2919) ;
#2927=LINE('Line',#2924,#2926) ;
#2932=LINE('Line',#2929,#2931) ;
#2939=LINE('Line',#2936,#2938) ;
#2946=LINE('Line',#2943,#2945) ;
#2951=LINE('Line',#2948,#2950) ;
#2958=LINE('Line',#2955,#2957) ;
#2965=LINE('Line',#2962,#2964) ;
#2970=LINE('Line',#2967,#2969) ;
#2977=LINE('Line',#2974,#2976) ;
#2984=LINE('Line',#2981,#2983) ;
#2989=LINE('Line',#2986,#2988) ;
#2996=LINE('Line',#2993,#2995) ;
#3003=LINE('Line',#3000,#3002) ;
#3052=LINE('Line',#3049,#3051) ;
#3069=LINE('Line',#3066,#3068) ;
#3081=LINE('Line',#3078,#3080) ;
#3086=LINE('Line',#3083,#3085) ;
#3098=LINE('Line',#3095,#3097) ;
#3103=LINE('Line',#3100,#3102) ;
#3115=LINE('Line',#3112,#3114) ;
#3120=LINE('Line',#3117,#3119) ;
#3132=LINE('Line',#3129,#3131) ;
#3137=LINE('Line',#3134,#3136) ;
#3149=LINE('Line',#3146,#3148) ;
#3154=LINE('Line',#3151,#3153) ;
#3166=LINE('Line',#3163,#3165) ;
#3171=LINE('Line',#3168,#3170) ;
#3183=LINE('Line',#3180,#3182) ;
#3188=LINE('Line',#3185,#3187) ;
#3205=LINE('Line',#3202,#3204) ;
#3217=LINE('Line',#3214,#3216) ;
#3241=LINE('Line',#3238,#3240) ;
#3265=LINE('Line',#3262,#3264) ;
#3272=LINE('Line',#3269,#3271) ;
#3279=LINE('Line',#3276,#3278) ;
#3303=LINE('Line',#3300,#3302) ;
#3327=LINE('Line',#3324,#3326) ;
#3334=LINE('Line',#3331,#3333) ;
#3341=LINE('Line',#3338,#3340) ;
#3358=LINE('Line',#3355,#3357) ;
#3365=LINE('Line',#3362,#3364) ;
#3372=LINE('Line',#3369,#3371) ;
#3389=LINE('Line',#3386,#3388) ;
#3396=LINE('Line',#3393,#3395) ;
#3403=LINE('Line',#3400,#3402) ;
#3420=LINE('Line',#3417,#3419) ;
#3427=LINE('Line',#3424,#3426) ;
#3434=LINE('Line',#3431,#3433) ;
#3451=LINE('Line',#3448,#3450) ;
#3458=LINE('Line',#3455,#3457) ;
#3465=LINE('Line',#3462,#3464) ;
#3489=LINE('Line',#3486,#3488) ;
#3513=LINE('Line',#3510,#3512) ;
#3520=LINE('Line',#3517,#3519) ;
#3527=LINE('Line',#3524,#3526) ;
#3544=LINE('Line',#3541,#3543) ;
#3551=LINE('Line',#3548,#3550) ;
#3558=LINE('Line',#3555,#3557) ;
#3575=LINE('Line',#3572,#3574) ;
#3580=LINE('Line',#3577,#3579) ;
#3647=LINE('Line',#3644,#3646) ;
#3666=LINE('Line',#3663,#3665) ;
#3673=LINE('Line',#3670,#3672) ;
#3680=LINE('Line',#3677,#3679) ;
#3699=LINE('Line',#3696,#3698) ;
#3718=LINE('Line',#3715,#3717) ;
#3725=LINE('Line',#3722,#3724) ;
#3732=LINE('Line',#3729,#3731) ;
#3744=LINE('Line',#3741,#3743) ;
#3751=LINE('Line',#3748,#3750) ;
#3758=LINE('Line',#3755,#3757) ;
#3770=LINE('Line',#3767,#3769) ;
#3777=LINE('Line',#3774,#3776) ;
#3784=LINE('Line',#3781,#3783) ;
#3796=LINE('Line',#3793,#3795) ;
#3803=LINE('Line',#3800,#3802) ;
#3810=LINE('Line',#3807,#3809) ;
#3822=LINE('Line',#3819,#3821) ;
#3829=LINE('Line',#3826,#3828) ;
#3836=LINE('Line',#3833,#3835) ;
#3855=LINE('Line',#3852,#3854) ;
#3874=LINE('Line',#3871,#3873) ;
#3881=LINE('Line',#3878,#3880) ;
#3888=LINE('Line',#3885,#3887) ;
#3900=LINE('Line',#3897,#3899) ;
#3907=LINE('Line',#3904,#3906) ;
#3914=LINE('Line',#3911,#3913) ;
#3926=LINE('Line',#3923,#3925) ;
#3931=LINE('Line',#3928,#3930) ;
#3998=LINE('Line',#3995,#3997) ;
#4017=LINE('Line',#4014,#4016) ;
#4024=LINE('Line',#4021,#4023) ;
#4031=LINE('Line',#4028,#4030) ;
#4050=LINE('Line',#4047,#4049) ;
#4069=LINE('Line',#4066,#4068) ;
#4076=LINE('Line',#4073,#4075) ;
#4083=LINE('Line',#4080,#4082) ;
#4095=LINE('Line',#4092,#4094) ;
#4102=LINE('Line',#4099,#4101) ;
#4109=LINE('Line',#4106,#4108) ;
#4121=LINE('Line',#4118,#4120) ;
#4128=LINE('Line',#4125,#4127) ;
#4135=LINE('Line',#4132,#4134) ;
#4147=LINE('Line',#4144,#4146) ;
#4154=LINE('Line',#4151,#4153) ;
#4161=LINE('Line',#4158,#4160) ;
#4173=LINE('Line',#4170,#4172) ;
#4180=LINE('Line',#4177,#4179) ;
#4187=LINE('Line',#4184,#4186) ;
#4206=LINE('Line',#4203,#4205) ;
#4225=LINE('Line',#4222,#4224) ;
#4232=LINE('Line',#4229,#4231) ;
#4239=LINE('Line',#4236,#4238) ;
#4251=LINE('Line',#4248,#4250) ;
#4258=LINE('Line',#4255,#4257) ;
#4265=LINE('Line',#4262,#4264) ;
#4277=LINE('Line',#4274,#4276) ;
#4282=LINE('Line',#4279,#4281) ;
#4349=LINE('Line',#4346,#4348) ;
#4368=LINE('Line',#4365,#4367) ;
#4375=LINE('Line',#4372,#4374) ;
#4382=LINE('Line',#4379,#4381) ;
#4401=LINE('Line',#4398,#4400) ;
#4420=LINE('Line',#4417,#4419) ;
#4427=LINE('Line',#4424,#4426) ;
#4434=LINE('Line',#4431,#4433) ;
#4446=LINE('Line',#4443,#4445) ;
#4453=LINE('Line',#4450,#4452) ;
#4460=LINE('Line',#4457,#4459) ;
#4472=LINE('Line',#4469,#4471) ;
#4479=LINE('Line',#4476,#4478) ;
#4486=LINE('Line',#4483,#4485) ;
#4498=LINE('Line',#4495,#4497) ;
#4505=LINE('Line',#4502,#4504) ;
#4512=LINE('Line',#4509,#4511) ;
#4524=LINE('Line',#4521,#4523) ;
#4531=LINE('Line',#4528,#4530) ;
#4538=LINE('Line',#4535,#4537) ;
#4557=LINE('Line',#4554,#4556) ;
#4576=LINE('Line',#4573,#4575) ;
#4583=LINE('Line',#4580,#4582) ;
#4590=LINE('Line',#4587,#4589) ;
#4602=LINE('Line',#4599,#4601) ;
#4609=LINE('Line',#4606,#4608) ;
#4616=LINE('Line',#4613,#4615) ;
#4628=LINE('Line',#4625,#4627) ;
#4633=LINE('Line',#4630,#4632) ;
#4700=LINE('Line',#4697,#4699) ;
#4719=LINE('Line',#4716,#4718) ;
#4726=LINE('Line',#4723,#4725) ;
#4733=LINE('Line',#4730,#4732) ;
#4752=LINE('Line',#4749,#4751) ;
#4771=LINE('Line',#4768,#4770) ;
#4778=LINE('Line',#4775,#4777) ;
#4785=LINE('Line',#4782,#4784) ;
#4797=LINE('Line',#4794,#4796) ;
#4804=LINE('Line',#4801,#4803) ;
#4811=LINE('Line',#4808,#4810) ;
#4823=LINE('Line',#4820,#4822) ;
#4830=LINE('Line',#4827,#4829) ;
#4837=LINE('Line',#4834,#4836) ;
#4849=LINE('Line',#4846,#4848) ;
#4856=LINE('Line',#4853,#4855) ;
#4863=LINE('Line',#4860,#4862) ;
#4875=LINE('Line',#4872,#4874) ;
#4882=LINE('Line',#4879,#4881) ;
#4889=LINE('Line',#4886,#4888) ;
#4908=LINE('Line',#4905,#4907) ;
#4927=LINE('Line',#4924,#4926) ;
#4934=LINE('Line',#4931,#4933) ;
#4941=LINE('Line',#4938,#4940) ;
#4953=LINE('Line',#4950,#4952) ;
#4960=LINE('Line',#4957,#4959) ;
#4967=LINE('Line',#4964,#4966) ;
#4979=LINE('Line',#4976,#4978) ;
#4984=LINE('Line',#4981,#4983) ;
#5051=LINE('Line',#5048,#5050) ;
#5070=LINE('Line',#5067,#5069) ;
#5077=LINE('Line',#5074,#5076) ;
#5084=LINE('Line',#5081,#5083) ;
#5103=LINE('Line',#5100,#5102) ;
#5122=LINE('Line',#5119,#5121) ;
#5129=LINE('Line',#5126,#5128) ;
#5136=LINE('Line',#5133,#5135) ;
#5148=LINE('Line',#5145,#5147) ;
#5155=LINE('Line',#5152,#5154) ;
#5162=LINE('Line',#5159,#5161) ;
#5174=LINE('Line',#5171,#5173) ;
#5181=LINE('Line',#5178,#5180) ;
#5188=LINE('Line',#5185,#5187) ;
#5200=LINE('Line',#5197,#5199) ;
#5207=LINE('Line',#5204,#5206) ;
#5214=LINE('Line',#5211,#5213) ;
#5226=LINE('Line',#5223,#5225) ;
#5233=LINE('Line',#5230,#5232) ;
#5240=LINE('Line',#5237,#5239) ;
#5259=LINE('Line',#5256,#5258) ;
#5278=LINE('Line',#5275,#5277) ;
#5285=LINE('Line',#5282,#5284) ;
#5292=LINE('Line',#5289,#5291) ;
#5304=LINE('Line',#5301,#5303) ;
#5311=LINE('Line',#5308,#5310) ;
#5318=LINE('Line',#5315,#5317) ;
#5330=LINE('Line',#5327,#5329) ;
#5335=LINE('Line',#5332,#5334) ;
#5402=LINE('Line',#5399,#5401) ;
#5421=LINE('Line',#5418,#5420) ;
#5428=LINE('Line',#5425,#5427) ;
#5435=LINE('Line',#5432,#5434) ;
#5454=LINE('Line',#5451,#5453) ;
#5473=LINE('Line',#5470,#5472) ;
#5480=LINE('Line',#5477,#5479) ;
#5487=LINE('Line',#5484,#5486) ;
#5499=LINE('Line',#5496,#5498) ;
#5506=LINE('Line',#5503,#5505) ;
#5513=LINE('Line',#5510,#5512) ;
#5525=LINE('Line',#5522,#5524) ;
#5532=LINE('Line',#5529,#5531) ;
#5539=LINE('Line',#5536,#5538) ;
#5551=LINE('Line',#5548,#5550) ;
#5558=LINE('Line',#5555,#5557) ;
#5565=LINE('Line',#5562,#5564) ;
#5577=LINE('Line',#5574,#5576) ;
#5584=LINE('Line',#5581,#5583) ;
#5591=LINE('Line',#5588,#5590) ;
#5610=LINE('Line',#5607,#5609) ;
#5629=LINE('Line',#5626,#5628) ;
#5636=LINE('Line',#5633,#5635) ;
#5643=LINE('Line',#5640,#5642) ;
#5655=LINE('Line',#5652,#5654) ;
#5662=LINE('Line',#5659,#5661) ;
#5669=LINE('Line',#5666,#5668) ;
#5681=LINE('Line',#5678,#5680) ;
#5686=LINE('Line',#5683,#5685) ;
#5753=LINE('Line',#5750,#5752) ;
#5772=LINE('Line',#5769,#5771) ;
#5779=LINE('Line',#5776,#5778) ;
#5786=LINE('Line',#5783,#5785) ;
#5805=LINE('Line',#5802,#5804) ;
#5824=LINE('Line',#5821,#5823) ;
#5831=LINE('Line',#5828,#5830) ;
#5838=LINE('Line',#5835,#5837) ;
#5850=LINE('Line',#5847,#5849) ;
#5857=LINE('Line',#5854,#5856) ;
#5864=LINE('Line',#5861,#5863) ;
#5876=LINE('Line',#5873,#5875) ;
#5883=LINE('Line',#5880,#5882) ;
#5890=LINE('Line',#5887,#5889) ;
#5902=LINE('Line',#5899,#5901) ;
#5909=LINE('Line',#5906,#5908) ;
#5916=LINE('Line',#5913,#5915) ;
#5928=LINE('Line',#5925,#5927) ;
#5935=LINE('Line',#5932,#5934) ;
#5942=LINE('Line',#5939,#5941) ;
#5961=LINE('Line',#5958,#5960) ;
#5980=LINE('Line',#5977,#5979) ;
#5987=LINE('Line',#5984,#5986) ;
#5994=LINE('Line',#5991,#5993) ;
#6006=LINE('Line',#6003,#6005) ;
#6013=LINE('Line',#6010,#6012) ;
#6020=LINE('Line',#6017,#6019) ;
#6032=LINE('Line',#6029,#6031) ;
#6037=LINE('Line',#6034,#6036) ;
#6102=LINE('Line',#6099,#6101) ;
#6109=LINE('Line',#6106,#6108) ;
#6116=LINE('Line',#6113,#6115) ;
#6123=LINE('Line',#6120,#6122) ;
#6130=LINE('Line',#6127,#6129) ;
#6137=LINE('Line',#6134,#6136) ;
#6144=LINE('Line',#6141,#6143) ;
#6151=LINE('Line',#6148,#6150) ;
#6158=LINE('Line',#6155,#6157) ;
#6165=LINE('Line',#6162,#6164) ;
#6172=LINE('Line',#6169,#6171) ;
#6179=LINE('Line',#6176,#6178) ;
#6186=LINE('Line',#6183,#6185) ;
#6193=LINE('Line',#6190,#6192) ;
#6200=LINE('Line',#6197,#6199) ;
#6207=LINE('Line',#6204,#6206) ;
#6214=LINE('Line',#6211,#6213) ;
#6221=LINE('Line',#6218,#6220) ;
#6228=LINE('Line',#6225,#6227) ;
#6235=LINE('Line',#6232,#6234) ;
#6242=LINE('Line',#6239,#6241) ;
#6249=LINE('Line',#6246,#6248) ;
#6256=LINE('Line',#6253,#6255) ;
#6263=LINE('Line',#6260,#6262) ;
#6270=LINE('Line',#6267,#6269) ;
#6277=LINE('Line',#6274,#6276) ;
#6284=LINE('Line',#6281,#6283) ;
#6291=LINE('Line',#6288,#6290) ;
#6298=LINE('Line',#6295,#6297) ;
#6305=LINE('Line',#6302,#6304) ;
#6312=LINE('Line',#6309,#6311) ;
#6319=LINE('Line',#6316,#6318) ;
#6326=LINE('Line',#6323,#6325) ;
#6333=LINE('Line',#6330,#6332) ;
#6340=LINE('Line',#6337,#6339) ;
#6383=LINE('Line',#6380,#6382) ;
#6392=LINE('Line',#6389,#6391) ;
#6399=LINE('Line',#6396,#6398) ;
#6406=LINE('Line',#6403,#6405) ;
#6417=LINE('Line',#6414,#6416) ;
#6426=LINE('Line',#6423,#6425) ;
#6433=LINE('Line',#6430,#6432) ;
#6440=LINE('Line',#6437,#6439) ;
#6451=LINE('Line',#6448,#6450) ;
#6460=LINE('Line',#6457,#6459) ;
#6467=LINE('Line',#6464,#6466) ;
#6474=LINE('Line',#6471,#6473) ;
#6485=LINE('Line',#6482,#6484) ;
#6494=LINE('Line',#6491,#6493) ;
#6501=LINE('Line',#6498,#6500) ;
#6508=LINE('Line',#6505,#6507) ;
#6519=LINE('Line',#6516,#6518) ;
#6528=LINE('Line',#6525,#6527) ;
#6535=LINE('Line',#6532,#6534) ;
#6542=LINE('Line',#6539,#6541) ;
#6553=LINE('Line',#6550,#6552) ;
#6562=LINE('Line',#6559,#6561) ;
#6569=LINE('Line',#6566,#6568) ;
#6576=LINE('Line',#6573,#6575) ;
#6587=LINE('Line',#6584,#6586) ;
#6596=LINE('Line',#6593,#6595) ;
#6603=LINE('Line',#6600,#6602) ;
#6610=LINE('Line',#6607,#6609) ;
#6621=LINE('Line',#6618,#6620) ;
#6630=LINE('Line',#6627,#6629) ;
#6637=LINE('Line',#6634,#6636) ;
#6644=LINE('Line',#6641,#6643) ;
#6661=LINE('Line',#6658,#6660) ;
#6668=LINE('Line',#6665,#6667) ;
#6675=LINE('Line',#6672,#6674) ;
#6682=LINE('Line',#6679,#6681) ;
#6689=LINE('Line',#6686,#6688) ;
#6709=LINE('Line',#6706,#6708) ;
#6716=LINE('Line',#6713,#6715) ;
#6723=LINE('Line',#6720,#6722) ;
#6728=LINE('Line',#6725,#6727) ;
#6735=LINE('Line',#6732,#6734) ;
#6742=LINE('Line',#6739,#6741) ;
#6756=LINE('Line',#6753,#6755) ;
#6770=LINE('Line',#6767,#6769) ;
#6795=LINE('Line',#6792,#6794) ;
#6804=LINE('Line',#6801,#6803) ;
#6809=LINE('Line',#6806,#6808) ;
#6826=LINE('Line',#6823,#6825) ;
#6842=LINE('Line',#6839,#6841) ;
#6856=LINE('Line',#6853,#6855) ;
#6863=LINE('Line',#6860,#6862) ;
#6870=LINE('Line',#6867,#6869) ;
#6877=LINE('Line',#6874,#6876) ;
#6884=LINE('Line',#6881,#6883) ;
#6889=LINE('Line',#6886,#6888) ;
#6896=LINE('Line',#6893,#6895) ;
#6916=LINE('Line',#6913,#6915) ;
#6923=LINE('Line',#6920,#6922) ;
#6930=LINE('Line',#6927,#6929) ;
#6937=LINE('Line',#6934,#6936) ;
#6942=LINE('Line',#6939,#6941) ;
#6947=LINE('Line',#6944,#6946) ;
#6969=LINE('Line',#6966,#6968) ;
#6978=LINE('Line',#6975,#6977) ;
#6985=LINE('Line',#6982,#6984) ;
#6992=LINE('Line',#6989,#6991) ;
#7004=LINE('Line',#7001,#7003) ;
#7013=LINE('Line',#7010,#7012) ;
#7018=LINE('Line',#7015,#7017) ;
#7035=LINE('Line',#7032,#7034) ;
#7042=LINE('Line',#7039,#7041) ;
#7049=LINE('Line',#7046,#7048) ;
#7056=LINE('Line',#7053,#7055) ;
#7063=LINE('Line',#7060,#7062) ;
#7068=LINE('Line',#7065,#7067) ;
#7075=LINE('Line',#7072,#7074) ;
#7092=LINE('Line',#7089,#7091) ;
#7099=LINE('Line',#7096,#7098) ;
#7106=LINE('Line',#7103,#7105) ;
#7111=LINE('Line',#7108,#7110) ;
#7118=LINE('Line',#7115,#7117) ;
#7125=LINE('Line',#7122,#7124) ;
#7139=LINE('Line',#7136,#7138) ;
#7153=LINE('Line',#7150,#7152) ;
#7178=LINE('Line',#7175,#7177) ;
#7187=LINE('Line',#7184,#7186) ;
#7192=LINE('Line',#7189,#7191) ;
#7204=LINE('Line',#7201,#7203) ;
#7213=LINE('Line',#7210,#7212) ;
#7227=LINE('Line',#7224,#7226) ;
#7241=LINE('Line',#7238,#7240) ;
#7248=LINE('Line',#7245,#7247) ;
#7255=LINE('Line',#7252,#7254) ;
#7262=LINE('Line',#7259,#7261) ;
#7269=LINE('Line',#7266,#7268) ;
#7274=LINE('Line',#7271,#7273) ;
#7294=LINE('Line',#7291,#7293) ;
#7299=LINE('Line',#7296,#7298) ;
#7304=LINE('Line',#7301,#7303) ;
#7324=LINE('Line',#7321,#7323) ;
#7331=LINE('Line',#7328,#7330) ;
#7338=LINE('Line',#7335,#7337) ;
#7345=LINE('Line',#7342,#7344) ;
#7352=LINE('Line',#7349,#7351) ;
#7359=LINE('Line',#7356,#7358) ;
#7366=LINE('Line',#7363,#7365) ;
#7371=LINE('Line',#7368,#7370) ;
#7378=LINE('Line',#7375,#7377) ;
#7385=LINE('Line',#7382,#7384) ;
#7392=LINE('Line',#7389,#7391) ;
#7399=LINE('Line',#7396,#7398) ;
#7406=LINE('Line',#7403,#7405) ;
#7413=LINE('Line',#7410,#7412) ;
#7418=LINE('Line',#7415,#7417) ;
#7425=LINE('Line',#7422,#7424) ;
#7432=LINE('Line',#7429,#7431) ;
#7439=LINE('Line',#7436,#7438) ;
#7446=LINE('Line',#7443,#7445) ;
#7453=LINE('Line',#7450,#7452) ;
#7460=LINE('Line',#7457,#7459) ;
#7465=LINE('Line',#7462,#7464) ;
#7472=LINE('Line',#7469,#7471) ;
#7479=LINE('Line',#7476,#7478) ;
#7486=LINE('Line',#7483,#7485) ;
#7493=LINE('Line',#7490,#7492) ;
#7500=LINE('Line',#7497,#7499) ;
#7507=LINE('Line',#7504,#7506) ;
#7512=LINE('Line',#7509,#7511) ;
#7519=LINE('Line',#7516,#7518) ;
#7526=LINE('Line',#7523,#7525) ;
#7533=LINE('Line',#7530,#7532) ;
#7540=LINE('Line',#7537,#7539) ;
#7547=LINE('Line',#7544,#7546) ;
#7554=LINE('Line',#7551,#7553) ;
#7559=LINE('Line',#7556,#7558) ;
#7566=LINE('Line',#7563,#7565) ;
#7573=LINE('Line',#7570,#7572) ;
#7580=LINE('Line',#7577,#7579) ;
#7587=LINE('Line',#7584,#7586) ;
#7594=LINE('Line',#7591,#7593) ;
#7601=LINE('Line',#7598,#7600) ;
#7606=LINE('Line',#7603,#7605) ;
#7613=LINE('Line',#7610,#7612) ;
#7620=LINE('Line',#7617,#7619) ;
#7627=LINE('Line',#7624,#7626) ;
#7634=LINE('Line',#7631,#7633) ;
#7641=LINE('Line',#7638,#7640) ;
#7648=LINE('Line',#7645,#7647) ;
#7653=LINE('Line',#7650,#7652) ;
#7660=LINE('Line',#7657,#7659) ;
#7667=LINE('Line',#7664,#7666) ;
#7672=LINE('Line',#7669,#7671) ;
#7679=LINE('Line',#7676,#7678) ;
#7686=LINE('Line',#7683,#7685) ;
#7693=LINE('Line',#7690,#7692) ;
#7700=LINE('Line',#7697,#7699) ;
#7707=LINE('Line',#7704,#7706) ;
#7714=LINE('Line',#7711,#7713) ;
#7807=LINE('Line',#7804,#7806) ;
#7814=LINE('Line',#7811,#7813) ;
#7831=LINE('Line',#7828,#7830) ;
#7843=LINE('Line',#7840,#7842) ;
#7850=LINE('Line',#7847,#7849) ;
#7862=LINE('Line',#7859,#7861) ;
#7879=LINE('Line',#7876,#7878) ;
#7886=LINE('Line',#7883,#7885) ;
#7893=LINE('Line',#7890,#7892) ;
#7900=LINE('Line',#7897,#7899) ;
#7907=LINE('Line',#7904,#7906) ;
#7914=LINE('Line',#7911,#7913) ;
#7921=LINE('Line',#7918,#7920) ;
#7946=LINE('Line',#7943,#7945) ;
#7953=LINE('Line',#7950,#7952) ;
#7970=LINE('Line',#7967,#7969) ;
#7977=LINE('Line',#7974,#7976) ;
#7984=LINE('Line',#7981,#7983) ;
#7991=LINE('Line',#7988,#7990) ;
#7998=LINE('Line',#7995,#7997) ;
#8005=LINE('Line',#8002,#8004) ;
#8030=LINE('Line',#8027,#8029) ;
#8047=LINE('Line',#8044,#8046) ;
#8054=LINE('Line',#8051,#8053) ;
#8071=LINE('Line',#8068,#8070) ;
#8078=LINE('Line',#8075,#8077) ;
#8085=LINE('Line',#8082,#8084) ;
#8103=LINE('Line',#8100,#8102) ;
#8110=LINE('Line',#8107,#8109) ;
#8117=LINE('Line',#8114,#8116) ;
#8131=LINE('Line',#8128,#8130) ;
#8138=LINE('Line',#8135,#8137) ;
#8145=LINE('Line',#8142,#8144) ;
#8159=LINE('Line',#8156,#8158) ;
#8166=LINE('Line',#8163,#8165) ;
#8184=LINE('Line',#8181,#8183) ;
#8193=LINE('Line',#8190,#8192) ;
#8200=LINE('Line',#8197,#8199) ;
#8207=LINE('Line',#8204,#8206) ;
#8224=LINE('Line',#8221,#8223) ;
#8231=LINE('Line',#8228,#8230) ;
#8238=LINE('Line',#8235,#8237) ;
#8243=LINE('Line',#8240,#8242) ;
#8256=LINE('Line',#8253,#8255) ;
#8273=LINE('Line',#8270,#8272) ;
#8290=LINE('Line',#8287,#8289) ;
#8297=LINE('Line',#8294,#8296) ;
#8304=LINE('Line',#8301,#8303) ;
#8311=LINE('Line',#8308,#8310) ;
#8318=LINE('Line',#8315,#8317) ;
#8325=LINE('Line',#8322,#8324) ;
#8332=LINE('Line',#8329,#8331) ;
#8339=LINE('Line',#8336,#8338) ;
#8344=LINE('Line',#8341,#8343) ;
#8351=LINE('Line',#8348,#8350) ;
#8358=LINE('Line',#8355,#8357) ;
#8365=LINE('Line',#8362,#8364) ;
#8372=LINE('Line',#8369,#8371) ;
#8379=LINE('Line',#8376,#8378) ;
#8386=LINE('Line',#8383,#8385) ;
#8393=LINE('Line',#8390,#8392) ;
#8426=LINE('Line',#8423,#8425) ;
#8431=LINE('Line',#8428,#8430) ;
#8443=LINE('Line',#8440,#8442) ;
#8448=LINE('Line',#8445,#8447) ;
#8460=LINE('Line',#8457,#8459) ;
#8465=LINE('Line',#8462,#8464) ;
#8477=LINE('Line',#8474,#8476) ;
#8482=LINE('Line',#8479,#8481) ;
#8494=LINE('Line',#8491,#8493) ;
#8499=LINE('Line',#8496,#8498) ;
#8511=LINE('Line',#8508,#8510) ;
#8516=LINE('Line',#8513,#8515) ;
#8528=LINE('Line',#8525,#8527) ;
#8533=LINE('Line',#8530,#8532) ;
#8545=LINE('Line',#8542,#8544) ;
#8550=LINE('Line',#8547,#8549) ;
#8567=LINE('Line',#8564,#8566) ;
#8574=LINE('Line',#8571,#8573) ;
#8592=LINE('Line',#8589,#8591) ;
#8597=LINE('Line',#8594,#8596) ;
#8604=LINE('Line',#8601,#8603) ;
#8621=LINE('Line',#8618,#8620) ;
#8651=LINE('Line',#8648,#8650) ;
#8658=LINE('Line',#8655,#8657) ;
#8671=LINE('Line',#8668,#8670) ;
#8676=LINE('Line',#8673,#8675) ;
#8683=LINE('Line',#8680,#8682) ;
#8700=LINE('Line',#8697,#8699) ;
#8725=LINE('Line',#8722,#8724) ;
#8732=LINE('Line',#8729,#8731) ;
#8745=LINE('Line',#8742,#8744) ;
#8750=LINE('Line',#8747,#8749) ;
#8757=LINE('Line',#8754,#8756) ;
#8774=LINE('Line',#8771,#8773) ;
#8799=LINE('Line',#8796,#8798) ;
#8806=LINE('Line',#8803,#8805) ;
#8819=LINE('Line',#8816,#8818) ;
#8824=LINE('Line',#8821,#8823) ;
#8831=LINE('Line',#8828,#8830) ;
#8848=LINE('Line',#8845,#8847) ;
#8873=LINE('Line',#8870,#8872) ;
#8880=LINE('Line',#8877,#8879) ;
#8893=LINE('Line',#8890,#8892) ;
#8898=LINE('Line',#8895,#8897) ;
#8905=LINE('Line',#8902,#8904) ;
#8922=LINE('Line',#8919,#8921) ;
#8947=LINE('Line',#8944,#8946) ;
#8954=LINE('Line',#8951,#8953) ;
#8967=LINE('Line',#8964,#8966) ;
#8972=LINE('Line',#8969,#8971) ;
#8979=LINE('Line',#8976,#8978) ;
#8996=LINE('Line',#8993,#8995) ;
#9021=LINE('Line',#9018,#9020) ;
#9028=LINE('Line',#9025,#9027) ;
#9041=LINE('Line',#9038,#9040) ;
#9046=LINE('Line',#9043,#9045) ;
#9053=LINE('Line',#9050,#9052) ;
#9070=LINE('Line',#9067,#9069) ;
#9095=LINE('Line',#9092,#9094) ;
#9102=LINE('Line',#9099,#9101) ;
#9115=LINE('Line',#9112,#9114) ;
#9120=LINE('Line',#9117,#9119) ;
#9127=LINE('Line',#9124,#9126) ;
#9144=LINE('Line',#9141,#9143) ;
#9169=LINE('Line',#9166,#9168) ;
#9174=LINE('Line',#9171,#9173) ;
#9181=LINE('Line',#9178,#9180) ;
#9188=LINE('Line',#9185,#9187) ;
#9214=LINE('Line',#9211,#9213) ;
#9238=LINE('Line',#9235,#9237) ;
#9243=LINE('Line',#9240,#9242) ;
#9269=LINE('Line',#9266,#9268) ;
#9293=LINE('Line',#9290,#9292) ;
#9300=LINE('Line',#9297,#9299) ;
#9307=LINE('Line',#9304,#9306) ;
#9331=LINE('Line',#9328,#9330) ;
#9355=LINE('Line',#9352,#9354) ;
#9362=LINE('Line',#9359,#9361) ;
#9369=LINE('Line',#9366,#9368) ;
#9393=LINE('Line',#9390,#9392) ;
#9417=LINE('Line',#9414,#9416) ;
#9422=LINE('Line',#9419,#9421) ;
#9427=LINE('Line',#9424,#9426) ;
#9446=LINE('Line',#9443,#9445) ;
#9463=LINE('Line',#9460,#9462) ;
#9480=LINE('Line',#9477,#9479) ;
#9497=LINE('Line',#9494,#9496) ;
#9568=LINE('Line',#9565,#9567) ;
#9575=LINE('Line',#9572,#9574) ;
#9582=LINE('Line',#9579,#9581) ;
#9587=LINE('Line',#9584,#9586) ;
#9613=LINE('Line',#9610,#9612) ;
#9632=LINE('Line',#9629,#9631) ;
#9637=LINE('Line',#9634,#9636) ;
#9663=LINE('Line',#9660,#9662) ;
#9687=LINE('Line',#9684,#9686) ;
#9694=LINE('Line',#9691,#9693) ;
#9701=LINE('Line',#9698,#9700) ;
#9725=LINE('Line',#9722,#9724) ;
#9749=LINE('Line',#9746,#9748) ;
#9756=LINE('Line',#9753,#9755) ;
#9763=LINE('Line',#9760,#9762) ;
#9787=LINE('Line',#9784,#9786) ;
#9811=LINE('Line',#9808,#9810) ;
#9816=LINE('Line',#9813,#9815) ;
#9821=LINE('Line',#9818,#9820) ;
#9840=LINE('Line',#9837,#9839) ;
#9857=LINE('Line',#9854,#9856) ;
#9874=LINE('Line',#9871,#9873) ;
#9891=LINE('Line',#9888,#9890) ;
#9952=LINE('Line',#9949,#9951) ;
#9959=LINE('Line',#9956,#9958) ;
#9971=LINE('Line',#9968,#9970) ;
#9978=LINE('Line',#9975,#9977) ;
#9995=LINE('Line',#9992,#9994) ;
#10004=LINE('Line',#10001,#10003) ;
#10009=LINE('Line',#10006,#10008) ;
#10021=LINE('Line',#10018,#10020) ;
#10028=LINE('Line',#10025,#10027) ;
#10035=LINE('Line',#10032,#10034) ;
#10052=LINE('Line',#10049,#10051) ;
#10057=LINE('Line',#10054,#10056) ;
#10064=LINE('Line',#10061,#10063) ;
#10080=LINE('Line',#10077,#10079) ;
#10087=LINE('Line',#10084,#10086) ;
#10092=LINE('Line',#10089,#10091) ;
#10137=LINE('Line',#10134,#10136) ;
#10154=LINE('Line',#10151,#10153) ;
#10171=LINE('Line',#10168,#10170) ;
#10180=LINE('Line',#10177,#10179) ;
#10185=LINE('Line',#10182,#10184) ;
#10202=LINE('Line',#10199,#10201) ;
#10219=LINE('Line',#10216,#10218) ;
#10228=LINE('Line',#10225,#10227) ;
#10233=LINE('Line',#10230,#10232) ;
#10252=LINE('Line',#10249,#10251) ;
#10269=LINE('Line',#10266,#10268) ;
#10276=LINE('Line',#10273,#10275) ;
#10288=LINE('Line',#10285,#10287) ;
#10295=LINE('Line',#10292,#10294) ;
#10312=LINE('Line',#10309,#10311) ;
#10338=LINE('Line',#10335,#10337) ;
#10364=LINE('Line',#10361,#10363) ;
#10369=LINE('Line',#10366,#10368) ;
#10388=LINE('Line',#10385,#10387) ;
#10414=LINE('Line',#10411,#10413) ;
#10451=LINE('Line',#10448,#10450) ;
#10456=LINE('Line',#10453,#10455) ;
#10480=LINE('Line',#10477,#10479) ;
#10485=LINE('Line',#10482,#10484) ;
#10523=LINE('Line',#10520,#10522) ;
#10530=LINE('Line',#10527,#10529) ;
#10548=LINE('Line',#10545,#10547) ;
#10555=LINE('Line',#10552,#10554) ;
#10572=LINE('Line',#10569,#10571) ;
#10602=LINE('Line',#10599,#10601) ;
#10609=LINE('Line',#10606,#10608) ;
#10622=LINE('Line',#10619,#10621) ;
#10629=LINE('Line',#10626,#10628) ;
#10641=LINE('Line',#10638,#10640) ;
#10671=LINE('Line',#10668,#10670) ;
#10678=LINE('Line',#10675,#10677) ;
#10691=LINE('Line',#10688,#10690) ;
#10698=LINE('Line',#10695,#10697) ;
#10710=LINE('Line',#10707,#10709) ;
#10740=LINE('Line',#10737,#10739) ;
#10747=LINE('Line',#10744,#10746) ;
#10760=LINE('Line',#10757,#10759) ;
#10767=LINE('Line',#10764,#10766) ;
#10779=LINE('Line',#10776,#10778) ;
#10809=LINE('Line',#10806,#10808) ;
#10816=LINE('Line',#10813,#10815) ;
#10829=LINE('Line',#10826,#10828) ;
#10836=LINE('Line',#10833,#10835) ;
#10848=LINE('Line',#10845,#10847) ;
#10878=LINE('Line',#10875,#10877) ;
#10885=LINE('Line',#10882,#10884) ;
#10898=LINE('Line',#10895,#10897) ;
#10905=LINE('Line',#10902,#10904) ;
#10917=LINE('Line',#10914,#10916) ;
#10947=LINE('Line',#10944,#10946) ;
#10954=LINE('Line',#10951,#10953) ;
#10967=LINE('Line',#10964,#10966) ;
#10974=LINE('Line',#10971,#10973) ;
#10986=LINE('Line',#10983,#10985) ;
#11016=LINE('Line',#11013,#11015) ;
#11023=LINE('Line',#11020,#11022) ;
#11036=LINE('Line',#11033,#11035) ;
#11043=LINE('Line',#11040,#11042) ;
#11055=LINE('Line',#11052,#11054) ;
#35=PLANE('',#34) ;
#263=PLANE('',#262) ;
#325=PLANE('',#324) ;
#387=PLANE('',#386) ;
#409=PLANE('',#408) ;
#538=PLANE('',#537) ;
#1083=PLANE('',#1082) ;
#1123=PLANE('',#1122) ;
#1195=PLANE('',#1194) ;
#1236=PLANE('',#1235) ;
#1271=PLANE('',#1270) ;
#1288=PLANE('',#1287) ;
#1318=PLANE('',#1317) ;
#1429=PLANE('',#1428) ;
#1574=PLANE('',#1573) ;
#1919=PLANE('',#1918) ;
#2003=PLANE('',#2002) ;
#2064=PLANE('',#2063) ;
#2131=PLANE('',#2130) ;
#2234=PLANE('',#2233) ;
#2258=PLANE('',#2257) ;
#2275=PLANE('',#2274) ;
#2311=PLANE('',#2310) ;
#2378=PLANE('',#2377) ;
#2453=PLANE('',#2452) ;
#2484=PLANE('',#2483) ;
#2508=PLANE('',#2507) ;
#2532=PLANE('',#2531) ;
#2852=PLANE('',#2851) ;
#3048=PLANE('',#3047) ;
#3065=PLANE('',#3064) ;
#3201=PLANE('',#3200) ;
#3261=PLANE('',#3260) ;
#3323=PLANE('',#3322) ;
#3354=PLANE('',#3353) ;
#3385=PLANE('',#3384) ;
#3416=PLANE('',#3415) ;
#3447=PLANE('',#3446) ;
#3509=PLANE('',#3508) ;
#3540=PLANE('',#3539) ;
#3571=PLANE('',#3570) ;
#3593=PLANE('',#3592) ;
#3617=PLANE('',#3616) ;
#3944=PLANE('',#3943) ;
#3968=PLANE('',#3967) ;
#4295=PLANE('',#4294) ;
#4319=PLANE('',#4318) ;
#4646=PLANE('',#4645) ;
#4670=PLANE('',#4669) ;
#4997=PLANE('',#4996) ;
#5021=PLANE('',#5020) ;
#5348=PLANE('',#5347) ;
#5372=PLANE('',#5371) ;
#5699=PLANE('',#5698) ;
#5723=PLANE('',#5722) ;
#6050=PLANE('',#6049) ;
#6074=PLANE('',#6073) ;
#6098=PLANE('',#6097) ;
#6657=PLANE('',#6656) ;
#6705=PLANE('',#6704) ;
#6791=PLANE('',#6790) ;
#6822=PLANE('',#6821) ;
#6965=PLANE('',#6964) ;
#7031=PLANE('',#7030) ;
#7174=PLANE('',#7173) ;
#7320=PLANE('',#7319) ;
#7803=PLANE('',#7802) ;
#7827=PLANE('',#7826) ;
#7875=PLANE('',#7874) ;
#7942=PLANE('',#7941) ;
#7966=PLANE('',#7965) ;
#8026=PLANE('',#8025) ;
#8043=PLANE('',#8042) ;
#8067=PLANE('',#8066) ;
#8099=PLANE('',#8098) ;
#8220=PLANE('',#8219) ;
#8269=PLANE('',#8268) ;
#8286=PLANE('',#8285) ;
#8422=PLANE('',#8421) ;
#8563=PLANE('',#8562) ;
#8588=PLANE('',#8587) ;
#8617=PLANE('',#8616) ;
#8635=PLANE('',#8634) ;
#8647=PLANE('',#8646) ;
#8696=PLANE('',#8695) ;
#8721=PLANE('',#8720) ;
#8770=PLANE('',#8769) ;
#8795=PLANE('',#8794) ;
#8844=PLANE('',#8843) ;
#8869=PLANE('',#8868) ;
#8918=PLANE('',#8917) ;
#8943=PLANE('',#8942) ;
#8992=PLANE('',#8991) ;
#9017=PLANE('',#9016) ;
#9066=PLANE('',#9065) ;
#9091=PLANE('',#9090) ;
#9140=PLANE('',#9139) ;
#9165=PLANE('',#9164) ;
#9234=PLANE('',#9233) ;
#9289=PLANE('',#9288) ;
#9351=PLANE('',#9350) ;
#9413=PLANE('',#9412) ;
#9442=PLANE('',#9441) ;
#9459=PLANE('',#9458) ;
#9493=PLANE('',#9492) ;
#9522=PLANE('',#9521) ;
#9543=PLANE('',#9542) ;
#9564=PLANE('',#9563) ;
#9683=PLANE('',#9682) ;
#9745=PLANE('',#9744) ;
#9807=PLANE('',#9806) ;
#9836=PLANE('',#9835) ;
#9853=PLANE('',#9852) ;
#9887=PLANE('',#9886) ;
#9948=PLANE('',#9947) ;
#9991=PLANE('',#9990) ;
#10048=PLANE('',#10047) ;
#10109=PLANE('',#10108) ;
#10121=PLANE('',#10120) ;
#10133=PLANE('',#10132) ;
#10150=PLANE('',#10149) ;
#10167=PLANE('',#10166) ;
#10198=PLANE('',#10197) ;
#10215=PLANE('',#10214) ;
#10248=PLANE('',#10247) ;
#10265=PLANE('',#10264) ;
#10360=PLANE('',#10359) ;
#10384=PLANE('',#10383) ;
#10410=PLANE('',#10409) ;
#10429=PLANE('',#10428) ;
#10505=PLANE('',#10504) ;
#10519=PLANE('',#10518) ;
#10544=PLANE('',#10543) ;
#10568=PLANE('',#10567) ;
#10585=PLANE('',#10584) ;
#10598=PLANE('',#10597) ;
#10654=PLANE('',#10653) ;
#10667=PLANE('',#10666) ;
#10723=PLANE('',#10722) ;
#10736=PLANE('',#10735) ;
#10792=PLANE('',#10791) ;
#10805=PLANE('',#10804) ;
#10861=PLANE('',#10860) ;
#10874=PLANE('',#10873) ;
#10930=PLANE('',#10929) ;
#10943=PLANE('',#10942) ;
#10999=PLANE('',#10998) ;
#11012=PLANE('',#11011) ;
#11068=PLANE('',#11067) ;
#9=PRODUCT_CATEGORY_RELATIONSHIP(' ',' ',#7,#8) ;
#6=PRODUCT_DEFINITION_FORMATION_WITH_SPECIFIED_SOURCE('',' ',#5,.NOT_KNOWN.) ;
#20=SHAPE_DEFINITION_REPRESENTATION(#11,#19) ;
#41=VERTEX_POINT('',#40) ;
#43=VERTEX_POINT('',#42) ;
#50=VERTEX_POINT('',#49) ;
#57=VERTEX_POINT('',#56) ;
#64=VERTEX_POINT('',#63) ;
#71=VERTEX_POINT('',#70) ;
#78=VERTEX_POINT('',#77) ;
#85=VERTEX_POINT('',#84) ;
#92=VERTEX_POINT('',#91) ;
#99=VERTEX_POINT('',#98) ;
#106=VERTEX_POINT('',#105) ;
#113=VERTEX_POINT('',#112) ;
#145=VERTEX_POINT('',#144) ;
#147=VERTEX_POINT('',#146) ;
#176=VERTEX_POINT('',#175) ;
#183=VERTEX_POINT('',#182) ;
#207=VERTEX_POINT('',#206) ;
#214=VERTEX_POINT('',#213) ;
#238=VERTEX_POINT('',#237) ;
#245=VERTEX_POINT('',#244) ;
#269=VERTEX_POINT('',#268) ;
#276=VERTEX_POINT('',#275) ;
#300=VERTEX_POINT('',#299) ;
#307=VERTEX_POINT('',#306) ;
#331=VERTEX_POINT('',#330) ;
#338=VERTEX_POINT('',#337) ;
#362=VERTEX_POINT('',#361) ;
#369=VERTEX_POINT('',#368) ;
#415=VERTEX_POINT('',#414) ;
#417=VERTEX_POINT('',#416) ;
#424=VERTEX_POINT('',#423) ;
#431=VERTEX_POINT('',#430) ;
#443=VERTEX_POINT('',#442) ;
#450=VERTEX_POINT('',#449) ;
#457=VERTEX_POINT('',#456) ;
#464=VERTEX_POINT('',#463) ;
#471=VERTEX_POINT('',#470) ;
#478=VERTEX_POINT('',#477) ;
#513=VERTEX_POINT('',#512) ;
#520=VERTEX_POINT('',#519) ;
#554=VERTEX_POINT('',#553) ;
#556=VERTEX_POINT('',#555) ;
#563=VERTEX_POINT('',#562) ;
#570=VERTEX_POINT('',#569) ;
#577=VERTEX_POINT('',#576) ;
#584=VERTEX_POINT('',#583) ;
#591=VERTEX_POINT('',#590) ;
#598=VERTEX_POINT('',#597) ;
#605=VERTEX_POINT('',#604) ;
#612=VERTEX_POINT('',#611) ;
#619=VERTEX_POINT('',#618) ;
#626=VERTEX_POINT('',#625) ;
#633=VERTEX_POINT('',#632) ;
#640=VERTEX_POINT('',#639) ;
#647=VERTEX_POINT('',#646) ;
#654=VERTEX_POINT('',#653) ;
#661=VERTEX_POINT('',#660) ;
#668=VERTEX_POINT('',#667) ;
#675=VERTEX_POINT('',#674) ;
#682=VERTEX_POINT('',#681) ;
#725=VERTEX_POINT('',#724) ;
#732=VERTEX_POINT('',#731) ;
#759=VERTEX_POINT('',#758) ;
#786=VERTEX_POINT('',#785) ;
#793=VERTEX_POINT('',#792) ;
#817=VERTEX_POINT('',#816) ;
#824=VERTEX_POINT('',#823) ;
#851=VERTEX_POINT('',#850) ;
#875=VERTEX_POINT('',#874) ;
#905=VERTEX_POINT('',#904) ;
#929=VERTEX_POINT('',#928) ;
#959=VERTEX_POINT('',#958) ;
#986=VERTEX_POINT('',#985) ;
#1012=VERTEX_POINT('',#1011) ;
#1039=VERTEX_POINT('',#1038) ;
#1046=VERTEX_POINT('',#1045) ;
#1089=VERTEX_POINT('',#1088) ;
#1091=VERTEX_POINT('',#1090) ;
#1098=VERTEX_POINT('',#1097) ;
#1105=VERTEX_POINT('',#1104) ;
#1129=VERTEX_POINT('',#1128) ;
#1136=VERTEX_POINT('',#1135) ;
#1143=VERTEX_POINT('',#1142) ;
#1177=VERTEX_POINT('',#1176) ;
#1206=VERTEX_POINT('',#1205) ;
#1213=VERTEX_POINT('',#1212) ;
#1253=VERTEX_POINT('',#1252) ;
#1255=VERTEX_POINT('',#1254) ;
#1300=VERTEX_POINT('',#1299) ;
#1302=VERTEX_POINT('',#1301) ;
#1324=VERTEX_POINT('',#1323) ;
#1331=VERTEX_POINT('',#1330) ;
#1338=VERTEX_POINT('',#1337) ;
#1345=VERTEX_POINT('',#1344) ;
#1352=VERTEX_POINT('',#1351) ;
#1359=VERTEX_POINT('',#1358) ;
#1387=VERTEX_POINT('',#1386) ;
#1411=VERTEX_POINT('',#1410) ;
#1435=VERTEX_POINT('',#1434) ;
#1437=VERTEX_POINT('',#1436) ;
#1444=VERTEX_POINT('',#1443) ;
#1451=VERTEX_POINT('',#1450) ;
#1458=VERTEX_POINT('',#1457) ;
#1478=VERTEX_POINT('',#1477) ;
#1480=VERTEX_POINT('',#1479) ;
#1487=VERTEX_POINT('',#1486) ;
#1494=VERTEX_POINT('',#1493) ;
#1501=VERTEX_POINT('',#1500) ;
#1521=VERTEX_POINT('',#1520) ;
#1528=VERTEX_POINT('',#1527) ;
#1548=VERTEX_POINT('',#1547) ;
#1555=VERTEX_POINT('',#1554) ;
#1585=VERTEX_POINT('',#1584) ;
#1592=VERTEX_POINT('',#1591) ;
#1599=VERTEX_POINT('',#1598) ;
#1606=VERTEX_POINT('',#1605) ;
#1613=VERTEX_POINT('',#1612) ;
#1620=VERTEX_POINT('',#1619) ;
#1627=VERTEX_POINT('',#1626) ;
#1634=VERTEX_POINT('',#1633) ;
#1641=VERTEX_POINT('',#1640) ;
#1648=VERTEX_POINT('',#1647) ;
#1655=VERTEX_POINT('',#1654) ;
#1662=VERTEX_POINT('',#1661) ;
#1669=VERTEX_POINT('',#1668) ;
#1676=VERTEX_POINT('',#1675) ;
#1683=VERTEX_POINT('',#1682) ;
#1690=VERTEX_POINT('',#1689) ;
#1697=VERTEX_POINT('',#1696) ;
#1704=VERTEX_POINT('',#1703) ;
#1711=VERTEX_POINT('',#1710) ;
#1718=VERTEX_POINT('',#1717) ;
#1725=VERTEX_POINT('',#1724) ;
#1732=VERTEX_POINT('',#1731) ;
#1739=VERTEX_POINT('',#1738) ;
#1746=VERTEX_POINT('',#1745) ;
#1753=VERTEX_POINT('',#1752) ;
#1760=VERTEX_POINT('',#1759) ;
#1767=VERTEX_POINT('',#1766) ;
#1774=VERTEX_POINT('',#1773) ;
#1781=VERTEX_POINT('',#1780) ;
#1788=VERTEX_POINT('',#1787) ;
#1795=VERTEX_POINT('',#1794) ;
#1802=VERTEX_POINT('',#1801) ;
#1809=VERTEX_POINT('',#1808) ;
#1816=VERTEX_POINT('',#1815) ;
#1823=VERTEX_POINT('',#1822) ;
#1830=VERTEX_POINT('',#1829) ;
#1837=VERTEX_POINT('',#1836) ;
#1844=VERTEX_POINT('',#1843) ;
#1930=VERTEX_POINT('',#1929) ;
#1937=VERTEX_POINT('',#1936) ;
#1949=VERTEX_POINT('',#1948) ;
#1956=VERTEX_POINT('',#1955) ;
#2009=VERTEX_POINT('',#2008) ;
#2016=VERTEX_POINT('',#2015) ;
#2039=VERTEX_POINT('',#2038) ;
#2046=VERTEX_POINT('',#2045) ;
#2070=VERTEX_POINT('',#2069) ;
#2077=VERTEX_POINT('',#2076) ;
#2084=VERTEX_POINT('',#2083) ;
#2113=VERTEX_POINT('',#2112) ;
#2137=VERTEX_POINT('',#2136) ;
#2144=VERTEX_POINT('',#2143) ;
#2179=VERTEX_POINT('',#2178) ;
#2181=VERTEX_POINT('',#2180) ;
#2216=VERTEX_POINT('',#2215) ;
#2218=VERTEX_POINT('',#2217) ;
#2240=VERTEX_POINT('',#2239) ;
#2281=VERTEX_POINT('',#2280) ;
#2317=VERTEX_POINT('',#2316) ;
#2348=VERTEX_POINT('',#2347) ;
#2384=VERTEX_POINT('',#2383) ;
#2391=VERTEX_POINT('',#2390) ;
#2398=VERTEX_POINT('',#2397) ;
#2405=VERTEX_POINT('',#2404) ;
#2412=VERTEX_POINT('',#2411) ;
#2419=VERTEX_POINT('',#2418) ;
#2459=VERTEX_POINT('',#2458) ;
#2466=VERTEX_POINT('',#2465) ;
#2490=VERTEX_POINT('',#2489) ;
#2514=VERTEX_POINT('',#2513) ;
#2538=VERTEX_POINT('',#2537) ;
#2540=VERTEX_POINT('',#2539) ;
#2547=VERTEX_POINT('',#2546) ;
#2573=VERTEX_POINT('',#2572) ;
#2575=VERTEX_POINT('',#2574) ;
#2582=VERTEX_POINT('',#2581) ;
#2589=VERTEX_POINT('',#2588) ;
#2608=VERTEX_POINT('',#2607) ;
#2610=VERTEX_POINT('',#2609) ;
#2617=VERTEX_POINT('',#2616) ;
#2624=VERTEX_POINT('',#2623) ;
#2643=VERTEX_POINT('',#2642) ;
#2645=VERTEX_POINT('',#2644) ;
#2652=VERTEX_POINT('',#2651) ;
#2659=VERTEX_POINT('',#2658) ;
#2678=VERTEX_POINT('',#2677) ;
#2680=VERTEX_POINT('',#2679) ;
#2687=VERTEX_POINT('',#2686) ;
#2694=VERTEX_POINT('',#2693) ;
#2713=VERTEX_POINT('',#2712) ;
#2715=VERTEX_POINT('',#2714) ;
#2722=VERTEX_POINT('',#2721) ;
#2729=VERTEX_POINT('',#2728) ;
#2748=VERTEX_POINT('',#2747) ;
#2750=VERTEX_POINT('',#2749) ;
#2757=VERTEX_POINT('',#2756) ;
#2764=VERTEX_POINT('',#2763) ;
#2783=VERTEX_POINT('',#2782) ;
#2785=VERTEX_POINT('',#2784) ;
#2792=VERTEX_POINT('',#2791) ;
#2799=VERTEX_POINT('',#2798) ;
#2818=VERTEX_POINT('',#2817) ;
#2820=VERTEX_POINT('',#2819) ;
#2832=VERTEX_POINT('',#2831) ;
#2858=VERTEX_POINT('',#2857) ;
#2865=VERTEX_POINT('',#2864) ;
#2877=VERTEX_POINT('',#2876) ;
#2884=VERTEX_POINT('',#2883) ;
#2896=VERTEX_POINT('',#2895) ;
#2903=VERTEX_POINT('',#2902) ;
#2915=VERTEX_POINT('',#2914) ;
#2922=VERTEX_POINT('',#2921) ;
#2934=VERTEX_POINT('',#2933) ;
#2941=VERTEX_POINT('',#2940) ;
#2953=VERTEX_POINT('',#2952) ;
#2960=VERTEX_POINT('',#2959) ;
#2972=VERTEX_POINT('',#2971) ;
#2979=VERTEX_POINT('',#2978) ;
#2991=VERTEX_POINT('',#2990) ;
#2998=VERTEX_POINT('',#2997) ;
#3236=VERTEX_POINT('',#3235) ;
#3243=VERTEX_POINT('',#3242) ;
#3267=VERTEX_POINT('',#3266) ;
#3274=VERTEX_POINT('',#3273) ;
#3298=VERTEX_POINT('',#3297) ;
#3305=VERTEX_POINT('',#3304) ;
#3329=VERTEX_POINT('',#3328) ;
#3336=VERTEX_POINT('',#3335) ;
#3360=VERTEX_POINT('',#3359) ;
#3367=VERTEX_POINT('',#3366) ;
#3391=VERTEX_POINT('',#3390) ;
#3398=VERTEX_POINT('',#3397) ;
#3422=VERTEX_POINT('',#3421) ;
#3429=VERTEX_POINT('',#3428) ;
#3453=VERTEX_POINT('',#3452) ;
#3460=VERTEX_POINT('',#3459) ;
#3484=VERTEX_POINT('',#3483) ;
#3491=VERTEX_POINT('',#3490) ;
#3515=VERTEX_POINT('',#3514) ;
#3522=VERTEX_POINT('',#3521) ;
#3546=VERTEX_POINT('',#3545) ;
#3553=VERTEX_POINT('',#3552) ;
#3642=VERTEX_POINT('',#3641) ;
#3649=VERTEX_POINT('',#3648) ;
#3668=VERTEX_POINT('',#3667) ;
#3675=VERTEX_POINT('',#3674) ;
#3694=VERTEX_POINT('',#3693) ;
#3701=VERTEX_POINT('',#3700) ;
#3720=VERTEX_POINT('',#3719) ;
#3727=VERTEX_POINT('',#3726) ;
#3746=VERTEX_POINT('',#3745) ;
#3753=VERTEX_POINT('',#3752) ;
#3772=VERTEX_POINT('',#3771) ;
#3779=VERTEX_POINT('',#3778) ;
#3798=VERTEX_POINT('',#3797) ;
#3805=VERTEX_POINT('',#3804) ;
#3824=VERTEX_POINT('',#3823) ;
#3831=VERTEX_POINT('',#3830) ;
#3850=VERTEX_POINT('',#3849) ;
#3857=VERTEX_POINT('',#3856) ;
#3876=VERTEX_POINT('',#3875) ;
#3883=VERTEX_POINT('',#3882) ;
#3902=VERTEX_POINT('',#3901) ;
#3909=VERTEX_POINT('',#3908) ;
#3993=VERTEX_POINT('',#3992) ;
#4000=VERTEX_POINT('',#3999) ;
#4019=VERTEX_POINT('',#4018) ;
#4026=VERTEX_POINT('',#4025) ;
#4045=VERTEX_POINT('',#4044) ;
#4052=VERTEX_POINT('',#4051) ;
#4071=VERTEX_POINT('',#4070) ;
#4078=VERTEX_POINT('',#4077) ;
#4097=VERTEX_POINT('',#4096) ;
#4104=VERTEX_POINT('',#4103) ;
#4123=VERTEX_POINT('',#4122) ;
#4130=VERTEX_POINT('',#4129) ;
#4149=VERTEX_POINT('',#4148) ;
#4156=VERTEX_POINT('',#4155) ;
#4175=VERTEX_POINT('',#4174) ;
#4182=VERTEX_POINT('',#4181) ;
#4201=VERTEX_POINT('',#4200) ;
#4208=VERTEX_POINT('',#4207) ;
#4227=VERTEX_POINT('',#4226) ;
#4234=VERTEX_POINT('',#4233) ;
#4253=VERTEX_POINT('',#4252) ;
#4260=VERTEX_POINT('',#4259) ;
#4344=VERTEX_POINT('',#4343) ;
#4351=VERTEX_POINT('',#4350) ;
#4370=VERTEX_POINT('',#4369) ;
#4377=VERTEX_POINT('',#4376) ;
#4396=VERTEX_POINT('',#4395) ;
#4403=VERTEX_POINT('',#4402) ;
#4422=VERTEX_POINT('',#4421) ;
#4429=VERTEX_POINT('',#4428) ;
#4448=VERTEX_POINT('',#4447) ;
#4455=VERTEX_POINT('',#4454) ;
#4474=VERTEX_POINT('',#4473) ;
#4481=VERTEX_POINT('',#4480) ;
#4500=VERTEX_POINT('',#4499) ;
#4507=VERTEX_POINT('',#4506) ;
#4526=VERTEX_POINT('',#4525) ;
#4533=VERTEX_POINT('',#4532) ;
#4552=VERTEX_POINT('',#4551) ;
#4559=VERTEX_POINT('',#4558) ;
#4578=VERTEX_POINT('',#4577) ;
#4585=VERTEX_POINT('',#4584) ;
#4604=VERTEX_POINT('',#4603) ;
#4611=VERTEX_POINT('',#4610) ;
#4695=VERTEX_POINT('',#4694) ;
#4702=VERTEX_POINT('',#4701) ;
#4721=VERTEX_POINT('',#4720) ;
#4728=VERTEX_POINT('',#4727) ;
#4747=VERTEX_POINT('',#4746) ;
#4754=VERTEX_POINT('',#4753) ;
#4773=VERTEX_POINT('',#4772) ;
#4780=VERTEX_POINT('',#4779) ;
#4799=VERTEX_POINT('',#4798) ;
#4806=VERTEX_POINT('',#4805) ;
#4825=VERTEX_POINT('',#4824) ;
#4832=VERTEX_POINT('',#4831) ;
#4851=VERTEX_POINT('',#4850) ;
#4858=VERTEX_POINT('',#4857) ;
#4877=VERTEX_POINT('',#4876) ;
#4884=VERTEX_POINT('',#4883) ;
#4903=VERTEX_POINT('',#4902) ;
#4910=VERTEX_POINT('',#4909) ;
#4929=VERTEX_POINT('',#4928) ;
#4936=VERTEX_POINT('',#4935) ;
#4955=VERTEX_POINT('',#4954) ;
#4962=VERTEX_POINT('',#4961) ;
#5046=VERTEX_POINT('',#5045) ;
#5053=VERTEX_POINT('',#5052) ;
#5072=VERTEX_POINT('',#5071) ;
#5079=VERTEX_POINT('',#5078) ;
#5098=VERTEX_POINT('',#5097) ;
#5105=VERTEX_POINT('',#5104) ;
#5124=VERTEX_POINT('',#5123) ;
#5131=VERTEX_POINT('',#5130) ;
#5150=VERTEX_POINT('',#5149) ;
#5157=VERTEX_POINT('',#5156) ;
#5176=VERTEX_POINT('',#5175) ;
#5183=VERTEX_POINT('',#5182) ;
#5202=VERTEX_POINT('',#5201) ;
#5209=VERTEX_POINT('',#5208) ;
#5228=VERTEX_POINT('',#5227) ;
#5235=VERTEX_POINT('',#5234) ;
#5254=VERTEX_POINT('',#5253) ;
#5261=VERTEX_POINT('',#5260) ;
#5280=VERTEX_POINT('',#5279) ;
#5287=VERTEX_POINT('',#5286) ;
#5306=VERTEX_POINT('',#5305) ;
#5313=VERTEX_POINT('',#5312) ;
#5397=VERTEX_POINT('',#5396) ;
#5404=VERTEX_POINT('',#5403) ;
#5423=VERTEX_POINT('',#5422) ;
#5430=VERTEX_POINT('',#5429) ;
#5449=VERTEX_POINT('',#5448) ;
#5456=VERTEX_POINT('',#5455) ;
#5475=VERTEX_POINT('',#5474) ;
#5482=VERTEX_POINT('',#5481) ;
#5501=VERTEX_POINT('',#5500) ;
#5508=VERTEX_POINT('',#5507) ;
#5527=VERTEX_POINT('',#5526) ;
#5534=VERTEX_POINT('',#5533) ;
#5553=VERTEX_POINT('',#5552) ;
#5560=VERTEX_POINT('',#5559) ;
#5579=VERTEX_POINT('',#5578) ;
#5586=VERTEX_POINT('',#5585) ;
#5605=VERTEX_POINT('',#5604) ;
#5612=VERTEX_POINT('',#5611) ;
#5631=VERTEX_POINT('',#5630) ;
#5638=VERTEX_POINT('',#5637) ;
#5657=VERTEX_POINT('',#5656) ;
#5664=VERTEX_POINT('',#5663) ;
#5748=VERTEX_POINT('',#5747) ;
#5755=VERTEX_POINT('',#5754) ;
#5774=VERTEX_POINT('',#5773) ;
#5781=VERTEX_POINT('',#5780) ;
#5800=VERTEX_POINT('',#5799) ;
#5807=VERTEX_POINT('',#5806) ;
#5826=VERTEX_POINT('',#5825) ;
#5833=VERTEX_POINT('',#5832) ;
#5852=VERTEX_POINT('',#5851) ;
#5859=VERTEX_POINT('',#5858) ;
#5878=VERTEX_POINT('',#5877) ;
#5885=VERTEX_POINT('',#5884) ;
#5904=VERTEX_POINT('',#5903) ;
#5911=VERTEX_POINT('',#5910) ;
#5930=VERTEX_POINT('',#5929) ;
#5937=VERTEX_POINT('',#5936) ;
#5956=VERTEX_POINT('',#5955) ;
#5963=VERTEX_POINT('',#5962) ;
#5982=VERTEX_POINT('',#5981) ;
#5989=VERTEX_POINT('',#5988) ;
#6008=VERTEX_POINT('',#6007) ;
#6015=VERTEX_POINT('',#6014) ;
#6104=VERTEX_POINT('',#6103) ;
#6111=VERTEX_POINT('',#6110) ;
#6118=VERTEX_POINT('',#6117) ;
#6125=VERTEX_POINT('',#6124) ;
#6132=VERTEX_POINT('',#6131) ;
#6139=VERTEX_POINT('',#6138) ;
#6146=VERTEX_POINT('',#6145) ;
#6153=VERTEX_POINT('',#6152) ;
#6160=VERTEX_POINT('',#6159) ;
#6167=VERTEX_POINT('',#6166) ;
#6174=VERTEX_POINT('',#6173) ;
#6181=VERTEX_POINT('',#6180) ;
#6188=VERTEX_POINT('',#6187) ;
#6195=VERTEX_POINT('',#6194) ;
#6202=VERTEX_POINT('',#6201) ;
#6209=VERTEX_POINT('',#6208) ;
#6216=VERTEX_POINT('',#6215) ;
#6223=VERTEX_POINT('',#6222) ;
#6230=VERTEX_POINT('',#6229) ;
#6237=VERTEX_POINT('',#6236) ;
#6244=VERTEX_POINT('',#6243) ;
#6251=VERTEX_POINT('',#6250) ;
#6258=VERTEX_POINT('',#6257) ;
#6265=VERTEX_POINT('',#6264) ;
#6272=VERTEX_POINT('',#6271) ;
#6279=VERTEX_POINT('',#6278) ;
#6286=VERTEX_POINT('',#6285) ;
#6293=VERTEX_POINT('',#6292) ;
#6300=VERTEX_POINT('',#6299) ;
#6307=VERTEX_POINT('',#6306) ;
#6314=VERTEX_POINT('',#6313) ;
#6321=VERTEX_POINT('',#6320) ;
#6328=VERTEX_POINT('',#6327) ;
#6335=VERTEX_POINT('',#6334) ;
#6385=VERTEX_POINT('',#6384) ;
#6387=VERTEX_POINT('',#6386) ;
#6394=VERTEX_POINT('',#6393) ;
#6401=VERTEX_POINT('',#6400) ;
#6419=VERTEX_POINT('',#6418) ;
#6421=VERTEX_POINT('',#6420) ;
#6428=VERTEX_POINT('',#6427) ;
#6435=VERTEX_POINT('',#6434) ;
#6453=VERTEX_POINT('',#6452) ;
#6455=VERTEX_POINT('',#6454) ;
#6462=VERTEX_POINT('',#6461) ;
#6469=VERTEX_POINT('',#6468) ;
#6487=VERTEX_POINT('',#6486) ;
#6489=VERTEX_POINT('',#6488) ;
#6496=VERTEX_POINT('',#6495) ;
#6503=VERTEX_POINT('',#6502) ;
#6521=VERTEX_POINT('',#6520) ;
#6523=VERTEX_POINT('',#6522) ;
#6530=VERTEX_POINT('',#6529) ;
#6537=VERTEX_POINT('',#6536) ;
#6555=VERTEX_POINT('',#6554) ;
#6557=VERTEX_POINT('',#6556) ;
#6564=VERTEX_POINT('',#6563) ;
#6571=VERTEX_POINT('',#6570) ;
#6589=VERTEX_POINT('',#6588) ;
#6591=VERTEX_POINT('',#6590) ;
#6598=VERTEX_POINT('',#6597) ;
#6605=VERTEX_POINT('',#6604) ;
#6623=VERTEX_POINT('',#6622) ;
#6625=VERTEX_POINT('',#6624) ;
#6632=VERTEX_POINT('',#6631) ;
#6639=VERTEX_POINT('',#6638) ;
#6663=VERTEX_POINT('',#6662) ;
#6670=VERTEX_POINT('',#6669) ;
#6677=VERTEX_POINT('',#6676) ;
#6684=VERTEX_POINT('',#6683) ;
#6711=VERTEX_POINT('',#6710) ;
#6718=VERTEX_POINT('',#6717) ;
#6730=VERTEX_POINT('',#6729) ;
#6737=VERTEX_POINT('',#6736) ;
#6744=VERTEX_POINT('',#6743) ;
#6751=VERTEX_POINT('',#6750) ;
#6758=VERTEX_POINT('',#6757) ;
#6765=VERTEX_POINT('',#6764) ;
#6797=VERTEX_POINT('',#6796) ;
#6799=VERTEX_POINT('',#6798) ;
#6828=VERTEX_POINT('',#6827) ;
#6830=VERTEX_POINT('',#6829) ;
#6837=VERTEX_POINT('',#6836) ;
#6844=VERTEX_POINT('',#6843) ;
#6851=VERTEX_POINT('',#6850) ;
#6858=VERTEX_POINT('',#6857) ;
#6865=VERTEX_POINT('',#6864) ;
#6872=VERTEX_POINT('',#6871) ;
#6879=VERTEX_POINT('',#6878) ;
#6891=VERTEX_POINT('',#6890) ;
#6918=VERTEX_POINT('',#6917) ;
#6925=VERTEX_POINT('',#6924) ;
#6932=VERTEX_POINT('',#6931) ;
#6971=VERTEX_POINT('',#6970) ;
#6973=VERTEX_POINT('',#6972) ;
#6980=VERTEX_POINT('',#6979) ;
#6987=VERTEX_POINT('',#6986) ;
#7006=VERTEX_POINT('',#7005) ;
#7008=VERTEX_POINT('',#7007) ;
#7037=VERTEX_POINT('',#7036) ;
#7044=VERTEX_POINT('',#7043) ;
#7051=VERTEX_POINT('',#7050) ;
#7058=VERTEX_POINT('',#7057) ;
#7070=VERTEX_POINT('',#7069) ;
#7094=VERTEX_POINT('',#7093) ;
#7101=VERTEX_POINT('',#7100) ;
#7113=VERTEX_POINT('',#7112) ;
#7120=VERTEX_POINT('',#7119) ;
#7127=VERTEX_POINT('',#7126) ;
#7134=VERTEX_POINT('',#7133) ;
#7141=VERTEX_POINT('',#7140) ;
#7148=VERTEX_POINT('',#7147) ;
#7180=VERTEX_POINT('',#7179) ;
#7182=VERTEX_POINT('',#7181) ;
#7206=VERTEX_POINT('',#7205) ;
#7208=VERTEX_POINT('',#7207) ;
#7215=VERTEX_POINT('',#7214) ;
#7222=VERTEX_POINT('',#7221) ;
#7229=VERTEX_POINT('',#7228) ;
#7236=VERTEX_POINT('',#7235) ;
#7243=VERTEX_POINT('',#7242) ;
#7250=VERTEX_POINT('',#7249) ;
#7257=VERTEX_POINT('',#7256) ;
#7264=VERTEX_POINT('',#7263) ;
#7326=VERTEX_POINT('',#7325) ;
#7333=VERTEX_POINT('',#7332) ;
#7340=VERTEX_POINT('',#7339) ;
#7347=VERTEX_POINT('',#7346) ;
#7354=VERTEX_POINT('',#7353) ;
#7361=VERTEX_POINT('',#7360) ;
#7373=VERTEX_POINT('',#7372) ;
#7380=VERTEX_POINT('',#7379) ;
#7387=VERTEX_POINT('',#7386) ;
#7394=VERTEX_POINT('',#7393) ;
#7401=VERTEX_POINT('',#7400) ;
#7408=VERTEX_POINT('',#7407) ;
#7420=VERTEX_POINT('',#7419) ;
#7427=VERTEX_POINT('',#7426) ;
#7434=VERTEX_POINT('',#7433) ;
#7441=VERTEX_POINT('',#7440) ;
#7448=VERTEX_POINT('',#7447) ;
#7455=VERTEX_POINT('',#7454) ;
#7467=VERTEX_POINT('',#7466) ;
#7474=VERTEX_POINT('',#7473) ;
#7481=VERTEX_POINT('',#7480) ;
#7488=VERTEX_POINT('',#7487) ;
#7495=VERTEX_POINT('',#7494) ;
#7502=VERTEX_POINT('',#7501) ;
#7514=VERTEX_POINT('',#7513) ;
#7521=VERTEX_POINT('',#7520) ;
#7528=VERTEX_POINT('',#7527) ;
#7535=VERTEX_POINT('',#7534) ;
#7542=VERTEX_POINT('',#7541) ;
#7549=VERTEX_POINT('',#7548) ;
#7561=VERTEX_POINT('',#7560) ;
#7568=VERTEX_POINT('',#7567) ;
#7575=VERTEX_POINT('',#7574) ;
#7582=VERTEX_POINT('',#7581) ;
#7589=VERTEX_POINT('',#7588) ;
#7596=VERTEX_POINT('',#7595) ;
#7608=VERTEX_POINT('',#7607) ;
#7615=VERTEX_POINT('',#7614) ;
#7622=VERTEX_POINT('',#7621) ;
#7629=VERTEX_POINT('',#7628) ;
#7636=VERTEX_POINT('',#7635) ;
#7643=VERTEX_POINT('',#7642) ;
#7655=VERTEX_POINT('',#7654) ;
#7662=VERTEX_POINT('',#7661) ;
#7674=VERTEX_POINT('',#7673) ;
#7681=VERTEX_POINT('',#7680) ;
#7688=VERTEX_POINT('',#7687) ;
#7695=VERTEX_POINT('',#7694) ;
#7702=VERTEX_POINT('',#7701) ;
#7709=VERTEX_POINT('',#7708) ;
#7809=VERTEX_POINT('',#7808) ;
#7845=VERTEX_POINT('',#7844) ;
#7881=VERTEX_POINT('',#7880) ;
#7888=VERTEX_POINT('',#7887) ;
#7895=VERTEX_POINT('',#7894) ;
#7902=VERTEX_POINT('',#7901) ;
#7909=VERTEX_POINT('',#7908) ;
#7916=VERTEX_POINT('',#7915) ;
#7948=VERTEX_POINT('',#7947) ;
#7972=VERTEX_POINT('',#7971) ;
#7979=VERTEX_POINT('',#7978) ;
#7986=VERTEX_POINT('',#7985) ;
#7993=VERTEX_POINT('',#7992) ;
#8000=VERTEX_POINT('',#7999) ;
#8049=VERTEX_POINT('',#8048) ;
#8073=VERTEX_POINT('',#8072) ;
#8080=VERTEX_POINT('',#8079) ;
#8105=VERTEX_POINT('',#8104) ;
#8112=VERTEX_POINT('',#8111) ;
#8119=VERTEX_POINT('',#8118) ;
#8126=VERTEX_POINT('',#8125) ;
#8133=VERTEX_POINT('',#8132) ;
#8140=VERTEX_POINT('',#8139) ;
#8147=VERTEX_POINT('',#8146) ;
#8154=VERTEX_POINT('',#8153) ;
#8161=VERTEX_POINT('',#8160) ;
#8186=VERTEX_POINT('',#8185) ;
#8188=VERTEX_POINT('',#8187) ;
#8195=VERTEX_POINT('',#8194) ;
#8202=VERTEX_POINT('',#8201) ;
#8226=VERTEX_POINT('',#8225) ;
#8233=VERTEX_POINT('',#8232) ;
#8292=VERTEX_POINT('',#8291) ;
#8299=VERTEX_POINT('',#8298) ;
#8306=VERTEX_POINT('',#8305) ;
#8313=VERTEX_POINT('',#8312) ;
#8320=VERTEX_POINT('',#8319) ;
#8327=VERTEX_POINT('',#8326) ;
#8334=VERTEX_POINT('',#8333) ;
#8346=VERTEX_POINT('',#8345) ;
#8353=VERTEX_POINT('',#8352) ;
#8360=VERTEX_POINT('',#8359) ;
#8367=VERTEX_POINT('',#8366) ;
#8374=VERTEX_POINT('',#8373) ;
#8381=VERTEX_POINT('',#8380) ;
#8388=VERTEX_POINT('',#8387) ;
#8569=VERTEX_POINT('',#8568) ;
#8599=VERTEX_POINT('',#8598) ;
#8653=VERTEX_POINT('',#8652) ;
#8678=VERTEX_POINT('',#8677) ;
#8727=VERTEX_POINT('',#8726) ;
#8752=VERTEX_POINT('',#8751) ;
#8801=VERTEX_POINT('',#8800) ;
#8826=VERTEX_POINT('',#8825) ;
#8875=VERTEX_POINT('',#8874) ;
#8900=VERTEX_POINT('',#8899) ;
#8949=VERTEX_POINT('',#8948) ;
#8974=VERTEX_POINT('',#8973) ;
#9023=VERTEX_POINT('',#9022) ;
#9048=VERTEX_POINT('',#9047) ;
#9097=VERTEX_POINT('',#9096) ;
#9122=VERTEX_POINT('',#9121) ;
#9176=VERTEX_POINT('',#9175) ;
#9183=VERTEX_POINT('',#9182) ;
#9209=VERTEX_POINT('',#9208) ;
#9216=VERTEX_POINT('',#9215) ;
#9264=VERTEX_POINT('',#9263) ;
#9271=VERTEX_POINT('',#9270) ;
#9295=VERTEX_POINT('',#9294) ;
#9302=VERTEX_POINT('',#9301) ;
#9326=VERTEX_POINT('',#9325) ;
#9333=VERTEX_POINT('',#9332) ;
#9357=VERTEX_POINT('',#9356) ;
#9364=VERTEX_POINT('',#9363) ;
#9388=VERTEX_POINT('',#9387) ;
#9395=VERTEX_POINT('',#9394) ;
#9570=VERTEX_POINT('',#9569) ;
#9577=VERTEX_POINT('',#9576) ;
#9608=VERTEX_POINT('',#9607) ;
#9615=VERTEX_POINT('',#9614) ;
#9658=VERTEX_POINT('',#9657) ;
#9665=VERTEX_POINT('',#9664) ;
#9689=VERTEX_POINT('',#9688) ;
#9696=VERTEX_POINT('',#9695) ;
#9720=VERTEX_POINT('',#9719) ;
#9727=VERTEX_POINT('',#9726) ;
#9751=VERTEX_POINT('',#9750) ;
#9758=VERTEX_POINT('',#9757) ;
#9782=VERTEX_POINT('',#9781) ;
#9789=VERTEX_POINT('',#9788) ;
#9954=VERTEX_POINT('',#9953) ;
#9973=VERTEX_POINT('',#9972) ;
#9997=VERTEX_POINT('',#9996) ;
#9999=VERTEX_POINT('',#9998) ;
#10023=VERTEX_POINT('',#10022) ;
#10030=VERTEX_POINT('',#10029) ;
#10059=VERTEX_POINT('',#10058) ;
#10082=VERTEX_POINT('',#10081) ;
#10173=VERTEX_POINT('',#10172) ;
#10175=VERTEX_POINT('',#10174) ;
#10221=VERTEX_POINT('',#10220) ;
#10223=VERTEX_POINT('',#10222) ;
#10271=VERTEX_POINT('',#10270) ;
#10290=VERTEX_POINT('',#10289) ;
#10314=VERTEX_POINT('',#10313) ;
#10340=VERTEX_POINT('',#10339) ;
#10525=VERTEX_POINT('',#10524) ;
#10550=VERTEX_POINT('',#10549) ;
#10604=VERTEX_POINT('',#10603) ;
#10624=VERTEX_POINT('',#10623) ;
#10673=VERTEX_POINT('',#10672) ;
#10693=VERTEX_POINT('',#10692) ;
#10742=VERTEX_POINT('',#10741) ;
#10762=VERTEX_POINT('',#10761) ;
#10811=VERTEX_POINT('',#10810) ;
#10831=VERTEX_POINT('',#10830) ;
#10880=VERTEX_POINT('',#10879) ;
#10900=VERTEX_POINT('',#10899) ;
#10949=VERTEX_POINT('',#10948) ;
#10969=VERTEX_POINT('',#10968) ;
#11018=VERTEX_POINT('',#11017) ;
#11038=VERTEX_POINT('',#11037) ;
#12=(LENGTH_UNIT()NAMED_UNIT(*)SI_UNIT(.MILLI.,.METRE.)) ;
#13=(NAMED_UNIT(*)PLANE_ANGLE_UNIT()SI_UNIT($,.RADIAN.)) ;
#14=(NAMED_UNIT(*)SI_UNIT($,.STERADIAN.)SOLID_ANGLE_UNIT()) ;
#16=(GEOMETRIC_REPRESENTATION_CONTEXT(3)GLOBAL_UNCERTAINTY_ASSIGNED_CONTEXT((#15))GLOBAL_UNIT_ASSIGNED_CONTEXT((#12,#13,#14))REPRESENTATION_CONTEXT(' ',' ')) ;
ENDSEC;
END-ISO-10303-21;
