ISO-10303-21;
HEADER;
FILE_DESCRIPTION (( 'STEP AP214' ),
    '1' );
FILE_NAME ('ECS-2520MVLC-240-BN-TR.STEP',
    '2024-11-01T12:06:25',
    ( '' ),
    ( '' ),
    'SwSTEP 2.0',
    'SolidWorks 2021',
    '' );
FILE_SCHEMA (( 'AUTOMOTIVE_DESIGN' ));
ENDSEC;

DATA;
#1 = LINE ( 'NONE', #2076, #1624 ) ;
#2 = ADVANCED_FACE ( 'NONE', ( #4301 ), #2223, .T. ) ;
#3 = ORIENTED_EDGE ( 'NONE', *, *, #1487, .F. ) ;
#4 = EDGE_LOOP ( 'NONE', ( #1436, #1897, #591, #1880, #3929, #816, #3259, #3907 ) ) ;
#5 = DIRECTION ( 'NONE',  ( 1.000000000000000000, 0.000000000000000000, 6.969871108835378604E-16 ) ) ;
#6 = CARTESIAN_POINT ( 'NONE',  ( 0.4750000000000001443, 1.402740239554723711, -0.9249999999999997113 ) ) ;
#7 = VERTEX_POINT ( 'NONE', #4240 ) ;
#8 = DIRECTION ( 'NONE',  ( -0.000000000000000000, -1.000000000000000000, -0.000000000000000000 ) ) ;
#9 = SURFACE_STYLE_FILL_AREA ( #3098 ) ;
#10 = AXIS2_PLACEMENT_3D ( 'NONE', #4385, #3376, #1935 ) ;
#11 = CIRCLE ( 'NONE', #639, 0.1000000000000000472 ) ;
#12 = DIRECTION ( 'NONE',  ( 0.000000000000000000, 0.000000000000000000, -1.000000000000000000 ) ) ;
#13 = EDGE_CURVE ( 'NONE', #3105, #3555, #1805, .T. ) ;
#14 = VECTOR ( 'NONE', #3599, 1000.000000000000000 ) ;
#15 = COLOUR_RGB ( '',0.9686274509803921573, 0.8784313725490195957, 0.5999999999999999778 ) ;
#16 = FACE_OUTER_BOUND ( 'NONE', #3167, .T. ) ;
#17 = CARTESIAN_POINT ( 'NONE',  ( 1.250000000000000222, 0.000000000000000000, 0.9249999999999997113 ) ) ;
#18 = VECTOR ( 'NONE', #476, 1000.000000000000000 ) ;
#19 = DIRECTION ( 'NONE',  ( -0.000000000000000000, -1.000000000000000000, -0.000000000000000000 ) ) ;
#20 = VECTOR ( 'NONE', #4250, 1000.000000000000000 ) ;
#21 = DIRECTION ( 'NONE',  ( -0.000000000000000000, -1.000000000000000000, -0.000000000000000000 ) ) ;
#22 = ORIENTED_EDGE ( 'NONE', *, *, #1706, .F. ) ;
#23 = CARTESIAN_POINT ( 'NONE',  ( -0.1500000000000002442, 0.3750000000000000000, -0.9500000000000079492 ) ) ;
#24 = VERTEX_POINT ( 'NONE', #2171 ) ;
#25 = DIRECTION ( 'NONE',  ( 0.000000000000000000, 0.000000000000000000, -1.000000000000000000 ) ) ;
#26 = VECTOR ( 'NONE', #3125, 1000.000000000000000 ) ;
#27 = ORIENTED_EDGE ( 'NONE', *, *, #175, .T. ) ;
#28 = LINE ( 'NONE', #3037, #2155 ) ;
#29 = FILL_AREA_STYLE ('',( #765 ) ) ;
#30 = VECTOR ( 'NONE', #2920, 1000.000000000000000 ) ;
#31 = ADVANCED_FACE ( 'NONE', ( #3566 ), #1834, .F. ) ;
#32 = DIRECTION ( 'NONE',  ( -1.000000000000000000, 0.000000000000000000, -1.734723475976806108E-16 ) ) ;
#33 = CARTESIAN_POINT ( 'NONE',  ( -1.174999999999999822, 0.000000000000000000, -0.9999999999999997780 ) ) ;
#34 = CARTESIAN_POINT ( 'NONE',  ( -1.175000000000000711, 0.000000000000000000, 0.3250000000000001776 ) ) ;
#35 = DIRECTION ( 'NONE',  ( 0.000000000000000000, 0.000000000000000000, 1.000000000000000000 ) ) ;
#36 = VERTEX_POINT ( 'NONE', #2149 ) ;
#37 = EDGE_CURVE ( 'NONE', #1849, #2015, #1159, .T. ) ;
#38 = LINE ( 'NONE', #3422, #301 ) ;
#39 = EDGE_CURVE ( 'NONE', #2221, #3542, #2585, .T. ) ;
#40 = DIRECTION ( 'NONE',  ( 1.000000000000000000, 0.000000000000000000, 0.000000000000000000 ) ) ;
#41 = EDGE_CURVE ( 'NONE', #2192, #3887, #3614, .T. ) ;
#42 = EDGE_LOOP ( 'NONE', ( #621, #2205, #22, #2691 ) ) ;
#43 = ORIENTED_EDGE ( 'NONE', *, *, #1507, .F. ) ;
#44 = VECTOR ( 'NONE', #3477, 1000.000000000000000 ) ;
#45 = DIRECTION ( 'NONE',  ( 1.000000000000000000, 0.000000000000000000, 0.000000000000000000 ) ) ;
#46 = DIRECTION ( 'NONE',  ( -1.000000000000000000, -0.000000000000000000, -0.000000000000000000 ) ) ;
#47 = SURFACE_STYLE_USAGE ( .BOTH. , #2464 ) ;
#48 = VERTEX_POINT ( 'NONE', #1208 ) ;
#49 = VERTEX_POINT ( 'NONE', #833 ) ;
#50 = CARTESIAN_POINT ( 'NONE',  ( -0.2000000000000004552, 0.7500000000000000000, 0.9999999999999997780 ) ) ;
#51 = ORIENTED_EDGE ( 'NONE', *, *, #320, .F. ) ;
#52 = EDGE_CURVE ( 'NONE', #1881, #131, #1236, .T. ) ;
#53 = DIRECTION ( 'NONE',  ( -0.000000000000000000, -1.000000000000000000, 0.000000000000000000 ) ) ;
#54 = DIRECTION ( 'NONE',  ( -0.000000000000000000, -1.000000000000000000, 0.000000000000000000 ) ) ;
#55 = ORIENTED_EDGE ( 'NONE', *, *, #3458, .F. ) ;
#56 = DIRECTION ( 'NONE',  ( 0.000000000000000000, -1.000000000000000000, 0.000000000000000000 ) ) ;
#57 = VERTEX_POINT ( 'NONE', #883 ) ;
#58 = CARTESIAN_POINT ( 'NONE',  ( -1.100000000000000311, 0.3750000000000000000, 0.9249999999999997113 ) ) ;
#59 = DIRECTION ( 'NONE',  ( 0.000000000000000000, 0.000000000000000000, 1.000000000000000000 ) ) ;
#60 = LINE ( 'NONE', #17, #2981 ) ;
#61 = EDGE_LOOP ( 'NONE', ( #4365, #1972, #3502, #468, #1705, #1761, #1181 ) ) ;
#62 = CARTESIAN_POINT ( 'NONE',  ( -1.175000000000000044, 0.000000000000000000, 0.9999999999999997780 ) ) ;
#63 = DIRECTION ( 'NONE',  ( 1.000000000000000000, 0.000000000000000000, 0.000000000000000000 ) ) ;
#64 = AXIS2_PLACEMENT_3D ( 'NONE', #3567, #2248, #1503 ) ;
#65 = DIRECTION ( 'NONE',  ( 0.000000000000000000, 1.000000000000000000, 0.000000000000000000 ) ) ;
#66 = CARTESIAN_POINT ( 'NONE',  ( -1.150000000000000133, 0.7999999999999999334, -0.7499999999999995559 ) ) ;
#67 = CLOSED_SHELL ( 'NONE', ( #647, #859, #2345, #4227, #3715, #2844 ) ) ;
#68 = FILL_AREA_STYLE_COLOUR ( '', #3003 ) ;
#69 = AXIS2_PLACEMENT_3D ( 'NONE', #1669, #1275, #2306 ) ;
#70 = DIRECTION ( 'NONE',  ( -0.000000000000000000, -1.000000000000000000, -0.000000000000000000 ) ) ;
#71 = ORIENTED_EDGE ( 'NONE', *, *, #3725, .F. ) ;
#72 = LINE ( 'NONE', #1095, #159 ) ;
#73 = DIRECTION ( 'NONE',  ( 1.000000000000000000, -0.000000000000000000, 1.734723475976806108E-16 ) ) ;
#74 = CARTESIAN_POINT ( 'NONE',  ( 0.1500000000000000777, 0.7500000000000000000, -0.9499999999999996225 ) ) ;
#75 = ORIENTED_EDGE ( 'NONE', *, *, #1108, .T. ) ;
#76 = CARTESIAN_POINT ( 'NONE',  ( -1.250000000000000000, 0.000000000000000000, -0.9249999999999998224 ) ) ;
#77 = ORIENTED_EDGE ( 'NONE', *, *, #2523, .F. ) ;
#78 = CARTESIAN_POINT ( 'NONE',  ( 0.4749999999999999778, 0.3750000000000000000, 0.3250000000000000111 ) ) ;
#79 = ORIENTED_EDGE ( 'NONE', *, *, #1038, .F. ) ;
#80 = CARTESIAN_POINT ( 'NONE',  ( 1.175000000000000711, 0.000000000000000000, -0.8499999999999993117 ) ) ;
#81 = VERTEX_POINT ( 'NONE', #3271 ) ;
#82 = LINE ( 'NONE', #822, #4198 ) ;
#83 = VECTOR ( 'NONE', #45, 1000.000000000000000 ) ;
#84 = ORIENTED_EDGE ( 'NONE', *, *, #4077, .T. ) ;
#85 = FACE_OUTER_BOUND ( 'NONE', #3102, .T. ) ;
#86 = VECTOR ( 'NONE', #3388, 1000.000000000000000 ) ;
#87 = DIRECTION ( 'NONE',  ( 0.000000000000000000, 0.000000000000000000, -1.000000000000000000 ) ) ;
#88 = CARTESIAN_POINT ( 'NONE',  ( 1.000000000000000000, 0.8499999999999999778, -0.8999999999999999112 ) ) ;
#89 = CIRCLE ( 'NONE', #2623, 0.1000000000000001582 ) ;
#90 = CIRCLE ( 'NONE', #437, 0.04999999999999991257 ) ;
#91 = EDGE_LOOP ( 'NONE', ( #3877, #359, #1006, #1040, #1251, #3289, #1613 ) ) ;
#92 = CARTESIAN_POINT ( 'NONE',  ( 1.175000000000000266, 0.3749999999999998890, -0.9999999999999995559 ) ) ;
#93 = CARTESIAN_POINT ( 'NONE',  ( 0.4749999999999999223, 0.000000000000000000, 0.9249999999999999334 ) ) ;
#94 = EDGE_CURVE ( 'NONE', #2447, #3564, #1063, .T. ) ;
#95 = EDGE_CURVE ( 'NONE', #3426, #2129, #3544, .T. ) ;
#96 = FACE_OUTER_BOUND ( 'NONE', #3997, .T. ) ;
#97 = DIRECTION ( 'NONE',  ( -0.000000000000000000, -1.000000000000000000, 0.000000000000000000 ) ) ;
#98 = DIRECTION ( 'NONE',  ( 0.7071067811865470176, 0.000000000000000000, 0.7071067811865480168 ) ) ;
#99 = ADVANCED_FACE ( 'NONE', ( #2941 ), #3641, .F. ) ;
#100 = EDGE_LOOP ( 'NONE', ( #4132, #743, #1131, #2738 ) ) ;
#101 = CARTESIAN_POINT ( 'NONE',  ( -0.4749999999999998668, 0.3749999999999998890, 0.6249999999999997780 ) ) ;
#102 = EDGE_LOOP ( 'NONE', ( #237, #1483, #1604, #2406, #4019, #3474, #1241, #1105 ) ) ;
#103 = CARTESIAN_POINT ( 'NONE',  ( 1.000000000000000000, 0.7500000000000000000, -0.7499999999999996669 ) ) ;
#104 = VECTOR ( 'NONE', #2067, 1000.000000000000000 ) ;
#105 = VECTOR ( 'NONE', #3549, 1000.000000000000000 ) ;
#106 = ORIENTED_EDGE ( 'NONE', *, *, #2020, .F. ) ;
#107 = CARTESIAN_POINT ( 'NONE',  ( -0.4749999999999998668, 0.3750000000000000000, 0.6249999999999997780 ) ) ;
#108 = ORIENTED_EDGE ( 'NONE', *, *, #3397, .T. ) ;
#109 = ADVANCED_FACE ( 'NONE', ( #2014 ), #2061, .T. ) ;
#110 = FACE_OUTER_BOUND ( 'NONE', #3357, .T. ) ;
#111 = DIRECTION ( 'NONE',  ( -1.000000000000000000, 0.000000000000000000, -0.000000000000000000 ) ) ;
#112 = ORIENTED_EDGE ( 'NONE', *, *, #604, .F. ) ;
#113 = CARTESIAN_POINT ( 'NONE',  ( 1.000000000000000000, 0.9000000000000000222, -0.8499999999999998668 ) ) ;
#114 = EDGE_CURVE ( 'NONE', #3710, #355, #3077, .T. ) ;
#115 = ORIENTED_EDGE ( 'NONE', *, *, #1153, .F. ) ;
#116 = ORIENTED_EDGE ( 'NONE', *, *, #1455, .F. ) ;
#117 = FACE_OUTER_BOUND ( 'NONE', #139, .T. ) ;
#118 = DIRECTION ( 'NONE',  ( 0.000000000000000000, -0.000000000000000000, 1.000000000000000000 ) ) ;
#119 = DIRECTION ( 'NONE',  ( -0.000000000000000000, -1.000000000000000000, -0.000000000000000000 ) ) ;
#120 = VECTOR ( 'NONE', #1084, 1000.000000000000000 ) ;
#121 = EDGE_CURVE ( 'NONE', #3133, #2231, #3117, .T. ) ;
#122 = CARTESIAN_POINT ( 'NONE',  ( -1.175000000000000488, 0.3750000000000000000, 0.8499999999999992006 ) ) ;
#123 = AXIS2_PLACEMENT_3D ( 'NONE', #2213, #3200, #111 ) ;
#124 = CARTESIAN_POINT ( 'NONE',  ( 0.000000000000000000, 0.7500000000000000000, -0.9499999999999996225 ) ) ;
#125 = ORIENTED_EDGE ( 'NONE', *, *, #2340, .T. ) ;
#126 = LINE ( 'NONE', #890, #2859 ) ;
#127 = FACE_OUTER_BOUND ( 'NONE', #1024, .T. ) ;
#128 = ORIENTED_EDGE ( 'NONE', *, *, #2142, .F. ) ;
#129 = AXIS2_PLACEMENT_3D ( 'NONE', #3866, #777, #3535 ) ;
#130 = CARTESIAN_POINT ( 'NONE',  ( 0.4749999999999999778, 1.402740239554723711, -0.3250000000000000111 ) ) ;
#131 = VERTEX_POINT ( 'NONE', #1372 ) ;
#132 = FACE_OUTER_BOUND ( 'NONE', #1876, .T. ) ;
#133 = CARTESIAN_POINT ( 'NONE',  ( -1.000000000000000000, 0.8499999999999999778, -0.8499999999999996447 ) ) ;
#134 = EDGE_CURVE ( 'NONE', #2618, #3928, #3396, .T. ) ;
#135 = VERTEX_POINT ( 'NONE', #716 ) ;
#136 = DIRECTION ( 'NONE',  ( -0.7071067811865470176, 0.000000000000000000, -0.7071067811865479058 ) ) ;
#137 = EDGE_LOOP ( 'NONE', ( #3836, #521, #4203, #1770 ) ) ;
#138 = AXIS2_PLACEMENT_3D ( 'NONE', #2177, #2127, #3926 ) ;
#139 = EDGE_LOOP ( 'NONE', ( #1782, #982, #1046, #1532 ) ) ;
#140 = CARTESIAN_POINT ( 'NONE',  ( 1.250000000000000000, 0.3750000000000000000, 1.000000000000000000 ) ) ;
#141 = EDGE_CURVE ( 'NONE', #3872, #2906, #307, .T. ) ;
#142 = CIRCLE ( 'NONE', #2677, 0.07499999999999998335 ) ;
#143 = DIRECTION ( 'NONE',  ( 0.7071067811865461294, 0.000000000000000000, 0.7071067811865489050 ) ) ;
#144 = PRESENTATION_LAYER_ASSIGNMENT (  '', '', ( #1354 ) ) ;
#145 = CARTESIAN_POINT ( 'NONE',  ( -0.6424631817578864146, 0.8499999999999999778, 0.4462738344141491953 ) ) ;
#146 = LINE ( 'NONE', #124, #4382 ) ;
#147 = CARTESIAN_POINT ( 'NONE',  ( 0.000000000000000000, 0.7500000000000000000, 0.9999999999999997780 ) ) ;
#148 = PLANE ( 'NONE',  #3806 ) ;
#149 = DIRECTION ( 'NONE',  ( -0.000000000000000000, -1.000000000000000000, -0.000000000000000000 ) ) ;
#150 = ORIENTED_EDGE ( 'NONE', *, *, #3760, .T. ) ;
#151 = DIRECTION ( 'NONE',  ( -1.000000000000000000, 0.000000000000000000, 4.130293990420976292E-16 ) ) ;
#152 = ORIENTED_EDGE ( 'NONE', *, *, #241, .T. ) ;
#153 = EDGE_CURVE ( 'NONE', #1170, #3495, #3454, .T. ) ;
#154 = CARTESIAN_POINT ( 'NONE',  ( -0.1500000000000000777, 0.7500000000000000000, 0.9499999999999996225 ) ) ;
#155 = CARTESIAN_POINT ( 'NONE',  ( 0.4750000000000001443, 0.000000000000000000, -0.9249999999999997113 ) ) ;
#156 = CARTESIAN_POINT ( 'NONE',  ( 1.175000000000000044, 0.000000000000000000, 1.000000000000000000 ) ) ;
#157 = AXIS2_PLACEMENT_3D ( 'NONE', #917, #4346, #1292 ) ;
#158 = VERTEX_POINT ( 'NONE', #4406 ) ;
#159 = VECTOR ( 'NONE', #143, 1000.000000000000114 ) ;
#160 = STYLED_ITEM ( 'NONE', ( #498 ), #453 ) ;
#161 = ORIENTED_EDGE ( 'NONE', *, *, #4247, .F. ) ;
#162 = ORIENTED_EDGE ( 'NONE', *, *, #3685, .T. ) ;
#163 = CARTESIAN_POINT ( 'NONE',  ( -1.250000000000000000, 0.7500000000000000000, -0.9999999999999997780 ) ) ;
#164 = CIRCLE ( 'NONE', #2832, 0.1500000000000001887 ) ;
#165 = DIRECTION ( 'NONE',  ( -0.7071067811865460184, -0.000000000000000000, 0.7071067811865489050 ) ) ;
#166 = CARTESIAN_POINT ( 'NONE',  ( -0.7749999999999999112, 0.000000000000000000, 0.3249999999999997891 ) ) ;
#167 = VERTEX_POINT ( 'NONE', #692 ) ;
#168 = DIRECTION ( 'NONE',  ( 0.000000000000000000, -0.000000000000000000, 1.000000000000000000 ) ) ;
#169 = VERTEX_POINT ( 'NONE', #1010 ) ;
#170 = VERTEX_POINT ( 'NONE', #3061 ) ;
#171 = DIRECTION ( 'NONE',  ( 0.000000000000000000, 0.000000000000000000, 1.000000000000000000 ) ) ;
#172 = ORIENTED_EDGE ( 'NONE', *, *, #4404, .F. ) ;
#173 = DIRECTION ( 'NONE',  ( 0.000000000000000000, 0.000000000000000000, -1.000000000000000000 ) ) ;
#174 = CARTESIAN_POINT ( 'NONE',  ( -1.200000000000000178, 0.7500000000000000000, -0.7499999999999995559 ) ) ;
#175 = EDGE_CURVE ( 'NONE', #1824, #1580, #1640, .T. ) ;
#176 = CARTESIAN_POINT ( 'NONE',  ( -0.6424631817578864146, 0.8499999999999999778, 0.3483221833572892057 ) ) ;
#177 = ADVANCED_FACE ( 'NONE', ( #3484 ), #2415, .F. ) ;
#178 = VECTOR ( 'NONE', #1754, 1000.000000000000000 ) ;
#179 = VERTEX_POINT ( 'NONE', #2393 ) ;
#180 = EDGE_CURVE ( 'NONE', #3928, #49, #3770, .T. ) ;
#181 = CARTESIAN_POINT ( 'NONE',  ( -0.6424631817578864146, 0.9000000000000000222, 0.3972980088857192005 ) ) ;
#182 = ORIENTED_EDGE ( 'NONE', *, *, #94, .T. ) ;
#183 = ORIENTED_EDGE ( 'NONE', *, *, #623, .F. ) ;
#184 = ORIENTED_EDGE ( 'NONE', *, *, #1578, .F. ) ;
#185 = CARTESIAN_POINT ( 'NONE',  ( -0.4749999999999999223, 0.3749999999999998890, 0.9249999999999998224 ) ) ;
#186 = DIRECTION ( 'NONE',  ( 0.000000000000000000, 0.000000000000000000, 1.000000000000000000 ) ) ;
#187 = LINE ( 'NONE', #1554, #2468 ) ;
#188 = AXIS2_PLACEMENT_3D ( 'NONE', #2334, #478, #4368 ) ;
#189 = LINE ( 'NONE', #4282, #3714 ) ;
#190 = EDGE_LOOP ( 'NONE', ( #1142, #2720, #3983, #3352 ) ) ;
#191 = ORIENTED_EDGE ( 'NONE', *, *, #1812, .T. ) ;
#192 = CARTESIAN_POINT ( 'NONE',  ( -1.174999999999999822, 0.3750000000000000000, -0.9999999999999997780 ) ) ;
#193 = EDGE_CURVE ( 'NONE', #2733, #1819, #2789, .T. ) ;
#194 = CIRCLE ( 'NONE', #1109, 0.05000000000000034972 ) ;
#195 = DIRECTION ( 'NONE',  ( 0.000000000000000000, 0.000000000000000000, 1.000000000000000000 ) ) ;
#196 = AXIS2_PLACEMENT_3D ( 'NONE', #1182, #2846, #4196 ) ;
#197 = ORIENTED_EDGE ( 'NONE', *, *, #3097, .F. ) ;
#198 = DIRECTION ( 'NONE',  ( 0.7071067811865424657, 0.000000000000000000, -0.7071067811865526798 ) ) ;
#199 = ORIENTED_EDGE ( 'NONE', *, *, #4377, .T. ) ;
#200 = ORIENTED_EDGE ( 'NONE', *, *, #1946, .T. ) ;
#201 = LINE ( 'NONE', #1987, #3578 ) ;
#202 = EDGE_LOOP ( 'NONE', ( #2806, #3048, #2893, #1140 ) ) ;
#203 = DIRECTION ( 'NONE',  ( -0.000000000000000000, -1.000000000000000000, -0.000000000000000000 ) ) ;
#204 = VECTOR ( 'NONE', #1542, 1000.000000000000000 ) ;
#205 = EDGE_CURVE ( 'NONE', #457, #1849, #1056, .T. ) ;
#206 = DIRECTION ( 'NONE',  ( 0.000000000000000000, -1.000000000000000000, 0.000000000000000000 ) ) ;
#207 = CARTESIAN_POINT ( 'NONE',  ( -1.175000000000000266, 0.3750000000000000000, -0.8499999999999996447 ) ) ;
#208 = SURFACE_STYLE_USAGE ( .BOTH. , #3726 ) ;
#209 = DIRECTION ( 'NONE',  ( 0.000000000000000000, 1.000000000000000000, -0.000000000000000000 ) ) ;
#210 = ORIENTED_EDGE ( 'NONE', *, *, #1916, .T. ) ;
#211 = ORIENTED_EDGE ( 'NONE', *, *, #1217, .T. ) ;
#212 = ORIENTED_EDGE ( 'NONE', *, *, #4156, .T. ) ;
#213 = CARTESIAN_POINT ( 'NONE',  ( -0.4749999999999999223, 0.3750000000000000000, 0.9249999999999998224 ) ) ;
#214 = CARTESIAN_POINT ( 'NONE',  ( -0.4749999999999998668, 0.3750000000000000000, 0.6249999999999997780 ) ) ;
#215 = CARTESIAN_POINT ( 'NONE',  ( -0.4749999999999997558, 0.000000000000000000, -0.9249999999999998224 ) ) ;
#216 = DIRECTION ( 'NONE',  ( 1.000000000000000000, -0.000000000000000000, 0.000000000000000000 ) ) ;
#217 = VERTEX_POINT ( 'NONE', #3734 ) ;
#218 = ORIENTED_EDGE ( 'NONE', *, *, #2649, .T. ) ;
#219 = AXIS2_PLACEMENT_3D ( 'NONE', #3823, #1087, #3332 ) ;
#220 = CARTESIAN_POINT ( 'NONE',  ( 1.000000000000000000, 0.9000000000000000222, 0.7499999999999997780 ) ) ;
#221 = VERTEX_POINT ( 'NONE', #486 ) ;
#222 = CARTESIAN_POINT ( 'NONE',  ( -1.250000000000000000, 0.3750000000000000000, -0.9249999999999998224 ) ) ;
#223 = VERTEX_POINT ( 'NONE', #3832 ) ;
#224 = ORIENTED_EDGE ( 'NONE', *, *, #3981, .F. ) ;
#225 = CARTESIAN_POINT ( 'NONE',  ( 1.000000000000000000, 3.961045573002793585, 0.9499999999999998446 ) ) ;
#226 = CARTESIAN_POINT ( 'NONE',  ( 0.4749999999999999778, 0.3750000000000000000, -0.3250000000000000111 ) ) ;
#227 = FACE_OUTER_BOUND ( 'NONE', #952, .T. ) ;
#228 = CARTESIAN_POINT ( 'NONE',  ( -1.100000000000000089, 3.961045573002793585, 0.7499999999999997780 ) ) ;
#229 = ORIENTED_EDGE ( 'NONE', *, *, #3397, .F. ) ;
#230 = EDGE_CURVE ( 'NONE', #2898, #1873, #2152, .T. ) ;
#231 = LINE ( 'NONE', #3056, #3137 ) ;
#232 = EDGE_LOOP ( 'NONE', ( #1779, #3450, #452, #3 ) ) ;
#233 = MECHANICAL_DESIGN_GEOMETRIC_PRESENTATION_REPRESENTATION (  '', ( #3329 ), #1870 ) ;
#234 = VECTOR ( 'NONE', #3060, 1000.000000000000000 ) ;
#235 = DIRECTION ( 'NONE',  ( 0.000000000000000000, 0.000000000000000000, 1.000000000000000000 ) ) ;
#236 = VECTOR ( 'NONE', #3587, 1000.000000000000000 ) ;
#237 = ORIENTED_EDGE ( 'NONE', *, *, #3903, .T. ) ;
#238 = ORIENTED_EDGE ( 'NONE', *, *, #1298, .F. ) ;
#239 = VECTOR ( 'NONE', #3390, 1000.000000000000114 ) ;
#240 = AXIS2_PLACEMENT_3D ( 'NONE', #2651, #1317, #926 ) ;
#241 = EDGE_CURVE ( 'NONE', #4142, #2011, #2564, .T. ) ;
#242 = DIRECTION ( 'NONE',  ( -0.000000000000000000, -1.000000000000000000, -0.000000000000000000 ) ) ;
#243 = ORIENTED_EDGE ( 'NONE', *, *, #1266, .F. ) ;
#244 = LINE ( 'NONE', #3980, #3028 ) ;
#245 = CARTESIAN_POINT ( 'NONE',  ( 0.4749999999999999778, 0.3750000000000000000, 0.3250000000000000111 ) ) ;
#246 = PLANE ( 'NONE',  #848 ) ;
#247 = DIRECTION ( 'NONE',  ( -1.000000000000000000, 0.000000000000000000, -6.195440985631451373E-16 ) ) ;
#248 = DIRECTION ( 'NONE',  ( -2.710505431213762071E-16, 0.000000000000000000, 1.000000000000000000 ) ) ;
#249 = CARTESIAN_POINT ( 'NONE',  ( -0.4749999999999998668, 0.3750000000000000000, 0.6249999999999997780 ) ) ;
#250 = AXIS2_PLACEMENT_3D ( 'NONE', #723, #3082, #4411 ) ;
#251 = ORIENTED_EDGE ( 'NONE', *, *, #1684, .F. ) ;
#252 = AXIS2_PLACEMENT_3D ( 'NONE', #1338, #2735, #3775 ) ;
#253 = DIRECTION ( 'NONE',  ( 0.000000000000000000, 1.000000000000000000, 0.000000000000000000 ) ) ;
#254 = VECTOR ( 'NONE', #1316, 1000.000000000000000 ) ;
#255 = VERTEX_POINT ( 'NONE', #1839 ) ;
#256 = ORIENTED_EDGE ( 'NONE', *, *, #1855, .T. ) ;
#257 = SURFACE_STYLE_USAGE ( .BOTH. , #2273 ) ;
#258 =( LENGTH_UNIT ( ) NAMED_UNIT ( * ) SI_UNIT ( .MILLI., .METRE. ) );
#259 = EDGE_CURVE ( 'NONE', #2437, #1324, #4285, .T. ) ;
#260 = CARTESIAN_POINT ( 'NONE',  ( 1.200000000000000178, 3.961045573002793585, 0.7499999999999997780 ) ) ;
#261 = ORIENTED_EDGE ( 'NONE', *, *, #2546, .F. ) ;
#262 = ORIENTED_EDGE ( 'NONE', *, *, #2141, .F. ) ;
#263 = EDGE_CURVE ( 'NONE', #2765, #1260, #2469, .T. ) ;
#264 = DIRECTION ( 'NONE',  ( 1.000000000000000000, -1.807003620809170934E-16, 0.000000000000000000 ) ) ;
#265 = ORIENTED_EDGE ( 'NONE', *, *, #267, .F. ) ;
#266 = CARTESIAN_POINT ( 'NONE',  ( 0.1500000000000001055, 0.000000000000000000, 1.000000000000000000 ) ) ;
#267 = EDGE_CURVE ( 'NONE', #1281, #955, #1096, .T. ) ;
#268 = DIRECTION ( 'NONE',  ( 1.000000000000000000, 0.000000000000000000, 6.969871108835378604E-16 ) ) ;
#269 = DIRECTION ( 'NONE',  ( 1.000000000000000000, 0.000000000000000000, 0.000000000000000000 ) ) ;
#270 = LINE ( 'NONE', #1017, #2218 ) ;
#271 = VECTOR ( 'NONE', #2343, 1000.000000000000000 ) ;
#272 = VECTOR ( 'NONE', #1813, 1000.000000000000000 ) ;
#273 = PLANE ( 'NONE',  #582 ) ;
#274 = AXIS2_PLACEMENT_3D ( 'NONE', #2121, #2838, #751 ) ;
#275 = LINE ( 'NONE', #1326, #609 ) ;
#276 = ORIENTED_EDGE ( 'NONE', *, *, #1693, .T. ) ;
#277 = FILL_AREA_STYLE_COLOUR ( '', #3062 ) ;
#278 = CARTESIAN_POINT ( 'NONE',  ( 1.175000000000000044, 0.000000000000000000, 1.000000000000000000 ) ) ;
#279 = ORIENTED_EDGE ( 'NONE', *, *, #968, .F. ) ;
#280 = EDGE_LOOP ( 'NONE', ( #988, #1596, #3053, #2718, #3632 ) ) ;
#281 = CARTESIAN_POINT ( 'NONE',  ( 1.250000000000000444, 0.000000000000000000, -0.9249999999999994893 ) ) ;
#282 = CARTESIAN_POINT ( 'NONE',  ( -1.249999999999999778, 0.3750000000000000000, -0.9999999999999997780 ) ) ;
#283 = CYLINDRICAL_SURFACE ( 'NONE', #4153, 0.1000000000000000472 ) ;
#284 = CARTESIAN_POINT ( 'NONE',  ( 1.175000000000000044, 0.7500000000000000000, 0.9999999999999997780 ) ) ;
#285 = VECTOR ( 'NONE', #3858, 1000.000000000000000 ) ;
#286 = ORIENTED_EDGE ( 'NONE', *, *, #3095, .F. ) ;
#287 = DIRECTION ( 'NONE',  ( 0.000000000000000000, -1.000000000000000000, 0.000000000000000000 ) ) ;
#288 = AXIS2_PLACEMENT_3D ( 'NONE', #1348, #3460, #2745 ) ;
#289 = DIRECTION ( 'NONE',  ( 0.000000000000000000, 1.000000000000000000, -0.000000000000000000 ) ) ;
#290 = DIRECTION ( 'NONE',  ( -0.000000000000000000, -1.000000000000000000, -0.000000000000000000 ) ) ;
#291 = VECTOR ( 'NONE', #1431, 1000.000000000000000 ) ;
#292 = DIRECTION ( 'NONE',  ( 0.000000000000000000, -0.000000000000000000, 1.000000000000000000 ) ) ;
#293 = CARTESIAN_POINT ( 'NONE',  ( -1.250000000000000000, 0.000000000000000000, -0.000000000000000000 ) ) ;
#294 = EDGE_CURVE ( 'NONE', #3865, #3872, #350, .T. ) ;
#295 = EDGE_CURVE ( 'NONE', #1740, #3420, #840, .T. ) ;
#296 = SURFACE_STYLE_USAGE ( .BOTH. , #903 ) ;
#297 = LINE ( 'NONE', #1575, #757 ) ;
#298 = FACE_OUTER_BOUND ( 'NONE', #1227, .T. ) ;
#299 = LINE ( 'NONE', #1984, #239 ) ;
#300 = ORIENTED_EDGE ( 'NONE', *, *, #1487, .T. ) ;
#301 = VECTOR ( 'NONE', #1698, 1000.000000000000000 ) ;
#302 = ORIENTED_EDGE ( 'NONE', *, *, #3625, .F. ) ;
#303 = FACE_OUTER_BOUND ( 'NONE', #3072, .T. ) ;
#304 = VECTOR ( 'NONE', #1123, 1000.000000000000000 ) ;
#305 = VECTOR ( 'NONE', #473, 1000.000000000000000 ) ;
#306 = CARTESIAN_POINT ( 'NONE',  ( -1.200000000000000178, 0.7999999999999999334, 0.7499999999999997780 ) ) ;
#307 = LINE ( 'NONE', #1395, #1424 ) ;
#308 = CIRCLE ( 'NONE', #3187, 0.1000000000000001582 ) ;
#309 = EDGE_LOOP ( 'NONE', ( #868, #2977, #4109, #1857 ) ) ;
#310 = DIRECTION ( 'NONE',  ( -1.000000000000000000, 9.035018104045853438E-17, -0.000000000000000000 ) ) ;
#311 = CARTESIAN_POINT ( 'NONE',  ( 1.175000000000000711, 0.000000000000000000, -0.3250000000000001221 ) ) ;
#312 = DIRECTION ( 'NONE',  ( -1.000000000000000000, -0.000000000000000000, 2.323290369611792539E-16 ) ) ;
#313 = ADVANCED_FACE ( 'NONE', ( #2107 ), #2830, .T. ) ;
#314 = DIRECTION ( 'NONE',  ( 0.000000000000000000, -0.000000000000000000, -1.000000000000000000 ) ) ;
#315 = DIRECTION ( 'NONE',  ( 0.000000000000000000, 0.000000000000000000, 1.000000000000000000 ) ) ;
#316 = EDGE_CURVE ( 'NONE', #1968, #2117, #398, .T. ) ;
#317 = EDGE_CURVE ( 'NONE', #1353, #916, #3900, .T. ) ;
#318 = CYLINDRICAL_SURFACE ( 'NONE', #3616, 0.07499999999999998335 ) ;
#319 = EDGE_CURVE ( 'NONE', #3507, #3779, #1594, .T. ) ;
#320 = EDGE_CURVE ( 'NONE', #3237, #2368, #3504, .T. ) ;
#321 = UNCERTAINTY_MEASURE_WITH_UNIT (LENGTH_MEASURE( 1.000000000000000082E-05 ), #2429, 'distance_accuracy_value', 'NONE');
#322 = CARTESIAN_POINT ( 'NONE',  ( 0.1500000000000001055, 0.7500000000000000000, 1.000000000000000000 ) ) ;
#323 = AXIS2_PLACEMENT_3D ( 'NONE', #938, #2952, #921 ) ;
#324 = CARTESIAN_POINT ( 'NONE',  ( 0.4750000000000001443, 0.3750000000000000000, -0.9249999999999997113 ) ) ;
#325 = DIRECTION ( 'NONE',  ( -0.000000000000000000, -1.000000000000000000, 0.000000000000000000 ) ) ;
#326 = EDGE_CURVE ( 'NONE', #871, #2706, #3228, .T. ) ;
#327 = CARTESIAN_POINT ( 'NONE',  ( 1.000000000000000000, 3.961045573002793585, -0.7499999999999996669 ) ) ;
#328 = CARTESIAN_POINT ( 'NONE',  ( 1.175000000000000711, 0.000000000000000000, 0.3250000000000004552 ) ) ;
#329 = LINE ( 'NONE', #347, #2635 ) ;
#330 = CARTESIAN_POINT ( 'NONE',  ( 1.000000000000000000, 3.961045573002793585, -0.9499999999999998446 ) ) ;
#331 = CIRCLE ( 'NONE', #3706, 0.05000000000000002359 ) ;
#332 = ORIENTED_EDGE ( 'NONE', *, *, #4337, .F. ) ;
#333 = CARTESIAN_POINT ( 'NONE',  ( 0.2000000000000004552, 0.000000000000000000, 0.9999999999999997780 ) ) ;
#334 = ORIENTED_EDGE ( 'NONE', *, *, #2059, .T. ) ;
#335 = ADVANCED_FACE ( 'NONE', ( #787 ), #764, .F. ) ;
#336 = VECTOR ( 'NONE', #614, 1000.000000000000000 ) ;
#337 = LINE ( 'NONE', #369, #1226 ) ;
#338 = AXIS2_PLACEMENT_3D ( 'NONE', #1235, #3704, #983 ) ;
#339 = CARTESIAN_POINT ( 'NONE',  ( 1.000000000000000000, 0.7500000000000000000, 0.9499999999999998446 ) ) ;
#340 = AXIS2_PLACEMENT_3D ( 'NONE', #1701, #708, #4135 ) ;
#341 = CARTESIAN_POINT ( 'NONE',  ( -1.250000000000000000, 0.7500000000000000000, 0.9249999999999998224 ) ) ;
#342 = EDGE_LOOP ( 'NONE', ( #747, #3410, #2033, #3222 ) ) ;
#343 = DIRECTION ( 'NONE',  ( -0.000000000000000000, -1.000000000000000000, -0.000000000000000000 ) ) ;
#344 = ORIENTED_EDGE ( 'NONE', *, *, #1902, .F. ) ;
#345 = CARTESIAN_POINT ( 'NONE',  ( -1.000000000000000000, 0.8499999999999999778, 0.8999999999999999112 ) ) ;
#346 = DIRECTION ( 'NONE',  ( 0.000000000000000000, -0.000000000000000000, -1.000000000000000000 ) ) ;
#347 = CARTESIAN_POINT ( 'NONE',  ( 0.4749999999999999778, 0.3749999999999998890, 0.3250000000000000111 ) ) ;
#348 = CARTESIAN_POINT ( 'NONE',  ( 1.175000000000000711, 0.3750000000000000000, -0.8499999999999993117 ) ) ;
#349 = DIRECTION ( 'NONE',  ( 1.000000000000000000, 0.000000000000000000, 0.000000000000000000 ) ) ;
#350 = CIRCLE ( 'NONE', #993, 0.1000000000000000472 ) ;
#351 = DIRECTION ( 'NONE',  ( -1.000000000000000000, 0.000000000000000000, -0.000000000000000000 ) ) ;
#352 = VECTOR ( 'NONE', #3305, 1000.000000000000000 ) ;
#353 = ORIENTED_EDGE ( 'NONE', *, *, #1631, .T. ) ;
#354 = FACE_OUTER_BOUND ( 'NONE', #1426, .T. ) ;
#355 = VERTEX_POINT ( 'NONE', #444 ) ;
#356 = CYLINDRICAL_SURFACE ( 'NONE', #2379, 0.2000000000000002054 ) ;
#357 = EDGE_CURVE ( 'NONE', #4273, #3154, #3208, .T. ) ;
#358 = EDGE_CURVE ( 'NONE', #741, #3154, #2874, .T. ) ;
#359 = ORIENTED_EDGE ( 'NONE', *, *, #2373, .T. ) ;
#360 = EDGE_CURVE ( 'NONE', #1003, #169, #2896, .T. ) ;
#361 = CARTESIAN_POINT ( 'NONE',  ( -1.250000000000000000, 0.3750000000000000000, 0.9999999999999997780 ) ) ;
#362 = VECTOR ( 'NONE', #3416, 1000.000000000000000 ) ;
#363 = DIRECTION ( 'NONE',  ( 0.7071067811865496822, 0.000000000000000000, 0.7071067811865454633 ) ) ;
#364 = CIRCLE ( 'NONE', #1304, 0.07499999999999998335 ) ;
#365 = DIRECTION ( 'NONE',  ( -1.734723475976805862E-16, 0.000000000000000000, 1.000000000000000000 ) ) ;
#366 = DIRECTION ( 'NONE',  ( -0.7071067811865424657, 0.000000000000000000, 0.7071067811865526798 ) ) ;
#367 = CARTESIAN_POINT ( 'NONE',  ( -1.000000000000000000, 3.961045573002793585, -0.9499999999999998446 ) ) ;
#368 = AXIS2_PLACEMENT_3D ( 'NONE', #2493, #693, #2128 ) ;
#369 = CARTESIAN_POINT ( 'NONE',  ( 1.250000000000000000, 0.000000000000000000, 0.000000000000000000 ) ) ;
#370 = CARTESIAN_POINT ( 'NONE',  ( 1.250000000000000000, 0.7500000000000000000, -0.9999999999999997780 ) ) ;
#371 = CARTESIAN_POINT ( 'NONE',  ( 0.4749999999999999223, 0.000000000000000000, 0.9249999999999999334 ) ) ;
#372 = ORIENTED_EDGE ( 'NONE', *, *, #3423, .F. ) ;
#373 = EDGE_CURVE ( 'NONE', #2892, #2123, #2322, .T. ) ;
#374 = DIRECTION ( 'NONE',  ( -1.000000000000000000, 0.000000000000000000, -1.445602896647339903E-16 ) ) ;
#375 = EDGE_LOOP ( 'NONE', ( #261, #2467, #2791, #3666 ) ) ;
#376 = ORIENTED_EDGE ( 'NONE', *, *, #1510, .F. ) ;
#377 = DIRECTION ( 'NONE',  ( 0.000000000000000000, 1.000000000000000000, -0.000000000000000000 ) ) ;
#378 = ORIENTED_EDGE ( 'NONE', *, *, #2203, .F. ) ;
#379 = EDGE_CURVE ( 'NONE', #1891, #1065, #1951, .T. ) ;
#380 = CARTESIAN_POINT ( 'NONE',  ( 0.1500000000000002720, 0.3749999999999999445, -0.9500000000000079492 ) ) ;
#381 = DIRECTION ( 'NONE',  ( 1.000000000000000000, 0.000000000000000000, -0.000000000000000000 ) ) ;
#382 = ORIENTED_EDGE ( 'NONE', *, *, #3781, .T. ) ;
#383 = EDGE_CURVE ( 'NONE', #81, #2447, #1913, .T. ) ;
#384 = DIRECTION ( 'NONE',  ( -1.000000000000000000, 0.000000000000000000, -0.000000000000000000 ) ) ;
#385 = PLANE ( 'NONE',  #3415 ) ;
#386 = DIRECTION ( 'NONE',  ( -1.000000000000000000, 0.000000000000000000, 0.000000000000000000 ) ) ;
#387 = LINE ( 'NONE', #3126, #178 ) ;
#388 = DIRECTION ( 'NONE',  ( 0.000000000000000000, -1.000000000000000000, 0.000000000000000000 ) ) ;
#389 = ORIENTED_EDGE ( 'NONE', *, *, #516, .F. ) ;
#390 = PLANE ( 'NONE',  #913 ) ;
#391 = DIRECTION ( 'NONE',  ( -0.000000000000000000, -1.000000000000000000, -0.000000000000000000 ) ) ;
#392 = ORIENTED_EDGE ( 'NONE', *, *, #1407, .F. ) ;
#393 = ORIENTED_EDGE ( 'NONE', *, *, #4078, .F. ) ;
#394 = CARTESIAN_POINT ( 'NONE',  ( -0.4749999999999999223, 0.3750000000000000000, 0.9249999999999998224 ) ) ;
#395 = VECTOR ( 'NONE', #1454, 1000.000000000000000 ) ;
#396 = DIRECTION ( 'NONE',  ( -0.000000000000000000, -1.000000000000000000, -0.000000000000000000 ) ) ;
#397 = VECTOR ( 'NONE', #2462, 1000.000000000000000 ) ;
#398 = LINE ( 'NONE', #812, #3976 ) ;
#399 =( NAMED_UNIT ( * ) PLANE_ANGLE_UNIT ( ) SI_UNIT ( $, .RADIAN. ) );
#400 = EDGE_LOOP ( 'NONE', ( #3500, #2891, #628, #2924 ) ) ;
#401 = DIRECTION ( 'NONE',  ( -0.000000000000000000, -1.000000000000000000, 0.000000000000000000 ) ) ;
#402 = ORIENTED_EDGE ( 'NONE', *, *, #699, .F. ) ;
#403 = CARTESIAN_POINT ( 'NONE',  ( 1.175000000000000711, 0.000000000000000000, -0.3250000000000001221 ) ) ;
#404 = ORIENTED_EDGE ( 'NONE', *, *, #1916, .F. ) ;
#405 = DIRECTION ( 'NONE',  ( 0.000000000000000000, 1.000000000000000000, -0.000000000000000000 ) ) ;
#406 = ORIENTED_EDGE ( 'NONE', *, *, #546, .F. ) ;
#407 = EDGE_CURVE ( 'NONE', #4158, #421, #1970, .T. ) ;
#408 = CARTESIAN_POINT ( 'NONE',  ( -0.4749999999999999778, 0.000000000000000000, -0.3250000000000000111 ) ) ;
#409 = ORIENTED_EDGE ( 'NONE', *, *, #3656, .F. ) ;
#410 = CARTESIAN_POINT ( 'NONE',  ( 1.200000000000000178, 0.7500000000000000000, 0.7499999999999997780 ) ) ;
#411 = EDGE_CURVE ( 'NONE', #3149, #1622, #187, .T. ) ;
#412 = ADVANCED_FACE ( 'NONE', ( #599 ), #2963, .F. ) ;
#413 = EDGE_CURVE ( 'NONE', #2906, #583, #308, .T. ) ;
#414 = ORIENTED_EDGE ( 'NONE', *, *, #436, .F. ) ;
#415 = CARTESIAN_POINT ( 'NONE',  ( -0.1500000000000002720, 0.1875000000000000000, -0.9500000000000079492 ) ) ;
#416 = VECTOR ( 'NONE', #3159, 1000.000000000000000 ) ;
#417 = ORIENTED_EDGE ( 'NONE', *, *, #2453, .T. ) ;
#418 = ORIENTED_EDGE ( 'NONE', *, *, #4276, .T. ) ;
#419 = CARTESIAN_POINT ( 'NONE',  ( 0.4749999999999999223, 0.3750000000000000000, 0.9249999999999999334 ) ) ;
#420 = EDGE_CURVE ( 'NONE', #2753, #3275, #512, .T. ) ;
#421 = VERTEX_POINT ( 'NONE', #2607 ) ;
#422 = LINE ( 'NONE', #403, #3338 ) ;
#423 = ORIENTED_EDGE ( 'NONE', *, *, #2285, .F. ) ;
#424 = CARTESIAN_POINT ( 'NONE',  ( -1.175000000000000266, 0.3750000000000000000, -0.3250000000000003997 ) ) ;
#425 = FACE_OUTER_BOUND ( 'NONE', #3030, .T. ) ;
#426 = AXIS2_PLACEMENT_3D ( 'NONE', #587, #3695, #1313 ) ;
#427 = VECTOR ( 'NONE', #4149, 1000.000000000000000 ) ;
#428 = VERTEX_POINT ( 'NONE', #2987 ) ;
#429 = AXIS2_PLACEMENT_3D ( 'NONE', #2494, #3859, #770 ) ;
#430 = CIRCLE ( 'NONE', #2081, 0.07499999999999998335 ) ;
#431 = EDGE_CURVE ( 'NONE', #2569, #3865, #2636, .T. ) ;
#432 = LINE ( 'NONE', #1797, #2826 ) ;
#433 = DIRECTION ( 'NONE',  ( 0.000000000000000000, 1.000000000000000000, -0.000000000000000000 ) ) ;
#434 = VECTOR ( 'NONE', #73, 1000.000000000000000 ) ;
#435 = ORIENTED_EDGE ( 'NONE', *, *, #1349, .T. ) ;
#436 = EDGE_CURVE ( 'NONE', #2809, #2192, #89, .T. ) ;
#437 = AXIS2_PLACEMENT_3D ( 'NONE', #4296, #727, #3419 ) ;
#438 = LINE ( 'NONE', #3240, #204 ) ;
#439 =( NAMED_UNIT ( * ) SI_UNIT ( $, .STERADIAN. ) SOLID_ANGLE_UNIT ( ) );
#440 = EDGE_CURVE ( 'NONE', #2064, #557, #1793, .T. ) ;
#441 = ORIENTED_EDGE ( 'NONE', *, *, #968, .T. ) ;
#442 = PLANE ( 'NONE',  #2725 ) ;
#443 = CARTESIAN_POINT ( 'NONE',  ( -0.6424631817578864146, 0.8499999999999999778, 0.3972980088857192005 ) ) ;
#444 = CARTESIAN_POINT ( 'NONE',  ( 1.250000000000000222, 0.3750000000000000000, 0.9249999999999998224 ) ) ;
#445 = CARTESIAN_POINT ( 'NONE',  ( -0.2000000000000004552, 0.000000000000000000, 0.9999999999999997780 ) ) ;
#446 = CARTESIAN_POINT ( 'NONE',  ( 1.100000000000000311, 0.8500000000000000888, -0.7499999999999996669 ) ) ;
#447 = ORIENTED_EDGE ( 'NONE', *, *, #450, .F. ) ;
#448 = CARTESIAN_POINT ( 'NONE',  ( 0.4749999999999999778, 1.402740239554723711, 0.3250000000000000111 ) ) ;
#449 = VECTOR ( 'NONE', #32, 1000.000000000000000 ) ;
#450 = EDGE_CURVE ( 'NONE', #2509, #3979, #556, .T. ) ;
#451 = DIRECTION ( 'NONE',  ( -0.000000000000000000, -1.000000000000000000, 0.000000000000000000 ) ) ;
#452 = ORIENTED_EDGE ( 'NONE', *, *, #4348, .F. ) ;
#453 = ADVANCED_BREP_SHAPE_REPRESENTATION ( 'ECS-2520MVLC-240-BN-TR', ( #873, #2385, #3879, #2394, #3822, #805, #2404, #2301, #904, #3758 ), #1008 ) ;
#454 = CARTESIAN_POINT ( 'NONE',  ( 1.000000000000000000, 0.7500000000000000000, -0.7499999999999996669 ) ) ;
#455 = DIRECTION ( 'NONE',  ( 1.000000000000000000, 0.000000000000000000, 0.000000000000000000 ) ) ;
#456 = EDGE_CURVE ( 'NONE', #3779, #1873, #1579, .T. ) ;
#457 = VERTEX_POINT ( 'NONE', #3664 ) ;
#458 = DIRECTION ( 'NONE',  ( 0.000000000000000000, 0.000000000000000000, -1.000000000000000000 ) ) ;
#459 = EDGE_LOOP ( 'NONE', ( #2630, #3255, #353, #3645, #1413, #789, #3597, #2782, #4264, #1944, #706, #2513, #712, #3057, #3622, #3347 ) ) ;
#460 = ORIENTED_EDGE ( 'NONE', *, *, #1351, .T. ) ;
#461 = VECTOR ( 'NONE', #3036, 1000.000000000000000 ) ;
#462 = VECTOR ( 'NONE', #2217, 1000.000000000000000 ) ;
#463 = DIRECTION ( 'NONE',  ( -1.807003620809173892E-16, 0.000000000000000000, 1.000000000000000000 ) ) ;
#464 = DIRECTION ( 'NONE',  ( 0.7071067811865424657, 0.000000000000000000, -0.7071067811865526798 ) ) ;
#465 = DIRECTION ( 'NONE',  ( 1.000000000000000000, 0.000000000000000000, -2.323290369611792539E-16 ) ) ;
#466 = EDGE_CURVE ( 'NONE', #4061, #1600, #1082, .T. ) ;
#467 = CARTESIAN_POINT ( 'NONE',  ( 1.175000000000000711, 1.402740239554723711, -0.8499999999999993117 ) ) ;
#468 = ORIENTED_EDGE ( 'NONE', *, *, #1298, .T. ) ;
#469 = VECTOR ( 'NONE', #2511, 1000.000000000000000 ) ;
#470 = FACE_OUTER_BOUND ( 'NONE', #3534, .T. ) ;
#471 = DIRECTION ( 'NONE',  ( -0.7071067811865460184, 0.000000000000000000, -0.7071067811865489050 ) ) ;
#472 = CARTESIAN_POINT ( 'NONE',  ( -1.000000000000000000, 0.7999999999999999334, -0.8999999999999999112 ) ) ;
#473 = DIRECTION ( 'NONE',  ( -0.000000000000000000, -1.000000000000000000, -0.000000000000000000 ) ) ;
#474 = LINE ( 'NONE', #2242, #1756 ) ;
#475 = VERTEX_POINT ( 'NONE', #2660 ) ;
#476 = DIRECTION ( 'NONE',  ( -0.000000000000000000, -1.000000000000000000, -0.000000000000000000 ) ) ;
#477 = CARTESIAN_POINT ( 'NONE',  ( -1.175000000000000044, 0.7500000000000000000, 0.9999999999999997780 ) ) ;
#478 = DIRECTION ( 'NONE',  ( 6.969871108835378604E-16, 0.000000000000000000, -1.000000000000000000 ) ) ;
#479 = ORIENTED_EDGE ( 'NONE', *, *, #594, .F. ) ;
#480 = VECTOR ( 'NONE', #3945, 1000.000000000000000 ) ;
#481 = DIRECTION ( 'NONE',  ( 0.000000000000000000, 1.000000000000000000, 0.000000000000000000 ) ) ;
#482 = LINE ( 'NONE', #3226, #4118 ) ;
#483 = VECTOR ( 'NONE', #3717, 1000.000000000000000 ) ;
#484 = TOROIDAL_SURFACE ( 'NONE', #780, 0.05000000000000020400, 0.05000000000000000278 ) ;
#485 = EDGE_CURVE ( 'NONE', #792, #1580, #580, .T. ) ;
#486 = CARTESIAN_POINT ( 'NONE',  ( -1.175000000000000266, 0.3750000000000000000, -0.8499999999999996447 ) ) ;
#487 = DIRECTION ( 'NONE',  ( 2.323290369611792539E-16, -0.000000000000000000, 1.000000000000000000 ) ) ;
#488 = EDGE_LOOP ( 'NONE', ( #728, #4361, #2597, #3211, #3689, #3870 ) ) ;
#489 = EDGE_LOOP ( 'NONE', ( #1068, #3451, #2210, #3857, #2412, #3663, #3277 ) ) ;
#490 = CARTESIAN_POINT ( 'NONE',  ( -0.7749999999999999112, 0.3749999999999998890, 0.3249999999999997891 ) ) ;
#491 = ORIENTED_EDGE ( 'NONE', *, *, #1174, .F. ) ;
#492 = DIRECTION ( 'NONE',  ( -4.517509052022936456E-16, -0.000000000000000000, 1.000000000000000000 ) ) ;
#493 = ORIENTED_EDGE ( 'NONE', *, *, #114, .T. ) ;
#494 = CARTESIAN_POINT ( 'NONE',  ( -1.250000000000000000, 0.3750000000000000000, -0.9249999999999998224 ) ) ;
#495 = ORIENTED_EDGE ( 'NONE', *, *, #1627, .T. ) ;
#496 = ADVANCED_FACE ( 'NONE', ( #4342 ), #1283, .T. ) ;
#497 = LINE ( 'NONE', #898, #2066 ) ;
#498 = PRESENTATION_STYLE_ASSIGNMENT (( #3609 ) ) ;
#499 = PLANE ( 'NONE',  #680 ) ;
#500 = ORIENTED_EDGE ( 'NONE', *, *, #4099, .T. ) ;
#501 = ORIENTED_EDGE ( 'NONE', *, *, #2693, .F. ) ;
#502 = VECTOR ( 'NONE', #2709, 1000.000000000000000 ) ;
#503 = VECTOR ( 'NONE', #4150, 1000.000000000000000 ) ;
#504 = DIRECTION ( 'NONE',  ( 0.000000000000000000, 1.000000000000000000, -0.000000000000000000 ) ) ;
#505 = ORIENTED_EDGE ( 'NONE', *, *, #1966, .T. ) ;
#506 = VECTOR ( 'NONE', #2200, 1000.000000000000000 ) ;
#507 = ADVANCED_FACE ( 'NONE', ( #3730 ), #1661, .F. ) ;
#508 = ORIENTED_EDGE ( 'NONE', *, *, #3702, .T. ) ;
#509 = DIRECTION ( 'NONE',  ( -0.000000000000000000, -1.000000000000000000, -0.000000000000000000 ) ) ;
#510 = LINE ( 'NONE', #1806, #2954 ) ;
#511 = LINE ( 'NONE', #1887, #1093 ) ;
#512 = LINE ( 'NONE', #3687, #1447 ) ;
#513 = CARTESIAN_POINT ( 'NONE',  ( -1.174999999999999822, 0.3750000000000000000, -0.9999999999999997780 ) ) ;
#514 = ORIENTED_EDGE ( 'NONE', *, *, #3702, .F. ) ;
#515 = CARTESIAN_POINT ( 'NONE',  ( -0.4749999999999999778, 0.000000000000000000, -0.3250000000000000111 ) ) ;
#516 = EDGE_CURVE ( 'NONE', #4408, #428, #299, .T. ) ;
#517 = DIRECTION ( 'NONE',  ( -0.000000000000000000, 1.000000000000000000, -0.000000000000000000 ) ) ;
#518 = ORIENTED_EDGE ( 'NONE', *, *, #3982, .F. ) ;
#519 = DIRECTION ( 'NONE',  ( 1.000000000000000000, -0.000000000000000000, -1.084202172485502265E-15 ) ) ;
#520 = CARTESIAN_POINT ( 'NONE',  ( -1.250000000000000000, 1.402740239554723711, 0.9249999999999998224 ) ) ;
#521 = ORIENTED_EDGE ( 'NONE', *, *, #3713, .F. ) ;
#522 = PLANE ( 'NONE',  #4400 ) ;
#523 = VECTOR ( 'NONE', #2007, 1000.000000000000000 ) ;
#524 = DIRECTION ( 'NONE',  ( 0.000000000000000000, -1.000000000000000000, 0.000000000000000000 ) ) ;
#525 =( NAMED_UNIT ( * ) PLANE_ANGLE_UNIT ( ) SI_UNIT ( $, .RADIAN. ) );
#526 = CARTESIAN_POINT ( 'NONE',  ( -0.6424631817578864146, 0.8499999999999999778, 0.4462738344141491953 ) ) ;
#527 = VERTEX_POINT ( 'NONE', #1101 ) ;
#528 = ORIENTED_EDGE ( 'NONE', *, *, #3949, .T. ) ;
#529 = ORIENTED_EDGE ( 'NONE', *, *, #1489, .F. ) ;
#530 = LINE ( 'NONE', #92, #1337 ) ;
#531 = CARTESIAN_POINT ( 'NONE',  ( 0.4749999999999999778, 0.3750000000000000000, 0.3250000000000000111 ) ) ;
#532 = DIRECTION ( 'NONE',  ( -0.000000000000000000, -1.000000000000000000, -0.000000000000000000 ) ) ;
#533 = DIRECTION ( 'NONE',  ( 0.000000000000000000, 0.000000000000000000, 1.000000000000000000 ) ) ;
#534 = AXIS2_PLACEMENT_3D ( 'NONE', #3589, #2349, #2219 ) ;
#535 = CARTESIAN_POINT ( 'NONE',  ( -1.175000000000000044, 0.3750000000000000000, 0.9999999999999997780 ) ) ;
#536 = EDGE_LOOP ( 'NONE', ( #2268, #1291, #4402, #2860, #3481 ) ) ;
#537 = DIRECTION ( 'NONE',  ( -1.807003620809170934E-16, -1.000000000000000000, 0.000000000000000000 ) ) ;
#538 = EDGE_LOOP ( 'NONE', ( #888, #2570, #2997, #910, #4207, #1193 ) ) ;
#539 = CYLINDRICAL_SURFACE ( 'NONE', #1643, 0.04897582552842999482 ) ;
#540 = LINE ( 'NONE', #3934, #633 ) ;
#541 = ORIENTED_EDGE ( 'NONE', *, *, #3045, .T. ) ;
#542 = ORIENTED_EDGE ( 'NONE', *, *, #1800, .F. ) ;
#543 = DIRECTION ( 'NONE',  ( -0.7071067811865526798, 0.000000000000000000, -0.7071067811865423547 ) ) ;
#544 = VECTOR ( 'NONE', #1002, 1000.000000000000000 ) ;
#545 = CARTESIAN_POINT ( 'NONE',  ( 0.1500000000000000777, 0.000000000000000000, -1.000000000000000000 ) ) ;
#546 = EDGE_CURVE ( 'NONE', #1260, #2202, #422, .T. ) ;
#547 = ADVANCED_FACE ( 'NONE', ( #127 ), #1868, .T. ) ;
#548 = LINE ( 'NONE', #3311, #3258 ) ;
#549 = FILL_AREA_STYLE_COLOUR ( '', #2232 ) ;
#550 = EDGE_CURVE ( 'NONE', #1936, #3880, #1787, .T. ) ;
#551 = EDGE_CURVE ( 'NONE', #2117, #607, #2204, .T. ) ;
#552 = EDGE_LOOP ( 'NONE', ( #866, #3183, #376, #3839 ) ) ;
#553 = ORIENTED_EDGE ( 'NONE', *, *, #3242, .F. ) ;
#554 = FACE_OUTER_BOUND ( 'NONE', #1145, .T. ) ;
#555 = ORIENTED_EDGE ( 'NONE', *, *, #3478, .F. ) ;
#556 = LINE ( 'NONE', #3033, #801 ) ;
#557 = VERTEX_POINT ( 'NONE', #2473 ) ;
#558 = VERTEX_POINT ( 'NONE', #3510 ) ;
#559 = VECTOR ( 'NONE', #3608, 1000.000000000000000 ) ;
#560 = CARTESIAN_POINT ( 'NONE',  ( -1.250000000000000000, 0.3750000000000000000, 0.9999999999999997780 ) ) ;
#561 = ORIENTED_EDGE ( 'NONE', *, *, #411, .T. ) ;
#562 = DIRECTION ( 'NONE',  ( -0.000000000000000000, -1.000000000000000000, -0.000000000000000000 ) ) ;
#563 = PLANE ( 'NONE',  #1066 ) ;
#564 = EDGE_CURVE ( 'NONE', #916, #2733, #2181, .T. ) ;
#565 = CARTESIAN_POINT ( 'NONE',  ( 1.000000000000000000, 0.7500000000000000000, 0.7499999999999997780 ) ) ;
#566 = EDGE_LOOP ( 'NONE', ( #784, #2707, #2686, #2990 ) ) ;
#567 = CARTESIAN_POINT ( 'NONE',  ( 0.1500000000000000777, 0.000000000000000000, 0.9499999999999996225 ) ) ;
#568 = DIRECTION ( 'NONE',  ( -1.000000000000000000, 0.000000000000000000, -0.000000000000000000 ) ) ;
#569 = DIRECTION ( 'NONE',  ( -0.7071067811865480168, 0.000000000000000000, -0.7071067811865470176 ) ) ;
#570 = DIRECTION ( 'NONE',  ( 2.710505431213762071E-16, 0.000000000000000000, -1.000000000000000000 ) ) ;
#571 = ADVANCED_FACE ( 'NONE', ( #1484 ), #1445, .F. ) ;
#572 =( NAMED_UNIT ( * ) SI_UNIT ( $, .STERADIAN. ) SOLID_ANGLE_UNIT ( ) );
#573 = PLANE ( 'NONE',  #1169 ) ;
#574 = EDGE_CURVE ( 'NONE', #1540, #2304, #3254, .T. ) ;
#575 = CARTESIAN_POINT ( 'NONE',  ( -0.4749999999999998668, 0.000000000000000000, 0.6249999999999997780 ) ) ;
#576 = PRODUCT_DEFINITION_CONTEXT ( 'detailed design', #3325, 'design' ) ;
#577 = ORIENTED_EDGE ( 'NONE', *, *, #550, .F. ) ;
#578 = ADVANCED_FACE ( 'NONE', ( #3193 ), #2520, .T. ) ;
#579 = VECTOR ( 'NONE', #2650, 1000.000000000000000 ) ;
#580 = LINE ( 'NONE', #260, #3624 ) ;
#581 = VERTEX_POINT ( 'NONE', #4245 ) ;
#582 = AXIS2_PLACEMENT_3D ( 'NONE', #1629, #3023, #3723 ) ;
#583 = VERTEX_POINT ( 'NONE', #446 ) ;
#584 = DIRECTION ( 'NONE',  ( 0.7071067811865490160, -0.000000000000000000, 0.7071067811865461294 ) ) ;
#585 = DIRECTION ( 'NONE',  ( 0.000000000000000000, 0.000000000000000000, -1.000000000000000000 ) ) ;
#586 = VERTEX_POINT ( 'NONE', #101 ) ;
#587 = CARTESIAN_POINT ( 'NONE',  ( 0.4749999999999999223, 1.402740239554723711, 0.9249999999999999334 ) ) ;
#588 = CARTESIAN_POINT ( 'NONE',  ( -1.250000000000000000, 0.3750000000000000000, 0.9249999999999998224 ) ) ;
#589 = ADVANCED_FACE ( 'NONE', ( #2879 ), #815, .T. ) ;
#590 = FACE_OUTER_BOUND ( 'NONE', #538, .T. ) ;
#591 = ORIENTED_EDGE ( 'NONE', *, *, #1510, .T. ) ;
#592 = LINE ( 'NONE', #1593, #3245 ) ;
#593 = AXIS2_PLACEMENT_3D ( 'NONE', #3081, #1729, #2042 ) ;
#594 = EDGE_CURVE ( 'NONE', #217, #1824, #1141, .T. ) ;
#595 = DIRECTION ( 'NONE',  ( -0.000000000000000000, -1.000000000000000000, -0.000000000000000000 ) ) ;
#596 = AXIS2_PLACEMENT_3D ( 'NONE', #2833, #4181, #2153 ) ;
#597 = EDGE_LOOP ( 'NONE', ( #1947, #3012, #1412, #1202 ) ) ;
#598 = ORIENTED_EDGE ( 'NONE', *, *, #2605, .F. ) ;
#599 = FACE_OUTER_BOUND ( 'NONE', #2501, .T. ) ;
#600 = ORIENTED_EDGE ( 'NONE', *, *, #379, .F. ) ;
#601 = ORIENTED_EDGE ( 'NONE', *, *, #3312, .T. ) ;
#602 = DIRECTION ( 'NONE',  ( -0.000000000000000000, 1.000000000000000000, -0.000000000000000000 ) ) ;
#603 = CARTESIAN_POINT ( 'NONE',  ( 0.1500000000000002720, 0.3749999999999999445, -0.9500000000000079492 ) ) ;
#604 = EDGE_CURVE ( 'NONE', #4195, #1260, #3575, .T. ) ;
#605 = ORIENTED_EDGE ( 'NONE', *, *, #1855, .F. ) ;
#606 = EDGE_CURVE ( 'NONE', #586, #2521, #3231, .T. ) ;
#607 = VERTEX_POINT ( 'NONE', #603 ) ;
#608 = DIRECTION ( 'NONE',  ( -0.000000000000000000, -1.000000000000000000, -0.000000000000000000 ) ) ;
#609 = VECTOR ( 'NONE', #619, 1000.000000000000000 ) ;
#610 = DIRECTION ( 'NONE',  ( 0.000000000000000000, -1.000000000000000000, 0.000000000000000000 ) ) ;
#611 = CARTESIAN_POINT ( 'NONE',  ( 1.250000000000000222, 0.3750000000000000000, 0.9249999999999997113 ) ) ;
#612 = CARTESIAN_POINT ( 'NONE',  ( 0.4749999999999999778, 0.3749999999999998890, -0.3250000000000000111 ) ) ;
#613 = CYLINDRICAL_SURFACE ( 'NONE', #2762, 0.04999999999999991257 ) ;
#614 = DIRECTION ( 'NONE',  ( -0.000000000000000000, -0.000000000000000000, 1.000000000000000000 ) ) ;
#615 = ORIENTED_EDGE ( 'NONE', *, *, #3828, .T. ) ;
#616 = PRESENTATION_STYLE_ASSIGNMENT (( #208 ) ) ;
#617 = ORIENTED_EDGE ( 'NONE', *, *, #1165, .F. ) ;
#618 = VERTEX_POINT ( 'NONE', #3978 ) ;
#619 = DIRECTION ( 'NONE',  ( 9.035018104045870694E-17, -0.000000000000000000, -1.000000000000000000 ) ) ;
#620 = CARTESIAN_POINT ( 'NONE',  ( 1.175000000000000711, 0.3750000000000000000, 0.3250000000000004552 ) ) ;
#621 = ORIENTED_EDGE ( 'NONE', *, *, #3382, .T. ) ;
#622 = DIRECTION ( 'NONE',  ( 0.000000000000000000, 1.000000000000000000, -0.000000000000000000 ) ) ;
#623 = EDGE_CURVE ( 'NONE', #1544, #2688, #3626, .T. ) ;
#624 = DIRECTION ( 'NONE',  ( 4.130293990420977771E-16, 0.000000000000000000, 1.000000000000000000 ) ) ;
#625 = CARTESIAN_POINT ( 'NONE',  ( 0.4749999999999999223, 0.3750000000000000000, 0.9249999999999999334 ) ) ;
#626 = VECTOR ( 'NONE', #3873, 1000.000000000000000 ) ;
#627 = DIRECTION ( 'NONE',  ( -0.000000000000000000, -1.000000000000000000, -0.000000000000000000 ) ) ;
#628 = ORIENTED_EDGE ( 'NONE', *, *, #3108, .F. ) ;
#629 = DIRECTION ( 'NONE',  ( 0.000000000000000000, 1.000000000000000000, 0.000000000000000000 ) ) ;
#630 = AXIS2_PLACEMENT_3D ( 'NONE', #625, #4095, #381 ) ;
#631 = CARTESIAN_POINT ( 'NONE',  ( 1.250000000000000000, 0.3749999999999998890, 1.000000000000000000 ) ) ;
#632 = DIRECTION ( 'NONE',  ( -0.000000000000000000, -1.000000000000000000, -0.000000000000000000 ) ) ;
#633 = VECTOR ( 'NONE', #4173, 1000.000000000000000 ) ;
#634 = EDGE_CURVE ( 'NONE', #2969, #4266, #364, .T. ) ;
#635 = DIRECTION ( 'NONE',  ( -0.000000000000000000, -1.000000000000000000, -0.000000000000000000 ) ) ;
#636 = DIRECTION ( 'NONE',  ( 0.000000000000000000, 0.000000000000000000, 1.000000000000000000 ) ) ;
#637 = EDGE_LOOP ( 'NONE', ( #2950, #262, #2057, #1473 ) ) ;
#638 = EDGE_CURVE ( 'NONE', #3872, #1307, #3374, .T. ) ;
#639 = AXIS2_PLACEMENT_3D ( 'NONE', #1409, #65, #2005 ) ;
#640 = ORIENTED_EDGE ( 'NONE', *, *, #3762, .T. ) ;
#641 = CARTESIAN_POINT ( 'NONE',  ( -0.4749999999999998668, 1.402740239554723711, 0.6249999999999997780 ) ) ;
#642 = AXIS2_PLACEMENT_3D ( 'NONE', #560, #2230, #2592 ) ;
#643 = VECTOR ( 'NONE', #2118, 1000.000000000000000 ) ;
#644 =( NAMED_UNIT ( * ) PLANE_ANGLE_UNIT ( ) SI_UNIT ( $, .RADIAN. ) );
#645 = VECTOR ( 'NONE', #3190, 1000.000000000000000 ) ;
#646 = DIRECTION ( 'NONE',  ( -1.000000000000000000, 9.035018104045854671E-17, 0.000000000000000000 ) ) ;
#647 = ADVANCED_FACE ( 'NONE', ( #891 ), #3690, .F. ) ;
#648 = VERTEX_POINT ( 'NONE', #2256 ) ;
#649 = VECTOR ( 'NONE', #1276, 1000.000000000000000 ) ;
#650 = CARTESIAN_POINT ( 'NONE',  ( 1.250000000000000222, 1.402740239554723711, 0.9249999999999998224 ) ) ;
#651 = CARTESIAN_POINT ( 'NONE',  ( -1.100000000000000089, 3.961045573002793585, -0.7499999999999995559 ) ) ;
#652 = CARTESIAN_POINT ( 'NONE',  ( 0.4749999999999999778, 0.000000000000000000, -0.3250000000000000111 ) ) ;
#653 = DIRECTION ( 'NONE',  ( 0.000000000000000000, -1.000000000000000000, 0.000000000000000000 ) ) ;
#654 = VERTEX_POINT ( 'NONE', #867 ) ;
#655 = CARTESIAN_POINT ( 'NONE',  ( -1.000000000000000000, 0.7999999999999999334, -0.7499999999999995559 ) ) ;
#656 = ORIENTED_EDGE ( 'NONE', *, *, #4294, .T. ) ;
#657 = DIRECTION ( 'NONE',  ( 0.000000000000000000, 0.000000000000000000, -1.000000000000000000 ) ) ;
#658 = VERTEX_POINT ( 'NONE', #2641 ) ;
#659 = VECTOR ( 'NONE', #290, 1000.000000000000000 ) ;
#660 = VERTEX_POINT ( 'NONE', #2325 ) ;
#661 = ORIENTED_EDGE ( 'NONE', *, *, #3320, .F. ) ;
#662 = UNCERTAINTY_MEASURE_WITH_UNIT (LENGTH_MEASURE( 1.000000000000000082E-05 ), #877, 'distance_accuracy_value', 'NONE');
#663 = VECTOR ( 'NONE', #2918, 1000.000000000000000 ) ;
#664 = VECTOR ( 'NONE', #4201, 1000.000000000000000 ) ;
#665 = ORIENTED_EDGE ( 'NONE', *, *, #3903, .F. ) ;
#666 = ORIENTED_EDGE ( 'NONE', *, *, #3108, .T. ) ;
#667 = CARTESIAN_POINT ( 'NONE',  ( -1.175000000000000711, 0.3749999999999998890, 0.3250000000000001776 ) ) ;
#668 = DIRECTION ( 'NONE',  ( -0.000000000000000000, -1.000000000000000000, -0.000000000000000000 ) ) ;
#669 = EDGE_LOOP ( 'NONE', ( #3605, #3280, #577, #1893 ) ) ;
#670 = LINE ( 'NONE', #1013, #285 ) ;
#671 = CARTESIAN_POINT ( 'NONE',  ( 1.000000000000000000, 0.8500000000000000888, 0.8499999999999998668 ) ) ;
#672 = CARTESIAN_POINT ( 'NONE',  ( 1.100000000000000311, 3.961045573002793585, -0.7499999999999996669 ) ) ;
#673 = DIRECTION ( 'NONE',  ( -0.000000000000000000, -1.000000000000000000, -0.000000000000000000 ) ) ;
#674 = DIRECTION ( 'NONE',  ( 0.000000000000000000, -1.000000000000000000, 0.000000000000000000 ) ) ;
#675 = VECTOR ( 'NONE', #2144, 1000.000000000000000 ) ;
#676 = CYLINDRICAL_SURFACE ( 'NONE', #1906, 0.2000000000000000944 ) ;
#677 = AXIS2_PLACEMENT_3D ( 'NONE', #1534, #4268, #4381 ) ;
#678 = FACE_OUTER_BOUND ( 'NONE', #488, .T. ) ;
#679 = EDGE_CURVE ( 'NONE', #3630, #871, #3016, .T. ) ;
#680 = AXIS2_PLACEMENT_3D ( 'NONE', #3557, #3171, #2188 ) ;
#681 = ORIENTED_EDGE ( 'NONE', *, *, #4079, .F. ) ;
#682 = DIRECTION ( 'NONE',  ( -0.7071067811865470176, 0.000000000000000000, 0.7071067811865479058 ) ) ;
#683 = CARTESIAN_POINT ( 'NONE',  ( -1.100000000000000089, 0.7500000000000000000, -0.7499999999999995559 ) ) ;
#684 = VECTOR ( 'NONE', #46, 1000.000000000000000 ) ;
#685 = ADVANCED_FACE ( 'NONE', ( #2685 ), #3302, .T. ) ;
#686 = EDGE_CURVE ( 'NONE', #3235, #1195, #3970, .T. ) ;
#687 = ADVANCED_FACE ( 'NONE', ( #2923 ), #1189, .F. ) ;
#688 = CARTESIAN_POINT ( 'NONE',  ( -0.1499999999999996614, 0.7500000000000000000, -1.000000000000000000 ) ) ;
#689 = EDGE_CURVE ( 'NONE', #1353, #4142, #1559, .T. ) ;
#690 = EDGE_LOOP ( 'NONE', ( #251, #3318, #2031, #1926 ) ) ;
#691 = DIRECTION ( 'NONE',  ( -0.000000000000000000, -1.000000000000000000, -0.000000000000000000 ) ) ;
#692 = CARTESIAN_POINT ( 'NONE',  ( 1.100000000000000089, 0.8500000000000000888, 0.7499999999999997780 ) ) ;
#693 = DIRECTION ( 'NONE',  ( 0.000000000000000000, 1.000000000000000000, 0.000000000000000000 ) ) ;
#694 = EDGE_LOOP ( 'NONE', ( #1942, #1287, #2077, #2702 ) ) ;
#695 = CARTESIAN_POINT ( 'NONE',  ( -1.175000000000000711, 0.000000000000000000, 0.3250000000000001776 ) ) ;
#696 = LINE ( 'NONE', #2400, #2841 ) ;
#697 = CARTESIAN_POINT ( 'NONE',  ( 1.175000000000000711, 0.000000000000000000, -0.3250000000000001221 ) ) ;
#698 = DIRECTION ( 'NONE',  ( 1.807003620809173892E-16, 0.000000000000000000, -1.000000000000000000 ) ) ;
#699 = EDGE_CURVE ( 'NONE', #170, #3149, #1150, .T. ) ;
#700 = DIRECTION ( 'NONE',  ( 0.000000000000000000, 0.000000000000000000, 1.000000000000000000 ) ) ;
#701 = DIRECTION ( 'NONE',  ( -0.7071067811865460184, -0.000000000000000000, 0.7071067811865489050 ) ) ;
#702 = AXIS2_PLACEMENT_3D ( 'NONE', #424, #4206, #1792 ) ;
#703 = DIRECTION ( 'NONE',  ( 1.000000000000000000, -1.807003620809170934E-16, 0.000000000000000000 ) ) ;
#704 = VECTOR ( 'NONE', #2395, 1000.000000000000000 ) ;
#705 = CARTESIAN_POINT ( 'NONE',  ( 1.250000000000000000, 0.7500000000000000000, -0.9249999999999998224 ) ) ;
#706 = ORIENTED_EDGE ( 'NONE', *, *, #1429, .F. ) ;
#707 = ADVANCED_FACE ( 'NONE', ( #2611 ), #3999, .T. ) ;
#708 = DIRECTION ( 'NONE',  ( -1.000000000000000000, 0.000000000000000000, -9.035018104045870694E-17 ) ) ;
#709 = EDGE_CURVE ( 'NONE', #2917, #1286, #1601, .T. ) ;
#710 = EDGE_CURVE ( 'NONE', #2906, #1144, #2035, .T. ) ;
#711 = ORIENTED_EDGE ( 'NONE', *, *, #835, .F. ) ;
#712 = ORIENTED_EDGE ( 'NONE', *, *, #2966, .F. ) ;
#713 = VERTEX_POINT ( 'NONE', #2766 ) ;
#714 = EDGE_CURVE ( 'NONE', #457, #2787, #2392, .T. ) ;
#715 = LINE ( 'NONE', #3483, #3619 ) ;
#716 = CARTESIAN_POINT ( 'NONE',  ( 1.175000000000000711, 0.3750000000000000000, 0.3250000000000004552 ) ) ;
#717 = AXIS2_PLACEMENT_3D ( 'NONE', #4413, #2776, #351 ) ;
#718 = ORIENTED_EDGE ( 'NONE', *, *, #1716, .T. ) ;
#719 = CARTESIAN_POINT ( 'NONE',  ( 1.100000000000000533, 0.000000000000000000, -0.9249999999999997113 ) ) ;
#720 = VECTOR ( 'NONE', #63, 1000.000000000000000 ) ;
#721 = CARTESIAN_POINT ( 'NONE',  ( -0.4749999999999999778, 0.3749999999999998890, -0.3250000000000000111 ) ) ;
#722 = CIRCLE ( 'NONE', #1875, 0.1000000000000000472 ) ;
#723 = CARTESIAN_POINT ( 'NONE',  ( 1.175000000000000044, 1.402740239554723711, 1.000000000000000000 ) ) ;
#724 = VECTOR ( 'NONE', #2544, 1000.000000000000000 ) ;
#725 = AXIS2_PLACEMENT_3D ( 'NONE', #23, #1430, #778 ) ;
#726 = DIRECTION ( 'NONE',  ( 0.000000000000000000, 0.000000000000000000, 1.000000000000000000 ) ) ;
#727 = DIRECTION ( 'NONE',  ( 0.000000000000000000, -0.000000000000000000, 1.000000000000000000 ) ) ;
#728 = ORIENTED_EDGE ( 'NONE', *, *, #3531, .F. ) ;
#729 = FACE_OUTER_BOUND ( 'NONE', #1512, .T. ) ;
#730 = AXIS2_PLACEMENT_3D ( 'NONE', #902, #3362, #1225 ) ;
#731 = DIRECTION ( 'NONE',  ( 0.000000000000000000, 0.000000000000000000, 1.000000000000000000 ) ) ;
#732 = FACE_OUTER_BOUND ( 'NONE', #2396, .T. ) ;
#733 = ORIENTED_EDGE ( 'NONE', *, *, #843, .F. ) ;
#734 = PLANE ( 'NONE',  #340 ) ;
#735 = ORIENTED_EDGE ( 'NONE', *, *, #2369, .T. ) ;
#736 = VERTEX_POINT ( 'NONE', #4059 ) ;
#737 = CARTESIAN_POINT ( 'NONE',  ( -1.250000000000000000, 0.7500000000000000000, 0.000000000000000000 ) ) ;
#738 = CARTESIAN_POINT ( 'NONE',  ( -1.000000000000000000, 0.8500000000000000888, -0.7499999999999995559 ) ) ;
#739 = PLANE ( 'NONE',  #2449 ) ;
#740 = AXIS2_PLACEMENT_3D ( 'NONE', #3044, #632, #940 ) ;
#741 = VERTEX_POINT ( 'NONE', #1726 ) ;
#742 = DIRECTION ( 'NONE',  ( 0.000000000000000000, -1.000000000000000000, 0.000000000000000000 ) ) ;
#743 = ORIENTED_EDGE ( 'NONE', *, *, #689, .F. ) ;
#744 = DIRECTION ( 'NONE',  ( 0.000000000000000000, 0.000000000000000000, 1.000000000000000000 ) ) ;
#745 = ADVANCED_FACE ( 'NONE', ( #2344 ), #4040, .T. ) ;
#746 = EDGE_CURVE ( 'NONE', #830, #1246, #4094, .T. ) ;
#747 = ORIENTED_EDGE ( 'NONE', *, *, #4133, .T. ) ;
#748 = DIRECTION ( 'NONE',  ( 0.000000000000000000, 0.000000000000000000, -1.000000000000000000 ) ) ;
#749 = ORIENTED_EDGE ( 'NONE', *, *, #4156, .F. ) ;
#750 = ADVANCED_FACE ( 'NONE', ( #3459 ), #356, .T. ) ;
#751 = DIRECTION ( 'NONE',  ( -1.000000000000000000, 0.000000000000000000, -0.000000000000000000 ) ) ;
#752 = LINE ( 'NONE', #1778, #643 ) ;
#753 = CYLINDRICAL_SURFACE ( 'NONE', #933, 0.05000000000000034972 ) ;
#754 = DIRECTION ( 'NONE',  ( -1.000000000000000000, 0.000000000000000000, -0.000000000000000000 ) ) ;
#755 = VECTOR ( 'NONE', #3236, 1000.000000000000000 ) ;
#756 = PLANE ( 'NONE',  #4011 ) ;
#757 = VECTOR ( 'NONE', #1657, 1000.000000000000000 ) ;
#758 = ADVANCED_FACE ( 'NONE', ( #969 ), #1707, .F. ) ;
#759 = ORIENTED_EDGE ( 'NONE', *, *, #2285, .T. ) ;
#760 = CARTESIAN_POINT ( 'NONE',  ( 0.000000000000000000, 0.7500000000000000000, 0.9999999999999997780 ) ) ;
#761 = ORIENTED_EDGE ( 'NONE', *, *, #2436, .F. ) ;
#762 = VECTOR ( 'NONE', #3920, 1000.000000000000000 ) ;
#763 = DIRECTION ( 'NONE',  ( 0.000000000000000000, 0.000000000000000000, -1.000000000000000000 ) ) ;
#764 = PLANE ( 'NONE',  #2761 ) ;
#765 = FILL_AREA_STYLE_COLOUR ( '', #3203 ) ;
#766 = ORIENTED_EDGE ( 'NONE', *, *, #3054, .T. ) ;
#767 = VERTEX_POINT ( 'NONE', #306 ) ;
#768 = FACE_OUTER_BOUND ( 'NONE', #858, .T. ) ;
#769 = EDGE_CURVE ( 'NONE', #3333, #2985, #715, .T. ) ;
#770 = DIRECTION ( 'NONE',  ( 0.000000000000000000, 0.000000000000000000, 1.000000000000000000 ) ) ;
#771 = ORIENTED_EDGE ( 'NONE', *, *, #2867, .T. ) ;
#772 = FACE_BOUND ( 'NONE', #3532, .T. ) ;
#773 = EDGE_CURVE ( 'NONE', #736, #558, #28, .T. ) ;
#774 = ORIENTED_EDGE ( 'NONE', *, *, #2512, .F. ) ;
#775 = DIRECTION ( 'NONE',  ( -1.084202172485502462E-15, 0.000000000000000000, -1.000000000000000000 ) ) ;
#776 = ORIENTED_EDGE ( 'NONE', *, *, #3423, .T. ) ;
#777 = DIRECTION ( 'NONE',  ( 1.000000000000000000, -0.000000000000000000, 1.807003620809173892E-16 ) ) ;
#778 = DIRECTION ( 'NONE',  ( 2.891205793294678326E-16, 1.000000000000000000, 0.000000000000000000 ) ) ;
#779 = DIRECTION ( 'NONE',  ( 0.000000000000000000, 0.000000000000000000, 1.000000000000000000 ) ) ;
#780 = AXIS2_PLACEMENT_3D ( 'NONE', #4060, #3735, #970 ) ;
#781 = FACE_OUTER_BOUND ( 'NONE', #1662, .T. ) ;
#782 = ORIENTED_EDGE ( 'NONE', *, *, #1380, .F. ) ;
#783 = CYLINDRICAL_SURFACE ( 'NONE', #3008, 0.04897582552842999482 ) ;
#784 = ORIENTED_EDGE ( 'NONE', *, *, #3981, .T. ) ;
#785 = EDGE_CURVE ( 'NONE', #179, #1057, #3093, .T. ) ;
#786 = LINE ( 'NONE', #2490, #3402 ) ;
#787 = FACE_OUTER_BOUND ( 'NONE', #942, .T. ) ;
#788 = PLANE ( 'NONE',  #2175 ) ;
#789 = ORIENTED_EDGE ( 'NONE', *, *, #1098, .F. ) ;
#790 = CARTESIAN_POINT ( 'NONE',  ( -1.175000000000000266, 1.402740239554723711, -0.8499999999999996447 ) ) ;
#791 = DIRECTION ( 'NONE',  ( -0.000000000000000000, -1.000000000000000000, -0.000000000000000000 ) ) ;
#792 = VERTEX_POINT ( 'NONE', #3749 ) ;
#793 = DIRECTION ( 'NONE',  ( -1.000000000000000000, -0.000000000000000000, 2.323290369611792539E-16 ) ) ;
#794 = EDGE_CURVE ( 'NONE', #2787, #944, #797, .T. ) ;
#795 = DIRECTION ( 'NONE',  ( 1.000000000000000000, 0.000000000000000000, 4.517509052022936456E-16 ) ) ;
#796 = CIRCLE ( 'NONE', #10, 0.04897582552842999482 ) ;
#797 = CIRCLE ( 'NONE', #880, 0.07499999999999998335 ) ;
#798 = CIRCLE ( 'NONE', #3896, 0.2000000000000002054 ) ;
#799 = DIRECTION ( 'NONE',  ( 0.000000000000000000, -1.000000000000000000, 0.000000000000000000 ) ) ;
#800 = CARTESIAN_POINT ( 'NONE',  ( -1.175000000000000711, 0.000000000000000000, 0.3250000000000001776 ) ) ;
#801 = VECTOR ( 'NONE', #1240, 1000.000000000000000 ) ;
#802 = ORIENTED_EDGE ( 'NONE', *, *, #606, .T. ) ;
#803 = CIRCLE ( 'NONE', #730, 0.05000000000000034972 ) ;
#804 = LINE ( 'NONE', #1801, #2662 ) ;
#805 = MANIFOLD_SOLID_BREP ( 'Boss-Extrude7', #3230 ) ;
#806 = EDGE_CURVE ( 'NONE', #2559, #2569, #3330, .T. ) ;
#807 = EDGE_LOOP ( 'NONE', ( #3210, #4340, #1529, #1869, #3579 ) ) ;
#808 = DIRECTION ( 'NONE',  ( 0.000000000000000000, 0.000000000000000000, -1.000000000000000000 ) ) ;
#809 = CARTESIAN_POINT ( 'NONE',  ( -1.175000000000000266, 0.000000000000000000, -0.3250000000000003997 ) ) ;
#810 = CARTESIAN_POINT ( 'NONE',  ( 1.100000000000000089, 0.7500000000000000000, 0.7499999999999997780 ) ) ;
#811 = CARTESIAN_POINT ( 'NONE',  ( 0.4749999999999999778, 0.000000000000000000, 0.3250000000000000111 ) ) ;
#812 = CARTESIAN_POINT ( 'NONE',  ( -0.1500000000000002442, 0.3750000000000000000, -0.9500000000000079492 ) ) ;
#813 = DIRECTION ( 'NONE',  ( 0.000000000000000000, 0.000000000000000000, -1.000000000000000000 ) ) ;
#814 = CIRCLE ( 'NONE', #1959, 0.07499999999999998335 ) ;
#815 = PLANE ( 'NONE',  #3252 ) ;
#816 = ORIENTED_EDGE ( 'NONE', *, *, #835, .T. ) ;
#817 = DIRECTION ( 'NONE',  ( -0.000000000000000000, -1.000000000000000000, -0.000000000000000000 ) ) ;
#818 = AXIS2_PLACEMENT_3D ( 'NONE', #4410, #289, #1355 ) ;
#819 = VECTOR ( 'NONE', #248, 1000.000000000000000 ) ;
#820 = ORIENTED_EDGE ( 'NONE', *, *, #193, .T. ) ;
#821 = ORIENTED_EDGE ( 'NONE', *, *, #3998, .T. ) ;
#822 = CARTESIAN_POINT ( 'NONE',  ( 0.000000000000000000, 0.000000000000000000, 0.9999999999999997780 ) ) ;
#823 = ORIENTED_EDGE ( 'NONE', *, *, #2527, .F. ) ;
#824 = DIRECTION ( 'NONE',  ( 0.000000000000000000, 0.000000000000000000, -1.000000000000000000 ) ) ;
#825 = CARTESIAN_POINT ( 'NONE',  ( -1.249999999999999778, 0.3749999999999998890, -0.9999999999999997780 ) ) ;
#826 = FACE_OUTER_BOUND ( 'NONE', #4170, .T. ) ;
#827 = EDGE_CURVE ( 'NONE', #4290, #3996, #2563, .T. ) ;
#828 = CARTESIAN_POINT ( 'NONE',  ( -0.1500000000000002720, 0.1875000000000000000, -0.9500000000000079492 ) ) ;
#829 = FACE_OUTER_BOUND ( 'NONE', #4070, .T. ) ;
#830 = VERTEX_POINT ( 'NONE', #811 ) ;
#831 = ORIENTED_EDGE ( 'NONE', *, *, #769, .T. ) ;
#832 = FACE_OUTER_BOUND ( 'NONE', #1752, .T. ) ;
#833 = CARTESIAN_POINT ( 'NONE',  ( 0.1500000000000002720, 0.1874999999999999722, -0.9499999999999996225 ) ) ;
#834 = CYLINDRICAL_SURFACE ( 'NONE', #2989, 0.07500000000000019151 ) ;
#835 = EDGE_CURVE ( 'NONE', #1748, #7, #2176, .T. ) ;
#836 = VECTOR ( 'NONE', #2352, 1000.000000000000000 ) ;
#837 = ADVANCED_FACE ( 'NONE', ( #1504 ), #3874, .T. ) ;
#838 = FACE_OUTER_BOUND ( 'NONE', #3848, .T. ) ;
#839 = EDGE_CURVE ( 'NONE', #223, #4184, #72, .T. ) ;
#840 = LINE ( 'NONE', #1810, #506 ) ;
#841 = DIRECTION ( 'NONE',  ( 0.7071067811865454633, 0.000000000000000000, -0.7071067811865496822 ) ) ;
#842 = ORIENTED_EDGE ( 'NONE', *, *, #2852, .F. ) ;
#843 = EDGE_CURVE ( 'NONE', #944, #2072, #786, .T. ) ;
#844 = ORIENTED_EDGE ( 'NONE', *, *, #2992, .F. ) ;
#845 = FACE_OUTER_BOUND ( 'NONE', #4033, .T. ) ;
#846 = DIRECTION ( 'NONE',  ( 0.000000000000000000, 0.000000000000000000, 1.000000000000000000 ) ) ;
#847 = ORIENTED_EDGE ( 'NONE', *, *, #899, .T. ) ;
#848 = AXIS2_PLACEMENT_3D ( 'NONE', #3652, #543, #1606 ) ;
#849 = LINE ( 'NONE', #2206, #863 ) ;
#850 = ORIENTED_EDGE ( 'NONE', *, *, #1637, .F. ) ;
#851 = CARTESIAN_POINT ( 'NONE',  ( 1.000000000000000000, 0.8500000000000000888, -0.8499999999999998668 ) ) ;
#852 = EDGE_LOOP ( 'NONE', ( #3529, #1452, #2356, #2530 ) ) ;
#853 = PLANE ( 'NONE',  #3340 ) ;
#854 = ADVANCED_FACE ( 'NONE', ( #96 ), #2895, .T. ) ;
#855 = CARTESIAN_POINT ( 'NONE',  ( -1.050000000000000044, 0.8499999999999999778, 0.7499999999999997780 ) ) ;
#856 = ORIENTED_EDGE ( 'NONE', *, *, #962, .F. ) ;
#857 = CARTESIAN_POINT ( 'NONE',  ( -1.174999999999999822, 1.402740239554723711, -0.9999999999999997780 ) ) ;
#858 = EDGE_LOOP ( 'NONE', ( #2023, #500, #3486, #1435 ) ) ;
#859 = ADVANCED_FACE ( 'NONE', ( #838 ), #2199, .F. ) ;
#860 = VECTOR ( 'NONE', #742, 1000.000000000000000 ) ;
#861 = DIRECTION ( 'NONE',  ( -0.000000000000000000, -1.000000000000000000, 0.000000000000000000 ) ) ;
#862 = LINE ( 'NONE', #1912, #4322 ) ;
#863 = VECTOR ( 'NONE', #3601, 1000.000000000000000 ) ;
#864 = VECTOR ( 'NONE', #4064, 1000.000000000000000 ) ;
#865 = DIRECTION ( 'NONE',  ( 1.000000000000000000, -0.000000000000000000, -1.084202172485502265E-15 ) ) ;
#866 = ORIENTED_EDGE ( 'NONE', *, *, #709, .F. ) ;
#867 = CARTESIAN_POINT ( 'NONE',  ( -1.175000000000000711, 0.3750000000000000000, 0.3250000000000001776 ) ) ;
#868 = ORIENTED_EDGE ( 'NONE', *, *, #3152, .T. ) ;
#869 = CARTESIAN_POINT ( 'NONE',  ( -1.175000000000000488, 0.3749999999999998890, 0.8499999999999992006 ) ) ;
#870 = DIRECTION ( 'NONE',  ( -4.130293990420977278E-16, 0.000000000000000000, 1.000000000000000000 ) ) ;
#871 = VERTEX_POINT ( 'NONE', #1783 ) ;
#872 = DIRECTION ( 'NONE',  ( 1.000000000000000000, 0.000000000000000000, 0.000000000000000000 ) ) ;
#873 = MANIFOLD_SOLID_BREP ( 'Pad[1]', #4152 ) ;
#874 = ORIENTED_EDGE ( 'NONE', *, *, #2910, .F. ) ;
#875 = LINE ( 'NONE', #328, #104 ) ;
#876 = DIRECTION ( 'NONE',  ( -2.710505431213762071E-16, 0.000000000000000000, 1.000000000000000000 ) ) ;
#877 =( LENGTH_UNIT ( ) NAMED_UNIT ( * ) SI_UNIT ( .MILLI., .METRE. ) );
#878 = DIRECTION ( 'NONE',  ( 1.000000000000000000, 0.000000000000000000, 0.000000000000000000 ) ) ;
#879 = ORIENTED_EDGE ( 'NONE', *, *, #4281, .T. ) ;
#880 = AXIS2_PLACEMENT_3D ( 'NONE', #1347, #1371, #1645 ) ;
#881 = VECTOR ( 'NONE', #951, 1000.000000000000000 ) ;
#882 = AXIS2_PLACEMENT_3D ( 'NONE', #1083, #674, #3494 ) ;
#883 = CARTESIAN_POINT ( 'NONE',  ( -0.1500000000000000777, 0.7500000000000000000, -0.9499999999999996225 ) ) ;
#884 = CARTESIAN_POINT ( 'NONE',  ( -0.4749999999999998668, 0.000000000000000000, 0.6249999999999997780 ) ) ;
#885 = CARTESIAN_POINT ( 'NONE',  ( 1.100000000000000089, 3.961045573002793585, 0.7499999999999997780 ) ) ;
#886 = DIRECTION ( 'NONE',  ( 0.000000000000000000, 0.000000000000000000, -1.000000000000000000 ) ) ;
#887 = LINE ( 'NONE', #2227, #1894 ) ;
#888 = ORIENTED_EDGE ( 'NONE', *, *, #2649, .F. ) ;
#889 = ORIENTED_EDGE ( 'NONE', *, *, #3916, .F. ) ;
#890 = CARTESIAN_POINT ( 'NONE',  ( -0.4749999999999999778, 0.000000000000000000, -0.3250000000000000111 ) ) ;
#891 = FACE_OUTER_BOUND ( 'NONE', #637, .T. ) ;
#892 = ORIENTED_EDGE ( 'NONE', *, *, #2823, .F. ) ;
#893 = DIRECTION ( 'NONE',  ( 0.000000000000000000, 0.000000000000000000, 1.000000000000000000 ) ) ;
#894 = ORIENTED_EDGE ( 'NONE', *, *, #230, .F. ) ;
#895 = ORIENTED_EDGE ( 'NONE', *, *, #456, .T. ) ;
#896 = CARTESIAN_POINT ( 'NONE',  ( 1.200000000000000178, 3.961045573002793585, -0.7499999999999997780 ) ) ;
#897 = ADVANCED_FACE ( 'NONE', ( #3010 ), #2386, .F. ) ;
#898 = CARTESIAN_POINT ( 'NONE',  ( -0.4749999999999997558, 1.402740239554723711, -0.9249999999999998224 ) ) ;
#899 = EDGE_CURVE ( 'NONE', #2064, #1195, #2321, .T. ) ;
#900 = EDGE_CURVE ( 'NONE', #2279, #3251, #1743, .T. ) ;
#901 = PLANE ( 'NONE',  #3180 ) ;
#902 = CARTESIAN_POINT ( 'NONE',  ( -0.1500000000000001055, 0.7500000000000000000, 1.000000000000000000 ) ) ;
#903 = SURFACE_SIDE_STYLE ('',( #2000 ) ) ;
#904 = MANIFOLD_SOLID_BREP ( 'Fillet2', #4089 ) ;
#905 = CARTESIAN_POINT ( 'NONE',  ( -1.100000000000000089, 0.3750000000000000000, -0.9249999999999999334 ) ) ;
#906 = LINE ( 'NONE', #2676, #1608 ) ;
#907 = ORIENTED_EDGE ( 'NONE', *, *, #986, .T. ) ;
#908 = DIRECTION ( 'NONE',  ( -1.000000000000000000, 0.000000000000000000, -0.000000000000000000 ) ) ;
#909 = UNCERTAINTY_MEASURE_WITH_UNIT (LENGTH_MEASURE( 1.000000000000000082E-05 ), #1411, 'distance_accuracy_value', 'NONE');
#910 = ORIENTED_EDGE ( 'NONE', *, *, #2966, .T. ) ;
#911 = DIRECTION ( 'NONE',  ( -0.000000000000000000, -1.000000000000000000, -0.000000000000000000 ) ) ;
#912 = ORIENTED_EDGE ( 'NONE', *, *, #1094, .F. ) ;
#913 = AXIS2_PLACEMENT_3D ( 'NONE', #3864, #795, #2161 ) ;
#914 = DIRECTION ( 'NONE',  ( 0.000000000000000000, 1.000000000000000000, 0.000000000000000000 ) ) ;
#915 = CIRCLE ( 'NONE', #1183, 0.05000000000000034972 ) ;
#916 = VERTEX_POINT ( 'NONE', #2532 ) ;
#917 = CARTESIAN_POINT ( 'NONE',  ( 1.250000000000000000, 0.000000000000000000, 1.000000000000000000 ) ) ;
#918 = ADVANCED_FACE ( 'NONE', ( #1089 ), #2485, .T. ) ;
#919 = FACE_OUTER_BOUND ( 'NONE', #4237, .T. ) ;
#920 = ORIENTED_EDGE ( 'NONE', *, *, #1545, .F. ) ;
#921 = DIRECTION ( 'NONE',  ( 0.000000000000000000, -0.000000000000000000, -1.000000000000000000 ) ) ;
#922 = TOROIDAL_SURFACE ( 'NONE', #2427, 0.05000000000000004441, 0.05000000000000000278 ) ;
#923 = FACE_OUTER_BOUND ( 'NONE', #3295, .T. ) ;
#924 = ADVANCED_FACE ( 'NONE', ( #3177 ), #3290, .F. ) ;
#925 = CARTESIAN_POINT ( 'NONE',  ( -0.6424631817578864146, 0.8499999999999999778, 0.3972980088857192005 ) ) ;
#926 = DIRECTION ( 'NONE',  ( 0.7071067811865454633, 0.000000000000000000, -0.7071067811865496822 ) ) ;
#927 = EDGE_CURVE ( 'NONE', #3482, #4012, #3241, .T. ) ;
#928 = ORIENTED_EDGE ( 'NONE', *, *, #4131, .F. ) ;
#929 = VECTOR ( 'NONE', #668, 1000.000000000000000 ) ;
#930 = VERTEX_POINT ( 'NONE', #2582 ) ;
#931 = EDGE_LOOP ( 'NONE', ( #108, #2609, #4315, #2418 ) ) ;
#932 = EDGE_CURVE ( 'NONE', #3630, #1927, #1230, .T. ) ;
#933 = AXIS2_PLACEMENT_3D ( 'NONE', #3386, #3425, #3472 ) ;
#934 = DIRECTION ( 'NONE',  ( 0.7071067811865470176, -0.000000000000000000, -0.7071067811865480168 ) ) ;
#935 = ORIENTED_EDGE ( 'NONE', *, *, #431, .F. ) ;
#936 = CARTESIAN_POINT ( 'NONE',  ( -0.1500000000000002442, 0.3750000000000000000, -0.9999999999999997780 ) ) ;
#937 = ORIENTED_EDGE ( 'NONE', *, *, #3590, .T. ) ;
#938 = CARTESIAN_POINT ( 'NONE',  ( 1.250000000000000222, 0.000000000000000000, -0.9999999999999995559 ) ) ;
#939 = EDGE_CURVE ( 'NONE', #2341, #3182, #2111, .T. ) ;
#940 = DIRECTION ( 'NONE',  ( 0.000000000000000000, 0.000000000000000000, -1.000000000000000000 ) ) ;
#941 = DIRECTION ( 'NONE',  ( 0.000000000000000000, -1.000000000000000000, 0.000000000000000000 ) ) ;
#942 = EDGE_LOOP ( 'NONE', ( #162, #761, #1672, #2842 ) ) ;
#943 = CARTESIAN_POINT ( 'NONE',  ( -0.4749999999999999778, 0.3750000000000000000, -0.3250000000000000111 ) ) ;
#944 = VERTEX_POINT ( 'NONE', #4065 ) ;
#945 = LINE ( 'NONE', #575, #2577 ) ;
#946 = ORIENTED_EDGE ( 'NONE', *, *, #114, .F. ) ;
#947 = ADVANCED_FACE ( 'NONE', ( #2628 ), #1179, .T. ) ;
#948 = AXIS2_PLACEMENT_3D ( 'NONE', #2855, #846, #2900 ) ;
#949 = AXIS2_PLACEMENT_3D ( 'NONE', #1590, #2625, #2187 ) ;
#950 = EDGE_CURVE ( 'NONE', #4184, #3965, #3073, .T. ) ;
#951 = DIRECTION ( 'NONE',  ( 1.000000000000000000, -0.000000000000000000, 0.000000000000000000 ) ) ;
#952 = EDGE_LOOP ( 'NONE', ( #3009, #542, #1795, #2549 ) ) ;
#953 = CARTESIAN_POINT ( 'NONE',  ( -0.1499999999999996614, 0.7500000000000000000, -1.000000000000000000 ) ) ;
#954 = AXIS2_PLACEMENT_3D ( 'NONE', #545, #2573, #2211 ) ;
#955 = VERTEX_POINT ( 'NONE', #3722 ) ;
#956 = ORIENTED_EDGE ( 'NONE', *, *, #407, .T. ) ;
#957 = LINE ( 'NONE', #1605, #3692 ) ;
#958 = CARTESIAN_POINT ( 'NONE',  ( -0.1500000000000002442, 0.3750000000000000000, -0.9500000000000079492 ) ) ;
#959 = LINE ( 'NONE', #1939, #3480 ) ;
#960 = AXIS2_PLACEMENT_3D ( 'NONE', #2307, #2715, #976 ) ;
#961 = CYLINDRICAL_SURFACE ( 'NONE', #4009, 0.07499999999999998335 ) ;
#962 = EDGE_CURVE ( 'NONE', #1091, #3905, #331, .T. ) ;
#963 = CARTESIAN_POINT ( 'NONE',  ( -1.100000000000000311, 0.3750000000000000000, 0.9249999999999997113 ) ) ;
#964 = ORIENTED_EDGE ( 'NONE', *, *, #3431, .F. ) ;
#965 = ORIENTED_EDGE ( 'NONE', *, *, #3763, .F. ) ;
#966 = CARTESIAN_POINT ( 'NONE',  ( -1.100000000000000089, 0.7500000000000000000, 0.7499999999999997780 ) ) ;
#967 = ADVANCED_FACE ( 'NONE', ( #1670 ), #2957, .T. ) ;
#968 = EDGE_CURVE ( 'NONE', #179, #355, #1157, .T. ) ;
#969 = FACE_OUTER_BOUND ( 'NONE', #694, .T. ) ;
#970 = DIRECTION ( 'NONE',  ( 0.000000000000000000, 0.000000000000000000, -1.000000000000000000 ) ) ;
#971 = AXIS2_PLACEMENT_3D ( 'NONE', #2743, #2124, #2438 ) ;
#972 = FACE_OUTER_BOUND ( 'NONE', #1617, .T. ) ;
#973 = AXIS2_PLACEMENT_3D ( 'NONE', #3914, #3962, #3636 ) ;
#974 = SURFACE_SIDE_STYLE ('',( #9 ) ) ;
#975 = CARTESIAN_POINT ( 'NONE',  ( 1.175000000000000044, 0.000000000000000000, 1.000000000000000000 ) ) ;
#976 = DIRECTION ( 'NONE',  ( 0.000000000000000000, 0.000000000000000000, -1.000000000000000000 ) ) ;
#977 = CARTESIAN_POINT ( 'NONE',  ( -0.4749999999999999223, 0.000000000000000000, 0.9249999999999998224 ) ) ;
#978 = LINE ( 'NONE', #3128, #3693 ) ;
#979 = VECTOR ( 'NONE', #1576, 1000.000000000000000 ) ;
#980 = EDGE_CURVE ( 'NONE', #2279, #2559, #2243, .T. ) ;
#981 =( NAMED_UNIT ( * ) PLANE_ANGLE_UNIT ( ) SI_UNIT ( $, .RADIAN. ) );
#982 = ORIENTED_EDGE ( 'NONE', *, *, #1155, .T. ) ;
#983 = DIRECTION ( 'NONE',  ( -1.000000000000000000, 0.000000000000000000, -0.000000000000000000 ) ) ;
#984 = CARTESIAN_POINT ( 'NONE',  ( 1.250000000000000000, 0.7500000000000000000, 0.9999999999999997780 ) ) ;
#985 =( LENGTH_UNIT ( ) NAMED_UNIT ( * ) SI_UNIT ( .MILLI., .METRE. ) );
#986 = EDGE_CURVE ( 'NONE', #581, #3019, #3380, .T. ) ;
#987 = ORIENTED_EDGE ( 'NONE', *, *, #2369, .F. ) ;
#988 = ORIENTED_EDGE ( 'NONE', *, *, #450, .T. ) ;
#989 = LINE ( 'NONE', #1896, #4068 ) ;
#990 = VECTOR ( 'NONE', #2150, 1000.000000000000000 ) ;
#991 = EDGE_LOOP ( 'NONE', ( #152, #4312, #1457, #2820 ) ) ;
#992 = CARTESIAN_POINT ( 'NONE',  ( 1.175000000000000266, 0.3749999999999998890, -0.9999999999999995559 ) ) ;
#993 = AXIS2_PLACEMENT_3D ( 'NONE', #738, #2517, #1525 ) ;
#994 = DIRECTION ( 'NONE',  ( 0.000000000000000000, -1.000000000000000000, 0.000000000000000000 ) ) ;
#995 = PLANE ( 'NONE',  #250 ) ;
#996 = PLANE ( 'NONE',  #3408 ) ;
#997 = ORIENTED_EDGE ( 'NONE', *, *, #3054, .F. ) ;
#998 = DIRECTION ( 'NONE',  ( 0.000000000000000000, 0.000000000000000000, 1.000000000000000000 ) ) ;
#999 = ORIENTED_EDGE ( 'NONE', *, *, #4175, .F. ) ;
#1000 = DIRECTION ( 'NONE',  ( 0.000000000000000000, -1.000000000000000000, 0.000000000000000000 ) ) ;
#1001 = ORIENTED_EDGE ( 'NONE', *, *, #1376, .F. ) ;
#1002 = DIRECTION ( 'NONE',  ( -0.000000000000000000, -0.000000000000000000, 1.000000000000000000 ) ) ;
#1003 = VERTEX_POINT ( 'NONE', #975 ) ;
#1004 = AXIS2_PLACEMENT_3D ( 'NONE', #2022, #3084, #3047 ) ;
#1005 = ORIENTED_EDGE ( 'NONE', *, *, #1072, .T. ) ;
#1006 = ORIENTED_EDGE ( 'NONE', *, *, #3777, .T. ) ;
#1007 = VECTOR ( 'NONE', #934, 1000.000000000000000 ) ;
#1008 =( GEOMETRIC_REPRESENTATION_CONTEXT ( 3 ) GLOBAL_UNCERTAINTY_ASSIGNED_CONTEXT ( ( #3428 ) ) GLOBAL_UNIT_ASSIGNED_CONTEXT ( ( #1852, #3285, #3961 ) ) REPRESENTATION_CONTEXT ( 'NONE', 'WORKASPACE' ) );
#1009 = CARTESIAN_POINT ( 'NONE',  ( 0.4749999999999999778, 0.000000000000000000, 0.3250000000000000111 ) ) ;
#1010 = CARTESIAN_POINT ( 'NONE',  ( 1.100000000000000311, 0.000000000000000000, 0.9249999999999999334 ) ) ;
#1011 = AXIS2_PLACEMENT_3D ( 'NONE', #1186, #1930, #235 ) ;
#1012 = VECTOR ( 'NONE', #366, 1000.000000000000000 ) ;
#1013 = CARTESIAN_POINT ( 'NONE',  ( 1.000000000000000000, 0.8499999999999999778, 0.8999999999999999112 ) ) ;
#1014 = ADVANCED_FACE ( 'NONE', ( #829 ), #1339, .F. ) ;
#1015 = EDGE_CURVE ( 'NONE', #583, #1029, #1060, .T. ) ;
#1016 = CARTESIAN_POINT ( 'NONE',  ( 1.100000000000000089, 0.7500000000000000000, 0.7499999999999997780 ) ) ;
#1017 = CARTESIAN_POINT ( 'NONE',  ( 1.175000000000000044, 0.7500000000000000000, -0.9999999999999997780 ) ) ;
#1018 = LINE ( 'NONE', #2475, #1248 ) ;
#1019 = CARTESIAN_POINT ( 'NONE',  ( -1.174999999999999822, 0.3749999999999998890, -0.9999999999999997780 ) ) ;
#1020 = CARTESIAN_POINT ( 'NONE',  ( 0.1500000000000000777, 0.7500000000000000000, -0.9499999999999996225 ) ) ;
#1021 = CARTESIAN_POINT ( 'NONE',  ( -0.4749999999999999778, 0.3750000000000000000, -0.3250000000000000111 ) ) ;
#1022 = EDGE_CURVE ( 'NONE', #3564, #1385, #3143, .T. ) ;
#1023 = VECTOR ( 'NONE', #4084, 1000.000000000000000 ) ;
#1024 = EDGE_LOOP ( 'NONE', ( #4351, #4087, #1777, #4104 ) ) ;
#1025 = ORIENTED_EDGE ( 'NONE', *, *, #3753, .F. ) ;
#1026 = CARTESIAN_POINT ( 'NONE',  ( -1.000000000000000000, 0.8499999999999999778, 0.8499999999999998668 ) ) ;
#1027 = VECTOR ( 'NONE', #3644, 1000.000000000000000 ) ;
#1028 = FACE_OUTER_BOUND ( 'NONE', #552, .T. ) ;
#1029 = VERTEX_POINT ( 'NONE', #4164 ) ;
#1030 = ADVANCED_FACE ( 'NONE', ( #1730 ), #3418, .T. ) ;
#1031 = DIRECTION ( 'NONE',  ( 0.000000000000000000, 0.000000000000000000, -1.000000000000000000 ) ) ;
#1032 = CARTESIAN_POINT ( 'NONE',  ( 0.1500000000000000777, 0.7500000000000000000, -0.9499999999999996225 ) ) ;
#1033 = SURFACE_STYLE_USAGE ( .BOTH. , #2416 ) ;
#1034 = PLANE ( 'NONE',  #1421 ) ;
#1035 = FACE_OUTER_BOUND ( 'NONE', #3055, .T. ) ;
#1036 = DIRECTION ( 'NONE',  ( 0.000000000000000000, 0.000000000000000000, -1.000000000000000000 ) ) ;
#1037 = CARTESIAN_POINT ( 'NONE',  ( 1.100000000000000311, 0.000000000000000000, 0.9249999999999999334 ) ) ;
#1038 = EDGE_CURVE ( 'NONE', #658, #2221, #329, .T. ) ;
#1039 = CARTESIAN_POINT ( 'NONE',  ( 1.000000000000000000, 0.8499999999999999778, -0.7499999999999996669 ) ) ;
#1040 = ORIENTED_EDGE ( 'NONE', *, *, #2852, .T. ) ;
#1041 = LINE ( 'NONE', #2802, #2378 ) ;
#1042 = ORIENTED_EDGE ( 'NONE', *, *, #4297, .F. ) ;
#1043 = EDGE_CURVE ( 'NONE', #3132, #1281, #1802, .T. ) ;
#1044 = AXIS2_PLACEMENT_3D ( 'NONE', #1491, #3554, #1468 ) ;
#1045 = CARTESIAN_POINT ( 'NONE',  ( -0.4749999999999999223, 0.000000000000000000, 0.9249999999999998224 ) ) ;
#1046 = ORIENTED_EDGE ( 'NONE', *, *, #686, .T. ) ;
#1047 = LINE ( 'NONE', #3888, #503 ) ;
#1048 = ADVANCED_FACE ( 'NONE', ( #4124 ), #995, .T. ) ;
#1049 = ORIENTED_EDGE ( 'NONE', *, *, #2037, .T. ) ;
#1050 = ORIENTED_EDGE ( 'NONE', *, *, #320, .T. ) ;
#1051 = FACE_OUTER_BOUND ( 'NONE', #1387, .T. ) ;
#1052 = VECTOR ( 'NONE', #1156, 1000.000000000000000 ) ;
#1053 = ORIENTED_EDGE ( 'NONE', *, *, #2255, .T. ) ;
#1054 = ORIENTED_EDGE ( 'NONE', *, *, #3015, .T. ) ;
#1055 = SURFACE_SIDE_STYLE ('',( #1394 ) ) ;
#1056 = LINE ( 'NONE', #3136, #3158 ) ;
#1057 = VERTEX_POINT ( 'NONE', #2043 ) ;
#1058 = DIRECTION ( 'NONE',  ( -0.7071067811865454633, -0.000000000000000000, -0.7071067811865495711 ) ) ;
#1059 = FACE_OUTER_BOUND ( 'NONE', #2801, .T. ) ;
#1060 = LINE ( 'NONE', #672, #1023 ) ;
#1061 = CARTESIAN_POINT ( 'NONE',  ( -1.100000000000000089, 0.9000000000000000222, 0.7499999999999997780 ) ) ;
#1062 = DIRECTION ( 'NONE',  ( 0.000000000000000000, -1.000000000000000000, 0.000000000000000000 ) ) ;
#1063 = CIRCLE ( 'NONE', #2675, 0.2000000000000002054 ) ;
#1064 = CARTESIAN_POINT ( 'NONE',  ( -1.100000000000000089, 0.8500000000000000888, 0.7499999999999997780 ) ) ;
#1065 = VERTEX_POINT ( 'NONE', #58 ) ;
#1066 = AXIS2_PLACEMENT_3D ( 'NONE', #2731, #3751, #646 ) ;
#1067 = CARTESIAN_POINT ( 'NONE',  ( 0.4749999999999999778, 0.3750000000000000000, -0.3250000000000000111 ) ) ;
#1068 = ORIENTED_EDGE ( 'NONE', *, *, #39, .T. ) ;
#1069 = CARTESIAN_POINT ( 'NONE',  ( 1.175000000000000266, 1.402740239554723711, -0.9999999999999995559 ) ) ;
#1070 = PLANE ( 'NONE',  #971 ) ;
#1071 = ORIENTED_EDGE ( 'NONE', *, *, #3654, .T. ) ;
#1072 = EDGE_CURVE ( 'NONE', #3959, #3779, #3813, .T. ) ;
#1073 = DIRECTION ( 'NONE',  ( 0.7071067811865461294, 0.000000000000000000, -0.7071067811865489050 ) ) ;
#1074 = STYLED_ITEM ( 'NONE', ( #616 ), #2404 ) ;
#1075 = ORIENTED_EDGE ( 'NONE', *, *, #574, .F. ) ;
#1076 = MECHANICAL_DESIGN_GEOMETRIC_PRESENTATION_REPRESENTATION (  '', ( #3042 ), #2080 ) ;
#1077 =( GEOMETRIC_REPRESENTATION_CONTEXT ( 3 ) GLOBAL_UNCERTAINTY_ASSIGNED_CONTEXT ( ( #662 ) ) GLOBAL_UNIT_ASSIGNED_CONTEXT ( ( #877, #525, #3092 ) ) REPRESENTATION_CONTEXT ( 'NONE', 'WORKASPACE' ) );
#1078 = ORIENTED_EDGE ( 'NONE', *, *, #4348, .T. ) ;
#1079 = DIRECTION ( 'NONE',  ( 1.000000000000000000, 0.000000000000000000, 4.130293990420977771E-16 ) ) ;
#1080 = ORIENTED_EDGE ( 'NONE', *, *, #3382, .F. ) ;
#1081 = CARTESIAN_POINT ( 'NONE',  ( -0.6424631817578864146, 0.8499999999999999778, 0.3972980088857192005 ) ) ;
#1082 = CIRCLE ( 'NONE', #1011, 0.05000000000000002359 ) ;
#1083 = CARTESIAN_POINT ( 'NONE',  ( 1.250000000000000222, 0.3749999999999998890, -0.9999999999999995559 ) ) ;
#1084 = DIRECTION ( 'NONE',  ( -1.000000000000000000, 9.035018104045853438E-17, -0.000000000000000000 ) ) ;
#1085 = ORIENTED_EDGE ( 'NONE', *, *, #1831, .T. ) ;
#1086 = CARTESIAN_POINT ( 'NONE',  ( -1.175000000000000266, 0.3749999999999998890, -0.3250000000000003997 ) ) ;
#1087 = DIRECTION ( 'NONE',  ( -1.084202172485502265E-15, 0.000000000000000000, -1.000000000000000000 ) ) ;
#1088 = LINE ( 'NONE', #1026, #684 ) ;
#1089 = FACE_OUTER_BOUND ( 'NONE', #2257, .T. ) ;
#1090 = EDGE_CURVE ( 'NONE', #4391, #1501, #1018, .T. ) ;
#1091 = VERTEX_POINT ( 'NONE', #3464 ) ;
#1092 = VERTEX_POINT ( 'NONE', #1381 ) ;
#1093 = VECTOR ( 'NONE', #4280, 1000.000000000000000 ) ;
#1094 = EDGE_CURVE ( 'NONE', #1929, #4061, #2750, .T. ) ;
#1095 = CARTESIAN_POINT ( 'NONE',  ( 1.175000000000000044, 0.3749999999999998890, 1.000000000000000000 ) ) ;
#1096 = LINE ( 'NONE', #145, #416 ) ;
#1097 = PRESENTATION_STYLE_ASSIGNMENT (( #1033 ) ) ;
#1098 = EDGE_CURVE ( 'NONE', #713, #4228, #814, .T. ) ;
#1099 = ORIENTED_EDGE ( 'NONE', *, *, #4096, .F. ) ;
#1100 = PRODUCT_DEFINITION ( 'UNKNOWN', '', #2694, #576 ) ;
#1101 = CARTESIAN_POINT ( 'NONE',  ( 1.100000000000000089, 0.7500000000000000000, 0.7499999999999997780 ) ) ;
#1102 = ORIENTED_EDGE ( 'NONE', *, *, #2778, .T. ) ;
#1103 = CYLINDRICAL_SURFACE ( 'NONE', #1427, 0.04897582552842999482 ) ;
#1104 = CARTESIAN_POINT ( 'NONE',  ( 1.250000000000000444, 0.3749999999999998890, -0.9249999999999996003 ) ) ;
#1105 = ORIENTED_EDGE ( 'NONE', *, *, #3712, .T. ) ;
#1106 = AXIS2_PLACEMENT_3D ( 'NONE', #3921, #504, #1519 ) ;
#1107 = DIRECTION ( 'NONE',  ( 0.000000000000000000, 0.000000000000000000, 1.000000000000000000 ) ) ;
#1108 = EDGE_CURVE ( 'NONE', #2368, #2724, #4387, .T. ) ;
#1109 = AXIS2_PLACEMENT_3D ( 'NONE', #3739, #2550, #3842 ) ;
#1110 = ORIENTED_EDGE ( 'NONE', *, *, #2497, .F. ) ;
#1111 = CARTESIAN_POINT ( 'NONE',  ( -1.000000000000000000, 0.9000000000000000222, -0.7999999999999996003 ) ) ;
#1112 = DIRECTION ( 'NONE',  ( 0.000000000000000000, 0.000000000000000000, 1.000000000000000000 ) ) ;
#1113 = AXIS2_PLACEMENT_3D ( 'NONE', #2631, #3993, #908 ) ;
#1114 = ORIENTED_EDGE ( 'NONE', *, *, #3312, .F. ) ;
#1115 = ORIENTED_EDGE ( 'NONE', *, *, #2498, .T. ) ;
#1116 = CARTESIAN_POINT ( 'NONE',  ( 1.000000000000000000, 0.7500000000000000000, -0.7499999999999996669 ) ) ;
#1117 = CIRCLE ( 'NONE', #2730, 0.04897582552842999482 ) ;
#1118 = EDGE_CURVE ( 'NONE', #581, #3406, #2374, .T. ) ;
#1119 = CARTESIAN_POINT ( 'NONE',  ( 0.4749999999999999223, 0.000000000000000000, 0.9249999999999999334 ) ) ;
#1120 = LINE ( 'NONE', #1526, #2779 ) ;
#1121 = ORIENTED_EDGE ( 'NONE', *, *, #3949, .F. ) ;
#1122 = ORIENTED_EDGE ( 'NONE', *, *, #3253, .T. ) ;
#1123 = DIRECTION ( 'NONE',  ( 1.000000000000000000, -0.000000000000000000, -1.084202172485502265E-15 ) ) ;
#1124 = ORIENTED_EDGE ( 'NONE', *, *, #4247, .T. ) ;
#1125 = LINE ( 'NONE', #1845, #3838 ) ;
#1126 = ORIENTED_EDGE ( 'NONE', *, *, #1706, .T. ) ;
#1127 = CARTESIAN_POINT ( 'NONE',  ( -1.175000000000000266, 0.3749999999999998890, -0.3250000000000003997 ) ) ;
#1128 = ORIENTED_EDGE ( 'NONE', *, *, #1349, .F. ) ;
#1129 = CARTESIAN_POINT ( 'NONE',  ( -0.1500000000000002442, 0.3750000000000000000, -0.9500000000000079492 ) ) ;
#1130 = FACE_OUTER_BOUND ( 'NONE', #3640, .T. ) ;
#1131 = ORIENTED_EDGE ( 'NONE', *, *, #2704, .F. ) ;
#1132 = VECTOR ( 'NONE', #312, 1000.000000000000000 ) ;
#1133 = CARTESIAN_POINT ( 'NONE',  ( 1.000000000000000000, 3.961045573002793585, 0.8499999999999998668 ) ) ;
#1134 = ORIENTED_EDGE ( 'NONE', *, *, #1733, .F. ) ;
#1135 = DIRECTION ( 'NONE',  ( 0.000000000000000000, 0.000000000000000000, 1.000000000000000000 ) ) ;
#1136 = DIRECTION ( 'NONE',  ( 0.000000000000000000, 0.000000000000000000, 1.000000000000000000 ) ) ;
#1137 = LINE ( 'NONE', #4072, #523 ) ;
#1138 = CARTESIAN_POINT ( 'NONE',  ( 1.250000000000000444, 0.000000000000000000, -0.9249999999999994893 ) ) ;
#1139 = CARTESIAN_POINT ( 'NONE',  ( 0.4750000000000001443, 0.3750000000000000000, -0.9249999999999997113 ) ) ;
#1140 = ORIENTED_EDGE ( 'NONE', *, *, #2367, .F. ) ;
#1141 = LINE ( 'NONE', #1166, #724 ) ;
#1142 = ORIENTED_EDGE ( 'NONE', *, *, #3293, .T. ) ;
#1143 = DIRECTION ( 'NONE',  ( 1.000000000000000000, 0.000000000000000000, 0.000000000000000000 ) ) ;
#1144 = VERTEX_POINT ( 'NONE', #4145 ) ;
#1145 = EDGE_LOOP ( 'NONE', ( #3017, #4055, #199, #2179 ) ) ;
#1146 = FACE_OUTER_BOUND ( 'NONE', #2683, .T. ) ;
#1147 = VECTOR ( 'NONE', #2050, 1000.000000000000000 ) ;
#1148 = ORIENTED_EDGE ( 'NONE', *, *, #4131, .T. ) ;
#1149 = CARTESIAN_POINT ( 'NONE',  ( 1.000000000000000000, 3.961045573002793585, -0.7499999999999996669 ) ) ;
#1150 = CIRCLE ( 'NONE', #2615, 0.05000000000000034972 ) ;
#1151 = LINE ( 'NONE', #2261, #1368 ) ;
#1152 = PLANE ( 'NONE',  #2935 ) ;
#1153 = EDGE_CURVE ( 'NONE', #36, #3237, #1712, .T. ) ;
#1154 = VECTOR ( 'NONE', #635, 1000.000000000000000 ) ;
#1155 = EDGE_CURVE ( 'NONE', #557, #3235, #2797, .T. ) ;
#1156 = DIRECTION ( 'NONE',  ( -0.000000000000000000, -1.000000000000000000, -0.000000000000000000 ) ) ;
#1157 = LINE ( 'NONE', #611, #3489 ) ;
#1158 = ORIENTED_EDGE ( 'NONE', *, *, #1637, .T. ) ;
#1159 = LINE ( 'NONE', #185, #1284 ) ;
#1160 = LINE ( 'NONE', #2894, #626 ) ;
#1161 = DIRECTION ( 'NONE',  ( 1.000000000000000000, -0.000000000000000000, 0.000000000000000000 ) ) ;
#1162 = DIRECTION ( 'NONE',  ( 1.000000000000000000, 0.000000000000000000, -1.084202172485504557E-16 ) ) ;
#1163 = VECTOR ( 'NONE', #4100, 1000.000000000000000 ) ;
#1164 = CARTESIAN_POINT ( 'NONE',  ( -0.7749999999999999112, 0.3750000000000000000, 0.3249999999999997891 ) ) ;
#1165 = EDGE_CURVE ( 'NONE', #3426, #2724, #3756, .T. ) ;
#1166 = CARTESIAN_POINT ( 'NONE',  ( -1.000000000000000000, 0.7500000000000000000, 0.9499999999999998446 ) ) ;
#1167 = LINE ( 'NONE', #3194, #1496 ) ;
#1168 = COLOUR_RGB ( '',0.2509803921568627416, 0.2509803921568627416, 0.2509803921568627416 ) ;
#1169 = AXIS2_PLACEMENT_3D ( 'NONE', #3345, #253, #2938 ) ;
#1170 = VERTEX_POINT ( 'NONE', #1419 ) ;
#1171 = ORIENTED_EDGE ( 'NONE', *, *, #2904, .F. ) ;
#1172 = DIRECTION ( 'NONE',  ( 4.130293990420977771E-16, 0.000000000000000000, -1.000000000000000000 ) ) ;
#1173 = ORIENTED_EDGE ( 'NONE', *, *, #2770, .F. ) ;
#1174 = EDGE_CURVE ( 'NONE', #3275, #2258, #2401, .T. ) ;
#1175 = CARTESIAN_POINT ( 'NONE',  ( -1.149999999999999911, 0.8499999999999999778, -0.7499999999999996669 ) ) ;
#1176 = ORIENTED_EDGE ( 'NONE', *, *, #4377, .F. ) ;
#1177 = CARTESIAN_POINT ( 'NONE',  ( 1.050000000000000044, 0.8499999999999999778, 0.7499999999999997780 ) ) ;
#1178 = CARTESIAN_POINT ( 'NONE',  ( 0.4749999999999999223, 0.000000000000000000, 0.9249999999999999334 ) ) ;
#1179 = PLANE ( 'NONE',  #188 ) ;
#1180 = ORIENTED_EDGE ( 'NONE', *, *, #1958, .F. ) ;
#1181 = ORIENTED_EDGE ( 'NONE', *, *, #3718, .T. ) ;
#1182 = CARTESIAN_POINT ( 'NONE',  ( -1.000000000000000000, 3.961045573002793585, 0.7499999999999997780 ) ) ;
#1183 = AXIS2_PLACEMENT_3D ( 'NONE', #3871, #2940, #3244 ) ;
#1184 = DIRECTION ( 'NONE',  ( 2.891205793294678326E-16, 1.000000000000000000, -0.000000000000000000 ) ) ;
#1185 = VECTOR ( 'NONE', #3975, 1000.000000000000000 ) ;
#1186 = CARTESIAN_POINT ( 'NONE',  ( -1.000000000000000000, 0.7999999999999999334, 0.8999999999999999112 ) ) ;
#1187 = CARTESIAN_POINT ( 'NONE',  ( 1.250000000000000222, 0.3749999999999998890, 0.9249999999999996003 ) ) ;
#1188 = VERTEX_POINT ( 'NONE', #697 ) ;
#1189 = PLANE ( 'NONE',  #642 ) ;
#1190 = EDGE_LOOP ( 'NONE', ( #3164, #71, #842, #1583 ) ) ;
#1191 = PLANE ( 'NONE',  #4024 ) ;
#1192 = DIRECTION ( 'NONE',  ( 0.000000000000000000, 0.000000000000000000, -1.000000000000000000 ) ) ;
#1193 = ORIENTED_EDGE ( 'NONE', *, *, #3725, .T. ) ;
#1194 = PLANE ( 'NONE',  #2417 ) ;
#1195 = VERTEX_POINT ( 'NONE', #4226 ) ;
#1196 = LINE ( 'NONE', #1273, #2253 ) ;
#1197 = CARTESIAN_POINT ( 'NONE',  ( -0.4749999999999999778, 0.000000000000000000, -0.3250000000000000111 ) ) ;
#1198 = DIRECTION ( 'NONE',  ( -1.000000000000000000, 0.000000000000000000, 0.000000000000000000 ) ) ;
#1199 = ORIENTED_EDGE ( 'NONE', *, *, #2778, .F. ) ;
#1200 = DIRECTION ( 'NONE',  ( 0.000000000000000000, -1.000000000000000000, 0.000000000000000000 ) ) ;
#1201 = DIRECTION ( 'NONE',  ( 0.7071067811865454633, -0.000000000000000000, 0.7071067811865495711 ) ) ;
#1202 = ORIENTED_EDGE ( 'NONE', *, *, #714, .F. ) ;
#1203 = AXIS2_PLACEMENT_3D ( 'NONE', #3615, #1477, #2535 ) ;
#1204 = VERTEX_POINT ( 'NONE', #1486 ) ;
#1205 = EDGE_CURVE ( 'NONE', #2221, #830, #3256, .T. ) ;
#1206 = VECTOR ( 'NONE', #1768, 1000.000000000000000 ) ;
#1207 = DIRECTION ( 'NONE',  ( -0.000000000000000000, -1.000000000000000000, 0.000000000000000000 ) ) ;
#1208 = CARTESIAN_POINT ( 'NONE',  ( -1.250000000000000000, 0.3749999999999998890, 0.9249999999999997113 ) ) ;
#1209 = DIRECTION ( 'NONE',  ( 0.000000000000000000, 1.000000000000000000, 0.000000000000000000 ) ) ;
#1210 = DIRECTION ( 'NONE',  ( 0.000000000000000000, -1.000000000000000000, 0.000000000000000000 ) ) ;
#1211 = DIRECTION ( 'NONE',  ( -0.000000000000000000, -1.000000000000000000, 0.000000000000000000 ) ) ;
#1212 = LINE ( 'NONE', #2608, #1027 ) ;
#1213 = ORIENTED_EDGE ( 'NONE', *, *, #1346, .T. ) ;
#1214 = EDGE_CURVE ( 'NONE', #4290, #2390, #1816, .T. ) ;
#1215 = LINE ( 'NONE', #1528, #272 ) ;
#1216 = ADVANCED_FACE ( 'NONE', ( #1446, #772 ), #3932, .F. ) ;
#1217 = EDGE_CURVE ( 'NONE', #1286, #2072, #1125, .T. ) ;
#1218 = DIRECTION ( 'NONE',  ( 0.000000000000000000, 0.000000000000000000, 1.000000000000000000 ) ) ;
#1219 = ORIENTED_EDGE ( 'NONE', *, *, #3115, .T. ) ;
#1220 = FACE_OUTER_BOUND ( 'NONE', #3156, .T. ) ;
#1221 = LINE ( 'NONE', #324, #1405 ) ;
#1222 = FACE_OUTER_BOUND ( 'NONE', #61, .T. ) ;
#1223 = DIRECTION ( 'NONE',  ( -0.000000000000000000, -1.000000000000000000, -0.000000000000000000 ) ) ;
#1224 = DIRECTION ( 'NONE',  ( -0.7071067811865470176, 0.000000000000000000, 0.7071067811865480168 ) ) ;
#1225 = DIRECTION ( 'NONE',  ( 0.000000000000000000, 0.000000000000000000, 1.000000000000000000 ) ) ;
#1226 = VECTOR ( 'NONE', #2377, 1000.000000000000000 ) ;
#1227 = EDGE_LOOP ( 'NONE', ( #874, #946, #3769, #382 ) ) ;
#1228 = AXIS2_PLACEMENT_3D ( 'NONE', #2132, #791, #3528 ) ;
#1229 = EDGE_CURVE ( 'NONE', #2706, #1666, #2233, .T. ) ;
#1230 = LINE ( 'NONE', #905, #3364 ) ;
#1231 = AXIS2_PLACEMENT_3D ( 'NONE', #3525, #97, #1438 ) ;
#1232 = DIRECTION ( 'NONE',  ( 0.000000000000000000, 0.000000000000000000, -1.000000000000000000 ) ) ;
#1233 = VECTOR ( 'NONE', #1299, 1000.000000000000000 ) ;
#1234 = ORIENTED_EDGE ( 'NONE', *, *, #827, .T. ) ;
#1235 = CARTESIAN_POINT ( 'NONE',  ( 0.000000000000000000, 0.7500000000000000000, 0.9999999999999997780 ) ) ;
#1236 = LINE ( 'NONE', #2195, #2878 ) ;
#1237 = FACE_OUTER_BOUND ( 'NONE', #4192, .T. ) ;
#1238 =( NAMED_UNIT ( * ) SI_UNIT ( $, .STERADIAN. ) SOLID_ANGLE_UNIT ( ) );
#1239 = ADVANCED_FACE ( 'NONE', ( #470 ), #1191, .T. ) ;
#1240 = DIRECTION ( 'NONE',  ( 1.000000000000000000, -0.000000000000000000, 0.000000000000000000 ) ) ;
#1241 = ORIENTED_EDGE ( 'NONE', *, *, #2640, .T. ) ;
#1242 = EDGE_LOOP ( 'NONE', ( #4370, #392, #2645, #3759, #3940, #2948, #1497, #1641 ) ) ;
#1243 = ADVANCED_FACE ( 'NONE', ( #2901 ), #1103, .T. ) ;
#1244 = ADVANCED_FACE ( 'NONE', ( #3166 ), #3214, .T. ) ;
#1245 = DIRECTION ( 'NONE',  ( -0.000000000000000000, -1.000000000000000000, -0.000000000000000000 ) ) ;
#1246 = VERTEX_POINT ( 'NONE', #2568 ) ;
#1247 = CARTESIAN_POINT ( 'NONE',  ( -1.000000000000000000, 3.961045573002793585, -0.7499999999999995559 ) ) ;
#1248 = VECTOR ( 'NONE', #2423, 1000.000000000000000 ) ;
#1249 = ADVANCED_FACE ( 'NONE', ( #3232 ), #2594, .T. ) ;
#1250 = CARTESIAN_POINT ( 'NONE',  ( -1.175000000000000266, 0.3750000000000000000, -0.3250000000000003997 ) ) ;
#1251 = ORIENTED_EDGE ( 'NONE', *, *, #634, .T. ) ;
#1252 = DIRECTION ( 'NONE',  ( -4.130293990420977278E-16, -0.000000000000000000, -1.000000000000000000 ) ) ;
#1253 = CARTESIAN_POINT ( 'NONE',  ( -0.4749999999999997558, 0.3749999999999998890, -0.9249999999999998224 ) ) ;
#1254 = VECTOR ( 'NONE', #3721, 1000.000000000000000 ) ;
#1255 = CARTESIAN_POINT ( 'NONE',  ( -1.175000000000000711, 1.402740239554723711, 0.3250000000000001776 ) ) ;
#1256 = MECHANICAL_DESIGN_GEOMETRIC_PRESENTATION_REPRESENTATION (  '', ( #4057 ), #4121 ) ;
#1257 = DIRECTION ( 'NONE',  ( 0.000000000000000000, -1.000000000000000000, 0.000000000000000000 ) ) ;
#1258 = CARTESIAN_POINT ( 'NONE',  ( 1.250000000000000222, 0.3750000000000000000, -0.9999999999999995559 ) ) ;
#1259 = ADVANCED_FACE ( 'NONE', ( #4246 ), #148, .F. ) ;
#1260 = VERTEX_POINT ( 'NONE', #80 ) ;
#1261 = CARTESIAN_POINT ( 'NONE',  ( 1.000000000000000000, 0.7999999999999999334, 0.8999999999999999112 ) ) ;
#1262 = UNCERTAINTY_MEASURE_WITH_UNIT (LENGTH_MEASURE( 1.000000000000000082E-05 ), #3833, 'distance_accuracy_value', 'NONE');
#1263 = ORIENTED_EDGE ( 'NONE', *, *, #3890, .T. ) ;
#1264 = DIRECTION ( 'NONE',  ( 0.000000000000000000, 0.000000000000000000, -1.000000000000000000 ) ) ;
#1265 = ORIENTED_EDGE ( 'NONE', *, *, #1448, .T. ) ;
#1266 = EDGE_CURVE ( 'NONE', #4051, #4290, #1167, .T. ) ;
#1267 = AXIS2_PLACEMENT_3D ( 'NONE', #3908, #451, #2137 ) ;
#1268 = AXIS2_PLACEMENT_3D ( 'NONE', #1261, #2338, #3729 ) ;
#1269 = ORIENTED_EDGE ( 'NONE', *, *, #360, .T. ) ;
#1270 = DIRECTION ( 'NONE',  ( 0.000000000000000000, 0.000000000000000000, 1.000000000000000000 ) ) ;
#1271 = CARTESIAN_POINT ( 'NONE',  ( -0.4749999999999999778, 0.3750000000000000000, -0.3250000000000000111 ) ) ;
#1272 = ORIENTED_EDGE ( 'NONE', *, *, #1595, .T. ) ;
#1273 = CARTESIAN_POINT ( 'NONE',  ( 0.1500000000000002720, 0.3749999999999999445, -0.9500000000000079492 ) ) ;
#1274 = AXIS2_PLACEMENT_3D ( 'NONE', #2101, #4110, #2824 ) ;
#1275 = DIRECTION ( 'NONE',  ( -1.000000000000000000, 0.000000000000000000, 1.084202172485504557E-16 ) ) ;
#1276 = DIRECTION ( 'NONE',  ( 0.000000000000000000, -1.000000000000000000, 0.000000000000000000 ) ) ;
#1277 = EDGE_CURVE ( 'NONE', #2928, #2162, #849, .T. ) ;
#1278 = CYLINDRICAL_SURFACE ( 'NONE', #1363, 0.04999999999999991257 ) ;
#1279 = LINE ( 'NONE', #4359, #3559 ) ;
#1280 = CARTESIAN_POINT ( 'NONE',  ( -1.000000000000000000, 0.7500000000000000000, 0.8499999999999998668 ) ) ;
#1281 = VERTEX_POINT ( 'NONE', #3954 ) ;
#1282 = FILL_AREA_STYLE ('',( #4304 ) ) ;
#1283 = PLANE ( 'NONE',  #3546 ) ;
#1284 = VECTOR ( 'NONE', #2534, 1000.000000000000000 ) ;
#1285 = DIRECTION ( 'NONE',  ( -0.7071067811865470176, 0.000000000000000000, -0.7071067811865480168 ) ) ;
#1286 = VERTEX_POINT ( 'NONE', #869 ) ;
#1287 = ORIENTED_EDGE ( 'NONE', *, *, #3373, .F. ) ;
#1288 = DIRECTION ( 'NONE',  ( -0.000000000000000000, -1.000000000000000000, -0.000000000000000000 ) ) ;
#1289 = VECTOR ( 'NONE', #492, 1000.000000000000000 ) ;
#1290 = VECTOR ( 'NONE', #870, 1000.000000000000000 ) ;
#1291 = ORIENTED_EDGE ( 'NONE', *, *, #2244, .F. ) ;
#1292 = DIRECTION ( 'NONE',  ( 0.000000000000000000, 0.000000000000000000, 1.000000000000000000 ) ) ;
#1293 = FACE_OUTER_BOUND ( 'NONE', #3830, .T. ) ;
#1294 = PLANE ( 'NONE',  #4235 ) ;
#1295 = ORIENTED_EDGE ( 'NONE', *, *, #2723, .F. ) ;
#1296 = CARTESIAN_POINT ( 'NONE',  ( -1.175000000000000488, 0.000000000000000000, 0.8499999999999992006 ) ) ;
#1297 = DIRECTION ( 'NONE',  ( 1.000000000000000000, -0.000000000000000000, 0.000000000000000000 ) ) ;
#1298 = EDGE_CURVE ( 'NONE', #131, #2765, #142, .T. ) ;
#1299 = DIRECTION ( 'NONE',  ( 1.000000000000000000, -0.000000000000000000, 0.000000000000000000 ) ) ;
#1300 = ORIENTED_EDGE ( 'NONE', *, *, #2558, .F. ) ;
#1301 = FILL_AREA_STYLE_COLOUR ( '', #1941 ) ;
#1302 = CIRCLE ( 'NONE', #2970, 0.04999999999999991257 ) ;
#1303 = ADVANCED_FACE ( 'NONE', ( #2157 ), #3530, .F. ) ;
#1304 = AXIS2_PLACEMENT_3D ( 'NONE', #282, #517, #4311 ) ;
#1305 = DIRECTION ( 'NONE',  ( 1.000000000000000000, -0.000000000000000000, 4.130293990420976292E-16 ) ) ;
#1306 = CARTESIAN_POINT ( 'NONE',  ( 1.100000000000000533, 0.3750000000000000000, -0.9249999999999997113 ) ) ;
#1307 = VERTEX_POINT ( 'NONE', #1466 ) ;
#1308 = ORIENTED_EDGE ( 'NONE', *, *, #4175, .T. ) ;
#1309 = DIRECTION ( 'NONE',  ( 0.000000000000000000, -1.000000000000000000, 0.000000000000000000 ) ) ;
#1310 = ORIENTED_EDGE ( 'NONE', *, *, #2873, .F. ) ;
#1311 = ADVANCED_FACE ( 'NONE', ( #4039 ), #4020, .F. ) ;
#1312 = ORIENTED_EDGE ( 'NONE', *, *, #3513, .F. ) ;
#1313 = DIRECTION ( 'NONE',  ( 1.000000000000000000, 0.000000000000000000, 0.000000000000000000 ) ) ;
#1314 = CARTESIAN_POINT ( 'NONE',  ( 1.175000000000000711, 0.3750000000000000000, 0.3250000000000004552 ) ) ;
#1315 = CARTESIAN_POINT ( 'NONE',  ( -1.000000000000000000, 0.9000000000000000222, -0.8499999999999996447 ) ) ;
#1316 = DIRECTION ( 'NONE',  ( -0.000000000000000000, -1.000000000000000000, -0.000000000000000000 ) ) ;
#1317 = DIRECTION ( 'NONE',  ( 0.7071067811865496822, -0.000000000000000000, 0.7071067811865454633 ) ) ;
#1318 = AXIS2_PLACEMENT_3D ( 'NONE', #103, #2857, #168 ) ;
#1319 = CARTESIAN_POINT ( 'NONE',  ( -1.050000000000000044, 0.9000000000000000222, 0.7499999999999997780 ) ) ;
#1320 = ADVANCED_FACE ( 'NONE', ( #2710 ), #283, .F. ) ;
#1321 = FILL_AREA_STYLE ('',( #549 ) ) ;
#1322 = CARTESIAN_POINT ( 'NONE',  ( -1.175000000000000266, 0.3750000000000000000, -0.3250000000000003997 ) ) ;
#1323 = VECTOR ( 'NONE', #3991, 1000.000000000000000 ) ;
#1324 = VERTEX_POINT ( 'NONE', #3038 ) ;
#1325 = ORIENTED_EDGE ( 'NONE', *, *, #317, .T. ) ;
#1326 = CARTESIAN_POINT ( 'NONE',  ( 0.4749999999999999778, 0.000000000000000000, 0.3250000000000000111 ) ) ;
#1327 = DIRECTION ( 'NONE',  ( -0.000000000000000000, -0.000000000000000000, 1.000000000000000000 ) ) ;
#1328 = ORIENTED_EDGE ( 'NONE', *, *, #1380, .T. ) ;
#1329 = ORIENTED_EDGE ( 'NONE', *, *, #2992, .T. ) ;
#1330 = LINE ( 'NONE', #520, #3785 ) ;
#1331 = MECHANICAL_DESIGN_GEOMETRIC_PRESENTATION_REPRESENTATION (  '', ( #1685 ), #4134 ) ;
#1332 =( LENGTH_UNIT ( ) NAMED_UNIT ( * ) SI_UNIT ( .MILLI., .METRE. ) );
#1333 = DIRECTION ( 'NONE',  ( -1.000000000000000000, 0.000000000000000000, -9.035018104045869462E-17 ) ) ;
#1334 = AXIS2_PLACEMENT_3D ( 'NONE', #2884, #1776, #3197 ) ;
#1335 = EDGE_LOOP ( 'NONE', ( #79, #4308, #1699, #2216 ) ) ;
#1336 = FACE_BOUND ( 'NONE', #3091, .T. ) ;
#1337 = VECTOR ( 'NONE', #2148, 1000.000000000000114 ) ;
#1338 = CARTESIAN_POINT ( 'NONE',  ( -0.4749999999999999778, 0.3750000000000000000, -0.3250000000000000111 ) ) ;
#1339 = PLANE ( 'NONE',  #3269 ) ;
#1340 = CARTESIAN_POINT ( 'NONE',  ( -1.000000000000000000, 0.7500000000000000000, -0.7499999999999995559 ) ) ;
#1341 = DIRECTION ( 'NONE',  ( -0.000000000000000000, 1.000000000000000000, -0.000000000000000000 ) ) ;
#1342 = VECTOR ( 'NONE', #3941, 1000.000000000000000 ) ;
#1343 = CARTESIAN_POINT ( 'NONE',  ( -1.000000000000000000, 0.7500000000000000000, -0.9499999999999998446 ) ) ;
#1344 = ORIENTED_EDGE ( 'NONE', *, *, #2505, .F. ) ;
#1345 = FACE_OUTER_BOUND ( 'NONE', #400, .T. ) ;
#1346 = EDGE_CURVE ( 'NONE', #3019, #3149, #2614, .T. ) ;
#1347 = CARTESIAN_POINT ( 'NONE',  ( -1.250000000000000000, 0.000000000000000000, 0.9999999999999997780 ) ) ;
#1348 = CARTESIAN_POINT ( 'NONE',  ( 1.000000000000000000, 0.7500000000000000000, 0.7499999999999997780 ) ) ;
#1349 = EDGE_CURVE ( 'NONE', #654, #1677, #244, .T. ) ;
#1350 = FILL_AREA_STYLE_COLOUR ( '', #3604 ) ;
#1351 = EDGE_CURVE ( 'NONE', #2123, #2596, #2215, .T. ) ;
#1352 = ADVANCED_FACE ( 'NONE', ( #2994 ), #539, .F. ) ;
#1353 = VERTEX_POINT ( 'NONE', #2665 ) ;
#1354 = STYLED_ITEM ( 'NONE', ( #1097 ), #3822 ) ;
#1355 = DIRECTION ( 'NONE',  ( 0.000000000000000000, 0.000000000000000000, 1.000000000000000000 ) ) ;
#1356 = EDGE_CURVE ( 'NONE', #658, #1246, #1957, .T. ) ;
#1357 = CARTESIAN_POINT ( 'NONE',  ( 1.250000000000000444, 1.402740239554723711, -0.9249999999999994893 ) ) ;
#1358 = CARTESIAN_POINT ( 'NONE',  ( -0.4749999999999997558, 0.3750000000000000000, -0.9249999999999998224 ) ) ;
#1359 = DIRECTION ( 'NONE',  ( 0.000000000000000000, 1.000000000000000000, 0.000000000000000000 ) ) ;
#1360 = VERTEX_POINT ( 'NONE', #3355 ) ;
#1361 = DIRECTION ( 'NONE',  ( -0.000000000000000000, -1.000000000000000000, 0.000000000000000000 ) ) ;
#1362 = VECTOR ( 'NONE', #287, 1000.000000000000000 ) ;
#1363 = AXIS2_PLACEMENT_3D ( 'NONE', #3026, #4358, #2354 ) ;
#1364 = ORIENTED_EDGE ( 'NONE', *, *, #3339, .T. ) ;
#1365 = LINE ( 'NONE', #737, #1475 ) ;
#1366 = DIRECTION ( 'NONE',  ( 0.000000000000000000, 0.000000000000000000, 1.000000000000000000 ) ) ;
#1367 = VECTOR ( 'NONE', #1245, 1000.000000000000000 ) ;
#1368 = VECTOR ( 'NONE', #2982, 1000.000000000000000 ) ;
#1369 = ADVANCED_FACE ( 'NONE', ( #4313 ), #2643, .F. ) ;
#1370 = VECTOR ( 'NONE', #4197, 1000.000000000000000 ) ;
#1371 = DIRECTION ( 'NONE',  ( -0.000000000000000000, 1.000000000000000000, -0.000000000000000000 ) ) ;
#1372 = CARTESIAN_POINT ( 'NONE',  ( 1.175000000000000266, 0.000000000000000000, -0.9999999999999995559 ) ) ;
#1373 = AXIS2_PLACEMENT_3D ( 'NONE', #3165, #1079, #3881 ) ;
#1374 = CARTESIAN_POINT ( 'NONE',  ( -1.000000000000000000, 0.8499999999999999778, -0.7499999999999995559 ) ) ;
#1375 = ORIENTED_EDGE ( 'NONE', *, *, #1118, .T. ) ;
#1376 = EDGE_CURVE ( 'NONE', #767, #3963, #2687, .T. ) ;
#1377 = AXIS2_PLACEMENT_3D ( 'NONE', #4335, #4008, #4321 ) ;
#1378 = FACE_OUTER_BOUND ( 'NONE', #3611, .T. ) ;
#1379 = SURFACE_STYLE_USAGE ( .BOTH. , #974 ) ;
#1380 = EDGE_CURVE ( 'NONE', #1832, #2698, #3736, .T. ) ;
#1381 = CARTESIAN_POINT ( 'NONE',  ( 0.2000000000000004274, 0.7500000000000000000, -0.9999999999999997780 ) ) ;
#1382 = CARTESIAN_POINT ( 'NONE',  ( 1.250000000000000000, 0.7500000000000000000, -0.9249999999999998224 ) ) ;
#1383 = CARTESIAN_POINT ( 'NONE',  ( 1.100000000000000533, 1.402740239554723711, -0.9249999999999997113 ) ) ;
#1384 = PLANE ( 'NONE',  #717 ) ;
#1385 = VERTEX_POINT ( 'NONE', #3039 ) ;
#1386 = CARTESIAN_POINT ( 'NONE',  ( 1.100000000000000533, 0.3749999999999998890, -0.9249999999999997113 ) ) ;
#1387 = EDGE_LOOP ( 'NONE', ( #2880, #601, #378, #3198 ) ) ;
#1388 = CARTESIAN_POINT ( 'NONE',  ( -0.7749999999999999112, 1.402740239554723711, 0.3249999999999997891 ) ) ;
#1389 = AXIS2_PLACEMENT_3D ( 'NONE', #4098, #3400, #4144 ) ;
#1390 = ADVANCED_FACE ( 'NONE', ( #919 ), #4366, .T. ) ;
#1391 = AXIS2_PLACEMENT_3D ( 'NONE', #2798, #365, #2093 ) ;
#1392 = ORIENTED_EDGE ( 'NONE', *, *, #4398, .F. ) ;
#1393 = ORIENTED_EDGE ( 'NONE', *, *, #785, .F. ) ;
#1394 = SURFACE_STYLE_FILL_AREA ( #2729 ) ;
#1395 = CARTESIAN_POINT ( 'NONE',  ( 1.000000000000000000, 0.8500000000000000888, -0.8499999999999998668 ) ) ;
#1396 = ADVANCED_FACE ( 'NONE', ( #1977 ), #2280, .F. ) ;
#1397 = DIRECTION ( 'NONE',  ( 1.000000000000000000, 0.000000000000000000, 6.969871108835378604E-16 ) ) ;
#1398 = LINE ( 'NONE', #4082, #3915 ) ;
#1399 = DIRECTION ( 'NONE',  ( 1.000000000000000000, 0.000000000000000000, 0.000000000000000000 ) ) ;
#1400 = LINE ( 'NONE', #1382, #3272 ) ;
#1401 = DIRECTION ( 'NONE',  ( 0.000000000000000000, -1.000000000000000000, 0.000000000000000000 ) ) ;
#1402 = PRESENTATION_LAYER_ASSIGNMENT (  '', '', ( #1685 ) ) ;
#1403 = ORIENTED_EDGE ( 'NONE', *, *, #1716, .F. ) ;
#1404 = CARTESIAN_POINT ( 'NONE',  ( 1.175000000000000266, 1.402740239554723711, -0.9999999999999995559 ) ) ;
#1405 = VECTOR ( 'NONE', #2708, 1000.000000000000000 ) ;
#1406 = CARTESIAN_POINT ( 'NONE',  ( 1.175000000000000711, 0.3749999999999998890, -0.8499999999999994227 ) ) ;
#1407 = EDGE_CURVE ( 'NONE', #3688, #527, #722, .T. ) ;
#1408 = ORIENTED_EDGE ( 'NONE', *, *, #1022, .F. ) ;
#1409 = CARTESIAN_POINT ( 'NONE',  ( -1.000000000000000000, 0.7500000000000000000, 0.7499999999999997780 ) ) ;
#1410 = DIRECTION ( 'NONE',  ( 0.000000000000000000, 1.000000000000000000, 0.000000000000000000 ) ) ;
#1411 =( LENGTH_UNIT ( ) NAMED_UNIT ( * ) SI_UNIT ( .MILLI., .METRE. ) );
#1412 = ORIENTED_EDGE ( 'NONE', *, *, #794, .F. ) ;
#1413 = ORIENTED_EDGE ( 'NONE', *, *, #2523, .T. ) ;
#1414 = APPLICATION_PROTOCOL_DEFINITION ( 'draft international standard', 'automotive_design', 1998, #3925 ) ;
#1415 = DIRECTION ( 'NONE',  ( -1.000000000000000000, 0.000000000000000000, -0.000000000000000000 ) ) ;
#1416 = LINE ( 'NONE', #74, #704 ) ;
#1417 = EDGE_LOOP ( 'NONE', ( #4074, #4148, #1171, #1114 ) ) ;
#1418 = CARTESIAN_POINT ( 'NONE',  ( 0.1500000000000000777, 0.000000000000000000, -0.9499999999999996225 ) ) ;
#1419 = CARTESIAN_POINT ( 'NONE',  ( 1.050000000000000266, 0.9000000000000000222, -0.7499999999999996669 ) ) ;
#1420 = FACE_OUTER_BOUND ( 'NONE', #2868, .T. ) ;
#1421 = AXIS2_PLACEMENT_3D ( 'NONE', #1771, #384, #4143 ) ;
#1422 = CARTESIAN_POINT ( 'NONE',  ( -1.250000000000000000, 0.3750000000000000000, 0.9999999999999997780 ) ) ;
#1423 = EDGE_LOOP ( 'NONE', ( #4393, #3213, #3432, #617 ) ) ;
#1424 = VECTOR ( 'NONE', #4117, 1000.000000000000000 ) ;
#1425 = CARTESIAN_POINT ( 'NONE',  ( 1.175000000000000266, 0.000000000000000000, -0.9999999999999995559 ) ) ;
#1426 = EDGE_LOOP ( 'NONE', ( #402, #3850, #2134, #718, #907, #1213 ) ) ;
#1427 = AXIS2_PLACEMENT_3D ( 'NONE', #2881, #2545, #3862 ) ;
#1428 = VECTOR ( 'NONE', #1327, 1000.000000000000000 ) ;
#1429 = EDGE_CURVE ( 'NONE', #3182, #4230, #4081, .T. ) ;
#1430 = DIRECTION ( 'NONE',  ( 1.000000000000000000, -2.891205793294678326E-16, 0.000000000000000000 ) ) ;
#1431 = DIRECTION ( 'NONE',  ( -0.000000000000000000, -1.000000000000000000, -0.000000000000000000 ) ) ;
#1432 = DIRECTION ( 'NONE',  ( -1.000000000000000000, 1.807003620809171181E-16, 0.000000000000000000 ) ) ;
#1433 = PRESENTATION_STYLE_ASSIGNMENT (( #47 ) ) ;
#1434 = ADVANCED_FACE ( 'NONE', ( #3334 ), #3752, .T. ) ;
#1435 = ORIENTED_EDGE ( 'NONE', *, *, #4214, .F. ) ;
#1436 = ORIENTED_EDGE ( 'NONE', *, *, #794, .T. ) ;
#1437 = EDGE_LOOP ( 'NONE', ( #1375, #2666, #3266, #2612 ) ) ;
#1438 = DIRECTION ( 'NONE',  ( 0.000000000000000000, 0.000000000000000000, -1.000000000000000000 ) ) ;
#1439 = VECTOR ( 'NONE', #1715, 1000.000000000000000 ) ;
#1440 = PLANE ( 'NONE',  #596 ) ;
#1441 = EDGE_LOOP ( 'NONE', ( #2847, #1329, #1854, #2927 ) ) ;
#1442 = CARTESIAN_POINT ( 'NONE',  ( 0.4749999999999999778, 0.000000000000000000, 0.3250000000000000111 ) ) ;
#1443 = VECTOR ( 'NONE', #691, 1000.000000000000000 ) ;
#1444 = CIRCLE ( 'NONE', #1788, 0.1000000000000000472 ) ;
#1445 = PLANE ( 'NONE',  #429 ) ;
#1446 = FACE_OUTER_BOUND ( 'NONE', #3767, .T. ) ;
#1447 = VECTOR ( 'NONE', #4306, 1000.000000000000000 ) ;
#1448 = EDGE_CURVE ( 'NONE', #1195, #3235, #796, .T. ) ;
#1449 = VECTOR ( 'NONE', #3238, 1000.000000000000000 ) ;
#1450 = ORIENTED_EDGE ( 'NONE', *, *, #1538, .T. ) ;
#1451 = LINE ( 'NONE', #2821, #4394 ) ;
#1452 = ORIENTED_EDGE ( 'NONE', *, *, #357, .F. ) ;
#1453 = FACE_OUTER_BOUND ( 'NONE', #3803, .T. ) ;
#1454 = DIRECTION ( 'NONE',  ( -1.000000000000000000, -0.000000000000000000, -0.000000000000000000 ) ) ;
#1455 = EDGE_CURVE ( 'NONE', #2733, #135, #3359, .T. ) ;
#1456 = ORIENTED_EDGE ( 'NONE', *, *, #3045, .F. ) ;
#1457 = ORIENTED_EDGE ( 'NONE', *, *, #317, .F. ) ;
#1458 = ORIENTED_EDGE ( 'NONE', *, *, #2145, .T. ) ;
#1459 = STYLED_ITEM ( 'NONE', ( #2659 ), #2385 ) ;
#1460 = CARTESIAN_POINT ( 'NONE',  ( -1.150000000000000133, 0.7999999999999999334, -0.7499999999999995559 ) ) ;
#1461 = DIRECTION ( 'NONE',  ( -0.7071067811865454633, 0.000000000000000000, 0.7071067811865495711 ) ) ;
#1462 = LINE ( 'NONE', #3927, #664 ) ;
#1463 = VERTEX_POINT ( 'NONE', #992 ) ;
#1464 = ORIENTED_EDGE ( 'NONE', *, *, #3455, .T. ) ;
#1465 = ORIENTED_EDGE ( 'NONE', *, *, #1994, .T. ) ;
#1466 = CARTESIAN_POINT ( 'NONE',  ( -1.000000000000000000, 0.7500000000000000000, -0.8499999999999996447 ) ) ;
#1467 = ORIENTED_EDGE ( 'NONE', *, *, #3179, .F. ) ;
#1468 = DIRECTION ( 'NONE',  ( 0.000000000000000000, 0.000000000000000000, -1.000000000000000000 ) ) ;
#1469 = MECHANICAL_DESIGN_GEOMETRIC_PRESENTATION_REPRESENTATION (  '', ( #3574 ), #4002 ) ;
#1470 = LINE ( 'NONE', #1086, #2616 ) ;
#1471 = LINE ( 'NONE', #88, #395 ) ;
#1472 = AXIS2_PLACEMENT_3D ( 'NONE', #2478, #4229, #2116 ) ;
#1473 = ORIENTED_EDGE ( 'NONE', *, *, #4256, .T. ) ;
#1474 = DIRECTION ( 'NONE',  ( 0.000000000000000000, 0.000000000000000000, -1.000000000000000000 ) ) ;
#1475 = VECTOR ( 'NONE', #2764, 1000.000000000000000 ) ;
#1476 = ORIENTED_EDGE ( 'NONE', *, *, #1627, .F. ) ;
#1477 = DIRECTION ( 'NONE',  ( 1.000000000000000000, 0.000000000000000000, 0.000000000000000000 ) ) ;
#1478 = AXIS2_PLACEMENT_3D ( 'NONE', #4292, #1962, #2692 ) ;
#1479 = ADVANCED_FACE ( 'NONE', ( #972 ), #1294, .T. ) ;
#1480 = DIRECTION ( 'NONE',  ( -0.000000000000000000, -1.000000000000000000, -0.000000000000000000 ) ) ;
#1481 = FACE_OUTER_BOUND ( 'NONE', #3743, .T. ) ;
#1482 = ORIENTED_EDGE ( 'NONE', *, *, #3777, .F. ) ;
#1483 = ORIENTED_EDGE ( 'NONE', *, *, #962, .T. ) ;
#1484 = FACE_OUTER_BOUND ( 'NONE', #91, .T. ) ;
#1485 = VERTEX_POINT ( 'NONE', #1621 ) ;
#1486 = CARTESIAN_POINT ( 'NONE',  ( -1.150000000000000133, 0.8499999999999999778, -0.7499999999999995559 ) ) ;
#1487 = EDGE_CURVE ( 'NONE', #3965, #2591, #3021, .T. ) ;
#1488 = ORIENTED_EDGE ( 'NONE', *, *, #1680, .T. ) ;
#1489 = EDGE_CURVE ( 'NONE', #4269, #4016, #3065, .T. ) ;
#1490 = ORIENTED_EDGE ( 'NONE', *, *, #3582, .F. ) ;
#1491 = CARTESIAN_POINT ( 'NONE',  ( 1.000000000000000000, 0.7999999999999999334, 0.7499999999999997780 ) ) ;
#1492 = EDGE_CURVE ( 'NONE', #1092, #713, #2734, .T. ) ;
#1493 = CARTESIAN_POINT ( 'NONE',  ( -1.250000000000000000, 0.3749999999999998890, -0.9249999999999997113 ) ) ;
#1494 = DIRECTION ( 'NONE',  ( 0.000000000000000000, -0.000000000000000000, 1.000000000000000000 ) ) ;
#1495 = VECTOR ( 'NONE', #1990, 1000.000000000000000 ) ;
#1496 = VECTOR ( 'NONE', #793, 1000.000000000000000 ) ;
#1497 = ORIENTED_EDGE ( 'NONE', *, *, #1679, .T. ) ;
#1498 = TOROIDAL_SURFACE ( 'NONE', #3234, 0.05000000000000004441, 0.05000000000000000278 ) ;
#1499 = CARTESIAN_POINT ( 'NONE',  ( -0.4749999999999999223, 0.3749999999999998890, 0.9249999999999998224 ) ) ;
#1500 = ORIENTED_EDGE ( 'NONE', *, *, #3115, .F. ) ;
#1501 = VERTEX_POINT ( 'NONE', #4021 ) ;
#1502 = DIRECTION ( 'NONE',  ( 0.000000000000000000, 1.000000000000000000, 0.000000000000000000 ) ) ;
#1503 = DIRECTION ( 'NONE',  ( -1.000000000000000000, 0.000000000000000000, -0.000000000000000000 ) ) ;
#1504 = FACE_OUTER_BOUND ( 'NONE', #2319, .T. ) ;
#1505 = CARTESIAN_POINT ( 'NONE',  ( -0.4749999999999997558, 0.3750000000000000000, -0.9249999999999998224 ) ) ;
#1506 = DIRECTION ( 'NONE',  ( -0.000000000000000000, -1.000000000000000000, -0.000000000000000000 ) ) ;
#1507 = EDGE_CURVE ( 'NONE', #1927, #2706, #957, .T. ) ;
#1508 = DIRECTION ( 'NONE',  ( 0.7071067811865454633, 0.000000000000000000, 0.7071067811865496822 ) ) ;
#1509 = ADVANCED_FACE ( 'NONE', ( #1336, #2017 ), #2347, .F. ) ;
#1510 = EDGE_CURVE ( 'NONE', #2072, #1540, #2330, .T. ) ;
#1511 = CARTESIAN_POINT ( 'NONE',  ( -0.1500000000000002720, 0.1875000000000000000, 0.9499999999999914069 ) ) ;
#1512 = EDGE_LOOP ( 'NONE', ( #1541, #2642, #4379, #302 ) ) ;
#1513 = ADVANCED_FACE ( 'NONE', ( #3720 ), #2668, .T. ) ;
#1514 = FILL_AREA_STYLE_COLOUR ( '', #15 ) ;
#1515 = DIRECTION ( 'NONE',  ( -0.000000000000000000, 1.000000000000000000, -0.000000000000000000 ) ) ;
#1516 = VERTEX_POINT ( 'NONE', #3837 ) ;
#1517 = VECTOR ( 'NONE', #570, 1000.000000000000000 ) ;
#1518 = CARTESIAN_POINT ( 'NONE',  ( 1.200000000000000178, 0.7999999999999999334, -0.7499999999999997780 ) ) ;
#1519 = DIRECTION ( 'NONE',  ( 0.000000000000000000, 0.000000000000000000, 1.000000000000000000 ) ) ;
#1520 = ORIENTED_EDGE ( 'NONE', *, *, #3431, .T. ) ;
#1521 = DIRECTION ( 'NONE',  ( -0.000000000000000000, -1.000000000000000000, -0.000000000000000000 ) ) ;
#1522 = CARTESIAN_POINT ( 'NONE',  ( -0.6424631817578864146, 0.9000000000000000222, 0.3972980088857192005 ) ) ;
#1523 = CARTESIAN_POINT ( 'NONE',  ( 1.200000000000000178, 0.7500000000000000000, -0.7499999999999997780 ) ) ;
#1524 = SURFACE_STYLE_FILL_AREA ( #1282 ) ;
#1525 = DIRECTION ( 'NONE',  ( 0.000000000000000000, 0.000000000000000000, -1.000000000000000000 ) ) ;
#1526 = CARTESIAN_POINT ( 'NONE',  ( -1.174999999999999822, 0.3749999999999998890, -0.9999999999999997780 ) ) ;
#1527 = ORIENTED_EDGE ( 'NONE', *, *, #3667, .T. ) ;
#1528 = CARTESIAN_POINT ( 'NONE',  ( -1.000000000000000000, 0.7500000000000000000, -0.8499999999999996447 ) ) ;
#1529 = ORIENTED_EDGE ( 'NONE', *, *, #2967, .F. ) ;
#1530 = DIRECTION ( 'NONE',  ( 2.323290369611793032E-16, 0.000000000000000000, 1.000000000000000000 ) ) ;
#1531 = VECTOR ( 'NONE', #165, 1000.000000000000114 ) ;
#1532 = ORIENTED_EDGE ( 'NONE', *, *, #899, .F. ) ;
#1533 = ORIENTED_EDGE ( 'NONE', *, *, #3257, .T. ) ;
#1534 = CARTESIAN_POINT ( 'NONE',  ( -1.000000000000000000, 0.7999999999999999334, 0.8999999999999999112 ) ) ;
#1535 = CARTESIAN_POINT ( 'NONE',  ( -1.250000000000000000, 0.3749999999999998890, 0.9999999999999997780 ) ) ;
#1536 = CYLINDRICAL_SURFACE ( 'NONE', #2883, 0.1000000000000001582 ) ;
#1537 = DIRECTION ( 'NONE',  ( 0.000000000000000000, 0.000000000000000000, 1.000000000000000000 ) ) ;
#1538 = EDGE_CURVE ( 'NONE', #1600, #2793, #670, .T. ) ;
#1539 = DIRECTION ( 'NONE',  ( 0.7071067811865470176, -0.000000000000000000, -0.7071067811865480168 ) ) ;
#1540 = VERTEX_POINT ( 'NONE', #695 ) ;
#1541 = ORIENTED_EDGE ( 'NONE', *, *, #95, .F. ) ;
#1542 = DIRECTION ( 'NONE',  ( -1.445602896647339656E-16, 0.000000000000000000, 1.000000000000000000 ) ) ;
#1543 = DIRECTION ( 'NONE',  ( 0.000000000000000000, -1.000000000000000000, 0.000000000000000000 ) ) ;
#1544 = VERTEX_POINT ( 'NONE', #719 ) ;
#1545 = EDGE_CURVE ( 'NONE', #1819, #3301, #2769, .T. ) ;
#1546 = EDGE_CURVE ( 'NONE', #3542, #1799, #3462, .T. ) ;
#1547 = PLANE ( 'NONE',  #3129 ) ;
#1548 = AXIS2_PLACEMENT_3D ( 'NONE', #3606, #602, #2726 ) ;
#1549 = ORIENTED_EDGE ( 'NONE', *, *, #360, .F. ) ;
#1550 = ORIENTED_EDGE ( 'NONE', *, *, #175, .F. ) ;
#1551 = CARTESIAN_POINT ( 'NONE',  ( 1.000000000000000000, 0.8500000000000000888, 0.7499999999999997780 ) ) ;
#1552 = AXIS2_PLACEMENT_3D ( 'NONE', #3537, #433, #2529 ) ;
#1553 = CARTESIAN_POINT ( 'NONE',  ( -0.4749999999999999778, 0.3749999999999998890, -0.3250000000000000111 ) ) ;
#1554 = CARTESIAN_POINT ( 'NONE',  ( 0.000000000000000000, 0.000000000000000000, -0.9499999999999996225 ) ) ;
#1555 = DIRECTION ( 'NONE',  ( -0.000000000000000000, -1.000000000000000000, -0.000000000000000000 ) ) ;
#1556 = VERTEX_POINT ( 'NONE', #2795 ) ;
#1557 = VECTOR ( 'NONE', #3588, 1000.000000000000000 ) ;
#1558 = PLANE ( 'NONE',  #2419 ) ;
#1559 = LINE ( 'NONE', #2947, #1367 ) ;
#1560 = ORIENTED_EDGE ( 'NONE', *, *, #3893, .F. ) ;
#1561 = DIRECTION ( 'NONE',  ( 0.7071067811865460184, 0.000000000000000000, -0.7071067811865489050 ) ) ;
#1562 = LINE ( 'NONE', #1585, #3029 ) ;
#1563 = VERTEX_POINT ( 'NONE', #2399 ) ;
#1564 = ADVANCED_FACE ( 'NONE', ( #768 ), #3080, .T. ) ;
#1565 = ORIENTED_EDGE ( 'NONE', *, *, #3569, .T. ) ;
#1566 = DIRECTION ( 'NONE',  ( -0.7071067811865460184, -0.000000000000000000, 0.7071067811865489050 ) ) ;
#1567 = ORIENTED_EDGE ( 'NONE', *, *, #638, .T. ) ;
#1568 = CARTESIAN_POINT ( 'NONE',  ( 1.175000000000000044, 0.000000000000000000, 1.000000000000000000 ) ) ;
#1569 = DIRECTION ( 'NONE',  ( -0.000000000000000000, -1.000000000000000000, -0.000000000000000000 ) ) ;
#1570 = ORIENTED_EDGE ( 'NONE', *, *, #3783, .T. ) ;
#1571 = CARTESIAN_POINT ( 'NONE',  ( -1.000000000000000000, 0.8500000000000000888, 0.8499999999999998668 ) ) ;
#1572 = ADVANCED_FACE ( 'NONE', ( #1378 ), #1034, .T. ) ;
#1573 = EDGE_CURVE ( 'NONE', #3420, #1360, #1749, .T. ) ;
#1574 = VECTOR ( 'NONE', #2767, 1000.000000000000000 ) ;
#1575 = CARTESIAN_POINT ( 'NONE',  ( 0.1500000000000002720, 0.3749999999999999445, 0.9499999999999914069 ) ) ;
#1576 = DIRECTION ( 'NONE',  ( -1.807003620809173892E-16, 0.000000000000000000, 1.000000000000000000 ) ) ;
#1577 =( NAMED_UNIT ( * ) SI_UNIT ( $, .STERADIAN. ) SOLID_ANGLE_UNIT ( ) );
#1578 = EDGE_CURVE ( 'NONE', #4184, #1003, #3141, .T. ) ;
#1579 = LINE ( 'NONE', #3995, #2980 ) ;
#1580 = VERTEX_POINT ( 'NONE', #2448 ) ;
#1581 = VERTEX_POINT ( 'NONE', #2131 ) ;
#1582 = CARTESIAN_POINT ( 'NONE',  ( -0.1500000000000002442, 0.3750000000000000000, -0.9500000000000079492 ) ) ;
#1583 = ORIENTED_EDGE ( 'NONE', *, *, #3379, .T. ) ;
#1584 = DIRECTION ( 'NONE',  ( -0.000000000000000000, -1.000000000000000000, 0.000000000000000000 ) ) ;
#1585 = CARTESIAN_POINT ( 'NONE',  ( 0.1500000000000002720, 0.3749999999999999445, 0.9499999999999914069 ) ) ;
#1586 = VERTEX_POINT ( 'NONE', #2110 ) ;
#1587 = LINE ( 'NONE', #1568, #3511 ) ;
#1588 = LINE ( 'NONE', #154, #3977 ) ;
#1589 = EDGE_CURVE ( 'NONE', #3133, #3959, #1851, .T. ) ;
#1590 = CARTESIAN_POINT ( 'NONE',  ( 1.250000000000000000, 0.000000000000000000, 1.000000000000000000 ) ) ;
#1591 = DIRECTION ( 'NONE',  ( -1.000000000000000000, 0.000000000000000000, 0.000000000000000000 ) ) ;
#1592 = AXIS2_PLACEMENT_3D ( 'NONE', #1177, #186, #1886 ) ;
#1593 = CARTESIAN_POINT ( 'NONE',  ( 1.200000000000000178, 0.7999999999999999334, 0.7499999999999997780 ) ) ;
#1594 = CIRCLE ( 'NONE', #4364, 0.04999999999999991257 ) ;
#1595 = EDGE_CURVE ( 'NONE', #4408, #4225, #4122, .T. ) ;
#1596 = ORIENTED_EDGE ( 'NONE', *, *, #3195, .F. ) ;
#1597 = ORIENTED_EDGE ( 'NONE', *, *, #2189, .F. ) ;
#1598 = DIRECTION ( 'NONE',  ( 0.7071067811865496822, 0.000000000000000000, -0.7071067811865454633 ) ) ;
#1599 = ORIENTED_EDGE ( 'NONE', *, *, #1631, .F. ) ;
#1600 = VERTEX_POINT ( 'NONE', #345 ) ;
#1601 = LINE ( 'NONE', #667, #3757 ) ;
#1602 = ORIENTED_EDGE ( 'NONE', *, *, #383, .F. ) ;
#1603 = AXIS2_PLACEMENT_3D ( 'NONE', #1081, #2773, #2818 ) ;
#1604 = ORIENTED_EDGE ( 'NONE', *, *, #3509, .T. ) ;
#1605 = CARTESIAN_POINT ( 'NONE',  ( -0.4749999999999997558, 0.000000000000000000, -0.9249999999999998224 ) ) ;
#1606 = DIRECTION ( 'NONE',  ( -0.7071067811865423547, 0.000000000000000000, 0.7071067811865526798 ) ) ;
#1607 = AXIS2_PLACEMENT_3D ( 'NONE', #1535, #610, #3960 ) ;
#1608 = VECTOR ( 'NONE', #4030, 1000.000000000000000 ) ;
#1609 = CARTESIAN_POINT ( 'NONE',  ( 1.250000000000000222, 0.000000000000000000, 0.9249999999999997113 ) ) ;
#1610 = PLANE ( 'NONE',  #2389 ) ;
#1611 = ORIENTED_EDGE ( 'NONE', *, *, #4257, .F. ) ;
#1612 = FACE_OUTER_BOUND ( 'NONE', #3369, .T. ) ;
#1613 = ORIENTED_EDGE ( 'NONE', *, *, #679, .T. ) ;
#1614 =( NAMED_UNIT ( * ) PLANE_ANGLE_UNIT ( ) SI_UNIT ( $, .RADIAN. ) );
#1615 = DIRECTION ( 'NONE',  ( -0.000000000000000000, -1.000000000000000000, -0.000000000000000000 ) ) ;
#1616 = PRESENTATION_LAYER_ASSIGNMENT (  '', '', ( #3574 ) ) ;
#1617 = EDGE_LOOP ( 'NONE', ( #4161, #3517, #51, #4167 ) ) ;
#1618 = VECTOR ( 'NONE', #4127, 1000.000000000000000 ) ;
#1619 = VECTOR ( 'NONE', #2748, 1000.000000000000000 ) ;
#1620 = ORIENTED_EDGE ( 'NONE', *, *, #13, .T. ) ;
#1621 = CARTESIAN_POINT ( 'NONE',  ( 0.2000000000000004274, 0.000000000000000000, -0.9999999999999997780 ) ) ;
#1622 = VERTEX_POINT ( 'NONE', #1418 ) ;
#1623 = LINE ( 'NONE', #225, #1254 ) ;
#1624 = VECTOR ( 'NONE', #2434, 1000.000000000000000 ) ;
#1625 = CARTESIAN_POINT ( 'NONE',  ( 1.000000000000000000, 0.8499999999999999778, -0.7999999999999998224 ) ) ;
#1626 = ADVANCED_FACE ( 'NONE', ( #4162 ), #3162, .T. ) ;
#1627 = EDGE_CURVE ( 'NONE', #4061, #217, #1688, .T. ) ;
#1628 = EDGE_CURVE ( 'NONE', #4266, #3630, #4097, .T. ) ;
#1629 = CARTESIAN_POINT ( 'NONE',  ( -1.250000000000000000, 0.7500000000000000000, 0.000000000000000000 ) ) ;
#1630 = ORIENTED_EDGE ( 'NONE', *, *, #3429, .T. ) ;
#1631 = EDGE_CURVE ( 'NONE', #930, #1842, #2540, .T. ) ;
#1632 = DIRECTION ( 'NONE',  ( 0.000000000000000000, 0.000000000000000000, 1.000000000000000000 ) ) ;
#1633 = DIRECTION ( 'NONE',  ( -1.000000000000000000, 0.000000000000000000, -0.000000000000000000 ) ) ;
#1634 = ORIENTED_EDGE ( 'NONE', *, *, #1958, .T. ) ;
#1635 = ORIENTED_EDGE ( 'NONE', *, *, #2314, .F. ) ;
#1636 = CARTESIAN_POINT ( 'NONE',  ( -0.6424631817578864146, 0.9000000000000000222, 0.3483221833572892057 ) ) ;
#1637 = EDGE_CURVE ( 'NONE', #428, #2258, #3623, .T. ) ;
#1638 = VECTOR ( 'NONE', #1252, 1000.000000000000000 ) ;
#1639 = DIRECTION ( 'NONE',  ( -0.7071067811865454633, 0.000000000000000000, -0.7071067811865496822 ) ) ;
#1640 = CIRCLE ( 'NONE', #288, 0.2000000000000000944 ) ;
#1641 = ORIENTED_EDGE ( 'NONE', *, *, #2721, .T. ) ;
#1642 = FACE_OUTER_BOUND ( 'NONE', #2046, .T. ) ;
#1643 = AXIS2_PLACEMENT_3D ( 'NONE', #1919, #3304, #1270 ) ;
#1644 = CIRCLE ( 'NONE', #368, 0.04897582552842999482 ) ;
#1645 = DIRECTION ( 'NONE',  ( 0.000000000000000000, 0.000000000000000000, -1.000000000000000000 ) ) ;
#1646 = CARTESIAN_POINT ( 'NONE',  ( -0.4749999999999998668, 0.000000000000000000, 0.6249999999999997780 ) ) ;
#1647 = EDGE_CURVE ( 'NONE', #2817, #527, #3930, .T. ) ;
#1648 = CARTESIAN_POINT ( 'NONE',  ( 0.4750000000000001443, 0.3749999999999998890, -0.9249999999999997113 ) ) ;
#1649 = CARTESIAN_POINT ( 'NONE',  ( -0.4749999999999998668, 0.3750000000000000000, 0.6249999999999997780 ) ) ;
#1650 = CARTESIAN_POINT ( 'NONE',  ( -1.200000000000000178, 3.961045573002793585, 0.7499999999999997780 ) ) ;
#1651 = CYLINDRICAL_SURFACE ( 'NONE', #740, 0.1000000000000000472 ) ;
#1652 = LINE ( 'NONE', #4066, #1517 ) ;
#1653 = FACE_OUTER_BOUND ( 'NONE', #3161, .T. ) ;
#1654 = CARTESIAN_POINT ( 'NONE',  ( 1.250000000000000000, 0.7500000000000000000, 0.9249999999999998224 ) ) ;
#1655 = CIRCLE ( 'NONE', #2235, 0.2000000000000000944 ) ;
#1656 = ORIENTED_EDGE ( 'NONE', *, *, #710, .T. ) ;
#1657 = DIRECTION ( 'NONE',  ( 0.000000000000000000, -1.000000000000000000, 0.000000000000000000 ) ) ;
#1658 = UNCERTAINTY_MEASURE_WITH_UNIT (LENGTH_MEASURE( 1.000000000000000082E-05 ), #2719, 'distance_accuracy_value', 'NONE');
#1659 = CYLINDRICAL_SURFACE ( 'NONE', #3585, 0.07499999999999998335 ) ;
#1660 = VECTOR ( 'NONE', #1480, 1000.000000000000000 ) ;
#1661 = PLANE ( 'NONE',  #2158 ) ;
#1662 = EDGE_LOOP ( 'NONE', ( #2309, #844, #1126, #856 ) ) ;
#1663 = DIRECTION ( 'NONE',  ( 0.000000000000000000, -0.000000000000000000, -1.000000000000000000 ) ) ;
#1664 = DIRECTION ( 'NONE',  ( -0.000000000000000000, -1.000000000000000000, -0.000000000000000000 ) ) ;
#1665 = CARTESIAN_POINT ( 'NONE',  ( 0.1500000000000000777, 0.7500000000000000000, -0.9499999999999996225 ) ) ;
#1666 = VERTEX_POINT ( 'NONE', #515 ) ;
#1667 = DIRECTION ( 'NONE',  ( 0.000000000000000000, -0.000000000000000000, -1.000000000000000000 ) ) ;
#1668 = PLANE ( 'NONE',  #2777 ) ;
#1669 = CARTESIAN_POINT ( 'NONE',  ( -1.000000000000000000, 0.8499999999999999778, -0.7999999999999996003 ) ) ;
#1670 = FACE_OUTER_BOUND ( 'NONE', #1844, .T. ) ;
#1671 = LINE ( 'NONE', #4147, #4107 ) ;
#1672 = ORIENTED_EDGE ( 'NONE', *, *, #1693, .F. ) ;
#1673 = CARTESIAN_POINT ( 'NONE',  ( 1.000000000000000000, 0.7500000000000000000, 0.7499999999999997780 ) ) ;
#1674 = VECTOR ( 'NONE', #4218, 1000.000000000000000 ) ;
#1675 = DIRECTION ( 'NONE',  ( 0.000000000000000000, 0.000000000000000000, -1.000000000000000000 ) ) ;
#1676 = ADVANCED_FACE ( 'NONE', ( #845 ), #1558, .F. ) ;
#1677 = VERTEX_POINT ( 'NONE', #1164 ) ;
#1678 = DIRECTION ( 'NONE',  ( 1.000000000000000000, 0.000000000000000000, 0.000000000000000000 ) ) ;
#1679 = EDGE_CURVE ( 'NONE', #1501, #3902, #1215, .T. ) ;
#1680 = EDGE_CURVE ( 'NONE', #2521, #2917, #2610, .T. ) ;
#1681 = EDGE_CURVE ( 'NONE', #1666, #1740, #126, .T. ) ;
#1682 = ORIENTED_EDGE ( 'NONE', *, *, #1266, .T. ) ;
#1683 = LINE ( 'NONE', #494, #461 ) ;
#1684 = EDGE_CURVE ( 'NONE', #660, #3688, #3212, .T. ) ;
#1685 = STYLED_ITEM ( 'NONE', ( #1433 ), #904 ) ;
#1686 = CARTESIAN_POINT ( 'NONE',  ( -1.000000000000000000, 0.9000000000000000222, 0.8499999999999998668 ) ) ;
#1687 = CIRCLE ( 'NONE', #1334, 0.1500000000000001887 ) ;
#1688 = LINE ( 'NONE', #4409, #1619 ) ;
#1689 = VECTOR ( 'NONE', #2575, 1000.000000000000000 ) ;
#1690 = FACE_OUTER_BOUND ( 'NONE', #2663, .T. ) ;
#1691 = CARTESIAN_POINT ( 'NONE',  ( 1.250000000000000000, 0.7500000000000000000, -0.9999999999999997780 ) ) ;
#1692 = FACE_OUTER_BOUND ( 'NONE', #2300, .T. ) ;
#1693 = EDGE_CURVE ( 'NONE', #4157, #4051, #1973, .T. ) ;
#1694 = LINE ( 'NONE', #2775, #3764 ) ;
#1695 = FACE_OUTER_BOUND ( 'NONE', #690, .T. ) ;
#1696 = AXIS2_PLACEMENT_3D ( 'NONE', #66, #2808, #1678 ) ;
#1697 = ORIENTED_EDGE ( 'NONE', *, *, #2388, .F. ) ;
#1698 = DIRECTION ( 'NONE',  ( 0.000000000000000000, -1.000000000000000000, 0.000000000000000000 ) ) ;
#1699 = ORIENTED_EDGE ( 'NONE', *, *, #746, .F. ) ;
#1700 = EDGE_CURVE ( 'NONE', #3495, #1516, #2120, .T. ) ;
#1701 = CARTESIAN_POINT ( 'NONE',  ( 0.4749999999999999778, 1.402740239554723711, 0.3250000000000000111 ) ) ;
#1702 = EDGE_CURVE ( 'NONE', #135, #3301, #1827, .T. ) ;
#1703 = ORIENTED_EDGE ( 'NONE', *, *, #3590, .F. ) ;
#1704 = ORIENTED_EDGE ( 'NONE', *, *, #2587, .T. ) ;
#1705 = ORIENTED_EDGE ( 'NONE', *, *, #263, .T. ) ;
#1706 = EDGE_CURVE ( 'NONE', #2817, #3905, #2758, .T. ) ;
#1707 = PLANE ( 'NONE',  #3820 ) ;
#1708 = ORIENTED_EDGE ( 'NONE', *, *, #2189, .T. ) ;
#1709 = DIRECTION ( 'NONE',  ( -0.7071067811865424657, 0.000000000000000000, 0.7071067811865526798 ) ) ;
#1710 = VECTOR ( 'NONE', #1739, 1000.000000000000000 ) ;
#1711 = CARTESIAN_POINT ( 'NONE',  ( -0.7749999999999999112, 0.000000000000000000, 0.3249999999999997891 ) ) ;
#1712 = LINE ( 'NONE', #33, #2557 ) ;
#1713 = DIRECTION ( 'NONE',  ( -1.000000000000000000, 0.000000000000000000, 0.000000000000000000 ) ) ;
#1714 = DIRECTION ( 'NONE',  ( 0.000000000000000000, 0.000000000000000000, -1.000000000000000000 ) ) ;
#1715 = DIRECTION ( 'NONE',  ( 0.000000000000000000, 0.000000000000000000, -1.000000000000000000 ) ) ;
#1716 = EDGE_CURVE ( 'NONE', #57, #581, #2942, .T. ) ;
#1717 = CARTESIAN_POINT ( 'NONE',  ( 1.175000000000000711, 0.3750000000000000000, -0.3250000000000001221 ) ) ;
#1718 = ORIENTED_EDGE ( 'NONE', *, *, #3912, .F. ) ;
#1719 = DIRECTION ( 'NONE',  ( 1.000000000000000000, 0.000000000000000000, 1.734723475976806108E-16 ) ) ;
#1720 = CARTESIAN_POINT ( 'NONE',  ( 1.250000000000000222, 1.402740239554723711, -0.9999999999999995559 ) ) ;
#1721 = EDGE_CURVE ( 'NONE', #2323, #81, #798, .T. ) ;
#1722 = VECTOR ( 'NONE', #268, 1000.000000000000000 ) ;
#1723 = LINE ( 'NONE', #4112, #4336 ) ;
#1724 = EDGE_LOOP ( 'NONE', ( #935, #4267, #1121, #1597 ) ) ;
#1725 = CARTESIAN_POINT ( 'NONE',  ( 0.000000000000000000, 0.000000000000000000, 0.000000000000000000 ) ) ;
#1726 = CARTESIAN_POINT ( 'NONE',  ( -1.250000000000000000, 0.000000000000000000, 0.9249999999999998224 ) ) ;
#1727 = DIRECTION ( 'NONE',  ( 0.000000000000000000, 0.000000000000000000, -1.000000000000000000 ) ) ;
#1728 = VECTOR ( 'NONE', #824, 1000.000000000000000 ) ;
#1729 = DIRECTION ( 'NONE',  ( -1.000000000000000000, 0.000000000000000000, 0.000000000000000000 ) ) ;
#1730 = FACE_OUTER_BOUND ( 'NONE', #1803, .T. ) ;
#1731 = ADVANCED_FACE ( 'NONE', ( #2224 ), #2516, .T. ) ;
#1732 = CYLINDRICAL_SURFACE ( 'NONE', #2026, 0.05000000000000034972 ) ;
#1733 = EDGE_CURVE ( 'NONE', #3307, #2326, #510, .T. ) ;
#1734 = CARTESIAN_POINT ( 'NONE',  ( -1.100000000000000089, 3.961045573002793585, -0.7499999999999995559 ) ) ;
#1735 = DIRECTION ( 'NONE',  ( 0.000000000000000000, 0.000000000000000000, -1.000000000000000000 ) ) ;
#1736 = CARTESIAN_POINT ( 'NONE',  ( -0.1500000000000000777, 0.7500000000000000000, 0.9499999999999996225 ) ) ;
#1737 = DIRECTION ( 'NONE',  ( -0.000000000000000000, -1.000000000000000000, 0.000000000000000000 ) ) ;
#1738 = AXIS2_PLACEMENT_3D ( 'NONE', #1315, #1883, #3268 ) ;
#1739 = DIRECTION ( 'NONE',  ( -1.000000000000000000, -0.000000000000000000, -0.000000000000000000 ) ) ;
#1740 = VERTEX_POINT ( 'NONE', #809 ) ;
#1741 = CARTESIAN_POINT ( 'NONE',  ( -1.100000000000000311, 0.3749999999999998890, 0.9249999999999997113 ) ) ;
#1742 = VECTOR ( 'NONE', #2249, 1000.000000000000000 ) ;
#1743 = LINE ( 'NONE', #1133, #675 ) ;
#1744 = AXIS2_PLACEMENT_3D ( 'NONE', #2875, #4221, #813 ) ;
#1745 = ORIENTED_EDGE ( 'NONE', *, *, #1903, .F. ) ;
#1746 = EDGE_LOOP ( 'NONE', ( #128, #2768, #495, #2004 ) ) ;
#1747 = DIRECTION ( 'NONE',  ( -0.000000000000000000, -1.000000000000000000, -0.000000000000000000 ) ) ;
#1748 = VERTEX_POINT ( 'NONE', #884 ) ;
#1749 = LINE ( 'NONE', #76, #3804 ) ;
#1750 = EDGE_CURVE ( 'NONE', #2095, #2509, #3186, .T. ) ;
#1751 = DIRECTION ( 'NONE',  ( -0.000000000000000000, -1.000000000000000000, -0.000000000000000000 ) ) ;
#1752 = EDGE_LOOP ( 'NONE', ( #2337, #1458, #774, #2154 ) ) ;
#1753 = DIRECTION ( 'NONE',  ( 0.7071067811865470176, 0.000000000000000000, 0.7071067811865480168 ) ) ;
#1754 = DIRECTION ( 'NONE',  ( -0.000000000000000000, -1.000000000000000000, -0.000000000000000000 ) ) ;
#1755 = DIRECTION ( 'NONE',  ( 0.000000000000000000, 1.000000000000000000, 0.000000000000000000 ) ) ;
#1756 = VECTOR ( 'NONE', #1853, 1000.000000000000000 ) ;
#1757 = CARTESIAN_POINT ( 'NONE',  ( -0.4749999999999997558, 0.000000000000000000, -0.9249999999999998224 ) ) ;
#1758 = ORIENTED_EDGE ( 'NONE', *, *, #2831, .T. ) ;
#1759 = ADVANCED_FACE ( 'NONE', ( #2172 ), #3545, .T. ) ;
#1760 = PLANE ( 'NONE',  #725 ) ;
#1761 = ORIENTED_EDGE ( 'NONE', *, *, #546, .T. ) ;
#1762 = CARTESIAN_POINT ( 'NONE',  ( -1.175000000000000044, 0.000000000000000000, 0.9999999999999997780 ) ) ;
#1763 = CARTESIAN_POINT ( 'NONE',  ( 1.100000000000000089, 0.9000000000000000222, 0.7499999999999997780 ) ) ;
#1764 = CARTESIAN_POINT ( 'NONE',  ( -0.4749999999999998668, 0.000000000000000000, 0.6249999999999997780 ) ) ;
#1765 = EDGE_LOOP ( 'NONE', ( #4397, #766, #505, #4137 ) ) ;
#1766 = EDGE_CURVE ( 'NONE', #2304, #1748, #1160, .T. ) ;
#1767 = CARTESIAN_POINT ( 'NONE',  ( -0.4749999999999998668, 0.000000000000000000, 0.6249999999999997780 ) ) ;
#1768 = DIRECTION ( 'NONE',  ( 0.000000000000000000, 0.000000000000000000, -1.000000000000000000 ) ) ;
#1769 = DIRECTION ( 'NONE',  ( 0.000000000000000000, 0.000000000000000000, -1.000000000000000000 ) ) ;
#1770 = ORIENTED_EDGE ( 'NONE', *, *, #2491, .T. ) ;
#1771 = CARTESIAN_POINT ( 'NONE',  ( -1.175000000000000266, 1.402740239554723711, -0.3250000000000003997 ) ) ;
#1772 = DIRECTION ( 'NONE',  ( -0.000000000000000000, 1.000000000000000000, -0.000000000000000000 ) ) ;
#1773 = ADVANCED_FACE ( 'NONE', ( #2196 ), #3593, .F. ) ;
#1774 = ORIENTED_EDGE ( 'NONE', *, *, #4276, .F. ) ;
#1775 = CLOSED_SHELL ( 'NONE', ( #2536, #1900, #578, #967, #1564, #4120, #3990, #2601, #685, #1509, #4199, #3835, #4223, #3659, #745, #3791, #854, #3378, #1924, #1352, #4050 ) ) ;
#1776 = DIRECTION ( 'NONE',  ( 0.000000000000000000, 1.000000000000000000, -0.000000000000000000 ) ) ;
#1777 = ORIENTED_EDGE ( 'NONE', *, *, #3760, .F. ) ;
#1778 = CARTESIAN_POINT ( 'NONE',  ( -1.000000000000000000, 0.7500000000000000000, 0.8499999999999998668 ) ) ;
#1779 = ORIENTED_EDGE ( 'NONE', *, *, #950, .F. ) ;
#1780 = DIRECTION ( 'NONE',  ( 0.000000000000000000, 0.000000000000000000, -1.000000000000000000 ) ) ;
#1781 = EDGE_LOOP ( 'NONE', ( #2237, #1054, #615, #2479 ) ) ;
#1782 = ORIENTED_EDGE ( 'NONE', *, *, #1945, .F. ) ;
#1783 = CARTESIAN_POINT ( 'NONE',  ( -0.4749999999999997558, 0.3750000000000000000, -0.9249999999999998224 ) ) ;
#1784 = DIRECTION ( 'NONE',  ( 0.000000000000000000, -0.000000000000000000, 1.000000000000000000 ) ) ;
#1785 = AXIS2_PLACEMENT_3D ( 'NONE', #3741, #3469, #4108 ) ;
#1786 = EDGE_LOOP ( 'NONE', ( #75, #1565, #2903, #4341, #1634, #3669, #1050 ) ) ;
#1787 = CIRCLE ( 'NONE', #948, 0.04999999999999991257 ) ;
#1788 = AXIS2_PLACEMENT_3D ( 'NONE', #3802, #2805, #2164 ) ;
#1789 = ORIENTED_EDGE ( 'NONE', *, *, #41, .F. ) ;
#1790 = DIRECTION ( 'NONE',  ( -0.000000000000000000, -0.000000000000000000, 1.000000000000000000 ) ) ;
#1791 = ORIENTED_EDGE ( 'NONE', *, *, #358, .F. ) ;
#1792 = DIRECTION ( 'NONE',  ( 0.000000000000000000, 0.000000000000000000, 1.000000000000000000 ) ) ;
#1793 = CIRCLE ( 'NONE', #2387, 0.04897582552842999482 ) ;
#1794 = CIRCLE ( 'NONE', #882, 0.07499999999999998335 ) ;
#1795 = ORIENTED_EDGE ( 'NONE', *, *, #3163, .F. ) ;
#1796 = PLANE ( 'NONE',  #1472 ) ;
#1797 = CARTESIAN_POINT ( 'NONE',  ( -1.200000000000000178, 3.961045573002793585, -0.7499999999999995559 ) ) ;
#1798 = LINE ( 'NONE', #800, #1830 ) ;
#1799 = VERTEX_POINT ( 'NONE', #93 ) ;
#1800 = EDGE_CURVE ( 'NONE', #1563, #2688, #1949, .T. ) ;
#1801 = CARTESIAN_POINT ( 'NONE',  ( 0.4749999999999999778, 1.402740239554723711, -0.3250000000000000111 ) ) ;
#1802 = CIRCLE ( 'NONE', #1603, 0.04897582552842999482 ) ;
#1803 = EDGE_LOOP ( 'NONE', ( #2182, #2138, #1986, #1300 ) ) ;
#1804 = CARTESIAN_POINT ( 'NONE',  ( -1.250000000000000000, 1.402740239554723711, -0.9249999999999998224 ) ) ;
#1805 = LINE ( 'NONE', #4217, #3524 ) ;
#1806 = CARTESIAN_POINT ( 'NONE',  ( 0.4749999999999999778, 0.000000000000000000, -0.3250000000000000111 ) ) ;
#1807 = EDGE_CURVE ( 'NONE', #2087, #4157, #4034, .T. ) ;
#1808 = ADVANCED_FACE ( 'NONE', ( #298 ), #1659, .F. ) ;
#1809 = CIRCLE ( 'NONE', #960, 0.1000000000000000472 ) ;
#1810 = CARTESIAN_POINT ( 'NONE',  ( -1.175000000000000266, 0.000000000000000000, -0.3250000000000003997 ) ) ;
#1811 = CARTESIAN_POINT ( 'NONE',  ( 1.100000000000000311, 0.7500000000000000000, -0.7499999999999996669 ) ) ;
#1812 = EDGE_CURVE ( 'NONE', #3333, #1891, #3297, .T. ) ;
#1813 = DIRECTION ( 'NONE',  ( 1.000000000000000000, 0.000000000000000000, -1.084202172485504434E-16 ) ) ;
#1814 = DIRECTION ( 'NONE',  ( -0.7071067811865454633, 0.000000000000000000, -0.7071067811865496822 ) ) ;
#1815 = ORIENTED_EDGE ( 'NONE', *, *, #1098, .T. ) ;
#1816 = LINE ( 'NONE', #2133, #3123 ) ;
#1817 = ORIENTED_EDGE ( 'NONE', *, *, #4090, .F. ) ;
#1818 = DIRECTION ( 'NONE',  ( 1.000000000000000000, -0.000000000000000000, 0.000000000000000000 ) ) ;
#1819 = VERTEX_POINT ( 'NONE', #2961 ) ;
#1820 = EDGE_CURVE ( 'NONE', #3928, #581, #3074, .T. ) ;
#1821 = AXIS2_PLACEMENT_3D ( 'NONE', #3189, #2151, #763 ) ;
#1822 = CARTESIAN_POINT ( 'NONE',  ( -1.250000000000000000, 0.000000000000000000, -0.9249999999999998224 ) ) ;
#1823 = CARTESIAN_POINT ( 'NONE',  ( -1.000000000000000000, 0.7999999999999999334, 0.7499999999999997780 ) ) ;
#1824 = VERTEX_POINT ( 'NONE', #339 ) ;
#1825 = CIRCLE ( 'NONE', #2114, 0.07499999999999998335 ) ;
#1826 = ORIENTED_EDGE ( 'NONE', *, *, #2435, .F. ) ;
#1827 = LINE ( 'NONE', #2510, #18 ) ;
#1828 = VECTOR ( 'NONE', #2229, 1000.000000000000000 ) ;
#1829 = CARTESIAN_POINT ( 'NONE',  ( 0.000000000000000000, 0.7500000000000000000, -0.9499999999999996225 ) ) ;
#1830 = VECTOR ( 'NONE', #4233, 1000.000000000000000 ) ;
#1831 = EDGE_CURVE ( 'NONE', #2521, #2304, #2760, .T. ) ;
#1832 = VERTEX_POINT ( 'NONE', #3827 ) ;
#1833 = ORIENTED_EDGE ( 'NONE', *, *, #1702, .T. ) ;
#1834 = PLANE ( 'NONE',  #3952 ) ;
#1835 = AXIS2_PLACEMENT_3D ( 'NONE', #322, #1361, #3153 ) ;
#1836 = ADVANCED_FACE ( 'NONE', ( #1345 ), #734, .T. ) ;
#1837 = ADVANCED_FACE ( 'NONE', ( #2030 ), #3784, .T. ) ;
#1838 = DIRECTION ( 'NONE',  ( 0.000000000000000000, 0.000000000000000000, -1.000000000000000000 ) ) ;
#1839 = CARTESIAN_POINT ( 'NONE',  ( -1.174999999999999822, 0.000000000000000000, -0.9999999999999997780 ) ) ;
#1840 = CARTESIAN_POINT ( 'NONE',  ( -1.100000000000000089, 0.8499999999999999778, 0.7499999999999997780 ) ) ;
#1841 = ADVANCED_FACE ( 'NONE', ( #1051 ), #4176, .T. ) ;
#1842 = VERTEX_POINT ( 'NONE', #3453 ) ;
#1843 = DIRECTION ( 'NONE',  ( 0.000000000000000000, -1.000000000000000000, 0.000000000000000000 ) ) ;
#1844 = EDGE_LOOP ( 'NONE', ( #2410, #2566, #200, #3139 ) ) ;
#1845 = CARTESIAN_POINT ( 'NONE',  ( -1.175000000000000488, 1.402740239554723711, 0.8499999999999992006 ) ) ;
#1846 = ORIENTED_EDGE ( 'NONE', *, *, #3685, .F. ) ;
#1847 = EDGE_LOOP ( 'NONE', ( #555, #211, #733, #892 ) ) ;
#1848 = DIRECTION ( 'NONE',  ( -0.000000000000000000, -1.000000000000000000, 0.000000000000000000 ) ) ;
#1849 = VERTEX_POINT ( 'NONE', #1741 ) ;
#1850 = CARTESIAN_POINT ( 'NONE',  ( 1.100000000000000089, 0.8499999999999999778, 0.7499999999999997780 ) ) ;
#1851 = CIRCLE ( 'NONE', #4349, 0.1000000000000000472 ) ;
#1852 =( LENGTH_UNIT ( ) NAMED_UNIT ( * ) SI_UNIT ( .MILLI., .METRE. ) );
#1853 = DIRECTION ( 'NONE',  ( -0.000000000000000000, -1.000000000000000000, -0.000000000000000000 ) ) ;
#1854 = ORIENTED_EDGE ( 'NONE', *, *, #1684, .T. ) ;
#1855 = EDGE_CURVE ( 'NONE', #1581, #4326, #4091, .T. ) ;
#1856 = VECTOR ( 'NONE', #562, 1000.000000000000000 ) ;
#1857 = ORIENTED_EDGE ( 'NONE', *, *, #3712, .F. ) ;
#1858 = CIRCLE ( 'NONE', #1928, 0.05000000000000002359 ) ;
#1859 = DIRECTION ( 'NONE',  ( 0.000000000000000000, 1.000000000000000000, 0.000000000000000000 ) ) ;
#1860 = DIRECTION ( 'NONE',  ( 0.000000000000000000, 0.000000000000000000, -1.000000000000000000 ) ) ;
#1861 = ORIENTED_EDGE ( 'NONE', *, *, #2163, .F. ) ;
#1862 = DIRECTION ( 'NONE',  ( 0.000000000000000000, 0.000000000000000000, -1.000000000000000000 ) ) ;
#1863 = DIRECTION ( 'NONE',  ( 0.000000000000000000, -0.000000000000000000, 1.000000000000000000 ) ) ;
#1864 = FACE_OUTER_BOUND ( 'NONE', #2837, .T. ) ;
#1865 = EDGE_CURVE ( 'NONE', #660, #3133, #1088, .T. ) ;
#1866 = DIRECTION ( 'NONE',  ( -1.000000000000000000, -0.000000000000000000, -0.000000000000000000 ) ) ;
#1867 = CARTESIAN_POINT ( 'NONE',  ( 0.4750000000000001443, 0.3749999999999998890, -0.9249999999999997113 ) ) ;
#1868 = PLANE ( 'NONE',  #1373 ) ;
#1869 = ORIENTED_EDGE ( 'NONE', *, *, #1429, .T. ) ;
#1870 =( GEOMETRIC_REPRESENTATION_CONTEXT ( 3 ) GLOBAL_UNCERTAINTY_ASSIGNED_CONTEXT ( ( #1658 ) ) GLOBAL_UNIT_ASSIGNED_CONTEXT ( ( #2719, #981, #572 ) ) REPRESENTATION_CONTEXT ( 'NONE', 'WORKASPACE' ) );
#1871 = DIRECTION ( 'NONE',  ( 1.000000000000000000, 0.000000000000000000, -2.323290369611793032E-16 ) ) ;
#1872 = VECTOR ( 'NONE', #2908, 1000.000000000000000 ) ;
#1873 = VERTEX_POINT ( 'NONE', #683 ) ;
#1874 = DIRECTION ( 'NONE',  ( -1.445602896647339656E-16, 0.000000000000000000, 1.000000000000000000 ) ) ;
#1875 = AXIS2_PLACEMENT_3D ( 'NONE', #565, #629, #2644 ) ;
#1876 = EDGE_LOOP ( 'NONE', ( #1704, #2543, #197, #1774 ) ) ;
#1877 = EDGE_CURVE ( 'NONE', #4266, #255, #1, .T. ) ;
#1878 = PLANE ( 'NONE',  #1988 ) ;
#1879 = AXIS2_PLACEMENT_3D ( 'NONE', #3437, #325, #2744 ) ;
#1880 = ORIENTED_EDGE ( 'NONE', *, *, #574, .T. ) ;
#1881 = VERTEX_POINT ( 'NONE', #2484 ) ;
#1882 = CARTESIAN_POINT ( 'NONE',  ( 1.000000000000000000, 0.7999999999999999334, 0.9499999999999998446 ) ) ;
#1883 = DIRECTION ( 'NONE',  ( -1.084202172485504557E-16, 0.000000000000000000, -1.000000000000000000 ) ) ;
#1884 = EDGE_LOOP ( 'NONE', ( #1992, #172, #3079, #656 ) ) ;
#1885 = DIRECTION ( 'NONE',  ( 0.7071067811865470176, -0.000000000000000000, -0.7071067811865480168 ) ) ;
#1886 = DIRECTION ( 'NONE',  ( 1.000000000000000000, 0.000000000000000000, 0.000000000000000000 ) ) ;
#1887 = CARTESIAN_POINT ( 'NONE',  ( -0.1500000000000002442, 0.3750000000000000000, 0.9499999999999914069 ) ) ;
#1888 = CARTESIAN_POINT ( 'NONE',  ( 1.000000000000000000, 0.7500000000000000000, -0.8499999999999998668 ) ) ;
#1889 = VECTOR ( 'NONE', #653, 1000.000000000000000 ) ;
#1890 = VECTOR ( 'NONE', #4367, 1000.000000000000000 ) ;
#1891 = VERTEX_POINT ( 'NONE', #394 ) ;
#1892 = CARTESIAN_POINT ( 'NONE',  ( -0.4749999999999997558, 0.3750000000000000000, -0.9249999999999998224 ) ) ;
#1893 = ORIENTED_EDGE ( 'NONE', *, *, #2430, .F. ) ;
#1894 = VECTOR ( 'NONE', #1555, 1000.000000000000000 ) ;
#1895 = EDGE_CURVE ( 'NONE', #4012, #930, #3078, .T. ) ;
#1896 = CARTESIAN_POINT ( 'NONE',  ( -1.000000000000000000, 0.7500000000000000000, 0.8499999999999998668 ) ) ;
#1897 = ORIENTED_EDGE ( 'NONE', *, *, #843, .T. ) ;
#1898 = DIRECTION ( 'NONE',  ( 1.000000000000000000, -0.000000000000000000, 0.000000000000000000 ) ) ;
#1899 = CARTESIAN_POINT ( 'NONE',  ( 0.000000000000000000, 0.7500000000000000000, -0.9999999999999997780 ) ) ;
#1900 = ADVANCED_FACE ( 'NONE', ( #3109 ), #3805, .F. ) ;
#1901 = DIRECTION ( 'NONE',  ( 1.445602896647339903E-16, 0.000000000000000000, -1.000000000000000000 ) ) ;
#1902 = EDGE_CURVE ( 'NONE', #1385, #217, #4073, .T. ) ;
#1903 = EDGE_CURVE ( 'NONE', #1204, #3963, #2119, .T. ) ;
#1904 = DIRECTION ( 'NONE',  ( 1.000000000000000000, -0.000000000000000000, 0.000000000000000000 ) ) ;
#1905 = ORIENTED_EDGE ( 'NONE', *, *, #1831, .F. ) ;
#1906 = AXIS2_PLACEMENT_3D ( 'NONE', #3449, #19, #2426 ) ;
#1907 = VECTOR ( 'NONE', #2519, 1000.000000000000000 ) ;
#1908 = ORIENTED_EDGE ( 'NONE', *, *, #2524, .T. ) ;
#1909 = PLANE ( 'NONE',  #338 ) ;
#1910 = VECTOR ( 'NONE', #4325, 1000.000000000000000 ) ;
#1911 = CARTESIAN_POINT ( 'NONE',  ( -1.000000000000000000, 0.7500000000000000000, -0.7499999999999995559 ) ) ;
#1912 = CARTESIAN_POINT ( 'NONE',  ( -0.4749999999999997558, 0.3749999999999998890, -0.9249999999999998224 ) ) ;
#1913 = LINE ( 'NONE', #3273, #4174 ) ;
#1914 = ORIENTED_EDGE ( 'NONE', *, *, #4083, .F. ) ;
#1915 = CIRCLE ( 'NONE', #1478, 0.1500000000000000777 ) ;
#1916 = EDGE_CURVE ( 'NONE', #49, #1832, #3768, .T. ) ;
#1917 = DIRECTION ( 'NONE',  ( -0.000000000000000000, -1.000000000000000000, -0.000000000000000000 ) ) ;
#1918 = ORIENTED_EDGE ( 'NONE', *, *, #485, .F. ) ;
#1919 = CARTESIAN_POINT ( 'NONE',  ( -0.6424631817578864146, 0.8499999999999999778, 0.3972980088857192005 ) ) ;
#1920 = ORIENTED_EDGE ( 'NONE', *, *, #295, .F. ) ;
#1921 = ORIENTED_EDGE ( 'NONE', *, *, #3851, .T. ) ;
#1922 = CARTESIAN_POINT ( 'NONE',  ( -0.6424631817578864146, 0.9000000000000000222, 0.3483221833572892057 ) ) ;
#1923 = DIRECTION ( 'NONE',  ( 0.000000000000000000, -1.000000000000000000, 0.000000000000000000 ) ) ;
#1924 = ADVANCED_FACE ( 'NONE', ( #781 ), #922, .T. ) ;
#1925 = DIRECTION ( 'NONE',  ( -0.000000000000000000, -1.000000000000000000, -0.000000000000000000 ) ) ;
#1926 = ORIENTED_EDGE ( 'NONE', *, *, #4334, .T. ) ;
#1927 = VERTEX_POINT ( 'NONE', #4193 ) ;
#1928 = AXIS2_PLACEMENT_3D ( 'NONE', #1625, #1297, #2332 ) ;
#1929 = VERTEX_POINT ( 'NONE', #1882 ) ;
#1930 = DIRECTION ( 'NONE',  ( -1.000000000000000000, 0.000000000000000000, 0.000000000000000000 ) ) ;
#1931 = EDGE_LOOP ( 'NONE', ( #4001, #4128, #3684, #4202 ) ) ;
#1932 = DIRECTION ( 'NONE',  ( 0.000000000000000000, -1.000000000000000000, 0.000000000000000000 ) ) ;
#1933 = ORIENTED_EDGE ( 'NONE', *, *, #1681, .F. ) ;
#1934 = ORIENTED_EDGE ( 'NONE', *, *, #3718, .F. ) ;
#1935 = DIRECTION ( 'NONE',  ( 0.000000000000000000, 0.000000000000000000, 1.000000000000000000 ) ) ;
#1936 = VERTEX_POINT ( 'NONE', #1518 ) ;
#1937 = FACE_OUTER_BOUND ( 'NONE', #1423, .T. ) ;
#1938 = CARTESIAN_POINT ( 'NONE',  ( 0.4749999999999999223, 0.3749999999999998890, 0.9249999999999999334 ) ) ;
#1939 = CARTESIAN_POINT ( 'NONE',  ( -1.100000000000000311, 1.402740239554723711, 0.9249999999999997113 ) ) ;
#1940 = VECTOR ( 'NONE', #4044, 1000.000000000000000 ) ;
#1941 = COLOUR_RGB ( '',0.9686274509803921573, 0.8784313725490195957, 0.5999999999999999778 ) ;
#1942 = ORIENTED_EDGE ( 'NONE', *, *, #4297, .T. ) ;
#1943 = VECTOR ( 'NONE', #463, 1000.000000000000000 ) ;
#1944 = ORIENTED_EDGE ( 'NONE', *, *, #2839, .F. ) ;
#1945 = EDGE_CURVE ( 'NONE', #557, #2064, #1117, .T. ) ;
#1946 = EDGE_CURVE ( 'NONE', #2809, #3902, #2869, .T. ) ;
#1947 = ORIENTED_EDGE ( 'NONE', *, *, #2156, .F. ) ;
#1948 = VERTEX_POINT ( 'NONE', #3521 ) ;
#1949 = LINE ( 'NONE', #3319, #86 ) ;
#1950 = CARTESIAN_POINT ( 'NONE',  ( 1.000000000000000000, 0.7500000000000000000, 0.8499999999999998668 ) ) ;
#1951 = LINE ( 'NONE', #2226, #3761 ) ;
#1952 = ORIENTED_EDGE ( 'NONE', *, *, #3435, .F. ) ;
#1953 = EDGE_LOOP ( 'NONE', ( #1527, #3849, #1080, #414 ) ) ;
#1954 = ADVANCED_FACE ( 'NONE', ( #3562 ), #756, .T. ) ;
#1955 = EDGE_CURVE ( 'NONE', #583, #167, #438, .T. ) ;
#1956 = ORIENTED_EDGE ( 'NONE', *, *, #4079, .T. ) ;
#1957 = LINE ( 'NONE', #2971, #483 ) ;
#1958 = EDGE_CURVE ( 'NONE', #4225, #36, #4205, .T. ) ;
#1959 = AXIS2_PLACEMENT_3D ( 'NONE', #1691, #405, #3067 ) ;
#1960 = CARTESIAN_POINT ( 'NONE',  ( -1.100000000000000089, 0.8499999999999999778, -0.7499999999999995559 ) ) ;
#1961 = DIRECTION ( 'NONE',  ( 0.000000000000000000, 0.000000000000000000, -1.000000000000000000 ) ) ;
#1962 = DIRECTION ( 'NONE',  ( 0.000000000000000000, 1.000000000000000000, -0.000000000000000000 ) ) ;
#1963 = MECHANICAL_DESIGN_GEOMETRIC_PRESENTATION_REPRESENTATION (  '', ( #2024 ), #3639 ) ;
#1964 = VECTOR ( 'NONE', #841, 1000.000000000000114 ) ;
#1965 = CYLINDRICAL_SURFACE ( 'NONE', #1377, 0.07499999999999998335 ) ;
#1966 = EDGE_CURVE ( 'NONE', #1581, #1968, #2531, .T. ) ;
#1967 = LINE ( 'NONE', #3745, #4069 ) ;
#1968 = VERTEX_POINT ( 'NONE', #3891 ) ;
#1969 = EDGE_CURVE ( 'NONE', #736, #3307, #804, .T. ) ;
#1970 = LINE ( 'NONE', #2296, #4106 ) ;
#1971 = ORIENTED_EDGE ( 'NONE', *, *, #1277, .T. ) ;
#1972 = ORIENTED_EDGE ( 'NONE', *, *, #3178, .T. ) ;
#1973 = LINE ( 'NONE', #3393, #462 ) ;
#1974 = DIRECTION ( 'NONE',  ( 0.000000000000000000, -1.000000000000000000, 0.000000000000000000 ) ) ;
#1975 = CARTESIAN_POINT ( 'NONE',  ( -0.6424631817578864146, 0.8499999999999999778, 0.3972980088857192005 ) ) ;
#1976 = ORIENTED_EDGE ( 'NONE', *, *, #1721, .T. ) ;
#1977 = FACE_OUTER_BOUND ( 'NONE', #137, .T. ) ;
#1978 = DIRECTION ( 'NONE',  ( -0.000000000000000000, -1.000000000000000000, -0.000000000000000000 ) ) ;
#1979 = LINE ( 'NONE', #1650, #864 ) ;
#1980 = DIRECTION ( 'NONE',  ( 0.000000000000000000, -1.000000000000000000, 0.000000000000000000 ) ) ;
#1981 = LINE ( 'NONE', #293, #836 ) ;
#1982 = EDGE_LOOP ( 'NONE', ( #2455, #2010, #1482, #2489 ) ) ;
#1983 = CARTESIAN_POINT ( 'NONE',  ( 0.1500000000000002720, 0.3749999999999999445, 0.9499999999999914069 ) ) ;
#1984 = CARTESIAN_POINT ( 'NONE',  ( -1.250000000000000000, 0.3749999999999998890, -0.9249999999999998224 ) ) ;
#1985 = ORIENTED_EDGE ( 'NONE', *, *, #3095, .T. ) ;
#1986 = ORIENTED_EDGE ( 'NONE', *, *, #263, .F. ) ;
#1987 = CARTESIAN_POINT ( 'NONE',  ( -1.175000000000000044, 0.000000000000000000, 0.9999999999999997780 ) ) ;
#1988 = AXIS2_PLACEMENT_3D ( 'NONE', #226, #3264, #876 ) ;
#1989 = CARTESIAN_POINT ( 'NONE',  ( 1.000000000000000000, 3.961045573002793585, -0.8499999999999998668 ) ) ;
#1990 = DIRECTION ( 'NONE',  ( -0.000000000000000000, -1.000000000000000000, -0.000000000000000000 ) ) ;
#1991 = DIRECTION ( 'NONE',  ( -0.7071067811865454633, 0.000000000000000000, -0.7071067811865496822 ) ) ;
#1992 = ORIENTED_EDGE ( 'NONE', *, *, #3202, .F. ) ;
#1993 = DIRECTION ( 'NONE',  ( -1.000000000000000000, 0.000000000000000000, -1.734723475976806108E-16 ) ) ;
#1994 = EDGE_CURVE ( 'NONE', #1968, #3105, #2168, .T. ) ;
#1995 = CARTESIAN_POINT ( 'NONE',  ( -1.175000000000000266, 0.000000000000000000, -0.8499999999999996447 ) ) ;
#1996 = CARTESIAN_POINT ( 'NONE',  ( -0.7749999999999999112, 0.3750000000000000000, 0.3249999999999997891 ) ) ;
#1997 = CARTESIAN_POINT ( 'NONE',  ( -0.1500000000000000777, 0.3750000000000000000, 0.9499999999999996225 ) ) ;
#1998 = CARTESIAN_POINT ( 'NONE',  ( 1.175000000000000488, 0.000000000000000000, 0.8499999999999995337 ) ) ;
#1999 = EDGE_CURVE ( 'NONE', #3440, #2095, #4274, .T. ) ;
#2000 = SURFACE_STYLE_FILL_AREA ( #1321 ) ;
#2001 = CIRCLE ( 'NONE', #1785, 0.2000000000000002054 ) ;
#2002 = CARTESIAN_POINT ( 'NONE',  ( -1.000000000000000000, 0.9000000000000000222, 0.7499999999999997780 ) ) ;
#2003 = AXIS2_PLACEMENT_3D ( 'NONE', #4251, #1257, #3987 ) ;
#2004 = ORIENTED_EDGE ( 'NONE', *, *, #594, .T. ) ;
#2005 = DIRECTION ( 'NONE',  ( 0.000000000000000000, 0.000000000000000000, 1.000000000000000000 ) ) ;
#2006 = DIRECTION ( 'NONE',  ( -1.734723475976806108E-16, 0.000000000000000000, 1.000000000000000000 ) ) ;
#2007 = DIRECTION ( 'NONE',  ( -1.000000000000000000, 0.000000000000000000, -6.195440985631451373E-16 ) ) ;
#2008 = VECTOR ( 'NONE', #464, 1000.000000000000000 ) ;
#2009 = AXIS2_PLACEMENT_3D ( 'NONE', #1258, #1980, #4027 ) ;
#2010 = ORIENTED_EDGE ( 'NONE', *, *, #3379, .F. ) ;
#2011 = VERTEX_POINT ( 'NONE', #1178 ) ;
#2012 = CARTESIAN_POINT ( 'NONE',  ( 1.250000000000000000, 0.7500000000000000000, 0.9999999999999997780 ) ) ;
#2013 = ADVANCED_FACE ( 'NONE', ( #3869 ), #3223, .T. ) ;
#2014 = FACE_OUTER_BOUND ( 'NONE', #4298, .T. ) ;
#2015 = VERTEX_POINT ( 'NONE', #1499 ) ;
#2016 = ORIENTED_EDGE ( 'NONE', *, *, #4042, .T. ) ;
#2017 = FACE_OUTER_BOUND ( 'NONE', #102, .T. ) ;
#2018 = CARTESIAN_POINT ( 'NONE',  ( -0.4749999999999999223, 0.000000000000000000, 0.9249999999999998224 ) ) ;
#2019 = CARTESIAN_POINT ( 'NONE',  ( -0.4749999999999999778, 1.402740239554723711, -0.3250000000000000111 ) ) ;
#2020 = EDGE_CURVE ( 'NONE', #654, #4158, #3267, .T. ) ;
#2021 = VERTEX_POINT ( 'NONE', #156 ) ;
#2022 = CARTESIAN_POINT ( 'NONE',  ( -1.250000000000000000, 0.3750000000000000000, 0.9999999999999997780 ) ) ;
#2023 = ORIENTED_EDGE ( 'NONE', *, *, #456, .F. ) ;
#2024 = STYLED_ITEM ( 'NONE', ( #3040 ), #2301 ) ;
#2025 = ADVANCED_FACE ( 'NONE', ( #2581 ), #3846, .F. ) ;
#2026 = AXIS2_PLACEMENT_3D ( 'NONE', #4125, #673, #2044 ) ;
#2027 = LINE ( 'NONE', #1021, #1147 ) ;
#2028 = ADVANCED_FACE ( 'NONE', ( #85 ), #4189, .F. ) ;
#2029 = ORIENTED_EDGE ( 'NONE', *, *, #686, .F. ) ;
#2030 = FACE_OUTER_BOUND ( 'NONE', #2180, .T. ) ;
#2031 = ORIENTED_EDGE ( 'NONE', *, *, #121, .T. ) ;
#2032 = VERTEX_POINT ( 'NONE', #2239 ) ;
#2033 = ORIENTED_EDGE ( 'NONE', *, *, #1118, .F. ) ;
#2034 = AXIS2_PLACEMENT_3D ( 'NONE', #1720, #3110, #2786 ) ;
#2035 = LINE ( 'NONE', #1989, #1443 ) ;
#2036 = DIRECTION ( 'NONE',  ( -0.000000000000000000, -1.000000000000000000, -0.000000000000000000 ) ) ;
#2037 = EDGE_CURVE ( 'NONE', #4391, #1516, #3861, .T. ) ;
#2038 = AXIS2_PLACEMENT_3D ( 'NONE', #2096, #151, #4208 ) ;
#2039 = EDGE_LOOP ( 'NONE', ( #1956, #3224, #4329, #212 ) ) ;
#2040 = CARTESIAN_POINT ( 'NONE',  ( -1.000000000000000000, 0.9000000000000000222, -0.7499999999999995559 ) ) ;
#2041 = VECTOR ( 'NONE', #1539, 1000.000000000000000 ) ;
#2042 = DIRECTION ( 'NONE',  ( 0.000000000000000000, 0.000000000000000000, 1.000000000000000000 ) ) ;
#2043 = CARTESIAN_POINT ( 'NONE',  ( 1.175000000000000488, 0.000000000000000000, 0.8499999999999995337 ) ) ;
#2044 = DIRECTION ( 'NONE',  ( 0.000000000000000000, 0.000000000000000000, -1.000000000000000000 ) ) ;
#2045 = LINE ( 'NONE', #330, #1154 ) ;
#2046 = EDGE_LOOP ( 'NONE', ( #1312, #3069, #1173, #965 ) ) ;
#2047 = LINE ( 'NONE', #367, #427 ) ;
#2048 = VECTOR ( 'NONE', #2634, 1000.000000000000000 ) ;
#2049 = EDGE_CURVE ( 'NONE', #648, #3133, #2803, .T. ) ;
#2050 = DIRECTION ( 'NONE',  ( -0.000000000000000000, -1.000000000000000000, -0.000000000000000000 ) ) ;
#2051 = ORIENTED_EDGE ( 'NONE', *, *, #1999, .F. ) ;
#2052 = EDGE_LOOP ( 'NONE', ( #4015, #2578, #2946, #2856, #802, #1488, #2661, #2409 ) ) ;
#2053 = LINE ( 'NONE', #3826, #83 ) ;
#2054 = CARTESIAN_POINT ( 'NONE',  ( 0.1500000000000002720, 0.1874999999999999722, -0.9500000000000079492 ) ) ;
#2055 = ORIENTED_EDGE ( 'NONE', *, *, #634, .F. ) ;
#2056 = CARTESIAN_POINT ( 'NONE',  ( 0.4749999999999999223, 0.3750000000000000000, 0.9249999999999999334 ) ) ;
#2057 = ORIENTED_EDGE ( 'NONE', *, *, #551, .F. ) ;
#2058 = APPLICATION_PROTOCOL_DEFINITION ( 'draft international standard', 'automotive_design', 1998, #3325 ) ;
#2059 = EDGE_CURVE ( 'NONE', #255, #170, #2998, .T. ) ;
#2060 = AXIS2_PLACEMENT_3D ( 'NONE', #531, #1333, #3750 ) ;
#2061 = PLANE ( 'NONE',  #2956 ) ;
#2062 = DIRECTION ( 'NONE',  ( 1.000000000000000000, -1.807003620809171181E-16, 0.000000000000000000 ) ) ;
#2063 = AXIS2_PLACEMENT_3D ( 'NONE', #3883, #3906, #3577 ) ;
#2064 = VERTEX_POINT ( 'NONE', #1922 ) ;
#2065 = CARTESIAN_POINT ( 'NONE',  ( -1.250000000000000000, 1.402740239554723711, -0.9249999999999998224 ) ) ;
#2066 = VECTOR ( 'NONE', #1923, 1000.000000000000000 ) ;
#2067 = DIRECTION ( 'NONE',  ( -4.130293990420977278E-16, 0.000000000000000000, 1.000000000000000000 ) ) ;
#2068 = CARTESIAN_POINT ( 'NONE',  ( -1.200000000000000178, 0.7500000000000000000, -0.7499999999999995559 ) ) ;
#2069 = FACE_OUTER_BOUND ( 'NONE', #3218, .T. ) ;
#2070 = DIRECTION ( 'NONE',  ( 1.734723475976805862E-16, 0.000000000000000000, -1.000000000000000000 ) ) ;
#2071 = DIRECTION ( 'NONE',  ( 1.000000000000000000, 0.000000000000000000, 0.000000000000000000 ) ) ;
#2072 = VERTEX_POINT ( 'NONE', #1296 ) ;
#2073 = FACE_OUTER_BOUND ( 'NONE', #2863, .T. ) ;
#2074 = DIRECTION ( 'NONE',  ( 0.000000000000000000, -0.000000000000000000, -1.000000000000000000 ) ) ;
#2075 = ORIENTED_EDGE ( 'NONE', *, *, #466, .F. ) ;
#2076 = CARTESIAN_POINT ( 'NONE',  ( -1.174999999999999822, 0.3750000000000000000, -0.9999999999999997780 ) ) ;
#2077 = ORIENTED_EDGE ( 'NONE', *, *, #2848, .F. ) ;
#2078 = VERTEX_POINT ( 'NONE', #4318 ) ;
#2079 = DIRECTION ( 'NONE',  ( 0.000000000000000000, 0.000000000000000000, -1.000000000000000000 ) ) ;
#2080 =( GEOMETRIC_REPRESENTATION_CONTEXT ( 3 ) GLOBAL_UNCERTAINTY_ASSIGNED_CONTEXT ( ( #4300 ) ) GLOBAL_UNIT_ASSIGNED_CONTEXT ( ( #1332, #644, #4405 ) ) REPRESENTATION_CONTEXT ( 'NONE', 'WORKASPACE' ) );
#2081 = AXIS2_PLACEMENT_3D ( 'NONE', #825, #206, #3913 ) ;
#2082 = CARTESIAN_POINT ( 'NONE',  ( -1.000000000000000000, 0.8500000000000000888, 0.7499999999999997780 ) ) ;
#2083 = DIRECTION ( 'NONE',  ( 0.000000000000000000, 1.000000000000000000, -0.000000000000000000 ) ) ;
#2084 = LINE ( 'NONE', #3138, #2639 ) ;
#2085 = ADVANCED_FACE ( 'NONE', ( #1937 ), #522, .T. ) ;
#2086 = EDGE_CURVE ( 'NONE', #1936, #2323, #3696, .T. ) ;
#2087 = VERTEX_POINT ( 'NONE', #2282 ) ;
#2088 = AXIS2_PLACEMENT_3D ( 'NONE', #1734, #349, #1714 ) ;
#2089 = CARTESIAN_POINT ( 'NONE',  ( 0.4749999999999999223, 1.402740239554723711, 0.9249999999999999334 ) ) ;
#2090 = DIRECTION ( 'NONE',  ( -0.000000000000000000, -1.000000000000000000, -0.000000000000000000 ) ) ;
#2091 = EDGE_CURVE ( 'NONE', #2689, #1600, #1915, .T. ) ;
#2092 = CARTESIAN_POINT ( 'NONE',  ( -1.100000000000000089, 0.8499999999999999778, -0.7499999999999995559 ) ) ;
#2093 = DIRECTION ( 'NONE',  ( 1.000000000000000000, 0.000000000000000000, 1.734723475976805862E-16 ) ) ;
#2094 = PLANE ( 'NONE',  #2088 ) ;
#2095 = VERTEX_POINT ( 'NONE', #2978 ) ;
#2096 = CARTESIAN_POINT ( 'NONE',  ( -1.175000000000000711, 0.3750000000000000000, 0.3250000000000001776 ) ) ;
#2097 = LINE ( 'NONE', #3497, #720 ) ;
#2098 = VECTOR ( 'NONE', #12, 1000.000000000000000 ) ;
#2099 = ORIENTED_EDGE ( 'NONE', *, *, #3950, .F. ) ;
#2100 = EDGE_CURVE ( 'NONE', #2021, #4142, #1587, .T. ) ;
#2101 = CARTESIAN_POINT ( 'NONE',  ( -0.4749999999999998668, 1.402740239554723711, 0.6249999999999997780 ) ) ;
#2102 =( NAMED_UNIT ( * ) PLANE_ANGLE_UNIT ( ) SI_UNIT ( $, .RADIAN. ) );
#2103 = PRESENTATION_LAYER_ASSIGNMENT (  '', '', ( #4057 ) ) ;
#2104 = DIRECTION ( 'NONE',  ( 1.000000000000000000, -0.000000000000000000, 0.000000000000000000 ) ) ;
#2105 = ORIENTED_EDGE ( 'NONE', *, *, #316, .F. ) ;
#2106 = EDGE_CURVE ( 'NONE', #3440, #2928, #3013, .T. ) ;
#2107 = FACE_OUTER_BOUND ( 'NONE', #669, .T. ) ;
#2108 =( NAMED_UNIT ( * ) SI_UNIT ( $, .STERADIAN. ) SOLID_ANGLE_UNIT ( ) );
#2109 = ORIENTED_EDGE ( 'NONE', *, *, #1043, .F. ) ;
#2110 = CARTESIAN_POINT ( 'NONE',  ( -1.175000000000000266, 0.3750000000000000000, -0.3250000000000003997 ) ) ;
#2111 = CIRCLE ( 'NONE', #1106, 0.07499999999999998335 ) ;
#2112 = EDGE_LOOP ( 'NONE', ( #1049, #3923, #3205, #1560 ) ) ;
#2113 = DIRECTION ( 'NONE',  ( 0.7071067811865454633, 0.000000000000000000, -0.7071067811865496822 ) ) ;
#2114 = AXIS2_PLACEMENT_3D ( 'NONE', #3148, #3817, #3886 ) ;
#2115 = AXIS2_PLACEMENT_3D ( 'NONE', #855, #1494, #455 ) ;
#2116 = DIRECTION ( 'NONE',  ( 0.000000000000000000, 0.000000000000000000, 1.000000000000000000 ) ) ;
#2117 = VERTEX_POINT ( 'NONE', #958 ) ;
#2118 = DIRECTION ( 'NONE',  ( 1.000000000000000000, 0.000000000000000000, 0.000000000000000000 ) ) ;
#2119 = CIRCLE ( 'NONE', #1696, 0.04999999999999991257 ) ;
#2120 = LINE ( 'NONE', #1111, #236 ) ;
#2121 = CARTESIAN_POINT ( 'NONE',  ( -1.000000000000000000, 3.961045573002793585, 0.9499999999999998446 ) ) ;
#2122 = DIRECTION ( 'NONE',  ( -0.000000000000000000, -1.000000000000000000, -0.000000000000000000 ) ) ;
#2123 = VERTEX_POINT ( 'NONE', #567 ) ;
#2124 = DIRECTION ( 'NONE',  ( -1.000000000000000000, 0.000000000000000000, 4.130293990420977771E-16 ) ) ;
#2125 = ORIENTED_EDGE ( 'NONE', *, *, #3799, .F. ) ;
#2126 = DIRECTION ( 'NONE',  ( -1.000000000000000000, 0.000000000000000000, -0.000000000000000000 ) ) ;
#2127 = DIRECTION ( 'NONE',  ( -1.000000000000000000, 0.000000000000000000, 0.000000000000000000 ) ) ;
#2128 = DIRECTION ( 'NONE',  ( 0.000000000000000000, 0.000000000000000000, 1.000000000000000000 ) ) ;
#2129 = VERTEX_POINT ( 'NONE', #1253 ) ;
#2130 = ORIENTED_EDGE ( 'NONE', *, *, #2770, .T. ) ;
#2131 = CARTESIAN_POINT ( 'NONE',  ( 0.1500000000000002720, 0.1874999999999999722, -0.9500000000000079492 ) ) ;
#2132 = CARTESIAN_POINT ( 'NONE',  ( 1.000000000000000000, 0.9000000000000000222, -0.7499999999999996669 ) ) ;
#2133 = CARTESIAN_POINT ( 'NONE',  ( 0.4749999999999999778, 0.3750000000000000000, -0.3250000000000000111 ) ) ;
#2134 = ORIENTED_EDGE ( 'NONE', *, *, #2839, .T. ) ;
#2135 = ADVANCED_FACE ( 'NONE', ( #4004 ), #246, .F. ) ;
#2136 = VECTOR ( 'NONE', #3994, 1000.000000000000000 ) ;
#2137 = DIRECTION ( 'NONE',  ( 0.000000000000000000, 0.000000000000000000, -1.000000000000000000 ) ) ;
#2138 = ORIENTED_EDGE ( 'NONE', *, *, #604, .T. ) ;
#2139 = CYLINDRICAL_SURFACE ( 'NONE', #2466, 0.04999999999999991257 ) ;
#2140 = CARTESIAN_POINT ( 'NONE',  ( 1.000000000000000000, 0.7500000000000000000, 0.8499999999999997558 ) ) ;
#2141 = EDGE_CURVE ( 'NONE', #607, #618, #1196, .T. ) ;
#2142 = EDGE_CURVE ( 'NONE', #1929, #1824, #1623, .T. ) ;
#2143 = ADVANCED_FACE ( 'NONE', ( #1222 ), #4270, .T. ) ;
#2144 = DIRECTION ( 'NONE',  ( -0.000000000000000000, -1.000000000000000000, -0.000000000000000000 ) ) ;
#2145 = EDGE_CURVE ( 'NONE', #2559, #3075, #2669, .T. ) ;
#2146 = EDGE_LOOP ( 'NONE', ( #389, #1272, #1025, #850 ) ) ;
#2147 = VERTEX_POINT ( 'NONE', #2305 ) ;
#2148 = DIRECTION ( 'NONE',  ( -0.7071067811865470176, 0.000000000000000000, 0.7071067811865479058 ) ) ;
#2149 = CARTESIAN_POINT ( 'NONE',  ( -1.174999999999999822, 0.000000000000000000, -0.9999999999999997780 ) ) ;
#2150 = DIRECTION ( 'NONE',  ( -0.000000000000000000, -1.000000000000000000, -0.000000000000000000 ) ) ;
#2151 = DIRECTION ( 'NONE',  ( 1.000000000000000000, 0.000000000000000000, 0.000000000000000000 ) ) ;
#2152 = LINE ( 'NONE', #3548, #1206 ) ;
#2153 = DIRECTION ( 'NONE',  ( 0.000000000000000000, 0.000000000000000000, 1.000000000000000000 ) ) ;
#2154 = ORIENTED_EDGE ( 'NONE', *, *, #3314, .F. ) ;
#2155 = VECTOR ( 'NONE', #3413, 1000.000000000000000 ) ;
#2156 = EDGE_CURVE ( 'NONE', #48, #457, #2483, .T. ) ;
#2157 = FACE_OUTER_BOUND ( 'NONE', #1982, .T. ) ;
#2158 = AXIS2_PLACEMENT_3D ( 'NONE', #620, #1305, #2705 ) ;
#2159 = AXIS2_PLACEMENT_3D ( 'NONE', #3337, #2907, #3283 ) ;
#2160 = ORIENTED_EDGE ( 'NONE', *, *, #3286, .T. ) ;
#2161 = DIRECTION ( 'NONE',  ( 4.517509052022936456E-16, 0.000000000000000000, -1.000000000000000000 ) ) ;
#2162 = VERTEX_POINT ( 'NONE', #588 ) ;
#2163 = EDGE_CURVE ( 'NONE', #1091, #660, #3771, .T. ) ;
#2164 = DIRECTION ( 'NONE',  ( 0.000000000000000000, 0.000000000000000000, -1.000000000000000000 ) ) ;
#2165 = DIRECTION ( 'NONE',  ( 0.000000000000000000, 0.000000000000000000, -1.000000000000000000 ) ) ;
#2166 = EDGE_LOOP ( 'NONE', ( #3058, #2845, #3107, #1976 ) ) ;
#2167 = EDGE_CURVE ( 'NONE', #3301, #1057, #875, .T. ) ;
#2168 = LINE ( 'NONE', #415, #1342 ) ;
#2169 = ORIENTED_EDGE ( 'NONE', *, *, #3650, .F. ) ;
#2170 = CARTESIAN_POINT ( 'NONE',  ( -0.6424631817578864146, 0.9000000000000000222, 0.3972980088857192005 ) ) ;
#2171 = CARTESIAN_POINT ( 'NONE',  ( -1.100000000000000311, 0.000000000000000000, 0.9249999999999997113 ) ) ;
#2172 = FACE_OUTER_BOUND ( 'NONE', #2870, .T. ) ;
#2173 = AXIS2_PLACEMENT_3D ( 'NONE', #2599, #269, #2931 ) ;
#2174 = CARTESIAN_POINT ( 'NONE',  ( -0.1500000000000002720, 0.1875000000000000000, -0.9500000000000079492 ) ) ;
#2175 = AXIS2_PLACEMENT_3D ( 'NONE', #3596, #487, #465 ) ;
#2176 = LINE ( 'NONE', #1767, #1943 ) ;
#2177 = CARTESIAN_POINT ( 'NONE',  ( 1.000000000000000000, 0.7999999999999999334, -0.8999999999999999112 ) ) ;
#2178 = CARTESIAN_POINT ( 'NONE',  ( -1.100000000000000311, 0.000000000000000000, 0.9249999999999997113 ) ) ;
#2179 = ORIENTED_EDGE ( 'NONE', *, *, #3286, .F. ) ;
#2180 = EDGE_LOOP ( 'NONE', ( #2477, #2757, #3560, #1905 ) ) ;
#2181 = LINE ( 'NONE', #78, #14 ) ;
#2182 = ORIENTED_EDGE ( 'NONE', *, *, #3998, .F. ) ;
#2183 = DIRECTION ( 'NONE',  ( 0.000000000000000000, -1.000000000000000000, 0.000000000000000000 ) ) ;
#2184 = ADVANCED_FACE ( 'NONE', ( #2796 ), #4386, .T. ) ;
#2185 = CARTESIAN_POINT ( 'NONE',  ( -0.1500000000000002720, 0.1875000000000000000, 0.9499999999999914069 ) ) ;
#2186 = DIRECTION ( 'NONE',  ( -0.000000000000000000, -1.000000000000000000, -0.000000000000000000 ) ) ;
#2187 = DIRECTION ( 'NONE',  ( 0.000000000000000000, 0.000000000000000000, 1.000000000000000000 ) ) ;
#2188 = DIRECTION ( 'NONE',  ( -2.710505431213762071E-16, 0.000000000000000000, 1.000000000000000000 ) ) ;
#2189 = EDGE_CURVE ( 'NONE', #3865, #3705, #3463, .T. ) ;
#2190 = AXIS2_PLACEMENT_3D ( 'NONE', #3217, #775, #3533 ) ;
#2191 = DIRECTION ( 'NONE',  ( -0.000000000000000000, -1.000000000000000000, 0.000000000000000000 ) ) ;
#2192 = VERTEX_POINT ( 'NONE', #3794 ) ;
#2193 = VERTEX_POINT ( 'NONE', #1016 ) ;
#2194 = ORIENTED_EDGE ( 'NONE', *, *, #2512, .T. ) ;
#2195 = CARTESIAN_POINT ( 'NONE',  ( 1.175000000000000266, 0.000000000000000000, -0.9999999999999995559 ) ) ;
#2196 = FACE_OUTER_BOUND ( 'NONE', #3185, .T. ) ;
#2197 = AXIS2_PLACEMENT_3D ( 'NONE', #3134, #1410, #2384 ) ;
#2198 = CARTESIAN_POINT ( 'NONE',  ( 1.250000000000000000, 1.402740239554723711, 1.000000000000000000 ) ) ;
#2199 = PLANE ( 'NONE',  #2413 ) ;
#2200 = DIRECTION ( 'NONE',  ( 0.000000000000000000, 0.000000000000000000, -1.000000000000000000 ) ) ;
#2201 = CARTESIAN_POINT ( 'NONE',  ( 0.1500000000000000777, 0.7500000000000000000, 0.9499999999999996225 ) ) ;
#2202 = VERTEX_POINT ( 'NONE', #311 ) ;
#2203 = EDGE_CURVE ( 'NONE', #7, #24, #3066, .T. ) ;
#2204 = LINE ( 'NONE', #2567, #2234 ) ;
#2205 = ORIENTED_EDGE ( 'NONE', *, *, #3509, .F. ) ;
#2206 = CARTESIAN_POINT ( 'NONE',  ( -1.250000000000000000, 0.7500000000000000000, 0.9249999999999998224 ) ) ;
#2207 = FACE_OUTER_BOUND ( 'NONE', #1765, .T. ) ;
#2208 = ORIENTED_EDGE ( 'NONE', *, *, #2640, .F. ) ;
#2209 = DIRECTION ( 'NONE',  ( 0.000000000000000000, 0.000000000000000000, 1.000000000000000000 ) ) ;
#2210 = ORIENTED_EDGE ( 'NONE', *, *, #839, .T. ) ;
#2211 = DIRECTION ( 'NONE',  ( 0.000000000000000000, 0.000000000000000000, 1.000000000000000000 ) ) ;
#2212 = SURFACE_SIDE_STYLE ('',( #4271 ) ) ;
#2213 = CARTESIAN_POINT ( 'NONE',  ( 0.000000000000000000, 0.7500000000000000000, 0.9999999999999997780 ) ) ;
#2214 = CLOSED_SHELL ( 'NONE', ( #4210, #3124, #1954, #496, #4241, #3344, #4165, #3169, #1808, #2667, #3518, #2461, #2986, #4048, #2320, #3358, #3089, #3701, #2291, #1676, #1311, #4154, #2028, #2294, #3766, #2727, #2135, #3491, #99, #177, #924, #412, #507, #3514, #31, #3634, #3922, #335, #3356, #4353, #758, #3292, #2236, #3468, #4031, #1259, #1303, #1396, #571, #3845, #3174, #3808, #1513 ) ) ;
#2215 = CIRCLE ( 'NONE', #2446, 0.05000000000000034972 ) ;
#2216 = ORIENTED_EDGE ( 'NONE', *, *, #1205, .F. ) ;
#2217 = DIRECTION ( 'NONE',  ( -0.000000000000000000, -0.000000000000000000, 1.000000000000000000 ) ) ;
#2218 = VECTOR ( 'NONE', #3443, 1000.000000000000000 ) ;
#2219 = DIRECTION ( 'NONE',  ( 0.7071067811865460184, 0.000000000000000000, 0.7071067811865489050 ) ) ;
#2220 = ORIENTED_EDGE ( 'NONE', *, *, #785, .T. ) ;
#2221 = VERTEX_POINT ( 'NONE', #3122 ) ;
#2222 = ORIENTED_EDGE ( 'NONE', *, *, #2704, .T. ) ;
#2223 = PLANE ( 'NONE',  #2811 ) ;
#2224 = FACE_OUTER_BOUND ( 'NONE', #4028, .T. ) ;
#2225 = CARTESIAN_POINT ( 'NONE',  ( -1.250000000000000000, 0.7500000000000000000, -0.9249999999999998224 ) ) ;
#2226 = CARTESIAN_POINT ( 'NONE',  ( -0.4749999999999999223, 0.3750000000000000000, 0.9249999999999998224 ) ) ;
#2227 = CARTESIAN_POINT ( 'NONE',  ( 0.2000000000000004552, 0.7500000000000000000, 0.9999999999999997780 ) ) ;
#2228 = ORIENTED_EDGE ( 'NONE', *, *, #3152, .F. ) ;
#2229 = DIRECTION ( 'NONE',  ( -0.000000000000000000, -1.000000000000000000, -0.000000000000000000 ) ) ;
#2230 = DIRECTION ( 'NONE',  ( 0.000000000000000000, -1.000000000000000000, 0.000000000000000000 ) ) ;
#2231 = VERTEX_POINT ( 'NONE', #4123 ) ;
#2232 = COLOUR_RGB ( '',0.9686274509803921573, 0.8784313725490195957, 0.5999999999999999778 ) ;
#2233 = LINE ( 'NONE', #2496, #1289 ) ;
#2234 = VECTOR ( 'NONE', #4204, 1000.000000000000000 ) ;
#2235 = AXIS2_PLACEMENT_3D ( 'NONE', #2480, #1737, #2528 ) ;
#2236 = ADVANCED_FACE ( 'NONE', ( #1690 ), #3442, .F. ) ;
#2237 = ORIENTED_EDGE ( 'NONE', *, *, #1346, .F. ) ;
#2238 = FACE_OUTER_BOUND ( 'NONE', #3816, .T. ) ;
#2239 = CARTESIAN_POINT ( 'NONE',  ( -1.100000000000000089, 0.7500000000000000000, 0.7499999999999997780 ) ) ;
#2240 = LINE ( 'NONE', #1255, #2816 ) ;
#2241 = AXIS2_PLACEMENT_3D ( 'NONE', #3368, #1598, #1639 ) ;
#2242 = CARTESIAN_POINT ( 'NONE',  ( -0.2000000000000004552, 0.7500000000000000000, 0.9999999999999997780 ) ) ;
#2243 = LINE ( 'NONE', #1571, #2328 ) ;
#2244 = EDGE_CURVE ( 'NONE', #1092, #1485, #696, .T. ) ;
#2245 = ORIENTED_EDGE ( 'NONE', *, *, #2867, .F. ) ;
#2246 = CARTESIAN_POINT ( 'NONE',  ( -0.1500000000000000777, 0.1875000000000000555, -0.9499999999999996225 ) ) ;
#2247 = DIRECTION ( 'NONE',  ( 0.000000000000000000, 1.000000000000000000, 0.000000000000000000 ) ) ;
#2248 = DIRECTION ( 'NONE',  ( 0.000000000000000000, 0.000000000000000000, -1.000000000000000000 ) ) ;
#2249 = DIRECTION ( 'NONE',  ( -0.000000000000000000, -1.000000000000000000, -0.000000000000000000 ) ) ;
#2250 = CARTESIAN_POINT ( 'NONE',  ( 1.000000000000000000, 0.8499999999999999778, -0.7499999999999996669 ) ) ;
#2251 = CARTESIAN_POINT ( 'NONE',  ( 0.1500000000000002720, 0.3749999999999999445, -0.9499999999999996225 ) ) ;
#2252 = ORIENTED_EDGE ( 'NONE', *, *, #2302, .T. ) ;
#2253 = VECTOR ( 'NONE', #3263, 1000.000000000000000 ) ;
#2254 = ORIENTED_EDGE ( 'NONE', *, *, #3493, .F. ) ;
#2255 = EDGE_CURVE ( 'NONE', #3475, #36, #1398, .T. ) ;
#2256 = CARTESIAN_POINT ( 'NONE',  ( -1.000000000000000000, 0.9000000000000000222, 0.7999999999999998224 ) ) ;
#2257 = EDGE_LOOP ( 'NONE', ( #1918, #418, #4283, #27 ) ) ;
#2258 = VERTEX_POINT ( 'NONE', #1995 ) ;
#2259 = CARTESIAN_POINT ( 'NONE',  ( 0.000000000000000000, 0.000000000000000000, -0.9999999999999997780 ) ) ;
#2260 = DIRECTION ( 'NONE',  ( 0.000000000000000000, 0.000000000000000000, 1.000000000000000000 ) ) ;
#2261 = CARTESIAN_POINT ( 'NONE',  ( 0.4750000000000001443, 0.3750000000000000000, -0.9249999999999997113 ) ) ;
#2262 = DIRECTION ( 'NONE',  ( -0.000000000000000000, -1.000000000000000000, -0.000000000000000000 ) ) ;
#2263 = ORIENTED_EDGE ( 'NONE', *, *, #2453, .F. ) ;
#2264 = AXIS2_PLACEMENT_3D ( 'NONE', #631, #1543, #3942 ) ;
#2265 = ORIENTED_EDGE ( 'NONE', *, *, #3493, .T. ) ;
#2266 = LINE ( 'NONE', #612, #819 ) ;
#2267 = AXIS2_PLACEMENT_3D ( 'NONE', #2526, #1848, #748 ) ;
#2268 = ORIENTED_EDGE ( 'NONE', *, *, #3298, .F. ) ;
#2269 = ORIENTED_EDGE ( 'NONE', *, *, #2435, .T. ) ;
#2270 = CARTESIAN_POINT ( 'NONE',  ( -0.6424631817578864146, 0.8499999999999999778, 0.3483221833572892057 ) ) ;
#2271 = VECTOR ( 'NONE', #396, 1000.000000000000000 ) ;
#2272 = ORIENTED_EDGE ( 'NONE', *, *, #3446, .T. ) ;
#2273 = SURFACE_SIDE_STYLE ('',( #3032 ) ) ;
#2274 = CARTESIAN_POINT ( 'NONE',  ( -1.100000000000000089, 0.8500000000000000888, -0.7499999999999995559 ) ) ;
#2275 = ORIENTED_EDGE ( 'NONE', *, *, #1902, .T. ) ;
#2276 = ORIENTED_EDGE ( 'NONE', *, *, #1955, .T. ) ;
#2277 = DIRECTION ( 'NONE',  ( -0.000000000000000000, -1.000000000000000000, -0.000000000000000000 ) ) ;
#2278 = LINE ( 'NONE', #284, #2741 ) ;
#2279 = VERTEX_POINT ( 'NONE', #671 ) ;
#2280 = PLANE ( 'NONE',  #2310 ) ;
#2281 = ORIENTED_EDGE ( 'NONE', *, *, #4099, .F. ) ;
#2282 = CARTESIAN_POINT ( 'NONE',  ( 1.250000000000000444, 0.3750000000000000000, -0.9249999999999994893 ) ) ;
#2283 = PLANE ( 'NONE',  #2159 ) ;
#2284 = CARTESIAN_POINT ( 'NONE',  ( 0.1500000000000000777, 0.7500000000000000000, 0.9499999999999996225 ) ) ;
#2285 = EDGE_CURVE ( 'NONE', #135, #179, #3754, .T. ) ;
#2286 = FACE_OUTER_BOUND ( 'NONE', #3343, .T. ) ;
#2287 = VECTOR ( 'NONE', #2537, 1000.000000000000000 ) ;
#2288 = ADVANCED_FACE ( 'NONE', ( #1059 ), #2450, .F. ) ;
#2289 = ADVANCED_FACE ( 'NONE', ( #3812 ), #1668, .F. ) ;
#2290 = VECTOR ( 'NONE', #149, 1000.000000000000000 ) ;
#2291 = ADVANCED_FACE ( 'NONE', ( #2371 ), #3377, .T. ) ;
#2292 = ORIENTED_EDGE ( 'NONE', *, *, #3763, .T. ) ;
#2293 = ORIENTED_EDGE ( 'NONE', *, *, #420, .F. ) ;
#2294 = ADVANCED_FACE ( 'NONE', ( #1035 ), #4063, .F. ) ;
#2295 = CARTESIAN_POINT ( 'NONE',  ( -1.050000000000000044, 0.9000000000000000222, 0.7499999999999997780 ) ) ;
#2296 = CARTESIAN_POINT ( 'NONE',  ( -0.7749999999999999112, 0.000000000000000000, 0.3249999999999997891 ) ) ;
#2297 = ORIENTED_EDGE ( 'NONE', *, *, #3851, .F. ) ;
#2298 = ORIENTED_EDGE ( 'NONE', *, *, #550, .T. ) ;
#2299 = CARTESIAN_POINT ( 'NONE',  ( -1.000000000000000000, 3.961045573002793585, -0.8499999999999996447 ) ) ;
#2300 = EDGE_LOOP ( 'NONE', ( #518, #879, #711, #1310 ) ) ;
#2301 = MANIFOLD_SOLID_BREP ( 'Housing ', #2214 ) ;
#2302 = EDGE_CURVE ( 'NONE', #2753, #3426, #2962, .T. ) ;
#2303 = DIRECTION ( 'NONE',  ( 1.734723475976806108E-16, 0.000000000000000000, -1.000000000000000000 ) ) ;
#2304 = VERTEX_POINT ( 'NONE', #1711 ) ;
#2305 = CARTESIAN_POINT ( 'NONE',  ( 1.175000000000000711, 0.000000000000000000, -0.8499999999999993117 ) ) ;
#2306 = DIRECTION ( 'NONE',  ( 0.000000000000000000, 0.000000000000000000, 1.000000000000000000 ) ) ;
#2307 = CARTESIAN_POINT ( 'NONE',  ( -1.000000000000000000, 0.8499999999999999778, -0.7499999999999995559 ) ) ;
#2308 = FACE_OUTER_BOUND ( 'NONE', #2039, .T. ) ;
#2309 = ORIENTED_EDGE ( 'NONE', *, *, #2163, .T. ) ;
#2310 = AXIS2_PLACEMENT_3D ( 'NONE', #1271, #2712, #3673 ) ;
#2311 = ORIENTED_EDGE ( 'NONE', *, *, #980, .T. ) ;
#2312 = ADVANCED_FACE ( 'NONE', ( #3946 ), #834, .F. ) ;
#2313 = EDGE_CURVE ( 'NONE', #2129, #1556, #862, .T. ) ;
#2314 = EDGE_CURVE ( 'NONE', #2627, #2021, #482, .T. ) ;
#2315 = VECTOR ( 'NONE', #1569, 1000.000000000000000 ) ;
#2316 = EDGE_LOOP ( 'NONE', ( #1102, #640, #1985, #435, #4289, #191, #4360, #4080 ) ) ;
#2317 = ORIENTED_EDGE ( 'NONE', *, *, #806, .T. ) ;
#2318 = DIRECTION ( 'NONE',  ( 0.000000000000000000, 0.000000000000000000, -1.000000000000000000 ) ) ;
#2319 = EDGE_LOOP ( 'NONE', ( #2433, #1001, #1176, #1392 ) ) ;
#2320 = ADVANCED_FACE ( 'NONE', ( #1864 ), #3246, .F. ) ;
#2321 = LINE ( 'NONE', #1636, #44 ) ;
#2322 = LINE ( 'NONE', #3707, #881 ) ;
#2323 = VERTEX_POINT ( 'NONE', #1523 ) ;
#2324 = PLANE ( 'NONE',  #3365 ) ;
#2325 = CARTESIAN_POINT ( 'NONE',  ( 1.000000000000000000, 0.8499999999999999778, 0.8499999999999998668 ) ) ;
#2326 = VERTEX_POINT ( 'NONE', #3617 ) ;
#2327 = CARTESIAN_POINT ( 'NONE',  ( -1.200000000000000178, 0.7999999999999999334, -0.7499999999999995559 ) ) ;
#2328 = VECTOR ( 'NONE', #2714, 1000.000000000000000 ) ;
#2329 = ORIENTED_EDGE ( 'NONE', *, *, #4083, .T. ) ;
#2330 = LINE ( 'NONE', #4316, #1638 ) ;
#2331 = DIRECTION ( 'NONE',  ( -0.000000000000000000, -1.000000000000000000, -0.000000000000000000 ) ) ;
#2332 = DIRECTION ( 'NONE',  ( 0.000000000000000000, 0.000000000000000000, -1.000000000000000000 ) ) ;
#2333 = VECTOR ( 'NONE', #595, 1000.000000000000000 ) ;
#2334 = CARTESIAN_POINT ( 'NONE',  ( 0.4749999999999999778, 1.402740239554723711, 0.3250000000000000111 ) ) ;
#2335 = PLANE ( 'NONE',  #2009 ) ;
#2336 = SURFACE_STYLE_FILL_AREA ( #4029 ) ;
#2337 = ORIENTED_EDGE ( 'NONE', *, *, #806, .F. ) ;
#2338 = DIRECTION ( 'NONE',  ( -1.000000000000000000, 0.000000000000000000, 0.000000000000000000 ) ) ;
#2339 = DIRECTION ( 'NONE',  ( 0.000000000000000000, 0.000000000000000000, -1.000000000000000000 ) ) ;
#2340 = EDGE_CURVE ( 'NONE', #527, #3887, #3488, .T. ) ;
#2341 = VERTEX_POINT ( 'NONE', #2225 ) ;
#2342 = VECTOR ( 'NONE', #1515, 1000.000000000000000 ) ;
#2343 = DIRECTION ( 'NONE',  ( -0.000000000000000000, -1.000000000000000000, -0.000000000000000000 ) ) ;
#2344 = FACE_OUTER_BOUND ( 'NONE', #309, .T. ) ;
#2345 = ADVANCED_FACE ( 'NONE', ( #1237 ), #385, .F. ) ;
#2346 = LINE ( 'NONE', #3671, #3310 ) ;
#2347 = PLANE ( 'NONE',  #3471 ) ;
#2348 = DIRECTION ( 'NONE',  ( 0.000000000000000000, -1.000000000000000000, 0.000000000000000000 ) ) ;
#2349 = DIRECTION ( 'NONE',  ( -0.7071067811865490160, 0.000000000000000000, 0.7071067811865461294 ) ) ;
#2350 = FACE_OUTER_BOUND ( 'NONE', #3834, .T. ) ;
#2351 = FACE_OUTER_BOUND ( 'NONE', #42, .T. ) ;
#2352 = DIRECTION ( 'NONE',  ( 0.000000000000000000, 0.000000000000000000, -1.000000000000000000 ) ) ;
#2353 = ORIENTED_EDGE ( 'NONE', *, *, #2967, .T. ) ;
#2354 = DIRECTION ( 'NONE',  ( 1.000000000000000000, 0.000000000000000000, 0.000000000000000000 ) ) ;
#2355 = CARTESIAN_POINT ( 'NONE',  ( -1.100000000000000089, 0.7500000000000000000, -0.7499999999999995559 ) ) ;
#2356 = ORIENTED_EDGE ( 'NONE', *, *, #3762, .F. ) ;
#2357 = ORIENTED_EDGE ( 'NONE', *, *, #773, .F. ) ;
#2358 = LINE ( 'NONE', #213, #4396 ) ;
#2359 = DIRECTION ( 'NONE',  ( -0.000000000000000000, -1.000000000000000000, -0.000000000000000000 ) ) ;
#2360 = VECTOR ( 'NONE', #1461, 1000.000000000000000 ) ;
#2361 = LINE ( 'NONE', #963, #2333 ) ;
#2362 = ORIENTED_EDGE ( 'NONE', *, *, #3561, .T. ) ;
#2363 = ORIENTED_EDGE ( 'NONE', *, *, #2684, .T. ) ;
#2364 = CARTESIAN_POINT ( 'NONE',  ( 1.000000000000000000, 0.8499999999999999778, -0.8499999999999998668 ) ) ;
#2365 = EDGE_CURVE ( 'NONE', #2698, #3406, #511, .T. ) ;
#2366 = DIRECTION ( 'NONE',  ( -1.807003620809173892E-16, 0.000000000000000000, 1.000000000000000000 ) ) ;
#2367 = EDGE_CURVE ( 'NONE', #167, #2193, #2606, .T. ) ;
#2368 = VERTEX_POINT ( 'NONE', #215 ) ;
#2369 = EDGE_CURVE ( 'NONE', #355, #3014, #3642, .T. ) ;
#2370 = DIRECTION ( 'NONE',  ( 1.000000000000000000, -0.000000000000000000, 1.734723475976806108E-16 ) ) ;
#2371 = FACE_OUTER_BOUND ( 'NONE', #459, .T. ) ;
#2372 = EDGE_CURVE ( 'NONE', #1832, #2123, #4303, .T. ) ;
#2373 = EDGE_CURVE ( 'NONE', #3863, #1586, #1137, .T. ) ;
#2374 = LINE ( 'NONE', #3490, #26 ) ;
#2375 = EDGE_LOOP ( 'NONE', ( #1620, #3120, #2105, #1465 ) ) ;
#2376 = DIRECTION ( 'NONE',  ( 0.000000000000000000, -1.000000000000000000, 0.000000000000000000 ) ) ;
#2377 = DIRECTION ( 'NONE',  ( 0.000000000000000000, 0.000000000000000000, -1.000000000000000000 ) ) ;
#2378 = VECTOR ( 'NONE', #4371, 1000.000000000000000 ) ;
#2379 = AXIS2_PLACEMENT_3D ( 'NONE', #4116, #343, #1031 ) ;
#2380 = VECTOR ( 'NONE', #3199, 1000.000000000000000 ) ;
#2381 = ORIENTED_EDGE ( 'NONE', *, *, #746, .T. ) ;
#2382 = PLANE ( 'NONE',  #2825 ) ;
#2383 = UNCERTAINTY_MEASURE_WITH_UNIT (LENGTH_MEASURE( 1.000000000000000082E-05 ), #985, 'distance_accuracy_value', 'NONE');
#2384 = DIRECTION ( 'NONE',  ( 0.000000000000000000, 0.000000000000000000, 1.000000000000000000 ) ) ;
#2385 = MANIFOLD_SOLID_BREP ( 'Pad[2]', #3385 ) ;
#2386 = CYLINDRICAL_SURFACE ( 'NONE', #2034, 0.07499999999999998335 ) ;
#2387 = AXIS2_PLACEMENT_3D ( 'NONE', #3349, #3643, #533 ) ;
#2388 = EDGE_CURVE ( 'NONE', #1936, #792, #592, .T. ) ;
#2389 = AXIS2_PLACEMENT_3D ( 'NONE', #2983, #292, #2695 ) ;
#2390 = VERTEX_POINT ( 'NONE', #3389 ) ;
#2391 = ORIENTED_EDGE ( 'NONE', *, *, #4398, .T. ) ;
#2392 = LINE ( 'NONE', #3809, #502 ) ;
#2393 = CARTESIAN_POINT ( 'NONE',  ( 1.175000000000000488, 0.3750000000000000000, 0.8499999999999995337 ) ) ;
#2394 = MANIFOLD_SOLID_BREP ( 'Pad[4]', #2444 ) ;
#2395 = DIRECTION ( 'NONE',  ( -0.000000000000000000, -1.000000000000000000, -0.000000000000000000 ) ) ;
#2396 = EDGE_LOOP ( 'NONE', ( #3637, #2263, #4399, #3114, #661, #3612 ) ) ;
#2397 = ADVANCED_FACE ( 'NONE', ( #2674 ), #1278, .T. ) ;
#2398 = ORIENTED_EDGE ( 'NONE', *, *, #241, .F. ) ;
#2399 = CARTESIAN_POINT ( 'NONE',  ( 1.175000000000000266, 0.3750000000000000000, -0.9999999999999995559 ) ) ;
#2400 = CARTESIAN_POINT ( 'NONE',  ( 0.2000000000000004274, 0.7500000000000000000, -0.9999999999999997780 ) ) ;
#2401 = LINE ( 'NONE', #3444, #2098 ) ;
#2402 = CARTESIAN_POINT ( 'NONE',  ( -1.250000000000000000, 0.3749999999999998890, 0.9249999999999998224 ) ) ;
#2403 = ORIENTED_EDGE ( 'NONE', *, *, #485, .T. ) ;
#2404 = MANIFOLD_SOLID_BREP ( 'Boss-Extrude5', #67 ) ;
#2405 = LINE ( 'NONE', #1319, #336 ) ;
#2406 = ORIENTED_EDGE ( 'NONE', *, *, #153, .T. ) ;
#2407 = AXIS2_PLACEMENT_3D ( 'NONE', #454, #799, #2074 ) ;
#2408 = CARTESIAN_POINT ( 'NONE',  ( -1.250000000000000000, 1.402740239554723711, 0.9999999999999997780 ) ) ;
#2409 = ORIENTED_EDGE ( 'NONE', *, *, #3478, .T. ) ;
#2410 = ORIENTED_EDGE ( 'NONE', *, *, #1090, .F. ) ;
#2411 = CARTESIAN_POINT ( 'NONE',  ( -1.250000000000000000, 0.3750000000000000000, -0.9249999999999998224 ) ) ;
#2412 = ORIENTED_EDGE ( 'NONE', *, *, #3799, .T. ) ;
#2413 = AXIS2_PLACEMENT_3D ( 'NONE', #380, #2126, #3523 ) ;
#2414 = CARTESIAN_POINT ( 'NONE',  ( 0.4750000000000001443, 0.3750000000000000000, -0.9249999999999997113 ) ) ;
#2415 = PLANE ( 'NONE',  #630 ) ;
#2416 = SURFACE_SIDE_STYLE ('',( #4141 ) ) ;
#2417 = AXIS2_PLACEMENT_3D ( 'NONE', #2571, #2598, #3958 ) ;
#2418 = ORIENTED_EDGE ( 'NONE', *, *, #2972, .T. ) ;
#2419 = AXIS2_PLACEMENT_3D ( 'NONE', #4284, #4244, #2921 ) ;
#2420 = DIRECTION ( 'NONE',  ( 2.891205793294678326E-16, 1.000000000000000000, 0.000000000000000000 ) ) ;
#2421 = AXIS2_PLACEMENT_3D ( 'NONE', #3898, #861, #808 ) ;
#2422 = FILL_AREA_STYLE_COLOUR ( '', #1168 ) ;
#2423 = DIRECTION ( 'NONE',  ( -0.000000000000000000, -1.000000000000000000, -0.000000000000000000 ) ) ;
#2424 = DIRECTION ( 'NONE',  ( 0.000000000000000000, 0.000000000000000000, 1.000000000000000000 ) ) ;
#2425 = DIRECTION ( 'NONE',  ( 1.445602896647337339E-15, 0.000000000000000000, -1.000000000000000000 ) ) ;
#2426 = DIRECTION ( 'NONE',  ( 0.000000000000000000, 0.000000000000000000, -1.000000000000000000 ) ) ;
#2427 = AXIS2_PLACEMENT_3D ( 'NONE', #3175, #2191, #458 ) ;
#2428 = ORIENTED_EDGE ( 'NONE', *, *, #3121, .T. ) ;
#2429 =( LENGTH_UNIT ( ) NAMED_UNIT ( * ) SI_UNIT ( .MILLI., .METRE. ) );
#2430 = EDGE_CURVE ( 'NONE', #1324, #1936, #2001, .T. ) ;
#2431 = DIRECTION ( 'NONE',  ( -1.000000000000000000, 0.000000000000000000, -0.000000000000000000 ) ) ;
#2432 = VERTEX_POINT ( 'NONE', #1045 ) ;
#2433 = ORIENTED_EDGE ( 'NONE', *, *, #1903, .T. ) ;
#2434 = DIRECTION ( 'NONE',  ( -0.000000000000000000, -1.000000000000000000, -0.000000000000000000 ) ) ;
#2435 = EDGE_CURVE ( 'NONE', #3014, #2835, #337, .T. ) ;
#2436 = EDGE_CURVE ( 'NONE', #4051, #1188, #3782, .T. ) ;
#2437 = VERTEX_POINT ( 'NONE', #4395 ) ;
#2438 = DIRECTION ( 'NONE',  ( 4.130293990420977771E-16, 0.000000000000000000, 1.000000000000000000 ) ) ;
#2439 = ADVANCED_FACE ( 'NONE', ( #2780 ), #318, .F. ) ;
#2440 = EDGE_LOOP ( 'NONE', ( #1328, #417, #3576, #2460 ) ) ;
#2441 = DIRECTION ( 'NONE',  ( 1.000000000000000000, 0.000000000000000000, 0.000000000000000000 ) ) ;
#2442 = VECTOR ( 'NONE', #3774, 1000.000000000000000 ) ;
#2443 = PRESENTATION_STYLE_ASSIGNMENT (( #4383 ) ) ;
#2444 = CLOSED_SHELL ( 'NONE', ( #2781, #1479, #2013, #3088, #3052, #1572, #2085, #3885, #687 ) ) ;
#2445 = CARTESIAN_POINT ( 'NONE',  ( -1.000000000000000000, 0.8500000000000000888, -0.8499999999999996447 ) ) ;
#2446 = AXIS2_PLACEMENT_3D ( 'NONE', #266, #1584, #893 ) ;
#2447 = VERTEX_POINT ( 'NONE', #1343 ) ;
#2448 = CARTESIAN_POINT ( 'NONE',  ( 1.200000000000000178, 0.7500000000000000000, 0.7499999999999997780 ) ) ;
#2449 = AXIS2_PLACEMENT_3D ( 'NONE', #3772, #3160, #2062 ) ;
#2450 = PLANE ( 'NONE',  #593 ) ;
#2451 = DIRECTION ( 'NONE',  ( -0.000000000000000000, -1.000000000000000000, -0.000000000000000000 ) ) ;
#2452 = CARTESIAN_POINT ( 'NONE',  ( 1.000000000000000000, 0.7500000000000000000, -0.7499999999999996669 ) ) ;
#2453 = EDGE_CURVE ( 'NONE', #2698, #2892, #3130, .T. ) ;
#2454 = CARTESIAN_POINT ( 'NONE',  ( -0.4749999999999999778, 0.3749999999999998890, -0.3250000000000000111 ) ) ;
#2455 = ORIENTED_EDGE ( 'NONE', *, *, #295, .T. ) ;
#2456 = DIRECTION ( 'NONE',  ( 1.445602896647339656E-16, 0.000000000000000000, -1.000000000000000000 ) ) ;
#2457 = ORIENTED_EDGE ( 'NONE', *, *, #2589, .F. ) ;
#2458 = CARTESIAN_POINT ( 'NONE',  ( -0.6424631817578864146, 0.9000000000000000222, 0.3972980088857192005 ) ) ;
#2459 = LINE ( 'NONE', #222, #291 ) ;
#2460 = ORIENTED_EDGE ( 'NONE', *, *, #2372, .F. ) ;
#2461 = ADVANCED_FACE ( 'NONE', ( #678 ), #4129, .F. ) ;
#2462 = DIRECTION ( 'NONE',  ( 0.000000000000000000, -1.000000000000000000, 0.000000000000000000 ) ) ;
#2463 =( GEOMETRIC_REPRESENTATION_CONTEXT ( 3 ) GLOBAL_UNCERTAINTY_ASSIGNED_CONTEXT ( ( #321 ) ) GLOBAL_UNIT_ASSIGNED_CONTEXT ( ( #2429, #3409, #4088 ) ) REPRESENTATION_CONTEXT ( 'NONE', 'WORKASPACE' ) );
#2464 = SURFACE_SIDE_STYLE ('',( #3135 ) ) ;
#2465 = VECTOR ( 'NONE', #3276, 1000.000000000000000 ) ;
#2466 = AXIS2_PLACEMENT_3D ( 'NONE', #2506, #3556, #40 ) ;
#2467 = ORIENTED_EDGE ( 'NONE', *, *, #2605, .T. ) ;
#2468 = VECTOR ( 'NONE', #216, 1000.000000000000000 ) ;
#2469 = LINE ( 'NONE', #1138, #2360 ) ;
#2470 = FACE_OUTER_BOUND ( 'NONE', #1786, .T. ) ;
#2471 = ORIENTED_EDGE ( 'NONE', *, *, #2255, .F. ) ;
#2472 = ORIENTED_EDGE ( 'NONE', *, *, #939, .T. ) ;
#2473 = CARTESIAN_POINT ( 'NONE',  ( -0.6424631817578864146, 0.9000000000000000222, 0.4462738344141491953 ) ) ;
#2474 = ORIENTED_EDGE ( 'NONE', *, *, #773, .T. ) ;
#2475 = CARTESIAN_POINT ( 'NONE',  ( -1.000000000000000000, 0.9000000000000000222, -0.8499999999999996447 ) ) ;
#2476 = LINE ( 'NONE', #4126, #3697 ) ;
#2477 = ORIENTED_EDGE ( 'NONE', *, *, #606, .F. ) ;
#2478 = CARTESIAN_POINT ( 'NONE',  ( 1.250000000000000000, 0.7500000000000000000, 0.000000000000000000 ) ) ;
#2479 = ORIENTED_EDGE ( 'NONE', *, *, #411, .F. ) ;
#2480 = CARTESIAN_POINT ( 'NONE',  ( 1.000000000000000000, 0.7999999999999999334, 0.7499999999999997780 ) ) ;
#2481 = AXIS2_PLACEMENT_3D ( 'NONE', #1357, #363, #2113 ) ;
#2482 = LINE ( 'NONE', #3955, #352 ) ;
#2483 = CIRCLE ( 'NONE', #1607, 0.07499999999999998335 ) ;
#2484 = CARTESIAN_POINT ( 'NONE',  ( 1.100000000000000533, 0.000000000000000000, -0.9249999999999997113 ) ) ;
#2485 = CYLINDRICAL_SURFACE ( 'NONE', #4390, 0.2000000000000000944 ) ;
#2486 = VECTOR ( 'NONE', #98, 1000.000000000000000 ) ;
#2487 = ORIENTED_EDGE ( 'NONE', *, *, #2436, .T. ) ;
#2488 = ORIENTED_EDGE ( 'NONE', *, *, #2037, .F. ) ;
#2489 = ORIENTED_EDGE ( 'NONE', *, *, #3713, .T. ) ;
#2490 = CARTESIAN_POINT ( 'NONE',  ( -1.250000000000000000, 0.000000000000000000, 0.9249999999999998224 ) ) ;
#2491 = EDGE_CURVE ( 'NONE', #3863, #1666, #2027, .T. ) ;
#2492 = DIRECTION ( 'NONE',  ( 1.000000000000000000, 0.000000000000000000, 0.000000000000000000 ) ) ;
#2493 = CARTESIAN_POINT ( 'NONE',  ( -0.6424631817578864146, 0.9000000000000000222, 0.3972980088857192005 ) ) ;
#2494 = CARTESIAN_POINT ( 'NONE',  ( -1.249999999999999778, 0.3750000000000000000, -0.9999999999999997780 ) ) ;
#2495 = EDGE_LOOP ( 'NONE', ( #2125, #300, #1817, #1952 ) ) ;
#2496 = CARTESIAN_POINT ( 'NONE',  ( -0.4749999999999999778, 0.000000000000000000, -0.3250000000000000111 ) ) ;
#2497 = EDGE_CURVE ( 'NONE', #558, #2202, #38, .T. ) ;
#2498 = EDGE_CURVE ( 'NONE', #3406, #3112, #3800, .T. ) ;
#2499 = VECTOR ( 'NONE', #1172, 1000.000000000000000 ) ;
#2500 = ADVANCED_FACE ( 'NONE', ( #2073 ), #2382, .T. ) ;
#2501 = EDGE_LOOP ( 'NONE', ( #776, #987, #279, #2220 ) ) ;
#2502 = VECTOR ( 'NONE', #3613, 1000.000000000000000 ) ;
#2503 = PLANE ( 'NONE',  #2038 ) ;
#2504 = ORIENTED_EDGE ( 'NONE', *, *, #4404, .T. ) ;
#2505 = EDGE_CURVE ( 'NONE', #3542, #223, #2053, .T. ) ;
#2506 = CARTESIAN_POINT ( 'NONE',  ( -1.050000000000000044, 0.8499999999999999778, 0.7499999999999997780 ) ) ;
#2507 = FACE_OUTER_BOUND ( 'NONE', #3392, .T. ) ;
#2508 = AXIS2_PLACEMENT_3D ( 'NONE', #3675, #3336, #4352 ) ;
#2509 = VERTEX_POINT ( 'NONE', #1762 ) ;
#2510 = CARTESIAN_POINT ( 'NONE',  ( 1.175000000000000711, 0.3750000000000000000, 0.3250000000000004552 ) ) ;
#2511 = DIRECTION ( 'NONE',  ( -0.000000000000000000, -1.000000000000000000, -0.000000000000000000 ) ) ;
#2512 = EDGE_CURVE ( 'NONE', #2032, #3075, #11, .T. ) ;
#2513 = ORIENTED_EDGE ( 'NONE', *, *, #939, .F. ) ;
#2514 = FACE_OUTER_BOUND ( 'NONE', #2146, .T. ) ;
#2515 = ORIENTED_EDGE ( 'NONE', *, *, #3172, .T. ) ;
#2516 = CYLINDRICAL_SURFACE ( 'NONE', #1203, 0.05000000000000002359 ) ;
#2517 = DIRECTION ( 'NONE',  ( -0.000000000000000000, -1.000000000000000000, 0.000000000000000000 ) ) ;
#2518 = CARTESIAN_POINT ( 'NONE',  ( 1.150000000000000133, 0.8499999999999999778, -0.7499999999999996669 ) ) ;
#2519 = DIRECTION ( 'NONE',  ( 0.000000000000000000, -1.000000000000000000, 0.000000000000000000 ) ) ;
#2520 = CYLINDRICAL_SURFACE ( 'NONE', #1228, 0.1000000000000001582 ) ;
#2521 = VERTEX_POINT ( 'NONE', #2785 ) ;
#2522 = CARTESIAN_POINT ( 'NONE',  ( 1.175000000000000711, 1.402740239554723711, -0.3250000000000001221 ) ) ;
#2523 = EDGE_CURVE ( 'NONE', #3710, #4228, #4392, .T. ) ;
#2524 = EDGE_CURVE ( 'NONE', #3251, #2193, #2613, .T. ) ;
#2525 = ORIENTED_EDGE ( 'NONE', *, *, #2372, .T. ) ;
#2526 = CARTESIAN_POINT ( 'NONE',  ( 1.000000000000000000, 0.7500000000000000000, -0.7499999999999996669 ) ) ;
#2527 = EDGE_CURVE ( 'NONE', #1463, #131, #3467, .T. ) ;
#2528 = DIRECTION ( 'NONE',  ( 0.000000000000000000, 0.000000000000000000, -1.000000000000000000 ) ) ;
#2529 = DIRECTION ( 'NONE',  ( 0.000000000000000000, 0.000000000000000000, -1.000000000000000000 ) ) ;
#2530 = ORIENTED_EDGE ( 'NONE', *, *, #2885, .T. ) ;
#2531 = LINE ( 'NONE', #828, #3370 ) ;
#2532 = CARTESIAN_POINT ( 'NONE',  ( 0.4749999999999999223, 0.3750000000000000000, 0.9249999999999999334 ) ) ;
#2533 = ORIENTED_EDGE ( 'NONE', *, *, #4077, .F. ) ;
#2534 = DIRECTION ( 'NONE',  ( 1.000000000000000000, 0.000000000000000000, 1.734723475976806108E-16 ) ) ;
#2535 = DIRECTION ( 'NONE',  ( 0.000000000000000000, 0.000000000000000000, -1.000000000000000000 ) ) ;
#2536 = ADVANCED_FACE ( 'NONE', ( #3103 ), #2739, .F. ) ;
#2537 = DIRECTION ( 'NONE',  ( -1.000000000000000000, -0.000000000000000000, -0.000000000000000000 ) ) ;
#2538 = VECTOR ( 'NONE', #2376, 1000.000000000000000 ) ;
#2539 = CARTESIAN_POINT ( 'NONE',  ( 1.250000000000000444, 0.3749999999999998890, -0.9249999999999994893 ) ) ;
#2540 = LINE ( 'NONE', #147, #3140 ) ;
#2541 = VECTOR ( 'NONE', #4262, 1000.000000000000000 ) ;
#2542 = PRESENTATION_LAYER_ASSIGNMENT (  '', '', ( #160 ) ) ;
#2543 = ORIENTED_EDGE ( 'NONE', *, *, #3253, .F. ) ;
#2544 = DIRECTION ( 'NONE',  ( 1.000000000000000000, 0.000000000000000000, 0.000000000000000000 ) ) ;
#2545 = DIRECTION ( 'NONE',  ( -0.000000000000000000, -1.000000000000000000, -0.000000000000000000 ) ) ;
#2546 = EDGE_CURVE ( 'NONE', #475, #2447, #2047, .T. ) ;
#2547 = CIRCLE ( 'NONE', #954, 0.05000000000000034972 ) ;
#2548 = VERTEX_POINT ( 'NONE', #1998 ) ;
#2549 = ORIENTED_EDGE ( 'NONE', *, *, #3373, .T. ) ;
#2550 = DIRECTION ( 'NONE',  ( 0.000000000000000000, 1.000000000000000000, -0.000000000000000000 ) ) ;
#2551 = ORIENTED_EDGE ( 'NONE', *, *, #2771, .T. ) ;
#2552 = DIRECTION ( 'NONE',  ( 0.000000000000000000, 0.000000000000000000, -1.000000000000000000 ) ) ;
#2553 = DIRECTION ( 'NONE',  ( 1.000000000000000000, 0.000000000000000000, 0.000000000000000000 ) ) ;
#2554 = CARTESIAN_POINT ( 'NONE',  ( 0.1500000000000002720, 0.3749999999999999445, -0.9999999999999997780 ) ) ;
#2555 = DIRECTION ( 'NONE',  ( -1.000000000000000000, 9.035018104045853438E-17, -0.000000000000000000 ) ) ;
#2556 = CARTESIAN_POINT ( 'NONE',  ( 0.000000000000000000, 0.7500000000000000000, 0.9499999999999996225 ) ) ;
#2557 = VECTOR ( 'NONE', #1753, 1000.000000000000000 ) ;
#2558 = EDGE_CURVE ( 'NONE', #2658, #2765, #1041, .T. ) ;
#2559 = VERTEX_POINT ( 'NONE', #4086 ) ;
#2560 = CARTESIAN_POINT ( 'NONE',  ( 0.4749999999999999778, 0.3749999999999998890, 0.3250000000000000111 ) ) ;
#2561 = VECTOR ( 'NONE', #2331, 1000.000000000000000 ) ;
#2562 = VECTOR ( 'NONE', #59, 1000.000000000000000 ) ;
#2563 = LINE ( 'NONE', #3157, #3894 ) ;
#2564 = LINE ( 'NONE', #1119, #2287 ) ;
#2565 = LINE ( 'NONE', #535, #1531 ) ;
#2566 = ORIENTED_EDGE ( 'NONE', *, *, #3893, .T. ) ;
#2567 = CARTESIAN_POINT ( 'NONE',  ( -0.1500000000000002442, 0.3750000000000000000, -0.9500000000000079492 ) ) ;
#2568 = CARTESIAN_POINT ( 'NONE',  ( 1.175000000000000711, 0.000000000000000000, 0.3250000000000004552 ) ) ;
#2569 = VERTEX_POINT ( 'NONE', #1064 ) ;
#2570 = ORIENTED_EDGE ( 'NONE', *, *, #2885, .F. ) ;
#2571 = CARTESIAN_POINT ( 'NONE',  ( 0.000000000000000000, 0.000000000000000000, 0.9499999999999914069 ) ) ;
#2572 = EDGE_LOOP ( 'NONE', ( #2747, #4238, #847, #1265 ) ) ;
#2573 = DIRECTION ( 'NONE',  ( 0.000000000000000000, 1.000000000000000000, -0.000000000000000000 ) ) ;
#2574 = LINE ( 'NONE', #2284, #305 ) ;
#2575 = DIRECTION ( 'NONE',  ( -0.000000000000000000, -1.000000000000000000, -0.000000000000000000 ) ) ;
#2576 = ORIENTED_EDGE ( 'NONE', *, *, #3339, .F. ) ;
#2577 = VECTOR ( 'NONE', #3317, 1000.000000000000000 ) ;
#2578 = ORIENTED_EDGE ( 'NONE', *, *, #205, .T. ) ;
#2579 = VECTOR ( 'NONE', #1288, 1000.000000000000000 ) ;
#2580 = ADVANCED_FACE ( 'NONE', ( #1653 ), #3818, .T. ) ;
#2581 = FACE_OUTER_BOUND ( 'NONE', #1746, .T. ) ;
#2582 = CARTESIAN_POINT ( 'NONE',  ( 0.2000000000000004552, 0.7500000000000000000, 0.9999999999999997780 ) ) ;
#2583 = ORIENTED_EDGE ( 'NONE', *, *, #2693, .T. ) ;
#2584 = ORIENTED_EDGE ( 'NONE', *, *, #2546, .T. ) ;
#2585 = LINE ( 'NONE', #2560, #480 ) ;
#2586 = CARTESIAN_POINT ( 'NONE',  ( -1.175000000000000044, 0.3750000000000000000, 0.9999999999999997780 ) ) ;
#2587 = EDGE_CURVE ( 'NONE', #792, #1948, #1302, .T. ) ;
#2588 = ADVANCED_FACE ( 'NONE', ( #3405 ), #2717, .F. ) ;
#2589 = EDGE_CURVE ( 'NONE', #3943, #2509, #978, .T. ) ;
#2590 = FACE_OUTER_BOUND ( 'NONE', #566, .T. ) ;
#2591 = VERTEX_POINT ( 'NONE', #3070 ) ;
#2592 = DIRECTION ( 'NONE',  ( 0.000000000000000000, -0.000000000000000000, -1.000000000000000000 ) ) ;
#2593 = ORIENTED_EDGE ( 'NONE', *, *, #980, .F. ) ;
#2594 = PLANE ( 'NONE',  #2063 ) ;
#2595 = CARTESIAN_POINT ( 'NONE',  ( 1.175000000000000711, 0.000000000000000000, 0.3250000000000004552 ) ) ;
#2596 = VERTEX_POINT ( 'NONE', #333 ) ;
#2597 = ORIENTED_EDGE ( 'NONE', *, *, #180, .F. ) ;
#2598 = DIRECTION ( 'NONE',  ( 0.000000000000000000, 0.000000000000000000, -1.000000000000000000 ) ) ;
#2599 = CARTESIAN_POINT ( 'NONE',  ( 1.000000000000000000, 0.8499999999999999778, 0.7999999999999998224 ) ) ;
#2600 = FACE_OUTER_BOUND ( 'NONE', #190, .T. ) ;
#2601 = ADVANCED_FACE ( 'NONE', ( #1695 ), #1384, .F. ) ;
#2602 = VECTOR ( 'NONE', #2036, 1000.000000000000000 ) ;
#2603 = ORIENTED_EDGE ( 'NONE', *, *, #900, .F. ) ;
#2604 = AXIS2_PLACEMENT_3D ( 'NONE', #3648, #1192, #754 ) ;
#2605 = EDGE_CURVE ( 'NONE', #475, #1324, #4105, .T. ) ;
#2606 = LINE ( 'NONE', #885, #1742 ) ;
#2607 = CARTESIAN_POINT ( 'NONE',  ( -0.7749999999999999112, 0.000000000000000000, 0.3249999999999997891 ) ) ;
#2608 = CARTESIAN_POINT ( 'NONE',  ( -1.100000000000000089, 0.7500000000000000000, -0.7499999999999995559 ) ) ;
#2609 = ORIENTED_EDGE ( 'NONE', *, *, #193, .F. ) ;
#2610 = LINE ( 'NONE', #490, #1185 ) ;
#2611 = FACE_OUTER_BOUND ( 'NONE', #4, .T. ) ;
#2612 = ORIENTED_EDGE ( 'NONE', *, *, #986, .F. ) ;
#2613 = CIRCLE ( 'NONE', #3176, 0.1000000000000000472 ) ;
#2614 = LINE ( 'NONE', #3670, #1856 ) ;
#2615 = AXIS2_PLACEMENT_3D ( 'NONE', #4286, #2968, #1218 ) ;
#2616 = VECTOR ( 'NONE', #1107, 1000.000000000000000 ) ;
#2617 = ORIENTED_EDGE ( 'NONE', *, *, #699, .T. ) ;
#2618 = VERTEX_POINT ( 'NONE', #1020 ) ;
#2619 = DIRECTION ( 'NONE',  ( -0.000000000000000000, 1.000000000000000000, -0.000000000000000000 ) ) ;
#2620 = ORIENTED_EDGE ( 'NONE', *, *, #516, .T. ) ;
#2621 = CARTESIAN_POINT ( 'NONE',  ( -0.4749999999999999778, 1.402740239554723711, -0.3250000000000000111 ) ) ;
#2622 = LINE ( 'NONE', #3911, #3387 ) ;
#2623 = AXIS2_PLACEMENT_3D ( 'NONE', #2250, #2682, #1264 ) ;
#2624 = VECTOR ( 'NONE', #4412, 1000.000000000000000 ) ;
#2625 = DIRECTION ( 'NONE',  ( -0.000000000000000000, 1.000000000000000000, -0.000000000000000000 ) ) ;
#2626 = DIRECTION ( 'NONE',  ( -0.000000000000000000, -1.000000000000000000, 0.000000000000000000 ) ) ;
#2627 = VERTEX_POINT ( 'NONE', #2752 ) ;
#2628 = FACE_OUTER_BOUND ( 'NONE', #1335, .T. ) ;
#2629 = CARTESIAN_POINT ( 'NONE',  ( -1.000000000000000000, 0.7999999999999999334, 0.9499999999999998446 ) ) ;
#2630 = ORIENTED_EDGE ( 'NONE', *, *, #927, .T. ) ;
#2631 = CARTESIAN_POINT ( 'NONE',  ( 0.000000000000000000, 0.7500000000000000000, 0.9499999999999996225 ) ) ;
#2632 = UNCERTAINTY_MEASURE_WITH_UNIT (LENGTH_MEASURE( 1.000000000000000082E-05 ), #258, 'distance_accuracy_value', 'NONE');
#2633 = DIRECTION ( 'NONE',  ( 0.000000000000000000, 0.000000000000000000, 1.000000000000000000 ) ) ;
#2634 = DIRECTION ( 'NONE',  ( -0.7071067811865454633, 0.000000000000000000, 0.7071067811865495711 ) ) ;
#2635 = VECTOR ( 'NONE', #3512, 1000.000000000000000 ) ;
#2636 = LINE ( 'NONE', #2274, #3407 ) ;
#2637 = ORIENTED_EDGE ( 'NONE', *, *, #1022, .T. ) ;
#2638 = EDGE_LOOP ( 'NONE', ( #1115, #3225, #3436, #3553 ) ) ;
#2639 = VECTOR ( 'NONE', #3439, 1000.000000000000000 ) ;
#2640 = EDGE_CURVE ( 'NONE', #3507, #3691, #2405, .T. ) ;
#2641 = CARTESIAN_POINT ( 'NONE',  ( 1.175000000000000711, 0.3749999999999998890, 0.3250000000000004552 ) ) ;
#2642 = ORIENTED_EDGE ( 'NONE', *, *, #1165, .T. ) ;
#2643 = PLANE ( 'NONE',  #157 ) ;
#2644 = DIRECTION ( 'NONE',  ( 0.000000000000000000, 0.000000000000000000, 1.000000000000000000 ) ) ;
#2645 = ORIENTED_EDGE ( 'NONE', *, *, #4334, .F. ) ;
#2646 = DIRECTION ( 'NONE',  ( -6.195440985631452359E-16, 0.000000000000000000, 1.000000000000000000 ) ) ;
#2647 = LINE ( 'NONE', #652, #1132 ) ;
#2648 = ADVANCED_FACE ( 'NONE', ( #3780 ), #676, .T. ) ;
#2649 = EDGE_CURVE ( 'NONE', #741, #1360, #1981, .T. ) ;
#2650 = DIRECTION ( 'NONE',  ( -0.000000000000000000, -0.000000000000000000, 1.000000000000000000 ) ) ;
#2651 = CARTESIAN_POINT ( 'NONE',  ( 1.250000000000000444, 0.3750000000000000000, -0.9249999999999994893 ) ) ;
#2652 = EDGE_CURVE ( 'NONE', #2618, #1092, #194, .T. ) ;
#2653 = FACE_OUTER_BOUND ( 'NONE', #807, .T. ) ;
#2654 = CIRCLE ( 'NONE', #1548, 0.07499999999999998335 ) ;
#2655 = ORIENTED_EDGE ( 'NONE', *, *, #413, .T. ) ;
#2656 = FACE_OUTER_BOUND ( 'NONE', #2440, .T. ) ;
#2657 = CIRCLE ( 'NONE', #973, 0.1000000000000000472 ) ;
#2658 = VERTEX_POINT ( 'NONE', #1104 ) ;
#2659 = PRESENTATION_STYLE_ASSIGNMENT (( #257 ) ) ;
#2660 = CARTESIAN_POINT ( 'NONE',  ( -1.000000000000000000, 0.7999999999999999334, -0.9499999999999998446 ) ) ;
#2661 = ORIENTED_EDGE ( 'NONE', *, *, #709, .T. ) ;
#2662 = VECTOR ( 'NONE', #1200, 1000.000000000000000 ) ;
#2663 = EDGE_LOOP ( 'NONE', ( #3744, #3811, #393, #3747 ) ) ;
#2664 = ORIENTED_EDGE ( 'NONE', *, *, #1647, .T. ) ;
#2665 = CARTESIAN_POINT ( 'NONE',  ( 1.100000000000000311, 0.3750000000000000000, 0.9249999999999999334 ) ) ;
#2666 = ORIENTED_EDGE ( 'NONE', *, *, #2365, .F. ) ;
#2667 = ADVANCED_FACE ( 'NONE', ( #1146 ), #1796, .F. ) ;
#2668 = PLANE ( 'NONE',  #2810 ) ;
#2669 = LINE ( 'NONE', #4023, #2561 ) ;
#2670 = ADVANCED_FACE ( 'NONE', ( #132 ), #3655, .T. ) ;
#2671 = CARTESIAN_POINT ( 'NONE',  ( 0.000000000000000000, 0.000000000000000000, -0.9999999999999997780 ) ) ;
#2672 = EDGE_CURVE ( 'NONE', #3963, #475, #4006, .T. ) ;
#2673 = VECTOR ( 'NONE', #1397, 1000.000000000000000 ) ;
#2674 = FACE_OUTER_BOUND ( 'NONE', #3371, .T. ) ;
#2675 = AXIS2_PLACEMENT_3D ( 'NONE', #1911, #2247, #2633 ) ;
#2676 = CARTESIAN_POINT ( 'NONE',  ( 1.250000000000000444, 0.000000000000000000, -0.9249999999999994893 ) ) ;
#2677 = AXIS2_PLACEMENT_3D ( 'NONE', #3628, #1772, #2834 ) ;
#2678 =( GEOMETRIC_REPRESENTATION_CONTEXT ( 3 ) GLOBAL_UNCERTAINTY_ASSIGNED_CONTEXT ( ( #1262 ) ) GLOBAL_UNIT_ASSIGNED_CONTEXT ( ( #3833, #3790, #2108 ) ) REPRESENTATION_CONTEXT ( 'NONE', 'WORKASPACE' ) );
#2679 = DIRECTION ( 'NONE',  ( 0.000000000000000000, -1.000000000000000000, 0.000000000000000000 ) ) ;
#2680 = UNCERTAINTY_MEASURE_WITH_UNIT (LENGTH_MEASURE( 1.000000000000000082E-05 ), #4407, 'distance_accuracy_value', 'NONE');
#2681 = EDGE_LOOP ( 'NONE', ( #4324, #4260, #3909, #3294 ) ) ;
#2682 = DIRECTION ( 'NONE',  ( -0.000000000000000000, -1.000000000000000000, 0.000000000000000000 ) ) ;
#2683 = EDGE_LOOP ( 'NONE', ( #2269, #749, #999, #77, #493, #735 ) ) ;
#2684 = EDGE_CURVE ( 'NONE', #158, #1204, #1687, .T. ) ;
#2685 = FACE_OUTER_BOUND ( 'NONE', #1441, .T. ) ;
#2686 = ORIENTED_EDGE ( 'NONE', *, *, #1628, .F. ) ;
#2687 = LINE ( 'NONE', #2327, #362 ) ;
#2688 = VERTEX_POINT ( 'NONE', #1425 ) ;
#2689 = VERTEX_POINT ( 'NONE', #3496 ) ;
#2690 = CARTESIAN_POINT ( 'NONE',  ( -0.4749999999999997558, 1.402740239554723711, -0.9249999999999998224 ) ) ;
#2691 = ORIENTED_EDGE ( 'NONE', *, *, #3595, .F. ) ;
#2692 = DIRECTION ( 'NONE',  ( 0.000000000000000000, 0.000000000000000000, -1.000000000000000000 ) ) ;
#2693 = EDGE_CURVE ( 'NONE', #2596, #2021, #82, .T. ) ;
#2694 = PRODUCT_DEFINITION_FORMATION_WITH_SPECIFIED_SOURCE ( 'ANY', '', #3239, .NOT_KNOWN. ) ;
#2695 = DIRECTION ( 'NONE',  ( 1.000000000000000000, 0.000000000000000000, -0.000000000000000000 ) ) ;
#2696 = ORIENTED_EDGE ( 'NONE', *, *, #1573, .F. ) ;
#2697 = VECTOR ( 'NONE', #310, 1000.000000000000000 ) ;
#2698 = VERTEX_POINT ( 'NONE', #2185 ) ;
#2699 = AXIS2_PLACEMENT_3D ( 'NONE', #1460, #1838, #3227 ) ;
#2700 = AXIS2_PLACEMENT_3D ( 'NONE', #370, #3821, #4190 ) ;
#2701 = AXIS2_PLACEMENT_3D ( 'NONE', #3738, #2626, #3341 ) ;
#2702 = ORIENTED_EDGE ( 'NONE', *, *, #4356, .T. ) ;
#2703 = ADVANCED_FACE ( 'NONE', ( #425 ), #3580, .T. ) ;
#2704 = EDGE_CURVE ( 'NONE', #2627, #1353, #1451, .T. ) ;
#2705 = DIRECTION ( 'NONE',  ( 4.130293990420976292E-16, 0.000000000000000000, -1.000000000000000000 ) ) ;
#2706 = VERTEX_POINT ( 'NONE', #1757 ) ;
#2707 = ORIENTED_EDGE ( 'NONE', *, *, #932, .F. ) ;
#2708 = DIRECTION ( 'NONE',  ( 1.000000000000000000, 0.000000000000000000, 0.000000000000000000 ) ) ;
#2709 = DIRECTION ( 'NONE',  ( 0.000000000000000000, -1.000000000000000000, 0.000000000000000000 ) ) ;
#2710 = FACE_OUTER_BOUND ( 'NONE', #3682, .T. ) ;
#2711 = VECTOR ( 'NONE', #4185, 1000.000000000000000 ) ;
#2712 = DIRECTION ( 'NONE',  ( -6.195440985631450387E-16, 0.000000000000000000, 1.000000000000000000 ) ) ;
#2713 = DIRECTION ( 'NONE',  ( -0.7071067811865474617, 0.000000000000000000, -0.7071067811865475727 ) ) ;
#2714 = DIRECTION ( 'NONE',  ( -1.000000000000000000, 0.000000000000000000, 0.000000000000000000 ) ) ;
#2715 = DIRECTION ( 'NONE',  ( -0.000000000000000000, -1.000000000000000000, 0.000000000000000000 ) ) ;
#2716 = CARTESIAN_POINT ( 'NONE',  ( 1.100000000000000311, 1.402740239554723711, 0.9249999999999999334 ) ) ;
#2717 = PLANE ( 'NONE',  #1004 ) ;
#2718 = ORIENTED_EDGE ( 'NONE', *, *, #1999, .T. ) ;
#2719 =( LENGTH_UNIT ( ) NAMED_UNIT ( * ) SI_UNIT ( .MILLI., .METRE. ) );
#2720 = ORIENTED_EDGE ( 'NONE', *, *, #4356, .F. ) ;
#2721 = EDGE_CURVE ( 'NONE', #3902, #3887, #2722, .T. ) ;
#2722 = CIRCLE ( 'NONE', #2267, 0.1000000000000001582 ) ;
#2723 = EDGE_CURVE ( 'NONE', #1677, #3333, #3516, .T. ) ;
#2724 = VERTEX_POINT ( 'NONE', #408 ) ;
#2725 = AXIS2_PLACEMENT_3D ( 'NONE', #1804, #3206, #3683 ) ;
#2726 = DIRECTION ( 'NONE',  ( 0.000000000000000000, 0.000000000000000000, -1.000000000000000000 ) ) ;
#2727 = ADVANCED_FACE ( 'NONE', ( #2862 ), #2503, .F. ) ;
#2728 = PRODUCT_RELATED_PRODUCT_CATEGORY ( 'part', '', ( #3239 ) ) ;
#2729 = FILL_AREA_STYLE ('',( #4138 ) ) ;
#2730 = AXIS2_PLACEMENT_3D ( 'NONE', #181, #1859, #1112 ) ;
#2731 = CARTESIAN_POINT ( 'NONE',  ( -0.1500000000000002720, 0.1875000000000000000, -0.9999999999999997780 ) ) ;
#2732 = ORIENTED_EDGE ( 'NONE', *, *, #1214, .F. ) ;
#2733 = VERTEX_POINT ( 'NONE', #2905 ) ;
#2734 = LINE ( 'NONE', #2976, #1940 ) ;
#2735 = DIRECTION ( 'NONE',  ( 1.000000000000000000, -0.000000000000000000, 4.517509052022936456E-16 ) ) ;
#2736 = DIRECTION ( 'NONE',  ( -4.517509052022936456E-16, -0.000000000000000000, 1.000000000000000000 ) ) ;
#2737 = CARTESIAN_POINT ( 'NONE',  ( -1.050000000000000044, 0.9000000000000000222, -0.7499999999999995559 ) ) ;
#2738 = ORIENTED_EDGE ( 'NONE', *, *, #2314, .T. ) ;
#2739 = CYLINDRICAL_SURFACE ( 'NONE', #3755, 0.04897582552842999482 ) ;
#2740 = CARTESIAN_POINT ( 'NONE',  ( -0.4749999999999999223, 1.402740239554723711, 0.9249999999999998224 ) ) ;
#2741 = VECTOR ( 'NONE', #627, 1000.000000000000000 ) ;
#2742 = ORIENTED_EDGE ( 'NONE', *, *, #3912, .T. ) ;
#2743 = CARTESIAN_POINT ( 'NONE',  ( -1.175000000000000711, 1.402740239554723711, 0.3250000000000001776 ) ) ;
#2744 = DIRECTION ( 'NONE',  ( 0.000000000000000000, 0.000000000000000000, -1.000000000000000000 ) ) ;
#2745 = DIRECTION ( 'NONE',  ( 0.000000000000000000, 0.000000000000000000, 1.000000000000000000 ) ) ;
#2746 = FACE_OUTER_BOUND ( 'NONE', #3204, .T. ) ;
#2747 = ORIENTED_EDGE ( 'NONE', *, *, #1155, .F. ) ;
#2748 = DIRECTION ( 'NONE',  ( -0.000000000000000000, -1.000000000000000000, -0.000000000000000000 ) ) ;
#2749 = DIRECTION ( 'NONE',  ( 0.7071067811865475727, 0.000000000000000000, -0.7071067811865474617 ) ) ;
#2750 = LINE ( 'NONE', #3840, #4113 ) ;
#2751 = DIRECTION ( 'NONE',  ( 9.035018104045870694E-17, -0.000000000000000000, -1.000000000000000000 ) ) ;
#2752 = CARTESIAN_POINT ( 'NONE',  ( 1.175000000000000044, 0.3750000000000000000, 1.000000000000000000 ) ) ;
#2753 = VERTEX_POINT ( 'NONE', #1127 ) ;
#2754 = CARTESIAN_POINT ( 'NONE',  ( 0.1500000000000000777, 0.7500000000000000000, -1.000000000000000000 ) ) ;
#2755 = PRESENTATION_LAYER_ASSIGNMENT (  '', '', ( #1074 ) ) ;
#2756 = COLOUR_RGB ( '',1.000000000000000000, 1.000000000000000000, 1.000000000000000000 ) ;
#2757 = ORIENTED_EDGE ( 'NONE', *, *, #2873, .T. ) ;
#2758 = CIRCLE ( 'NONE', #1592, 0.04999999999999991257 ) ;
#2759 = DIRECTION ( 'NONE',  ( -0.7071067811865480168, 0.000000000000000000, -0.7071067811865471286 ) ) ;
#2760 = LINE ( 'NONE', #1388, #397 ) ;
#2761 = AXIS2_PLACEMENT_3D ( 'NONE', #3571, #1161, #2849 ) ;
#2762 = AXIS2_PLACEMENT_3D ( 'NONE', #3657, #1901, #1591 ) ;
#2763 = ORIENTED_EDGE ( 'NONE', *, *, #3783, .F. ) ;
#2764 = DIRECTION ( 'NONE',  ( 0.000000000000000000, 0.000000000000000000, -1.000000000000000000 ) ) ;
#2765 = VERTEX_POINT ( 'NONE', #4168 ) ;
#2766 = CARTESIAN_POINT ( 'NONE',  ( 1.175000000000000044, 0.7500000000000000000, -0.9999999999999997780 ) ) ;
#2767 = DIRECTION ( 'NONE',  ( -0.000000000000000000, -1.000000000000000000, -0.000000000000000000 ) ) ;
#2768 = ORIENTED_EDGE ( 'NONE', *, *, #1094, .T. ) ;
#2769 = LINE ( 'NONE', #1442, #2673 ) ;
#2770 = EDGE_CURVE ( 'NONE', #4326, #3105, #2836, .T. ) ;
#2771 = EDGE_CURVE ( 'NONE', #2193, #1029, #4187, .T. ) ;
#2772 =( LENGTH_UNIT ( ) NAMED_UNIT ( * ) SI_UNIT ( .MILLI., .METRE. ) );
#2773 = DIRECTION ( 'NONE',  ( 0.000000000000000000, 1.000000000000000000, 0.000000000000000000 ) ) ;
#2774 = DIRECTION ( 'NONE',  ( -0.000000000000000000, -1.000000000000000000, -0.000000000000000000 ) ) ;
#2775 = CARTESIAN_POINT ( 'NONE',  ( 1.175000000000000488, 1.402740239554723711, 0.8499999999999995337 ) ) ;
#2776 = DIRECTION ( 'NONE',  ( 0.000000000000000000, 0.000000000000000000, -1.000000000000000000 ) ) ;
#2777 = AXIS2_PLACEMENT_3D ( 'NONE', #361, #994, #346 ) ;
#2778 = EDGE_CURVE ( 'NONE', #2095, #2162, #1825, .T. ) ;
#2779 = VECTOR ( 'NONE', #3973, 1000.000000000000114 ) ;
#2780 = FACE_OUTER_BOUND ( 'NONE', #597, .T. ) ;
#2781 = ADVANCED_FACE ( 'NONE', ( #729 ), #390, .T. ) ;
#2782 = ORIENTED_EDGE ( 'NONE', *, *, #2652, .F. ) ;
#2783 = CARTESIAN_POINT ( 'NONE',  ( 0.000000000000000000, 0.7500000000000000000, 0.9499999999999996225 ) ) ;
#2784 = ORIENTED_EDGE ( 'NONE', *, *, #2910, .T. ) ;
#2785 = CARTESIAN_POINT ( 'NONE',  ( -0.7749999999999999112, 0.3749999999999998890, 0.3249999999999997891 ) ) ;
#2786 = DIRECTION ( 'NONE',  ( 0.000000000000000000, 0.000000000000000000, -1.000000000000000000 ) ) ;
#2787 = VERTEX_POINT ( 'NONE', #62 ) ;
#2788 = ADVANCED_FACE ( 'NONE', ( #3076 ), #2951, .T. ) ;
#2789 = LINE ( 'NONE', #4139, #1495 ) ;
#2790 = CARTESIAN_POINT ( 'NONE',  ( 1.150000000000000133, 0.8499999999999999778, -0.7499999999999997780 ) ) ;
#2791 = ORIENTED_EDGE ( 'NONE', *, *, #3452, .T. ) ;
#2792 = AXIS2_PLACEMENT_3D ( 'NONE', #3394, #2619, #2209 ) ;
#2793 = VERTEX_POINT ( 'NONE', #3261 ) ;
#2794 = AXIS2_PLACEMENT_3D ( 'NONE', #4183, #3527, #1709 ) ;
#2795 = CARTESIAN_POINT ( 'NONE',  ( -1.100000000000000089, 0.3749999999999998890, -0.9250000000000000444 ) ) ;
#2796 = FACE_OUTER_BOUND ( 'NONE', #3323, .T. ) ;
#2797 = LINE ( 'NONE', #3099, #2915 ) ;
#2798 = CARTESIAN_POINT ( 'NONE',  ( -0.4749999999999999223, 0.3750000000000000000, 0.9249999999999998224 ) ) ;
#2799 = EDGE_CURVE ( 'NONE', #3710, #1842, #3430, .T. ) ;
#2800 = CARTESIAN_POINT ( 'NONE',  ( -1.175000000000000266, 0.000000000000000000, -0.8499999999999996447 ) ) ;
#2801 = EDGE_LOOP ( 'NONE', ( #3350, #3788, #2403, #3034 ) ) ;
#2802 = CARTESIAN_POINT ( 'NONE',  ( 1.250000000000000444, 1.402740239554723711, -0.9249999999999994893 ) ) ;
#2803 = CIRCLE ( 'NONE', #2937, 0.05000000000000002359 ) ;
#2804 = EDGE_CURVE ( 'NONE', #3825, #658, #3059, .T. ) ;
#2805 = DIRECTION ( 'NONE',  ( -0.000000000000000000, -1.000000000000000000, 0.000000000000000000 ) ) ;
#2806 = ORIENTED_EDGE ( 'NONE', *, *, #1955, .F. ) ;
#2807 = ORIENTED_EDGE ( 'NONE', *, *, #1043, .T. ) ;
#2808 = DIRECTION ( 'NONE',  ( 0.000000000000000000, -0.000000000000000000, 1.000000000000000000 ) ) ;
#2809 = VERTEX_POINT ( 'NONE', #2364 ) ;
#2810 = AXIS2_PLACEMENT_3D ( 'NONE', #936, #3793, #2420 ) ;
#2811 = AXIS2_PLACEMENT_3D ( 'NONE', #1522, #1502, #118 ) ;
#2812 = CARTESIAN_POINT ( 'NONE',  ( 1.000000000000000000, 0.9000000000000000222, -0.7499999999999996669 ) ) ;
#2813 = FACE_OUTER_BOUND ( 'NONE', #342, .T. ) ;
#2814 = AXIS2_PLACEMENT_3D ( 'NONE', #130, #1530, #1871 ) ;
#2815 = ORIENTED_EDGE ( 'NONE', *, *, #2091, .T. ) ;
#2816 = VECTOR ( 'NONE', #524, 1000.000000000000000 ) ;
#2817 = VERTEX_POINT ( 'NONE', #4076 ) ;
#2818 = DIRECTION ( 'NONE',  ( 0.000000000000000000, 0.000000000000000000, 1.000000000000000000 ) ) ;
#2819 = LINE ( 'NONE', #4103, #3111 ) ;
#2820 = ORIENTED_EDGE ( 'NONE', *, *, #689, .T. ) ;
#2821 = CARTESIAN_POINT ( 'NONE',  ( 1.175000000000000044, 0.3750000000000000000, 1.000000000000000000 ) ) ;
#2822 = FACE_OUTER_BOUND ( 'NONE', #1242, .T. ) ;
#2823 = EDGE_CURVE ( 'NONE', #48, #944, #1330, .T. ) ;
#2824 = DIRECTION ( 'NONE',  ( -0.7071067811865474617, 0.000000000000000000, -0.7071067811865476838 ) ) ;
#2825 = AXIS2_PLACEMENT_3D ( 'NONE', #1069, #2759, #682 ) ;
#2826 = VECTOR ( 'NONE', #391, 1000.000000000000000 ) ;
#2827 = ORIENTED_EDGE ( 'NONE', *, *, #431, .T. ) ;
#2828 = ORIENTED_EDGE ( 'NONE', *, *, #3097, .T. ) ;
#2829 = ADVANCED_FACE ( 'NONE', ( #2238 ), #3412, .T. ) ;
#2830 = TOROIDAL_SURFACE ( 'NONE', #1231, 0.1500000000000001610, 0.05000000000000000278 ) ;
#2831 = EDGE_CURVE ( 'NONE', #1563, #2087, #2654, .T. ) ;
#2832 = AXIS2_PLACEMENT_3D ( 'NONE', #1039, #3778, #2425 ) ;
#2833 = CARTESIAN_POINT ( 'NONE',  ( -1.249999999999999778, 0.000000000000000000, -0.9999999999999997780 ) ) ;
#2834 = DIRECTION ( 'NONE',  ( 0.000000000000000000, 0.000000000000000000, -1.000000000000000000 ) ) ;
#2835 = VERTEX_POINT ( 'NONE', #281 ) ;
#2836 = LINE ( 'NONE', #1511, #120 ) ;
#2837 = EDGE_LOOP ( 'NONE', ( #2055, #1490, #2472, #2353 ) ) ;
#2838 = DIRECTION ( 'NONE',  ( 0.000000000000000000, 0.000000000000000000, -1.000000000000000000 ) ) ;
#2839 = EDGE_CURVE ( 'NONE', #4230, #57, #4333, .T. ) ;
#2840 = LINE ( 'NONE', #1129, #2380 ) ;
#2841 = VECTOR ( 'NONE', #1978, 1000.000000000000000 ) ;
#2842 = ORIENTED_EDGE ( 'NONE', *, *, #3119, .T. ) ;
#2843 = CARTESIAN_POINT ( 'NONE',  ( 0.1500000000000002720, 0.1874999999999999722, -0.9999999999999997780 ) ) ;
#2844 = ADVANCED_FACE ( 'NONE', ( #1642 ), #1194, .F. ) ;
#2845 = ORIENTED_EDGE ( 'NONE', *, *, #2430, .T. ) ;
#2846 = DIRECTION ( 'NONE',  ( -0.000000000000000000, -1.000000000000000000, -0.000000000000000000 ) ) ;
#2847 = ORIENTED_EDGE ( 'NONE', *, *, #1647, .F. ) ;
#2848 = EDGE_CURVE ( 'NONE', #3996, #4038, #1221, .T. ) ;
#2849 = DIRECTION ( 'NONE',  ( 0.000000000000000000, 0.000000000000000000, -1.000000000000000000 ) ) ;
#2850 = LINE ( 'NONE', #2518, #30 ) ;
#2851 = EDGE_LOOP ( 'NONE', ( #3342, #1533, #1549, #184 ) ) ;
#2852 = EDGE_CURVE ( 'NONE', #221, #2969, #1683, .T. ) ;
#2853 = ORIENTED_EDGE ( 'NONE', *, *, #1969, .T. ) ;
#2854 = DIRECTION ( 'NONE',  ( 0.7071067811865470176, 0.000000000000000000, 0.7071067811865480168 ) ) ;
#2855 = CARTESIAN_POINT ( 'NONE',  ( 1.150000000000000133, 0.7999999999999999334, -0.7499999999999997780 ) ) ;
#2856 = ORIENTED_EDGE ( 'NONE', *, *, #3982, .T. ) ;
#2857 = DIRECTION ( 'NONE',  ( 0.000000000000000000, 1.000000000000000000, 0.000000000000000000 ) ) ;
#2858 = VECTOR ( 'NONE', #2456, 1000.000000000000000 ) ;
#2859 = VECTOR ( 'NONE', #3550, 1000.000000000000000 ) ;
#2860 = ORIENTED_EDGE ( 'NONE', *, *, #3656, .T. ) ;
#2861 = CIRCLE ( 'NONE', #4200, 0.1000000000000000472 ) ;
#2862 = FACE_OUTER_BOUND ( 'NONE', #4357, .T. ) ;
#2863 = EDGE_LOOP ( 'NONE', ( #1456, #4287, #3897, #964 ) ) ;
#2864 = CARTESIAN_POINT ( 'NONE',  ( -1.174999999999999822, 0.3750000000000000000, -0.9999999999999997780 ) ) ;
#2865 = LINE ( 'NONE', #2716, #649 ) ;
#2866 = AXIS2_PLACEMENT_3D ( 'NONE', #4045, #1898, #4331 ) ;
#2867 = EDGE_CURVE ( 'NONE', #3075, #3251, #989, .T. ) ;
#2868 = EDGE_LOOP ( 'NONE', ( #460, #3860, #3391, #3974, #1219, #2525 ) ) ;
#2869 = LINE ( 'NONE', #113, #1557 ) ;
#2870 = EDGE_LOOP ( 'NONE', ( #2593, #3829, #2245, #3270 ) ) ;
#2871 = ORIENTED_EDGE ( 'NONE', *, *, #3595, .T. ) ;
#2872 =( NAMED_UNIT ( * ) PLANE_ANGLE_UNIT ( ) SI_UNIT ( $, .RADIAN. ) );
#2873 = EDGE_CURVE ( 'NONE', #586, #1748, #4056, .T. ) ;
#2874 = LINE ( 'NONE', #4220, #2008 ) ;
#2875 = CARTESIAN_POINT ( 'NONE',  ( -1.000000000000000000, 0.9000000000000000222, 0.7499999999999997780 ) ) ;
#2876 = ORIENTED_EDGE ( 'NONE', *, *, #1589, .T. ) ;
#2877 = ORIENTED_EDGE ( 'NONE', *, *, #2965, .F. ) ;
#2878 = VECTOR ( 'NONE', #1885, 1000.000000000000000 ) ;
#2879 = FACE_OUTER_BOUND ( 'NONE', #2495, .T. ) ;
#2880 = ORIENTED_EDGE ( 'NONE', *, *, #37, .F. ) ;
#2881 = CARTESIAN_POINT ( 'NONE',  ( -0.6424631817578864146, 0.9000000000000000222, 0.3972980088857192005 ) ) ;
#2882 = ORIENTED_EDGE ( 'NONE', *, *, #4096, .T. ) ;
#2883 = AXIS2_PLACEMENT_3D ( 'NONE', #1149, #1223, #2552 ) ;
#2884 = CARTESIAN_POINT ( 'NONE',  ( -1.000000000000000000, 0.8499999999999999778, -0.7499999999999995559 ) ) ;
#2885 = EDGE_CURVE ( 'NONE', #2162, #741, #3936, .T. ) ;
#2886 = CARTESIAN_POINT ( 'NONE',  ( -0.2000000000000000111, 0.7500000000000000000, -0.9999999999999997780 ) ) ;
#2887 = PRODUCT_DEFINITION_SHAPE ( 'NONE', 'NONE',  #1100 ) ;
#2888 = ORIENTED_EDGE ( 'NONE', *, *, #1448, .F. ) ;
#2889 = CARTESIAN_POINT ( 'NONE',  ( -1.175000000000000711, 0.3750000000000000000, 0.3250000000000001776 ) ) ;
#2890 = ORIENTED_EDGE ( 'NONE', *, *, #2831, .F. ) ;
#2891 = ORIENTED_EDGE ( 'NONE', *, *, #1205, .T. ) ;
#2892 = VERTEX_POINT ( 'NONE', #3281 ) ;
#2893 = ORIENTED_EDGE ( 'NONE', *, *, #2771, .F. ) ;
#2894 = CARTESIAN_POINT ( 'NONE',  ( -0.4749999999999998668, 0.000000000000000000, 0.6249999999999997780 ) ) ;
#2895 = CYLINDRICAL_SURFACE ( 'NONE', #1821, 0.05000000000000002359 ) ;
#2896 = LINE ( 'NONE', #278, #4309 ) ;
#2897 = LINE ( 'NONE', #3191, #2486 ) ;
#2898 = VERTEX_POINT ( 'NONE', #966 ) ;
#2899 = DIRECTION ( 'NONE',  ( 1.000000000000000000, -0.000000000000000000, 0.000000000000000000 ) ) ;
#2900 = DIRECTION ( 'NONE',  ( 1.000000000000000000, 0.000000000000000000, 0.000000000000000000 ) ) ;
#2901 = FACE_OUTER_BOUND ( 'NONE', #2572, .T. ) ;
#2902 = CIRCLE ( 'NONE', #2701, 0.2000000000000000944 ) ;
#2903 = ORIENTED_EDGE ( 'NONE', *, *, #1174, .T. ) ;
#2904 = EDGE_CURVE ( 'NONE', #24, #2787, #201, .T. ) ;
#2905 = CARTESIAN_POINT ( 'NONE',  ( 0.4749999999999999778, 0.3750000000000000000, 0.3250000000000000111 ) ) ;
#2906 = VERTEX_POINT ( 'NONE', #851 ) ;
#2907 = DIRECTION ( 'NONE',  ( 6.969871108835378604E-16, 0.000000000000000000, -1.000000000000000000 ) ) ;
#2908 = DIRECTION ( 'NONE',  ( 0.000000000000000000, 0.000000000000000000, -1.000000000000000000 ) ) ;
#2909 = CARTESIAN_POINT ( 'NONE',  ( -1.100000000000000089, 0.000000000000000000, -0.9249999999999999334 ) ) ;
#2910 = EDGE_CURVE ( 'NONE', #355, #2627, #4136, .T. ) ;
#2911 = ORIENTED_EDGE ( 'NONE', *, *, #2106, .T. ) ;
#2912 = ADVANCED_FACE ( 'NONE', ( #303, #4037 ), #2324, .F. ) ;
#2913 = DIRECTION ( 'NONE',  ( -1.000000000000000000, 0.000000000000000000, -0.000000000000000000 ) ) ;
#2914 = EDGE_CURVE ( 'NONE', #3440, #2960, #3113, .T. ) ;
#2915 = VECTOR ( 'NONE', #2451, 1000.000000000000000 ) ;
#2916 = ORIENTED_EDGE ( 'NONE', *, *, #1351, .F. ) ;
#2917 = VERTEX_POINT ( 'NONE', #3434 ) ;
#2918 = DIRECTION ( 'NONE',  ( 1.445602896647339656E-16, 0.000000000000000000, -1.000000000000000000 ) ) ;
#2919 = SURFACE_STYLE_USAGE ( .BOTH. , #3247 ) ;
#2920 = DIRECTION ( 'NONE',  ( -0.000000000000000000, -0.000000000000000000, -1.000000000000000000 ) ) ;
#2921 = DIRECTION ( 'NONE',  ( 0.000000000000000000, 0.000000000000000000, 1.000000000000000000 ) ) ;
#2922 = ADVANCED_FACE ( 'NONE', ( #1028 ), #1070, .T. ) ;
#2923 = FACE_OUTER_BOUND ( 'NONE', #3627, .T. ) ;
#2924 = ORIENTED_EDGE ( 'NONE', *, *, #1546, .F. ) ;
#2925 = CARTESIAN_POINT ( 'NONE',  ( -1.250000000000000000, 0.3750000000000000000, -0.9249999999999998224 ) ) ;
#2926 = PLANE ( 'NONE',  #2604 ) ;
#2927 = ORIENTED_EDGE ( 'NONE', *, *, #1407, .T. ) ;
#2928 = VERTEX_POINT ( 'NONE', #341 ) ;
#2929 = DIRECTION ( 'NONE',  ( 0.000000000000000000, 0.000000000000000000, 1.000000000000000000 ) ) ;
#2930 = EDGE_LOOP ( 'NONE', ( #4114, #4032, #238, #823 ) ) ;
#2931 = DIRECTION ( 'NONE',  ( 0.000000000000000000, 0.000000000000000000, -1.000000000000000000 ) ) ;
#2932 = LINE ( 'NONE', #1850, #559 ) ;
#2933 = PLANE ( 'NONE',  #2003 ) ;
#2934 = CARTESIAN_POINT ( 'NONE',  ( 1.175000000000000266, 0.3750000000000000000, -0.9999999999999995559 ) ) ;
#2935 = AXIS2_PLACEMENT_3D ( 'NONE', #2554, #1198, #779 ) ;
#2936 = CARTESIAN_POINT ( 'NONE',  ( -1.249999999999999778, 0.000000000000000000, -0.9999999999999997780 ) ) ;
#2937 = AXIS2_PLACEMENT_3D ( 'NONE', #3308, #3633, #173 ) ;
#2938 = DIRECTION ( 'NONE',  ( 0.000000000000000000, -0.000000000000000000, 1.000000000000000000 ) ) ;
#2939 = ORIENTED_EDGE ( 'NONE', *, *, #2141, .T. ) ;
#2940 = DIRECTION ( 'NONE',  ( -0.000000000000000000, -1.000000000000000000, 0.000000000000000000 ) ) ;
#2941 = FACE_OUTER_BOUND ( 'NONE', #931, .T. ) ;
#2942 = LINE ( 'NONE', #3207, #1370 ) ;
#2943 = DIRECTION ( 'NONE',  ( 0.000000000000000000, 0.000000000000000000, -1.000000000000000000 ) ) ;
#2944 = LINE ( 'NONE', #3901, #105 ) ;
#2945 = ORIENTED_EDGE ( 'NONE', *, *, #710, .F. ) ;
#2946 = ORIENTED_EDGE ( 'NONE', *, *, #37, .T. ) ;
#2947 = CARTESIAN_POINT ( 'NONE',  ( 1.100000000000000311, 0.3750000000000000000, 0.9249999999999999334 ) ) ;
#2948 = ORIENTED_EDGE ( 'NONE', *, *, #4214, .T. ) ;
#2949 = DIRECTION ( 'NONE',  ( 0.000000000000000000, -1.000000000000000000, 0.000000000000000000 ) ) ;
#2950 = ORIENTED_EDGE ( 'NONE', *, *, #3513, .T. ) ;
#2951 = PLANE ( 'NONE',  #3284 ) ;
#2952 = DIRECTION ( 'NONE',  ( 0.000000000000000000, -1.000000000000000000, 0.000000000000000000 ) ) ;
#2953 = LINE ( 'NONE', #1197, #3899 ) ;
#2954 = VECTOR ( 'NONE', #4279, 1000.000000000000000 ) ;
#2955 = LINE ( 'NONE', #228, #4046 ) ;
#2956 = AXIS2_PLACEMENT_3D ( 'NONE', #6, #4159, #1415 ) ;
#2957 = PLANE ( 'NONE',  #1738 ) ;
#2958 = ORIENTED_EDGE ( 'NONE', *, *, #2313, .T. ) ;
#2959 = DIRECTION ( 'NONE',  ( -0.000000000000000000, -1.000000000000000000, -0.000000000000000000 ) ) ;
#2960 = VERTEX_POINT ( 'NONE', #50 ) ;
#2961 = CARTESIAN_POINT ( 'NONE',  ( 0.4749999999999999778, 0.000000000000000000, 0.3250000000000000111 ) ) ;
#2962 = LINE ( 'NONE', #721, #1674 ) ;
#2963 = PLANE ( 'NONE',  #2241 ) ;
#2964 = ORIENTED_EDGE ( 'NONE', *, *, #1545, .T. ) ;
#2965 = EDGE_CURVE ( 'NONE', #1516, #3507, #3503, .T. ) ;
#2966 = EDGE_CURVE ( 'NONE', #2928, #2341, #1365, .T. ) ;
#2967 = EDGE_CURVE ( 'NONE', #3182, #4266, #1723, .T. ) ;
#2968 = DIRECTION ( 'NONE',  ( 0.000000000000000000, 1.000000000000000000, -0.000000000000000000 ) ) ;
#2969 = VERTEX_POINT ( 'NONE', #2411 ) ;
#2970 = AXIS2_PLACEMENT_3D ( 'NONE', #3421, #315, #2071 ) ;
#2971 = CARTESIAN_POINT ( 'NONE',  ( 1.175000000000000711, 1.402740239554723711, 0.3250000000000004552 ) ) ;
#2972 = EDGE_CURVE ( 'NONE', #916, #2011, #3787, .T. ) ;
#2973 = VECTOR ( 'NONE', #1843, 1000.000000000000000 ) ;
#2974 = CIRCLE ( 'NONE', #3971, 0.04897582552842999482 ) ;
#2975 = PLANE ( 'NONE',  #219 ) ;
#2976 = CARTESIAN_POINT ( 'NONE',  ( 0.000000000000000000, 0.7500000000000000000, -0.9999999999999997780 ) ) ;
#2977 = ORIENTED_EDGE ( 'NONE', *, *, #1589, .F. ) ;
#2978 = CARTESIAN_POINT ( 'NONE',  ( -1.175000000000000044, 0.3750000000000000000, 0.9999999999999997780 ) ) ;
#2979 = CARTESIAN_POINT ( 'NONE',  ( 1.175000000000000711, 0.3749999999999998890, -0.3250000000000001221 ) ) ;
#2980 = VECTOR ( 'NONE', #911, 1000.000000000000000 ) ;
#2981 = VECTOR ( 'NONE', #3447, 1000.000000000000000 ) ;
#2982 = DIRECTION ( 'NONE',  ( -0.000000000000000000, -1.000000000000000000, -0.000000000000000000 ) ) ;
#2983 = CARTESIAN_POINT ( 'NONE',  ( 1.000000000000000000, 3.961045573002793585, -0.9499999999999998446 ) ) ;
#2984 = CARTESIAN_POINT ( 'NONE',  ( -0.1500000000000002720, 0.1875000000000000000, 0.9499999999999914069 ) ) ;
#2985 = VERTEX_POINT ( 'NONE', #1764 ) ;
#2986 = ADVANCED_FACE ( 'NONE', ( #354 ), #3155, .F. ) ;
#2987 = CARTESIAN_POINT ( 'NONE',  ( -1.175000000000000266, 0.3749999999999998890, -0.8499999999999996447 ) ) ;
#2988 = ORIENTED_EDGE ( 'NONE', *, *, #3178, .F. ) ;
#2989 = AXIS2_PLACEMENT_3D ( 'NONE', #2198, #1210, #3594 ) ;
#2990 = ORIENTED_EDGE ( 'NONE', *, *, #1877, .T. ) ;
#2991 = AXIS2_PLACEMENT_3D ( 'NONE', #1061, #1713, #2424 ) ;
#2992 = EDGE_CURVE ( 'NONE', #2817, #660, #3288, .T. ) ;
#2993 = ORIENTED_EDGE ( 'NONE', *, *, #3919, .F. ) ;
#2994 = FACE_OUTER_BOUND ( 'NONE', #1884, .T. ) ;
#2995 = EDGE_CURVE ( 'NONE', #3979, #2892, #915, .T. ) ;
#2996 = DIRECTION ( 'NONE',  ( 0.000000000000000000, -1.000000000000000000, 0.000000000000000000 ) ) ;
#2997 = ORIENTED_EDGE ( 'NONE', *, *, #1277, .F. ) ;
#2998 = LINE ( 'NONE', #2259, #3438 ) ;
#2999 = FACE_OUTER_BOUND ( 'NONE', #2112, .T. ) ;
#3000 = DIRECTION ( 'NONE',  ( 0.7071067811865454633, -0.000000000000000000, 0.7071067811865495711 ) ) ;
#3001 = LINE ( 'NONE', #977, #3188 ) ;
#3002 = ORIENTED_EDGE ( 'NONE', *, *, #259, .T. ) ;
#3003 = COLOUR_RGB ( '',0.9686274509803921573, 0.8784313725490195957, 0.5999999999999999778 ) ;
#3004 = ADVANCED_FACE ( 'NONE', ( #117 ), #783, .T. ) ;
#3005 = VECTOR ( 'NONE', #3631, 1000.000000000000000 ) ;
#3006 = VECTOR ( 'NONE', #2854, 1000.000000000000000 ) ;
#3007 = CARTESIAN_POINT ( 'NONE',  ( -1.249999999999999778, 1.402740239554723711, -0.9999999999999997780 ) ) ;
#3008 = AXIS2_PLACEMENT_3D ( 'NONE', #2170, #1521, #3565 ) ;
#3009 = ORIENTED_EDGE ( 'NONE', *, *, #623, .T. ) ;
#3010 = FACE_OUTER_BOUND ( 'NONE', #2930, .T. ) ;
#3011 = DIRECTION ( 'NONE',  ( -1.000000000000000000, 0.000000000000000000, -1.734723475976806108E-16 ) ) ;
#3012 = ORIENTED_EDGE ( 'NONE', *, *, #2823, .T. ) ;
#3013 = CIRCLE ( 'NONE', #2508, 0.07499999999999998335 ) ;
#3014 = VERTEX_POINT ( 'NONE', #3966 ) ;
#3015 = EDGE_CURVE ( 'NONE', #3019, #49, #4239, .T. ) ;
#3016 = LINE ( 'NONE', #1892, #2465 ) ;
#3017 = ORIENTED_EDGE ( 'NONE', *, *, #466, .T. ) ;
#3018 = CARTESIAN_POINT ( 'NONE',  ( -1.175000000000000044, 0.3750000000000000000, 0.9999999999999997780 ) ) ;
#3019 = VERTEX_POINT ( 'NONE', #2246 ) ;
#3020 = ORIENTED_EDGE ( 'NONE', *, *, #3071, .F. ) ;
#3021 = LINE ( 'NONE', #650, #1362 ) ;
#3022 = ORIENTED_EDGE ( 'NONE', *, *, #1229, .F. ) ;
#3023 = DIRECTION ( 'NONE',  ( -1.000000000000000000, 0.000000000000000000, 0.000000000000000000 ) ) ;
#3024 = EDGE_CURVE ( 'NONE', #167, #2279, #2861, .T. ) ;
#3025 = VECTOR ( 'NONE', #56, 1000.000000000000000 ) ;
#3026 = CARTESIAN_POINT ( 'NONE',  ( 1.150000000000000133, 0.7999999999999999334, 0.7499999999999997780 ) ) ;
#3027 = VECTOR ( 'NONE', #509, 1000.000000000000000 ) ;
#3028 = VECTOR ( 'NONE', #519, 1000.000000000000000 ) ;
#3029 = VECTOR ( 'NONE', #2949, 1000.000000000000000 ) ;
#3030 = EDGE_LOOP ( 'NONE', ( #3375, #1085, #1075, #2169 ) ) ;
#3031 = CARTESIAN_POINT ( 'NONE',  ( 1.250000000000000444, 0.3750000000000000000, -0.9249999999999994893 ) ) ;
#3032 = SURFACE_STYLE_FILL_AREA ( #3348 ) ;
#3033 = CARTESIAN_POINT ( 'NONE',  ( 0.000000000000000000, 0.000000000000000000, 0.9999999999999997780 ) ) ;
#3034 = ORIENTED_EDGE ( 'NONE', *, *, #4337, .T. ) ;
#3035 = EDGE_LOOP ( 'NONE', ( #3792, #3665 ) ) ;
#3036 = DIRECTION ( 'NONE',  ( -0.7071067811865454633, -0.000000000000000000, -0.7071067811865495711 ) ) ;
#3037 = CARTESIAN_POINT ( 'NONE',  ( 0.4749999999999999778, 0.3749999999999998890, -0.3250000000000000111 ) ) ;
#3038 = CARTESIAN_POINT ( 'NONE',  ( 1.000000000000000000, 0.7999999999999999334, -0.9499999999999998446 ) ) ;
#3039 = CARTESIAN_POINT ( 'NONE',  ( -1.200000000000000178, 0.7500000000000000000, 0.7499999999999997780 ) ) ;
#3040 = PRESENTATION_STYLE_ASSIGNMENT (( #1379 ) ) ;
#3041 = VECTOR ( 'NONE', #3104, 1000.000000000000000 ) ;
#3042 = STYLED_ITEM ( 'NONE', ( #2443 ), #805 ) ;
#3043 = MECHANICAL_DESIGN_GEOMETRIC_PRESENTATION_REPRESENTATION (  '', ( #160 ), #1077 ) ;
#3044 = CARTESIAN_POINT ( 'NONE',  ( 1.000000000000000000, 3.961045573002793585, 0.7499999999999997780 ) ) ;
#3045 = EDGE_CURVE ( 'NONE', #1463, #4269, #530, .T. ) ;
#3046 = FACE_OUTER_BOUND ( 'NONE', #375, .T. ) ;
#3047 = DIRECTION ( 'NONE',  ( 0.000000000000000000, -0.000000000000000000, -1.000000000000000000 ) ) ;
#3048 = ORIENTED_EDGE ( 'NONE', *, *, #1015, .T. ) ;
#3049 = VECTOR ( 'NONE', #1866, 1000.000000000000000 ) ;
#3050 = ADVANCED_FACE ( 'NONE', ( #832 ), #3543, .F. ) ;
#3051 = DIRECTION ( 'NONE',  ( 0.000000000000000000, 1.000000000000000000, -0.000000000000000000 ) ) ;
#3052 = ADVANCED_FACE ( 'NONE', ( #2514 ), #442, .T. ) ;
#3053 = ORIENTED_EDGE ( 'NONE', *, *, #2914, .F. ) ;
#3054 = EDGE_CURVE ( 'NONE', #607, #1581, #1967, .T. ) ;
#3055 = EDGE_LOOP ( 'NONE', ( #4092, #3168, #1295, #2882 ) ) ;
#3056 = CARTESIAN_POINT ( 'NONE',  ( -1.175000000000000711, 0.3750000000000000000, 0.3250000000000001776 ) ) ;
#3057 = ORIENTED_EDGE ( 'NONE', *, *, #2106, .F. ) ;
#3058 = ORIENTED_EDGE ( 'NONE', *, *, #3452, .F. ) ;
#3059 = LINE ( 'NONE', #3372, #2499 ) ;
#3060 = DIRECTION ( 'NONE',  ( -0.000000000000000000, -1.000000000000000000, -0.000000000000000000 ) ) ;
#3061 = CARTESIAN_POINT ( 'NONE',  ( -0.2000000000000000111, 0.000000000000000000, -0.9999999999999997780 ) ) ;
#3062 = COLOUR_RGB ( '',0.9686274509803921573, 0.8784313725490195957, 0.5999999999999999778 ) ;
#3063 = LINE ( 'NONE', #1250, #4026 ) ;
#3064 = ORIENTED_EDGE ( 'NONE', *, *, #3677, .F. ) ;
#3065 = LINE ( 'NONE', #1648, #3892 ) ;
#3066 = LINE ( 'NONE', #2018, #449 ) ;
#3067 = DIRECTION ( 'NONE',  ( 0.000000000000000000, 0.000000000000000000, 1.000000000000000000 ) ) ;
#3068 = CARTESIAN_POINT ( 'NONE',  ( -0.1500000000000000777, 0.7500000000000000000, 0.9499999999999996225 ) ) ;
#3069 = ORIENTED_EDGE ( 'NONE', *, *, #13, .F. ) ;
#3070 = CARTESIAN_POINT ( 'NONE',  ( 1.250000000000000222, 0.000000000000000000, 0.9249999999999998224 ) ) ;
#3071 = EDGE_CURVE ( 'NONE', #421, #2985, #945, .T. ) ;
#3072 = EDGE_LOOP ( 'NONE', ( #2391, #2815, #1450, #1122, #4058, #2272, #3957, #2363 ) ) ;
#3073 = CIRCLE ( 'NONE', #2264, 0.07500000000000019151 ) ;
#3074 = LINE ( 'NONE', #3476, #3660 ) ;
#3075 = VERTEX_POINT ( 'NONE', #1280 ) ;
#3076 = FACE_OUTER_BOUND ( 'NONE', #202, .T. ) ;
#3077 = LINE ( 'NONE', #3414, #2602 ) ;
#3078 = CIRCLE ( 'NONE', #1835, 0.05000000000000034972 ) ;
#3079 = ORIENTED_EDGE ( 'NONE', *, *, #267, .T. ) ;
#3080 = CYLINDRICAL_SURFACE ( 'NONE', #3951, 0.1000000000000000472 ) ;
#3081 = CARTESIAN_POINT ( 'NONE',  ( 1.200000000000000178, 3.961045573002793585, 0.7499999999999997780 ) ) ;
#3082 = DIRECTION ( 'NONE',  ( -0.7071067811865489050, 0.000000000000000000, 0.7071067811865461294 ) ) ;
#3083 = CARTESIAN_POINT ( 'NONE',  ( -1.175000000000000044, 0.7500000000000000000, 0.9999999999999997780 ) ) ;
#3084 = DIRECTION ( 'NONE',  ( 0.000000000000000000, -1.000000000000000000, 0.000000000000000000 ) ) ;
#3085 = CARTESIAN_POINT ( 'NONE',  ( -0.1500000000000002442, 0.3750000000000000000, 0.9499999999999914069 ) ) ;
#3086 = ORIENTED_EDGE ( 'NONE', *, *, #4042, .F. ) ;
#3087 = CIRCLE ( 'NONE', #4219, 0.05000000000000002359 ) ;
#3088 = ADVANCED_FACE ( 'NONE', ( #1612 ), #961, .F. ) ;
#3089 = ADVANCED_FACE ( 'NONE', ( #3296 ), #1909, .F. ) ;
#3090 = CARTESIAN_POINT ( 'NONE',  ( -1.000000000000000000, 0.9000000000000000222, -0.7499999999999995559 ) ) ;
#3091 = EDGE_LOOP ( 'NONE', ( #3551, #2297 ) ) ;
#3092 =( NAMED_UNIT ( * ) SI_UNIT ( $, .STERADIAN. ) SOLID_ANGLE_UNIT ( ) );
#3093 = LINE ( 'NONE', #3733, #234 ) ;
#3094 = CARTESIAN_POINT ( 'NONE',  ( 1.175000000000000488, 0.3749999999999998890, 0.8499999999999996447 ) ) ;
#3095 = EDGE_CURVE ( 'NONE', #4273, #654, #231, .T. ) ;
#3096 = CARTESIAN_POINT ( 'NONE',  ( -1.000000000000000000, 0.8499999999999999778, 0.7499999999999997780 ) ) ;
#3097 = EDGE_CURVE ( 'NONE', #1929, #2793, #4263, .T. ) ;
#3098 = FILL_AREA_STYLE ('',( #2422 ) ) ;
#3099 = CARTESIAN_POINT ( 'NONE',  ( -0.6424631817578864146, 0.9000000000000000222, 0.4462738344141491953 ) ) ;
#3100 = DIRECTION ( 'NONE',  ( 1.000000000000000000, 0.000000000000000000, 1.807003620809173892E-16 ) ) ;
#3101 = FACE_OUTER_BOUND ( 'NONE', #1724, .T. ) ;
#3102 = EDGE_LOOP ( 'NONE', ( #1570, #4261, #3327, #831 ) ) ;
#3103 = FACE_OUTER_BOUND ( 'NONE', #3719, .T. ) ;
#3104 = DIRECTION ( 'NONE',  ( -0.000000000000000000, -1.000000000000000000, -0.000000000000000000 ) ) ;
#3105 = VERTEX_POINT ( 'NONE', #2984 ) ;
#3106 = AXIS2_PLACEMENT_3D ( 'NONE', #655, #3384, #1735 ) ;
#3107 = ORIENTED_EDGE ( 'NONE', *, *, #2086, .T. ) ;
#3108 = EDGE_CURVE ( 'NONE', #1799, #830, #275, .T. ) ;
#3109 = FACE_OUTER_BOUND ( 'NONE', #3591, .T. ) ;
#3110 = DIRECTION ( 'NONE',  ( 0.000000000000000000, -1.000000000000000000, 0.000000000000000000 ) ) ;
#3111 = VECTOR ( 'NONE', #35, 1000.000000000000000 ) ;
#3112 = VERTEX_POINT ( 'NONE', #1983 ) ;
#3113 = LINE ( 'NONE', #760, #3933 ) ;
#3114 = ORIENTED_EDGE ( 'NONE', *, *, #3519, .F. ) ;
#3115 = EDGE_CURVE ( 'NONE', #3112, #1832, #297, .T. ) ;
#3116 = DIRECTION ( 'NONE',  ( 0.000000000000000000, 0.000000000000000000, -1.000000000000000000 ) ) ;
#3117 = LINE ( 'NONE', #1686, #3598 ) ;
#3118 = CARTESIAN_POINT ( 'NONE',  ( -0.4749999999999999778, 0.3750000000000000000, -0.3250000000000000111 ) ) ;
#3119 = EDGE_CURVE ( 'NONE', #4157, #2147, #4375, .T. ) ;
#3120 = ORIENTED_EDGE ( 'NONE', *, *, #4256, .F. ) ;
#3121 = EDGE_CURVE ( 'NONE', #1891, #2432, #2358, .T. ) ;
#3122 = CARTESIAN_POINT ( 'NONE',  ( 0.4749999999999999778, 0.3749999999999998890, 0.3250000000000000111 ) ) ;
#3123 = VECTOR ( 'NONE', #817, 1000.000000000000000 ) ;
#3124 = ADVANCED_FACE ( 'NONE', ( #2656 ), #4299, .F. ) ;
#3125 = DIRECTION ( 'NONE',  ( 0.000000000000000000, 0.000000000000000000, 1.000000000000000000 ) ) ;
#3126 = CARTESIAN_POINT ( 'NONE',  ( 1.250000000000000444, 0.3750000000000000000, -0.9249999999999994893 ) ) ;
#3127 = PLANE ( 'NONE',  #3547 ) ;
#3128 = CARTESIAN_POINT ( 'NONE',  ( -1.175000000000000044, 0.000000000000000000, 0.9999999999999997780 ) ) ;
#3129 = AXIS2_PLACEMENT_3D ( 'NONE', #3680, #1232, #1633 ) ;
#3130 = LINE ( 'NONE', #1736, #4169 ) ;
#3131 = PLANE ( 'NONE',  #3331 ) ;
#3132 = VERTEX_POINT ( 'NONE', #2270 ) ;
#3133 = VERTEX_POINT ( 'NONE', #3661 ) ;
#3134 = CARTESIAN_POINT ( 'NONE',  ( -1.000000000000000000, 0.7500000000000000000, 0.7499999999999997780 ) ) ;
#3135 = SURFACE_STYLE_FILL_AREA ( #3540 ) ;
#3136 = CARTESIAN_POINT ( 'NONE',  ( -1.175000000000000044, 0.3749999999999998890, 0.9999999999999997780 ) ) ;
#3137 = VECTOR ( 'NONE', #3366, 1000.000000000000000 ) ;
#3138 = CARTESIAN_POINT ( 'NONE',  ( -1.100000000000000089, 1.402740239554723711, -0.9249999999999999334 ) ) ;
#3139 = ORIENTED_EDGE ( 'NONE', *, *, #1679, .F. ) ;
#3140 = VECTOR ( 'NONE', #2899, 1000.000000000000000 ) ;
#3141 = LINE ( 'NONE', #3508, #2442 ) ;
#3142 = CARTESIAN_POINT ( 'NONE',  ( 0.1500000000000000777, 0.7500000000000000000, 0.9499999999999996225 ) ) ;
#3143 = LINE ( 'NONE', #2068, #4053 ) ;
#3144 = PLANE ( 'NONE',  #2991 ) ;
#3145 = FACE_OUTER_BOUND ( 'NONE', #2316, .T. ) ;
#3146 = ORIENTED_EDGE ( 'NONE', *, *, #3458, .T. ) ;
#3147 = ADVANCED_FACE ( 'NONE', ( #554 ), #3786, .T. ) ;
#3148 = CARTESIAN_POINT ( 'NONE',  ( -1.250000000000000000, 0.3750000000000000000, 0.9999999999999997780 ) ) ;
#3149 = VERTEX_POINT ( 'NONE', #3939 ) ;
#3150 = DIRECTION ( 'NONE',  ( 0.000000000000000000, 1.000000000000000000, 0.000000000000000000 ) ) ;
#3151 = EDGE_CURVE ( 'NONE', #4230, #170, #4252, .T. ) ;
#3152 = EDGE_CURVE ( 'NONE', #3691, #3959, #3658, .T. ) ;
#3153 = DIRECTION ( 'NONE',  ( 0.000000000000000000, 0.000000000000000000, 1.000000000000000000 ) ) ;
#3154 = VERTEX_POINT ( 'NONE', #3220 ) ;
#3155 = CYLINDRICAL_SURFACE ( 'NONE', #3855, 0.05000000000000034972 ) ;
#3156 = EDGE_LOOP ( 'NONE', ( #956, #1099, #1128, #4178 ) ) ;
#3157 = CARTESIAN_POINT ( 'NONE',  ( 0.4749999999999999778, 0.3750000000000000000, -0.3250000000000000111 ) ) ;
#3158 = VECTOR ( 'NONE', #1073, 1000.000000000000114 ) ;
#3159 = DIRECTION ( 'NONE',  ( -0.000000000000000000, 1.000000000000000000, -0.000000000000000000 ) ) ;
#3160 = DIRECTION ( 'NONE',  ( -1.807003620809171181E-16, -1.000000000000000000, 0.000000000000000000 ) ) ;
#3161 = EDGE_LOOP ( 'NONE', ( #937, #3279, #1745, #4380 ) ) ;
#3162 = PLANE ( 'NONE',  #2794 ) ;
#3163 = EDGE_CURVE ( 'NONE', #4038, #1563, #4212, .T. ) ;
#3164 = ORIENTED_EDGE ( 'NONE', *, *, #1573, .T. ) ;
#3165 = CARTESIAN_POINT ( 'NONE',  ( 1.175000000000000711, 1.402740239554723711, 0.3250000000000004552 ) ) ;
#3166 = FACE_OUTER_BOUND ( 'NONE', #3233, .T. ) ;
#3167 = EDGE_LOOP ( 'NONE', ( #1364, #3086, #600, #2428 ) ) ;
#3168 = ORIENTED_EDGE ( 'NONE', *, *, #769, .F. ) ;
#3169 = ADVANCED_FACE ( 'NONE', ( #1130 ), #4191, .F. ) ;
#3170 = FACE_OUTER_BOUND ( 'NONE', #2638, .T. ) ;
#3171 = DIRECTION ( 'NONE',  ( -1.000000000000000000, 0.000000000000000000, -2.710505431213762071E-16 ) ) ;
#3172 = EDGE_CURVE ( 'NONE', #3154, #4158, #1798, .T. ) ;
#3173 = ORIENTED_EDGE ( 'NONE', *, *, #3677, .T. ) ;
#3174 = ADVANCED_FACE ( 'NONE', ( #2507 ), #1152, .T. ) ;
#3175 = CARTESIAN_POINT ( 'NONE',  ( 1.000000000000000000, 0.8499999999999999778, 0.7499999999999997780 ) ) ;
#3176 = AXIS2_PLACEMENT_3D ( 'NONE', #1673, #1359, #636 ) ;
#3177 = FACE_OUTER_BOUND ( 'NONE', #100, .T. ) ;
#3178 = EDGE_CURVE ( 'NONE', #2326, #1881, #4272, .T. ) ;
#3179 = EDGE_CURVE ( 'NONE', #2231, #2898, #2657, .T. ) ;
#3180 = AXIS2_PLACEMENT_3D ( 'NONE', #4007, #569, #1224 ) ;
#3181 = ADVANCED_FACE ( 'NONE', ( #826 ), #499, .T. ) ;
#3182 = VERTEX_POINT ( 'NONE', #3584 ) ;
#3183 = ORIENTED_EDGE ( 'NONE', *, *, #3650, .T. ) ;
#3184 = CARTESIAN_POINT ( 'NONE',  ( -5.082197683525793406E-17, 0.1874999999999999445, -0.9499999999999996225 ) ) ;
#3185 = EDGE_LOOP ( 'NONE', ( #2888, #2029 ) ) ;
#3186 = LINE ( 'NONE', #2586, #990 ) ;
#3187 = AXIS2_PLACEMENT_3D ( 'NONE', #3620, #1211, #886 ) ;
#3188 = VECTOR ( 'NONE', #4047, 1000.000000000000000 ) ;
#3189 = CARTESIAN_POINT ( 'NONE',  ( 1.000000000000000000, 0.8499999999999999778, 0.7999999999999998224 ) ) ;
#3190 = DIRECTION ( 'NONE',  ( -0.000000000000000000, -1.000000000000000000, -0.000000000000000000 ) ) ;
#3191 = CARTESIAN_POINT ( 'NONE',  ( -1.174999999999999822, 0.000000000000000000, -0.9999999999999997780 ) ) ;
#3192 = ORIENTED_EDGE ( 'NONE', *, *, #1595, .F. ) ;
#3193 = FACE_OUTER_BOUND ( 'NONE', #1931, .T. ) ;
#3194 = CARTESIAN_POINT ( 'NONE',  ( 0.4749999999999999778, 0.3750000000000000000, -0.3250000000000000111 ) ) ;
#3195 = EDGE_CURVE ( 'NONE', #2960, #3979, #474, .T. ) ;
#3196 = ORIENTED_EDGE ( 'NONE', *, *, #1015, .F. ) ;
#3197 = DIRECTION ( 'NONE',  ( 0.000000000000000000, 0.000000000000000000, -1.000000000000000000 ) ) ;
#3198 = ORIENTED_EDGE ( 'NONE', *, *, #4281, .F. ) ;
#3199 = DIRECTION ( 'NONE',  ( -0.000000000000000000, -0.000000000000000000, 1.000000000000000000 ) ) ;
#3200 = DIRECTION ( 'NONE',  ( 0.000000000000000000, 0.000000000000000000, -1.000000000000000000 ) ) ;
#3201 = MECHANICAL_DESIGN_GEOMETRIC_PRESENTATION_REPRESENTATION (  '', ( #1459 ), #3558 ) ;
#3202 = EDGE_CURVE ( 'NONE', #3132, #3586, #3610, .T. ) ;
#3203 = COLOUR_RGB ( '',0.9686274509803921573, 0.8784313725490195957, 0.5999999999999999778 ) ;
#3204 = EDGE_LOOP ( 'NONE', ( #2488, #2281, #3563, #2877 ) ) ;
#3205 = ORIENTED_EDGE ( 'NONE', *, *, #3667, .F. ) ;
#3206 = DIRECTION ( 'NONE',  ( -0.7071067811865496822, 0.000000000000000000, 0.7071067811865454633 ) ) ;
#3207 = CARTESIAN_POINT ( 'NONE',  ( -0.1500000000000000777, 0.7500000000000000000, -0.9499999999999996225 ) ) ;
#3208 = LINE ( 'NONE', #122, #1660 ) ;
#3209 = CARTESIAN_POINT ( 'NONE',  ( 1.050000000000000044, 0.9000000000000000222, 0.7499999999999997780 ) ) ;
#3210 = ORIENTED_EDGE ( 'NONE', *, *, #2059, .F. ) ;
#3211 = ORIENTED_EDGE ( 'NONE', *, *, #134, .F. ) ;
#3212 = LINE ( 'NONE', #4017, #2579 ) ;
#3213 = ORIENTED_EDGE ( 'NONE', *, *, #420, .T. ) ;
#3214 = PLANE ( 'NONE',  #2814 ) ;
#3215 = AXIS2_PLACEMENT_3D ( 'NONE', #953, #622, #2929 ) ;
#3216 = AXIS2_PLACEMENT_3D ( 'NONE', #1823, #3265, #2165 ) ;
#3217 = CARTESIAN_POINT ( 'NONE',  ( -0.7749999999999999112, 1.402740239554723711, 0.3249999999999997891 ) ) ;
#3218 = EDGE_LOOP ( 'NONE', ( #2993, #1005, #895, #894 ) ) ;
#3219 = DIRECTION ( 'NONE',  ( 0.000000000000000000, -0.000000000000000000, 1.000000000000000000 ) ) ;
#3220 = CARTESIAN_POINT ( 'NONE',  ( -1.175000000000000488, 0.000000000000000000, 0.8499999999999992006 ) ) ;
#3221 = AXIS2_PLACEMENT_3D ( 'NONE', #857, #4234, #136 ) ;
#3222 = ORIENTED_EDGE ( 'NONE', *, *, #1820, .F. ) ;
#3223 = PLANE ( 'NONE',  #3221 ) ;
#3224 = ORIENTED_EDGE ( 'NONE', *, *, #3119, .F. ) ;
#3225 = ORIENTED_EDGE ( 'NONE', *, *, #4414, .F. ) ;
#3226 = CARTESIAN_POINT ( 'NONE',  ( 1.175000000000000044, 0.3750000000000000000, 1.000000000000000000 ) ) ;
#3227 = DIRECTION ( 'NONE',  ( -1.000000000000000000, 0.000000000000000000, 0.000000000000000000 ) ) ;
#3228 = LINE ( 'NONE', #1505, #645 ) ;
#3229 = CARTESIAN_POINT ( 'NONE',  ( -1.200000000000000178, 0.7999999999999999334, -0.7499999999999995559 ) ) ;
#3230 = CLOSED_SHELL ( 'NONE', ( #3004, #1243, #2, #1773 ) ) ;
#3231 = LINE ( 'NONE', #4163, #2541 ) ;
#3232 = FACE_OUTER_BOUND ( 'NONE', #1417, .T. ) ;
#3233 = EDGE_LOOP ( 'NONE', ( #2357, #2853, #1934, #1110 ) ) ;
#3234 = AXIS2_PLACEMENT_3D ( 'NONE', #1374, #54, #1769 ) ;
#3235 = VERTEX_POINT ( 'NONE', #526 ) ;
#3236 = DIRECTION ( 'NONE',  ( 0.7071067811865474617, -0.000000000000000000, 0.7071067811865475727 ) ) ;
#3237 = VERTEX_POINT ( 'NONE', #2909 ) ;
#3238 = DIRECTION ( 'NONE',  ( 1.000000000000000000, -1.807003620809170934E-16, 0.000000000000000000 ) ) ;
#3239 = PRODUCT ( 'ECS-2520MVLC-240-BN-TR', 'ECS-2520MVLC-240-BN-TR', '', ( #4403 ) ) ;
#3240 = CARTESIAN_POINT ( 'NONE',  ( 1.100000000000000089, 0.8500000000000000888, 0.7499999999999997780 ) ) ;
#3241 = LINE ( 'NONE', #2556, #4194 ) ;
#3242 = EDGE_CURVE ( 'NONE', #2437, #158, #1471, .T. ) ;
#3243 = ORIENTED_EDGE ( 'NONE', *, *, #1966, .F. ) ;
#3244 = DIRECTION ( 'NONE',  ( 0.000000000000000000, 0.000000000000000000, 1.000000000000000000 ) ) ;
#3245 = VECTOR ( 'NONE', #1632, 1000.000000000000000 ) ;
#3246 = CYLINDRICAL_SURFACE ( 'NONE', #3709, 0.07499999999999998335 ) ;
#3247 = SURFACE_SIDE_STYLE ('',( #1524 ) ) ;
#3248 = DIRECTION ( 'NONE',  ( 2.891205793294678326E-16, 1.000000000000000000, -0.000000000000000000 ) ) ;
#3249 = VECTOR ( 'NONE', #4330, 1000.000000000000000 ) ;
#3250 = DIRECTION ( 'NONE',  ( 1.000000000000000000, -0.000000000000000000, 0.000000000000000000 ) ) ;
#3251 = VERTEX_POINT ( 'NONE', #2140 ) ;
#3252 = AXIS2_PLACEMENT_3D ( 'NONE', #3904, #4224, #1814 ) ;
#3253 = EDGE_CURVE ( 'NONE', #2793, #1948, #3505, .T. ) ;
#3254 = LINE ( 'NONE', #166, #304 ) ;
#3255 = ORIENTED_EDGE ( 'NONE', *, *, #1895, .T. ) ;
#3256 = LINE ( 'NONE', #448, #2711 ) ;
#3257 = EDGE_CURVE ( 'NONE', #223, #169, #2865, .T. ) ;
#3258 = VECTOR ( 'NONE', #2262, 1000.000000000000000 ) ;
#3259 = ORIENTED_EDGE ( 'NONE', *, *, #2203, .T. ) ;
#3260 = ORIENTED_EDGE ( 'NONE', *, *, #141, .T. ) ;
#3261 = CARTESIAN_POINT ( 'NONE',  ( 1.000000000000000000, 0.8499999999999999778, 0.8999999999999999112 ) ) ;
#3262 = ORIENTED_EDGE ( 'NONE', *, *, #1807, .T. ) ;
#3263 = DIRECTION ( 'NONE',  ( -0.000000000000000000, -0.000000000000000000, 1.000000000000000000 ) ) ;
#3264 = DIRECTION ( 'NONE',  ( -1.000000000000000000, 0.000000000000000000, -2.710505431213762071E-16 ) ) ;
#3265 = DIRECTION ( 'NONE',  ( -0.000000000000000000, -1.000000000000000000, 0.000000000000000000 ) ) ;
#3266 = ORIENTED_EDGE ( 'NONE', *, *, #3429, .F. ) ;
#3267 = LINE ( 'NONE', #2889, #1052 ) ;
#3268 = DIRECTION ( 'NONE',  ( -1.000000000000000000, 0.000000000000000000, 1.084202172485504557E-16 ) ) ;
#3269 = AXIS2_PLACEMENT_3D ( 'NONE', #3776, #1399, #1036 ) ;
#3270 = ORIENTED_EDGE ( 'NONE', *, *, #2145, .F. ) ;
#3271 = CARTESIAN_POINT ( 'NONE',  ( 1.000000000000000000, 0.7500000000000000000, -0.9499999999999998446 ) ) ;
#3272 = VECTOR ( 'NONE', #2774, 1000.000000000000000 ) ;
#3273 = CARTESIAN_POINT ( 'NONE',  ( 1.000000000000000000, 0.7500000000000000000, -0.9499999999999998446 ) ) ;
#3274 = DIRECTION ( 'NONE',  ( 0.7071067811865480168, 0.000000000000000000, -0.7071067811865470176 ) ) ;
#3275 = VERTEX_POINT ( 'NONE', #3383 ) ;
#3276 = DIRECTION ( 'NONE',  ( 1.000000000000000000, -0.000000000000000000, 1.734723475976806108E-16 ) ) ;
#3277 = ORIENTED_EDGE ( 'NONE', *, *, #1038, .T. ) ;
#3278 = LINE ( 'NONE', #4314, #4155 ) ;
#3279 = ORIENTED_EDGE ( 'NONE', *, *, #2672, .F. ) ;
#3280 = ORIENTED_EDGE ( 'NONE', *, *, #3446, .F. ) ;
#3281 = CARTESIAN_POINT ( 'NONE',  ( -0.1500000000000000777, 0.000000000000000000, 0.9499999999999996225 ) ) ;
#3282 = DIRECTION ( 'NONE',  ( 1.000000000000000000, 0.000000000000000000, 6.195440985631452359E-16 ) ) ;
#3283 = DIRECTION ( 'NONE',  ( -1.000000000000000000, 0.000000000000000000, -6.969871108835378604E-16 ) ) ;
#3284 = AXIS2_PLACEMENT_3D ( 'NONE', #4291, #3748, #1874 ) ;
#3285 =( NAMED_UNIT ( * ) PLANE_ANGLE_UNIT ( ) SI_UNIT ( $, .RADIAN. ) );
#3286 = EDGE_CURVE ( 'NONE', #4061, #767, #2902, .T. ) ;
#3287 = LINE ( 'NONE', #207, #2315 ) ;
#3288 = CIRCLE ( 'NONE', #2421, 0.1000000000000000472 ) ;
#3289 = ORIENTED_EDGE ( 'NONE', *, *, #1628, .T. ) ;
#3290 = PLANE ( 'NONE',  #534 ) ;
#3291 = VECTOR ( 'NONE', #203, 1000.000000000000000 ) ;
#3292 = ADVANCED_FACE ( 'NONE', ( #2286 ), #2335, .T. ) ;
#3293 = EDGE_CURVE ( 'NONE', #2390, #2078, #1652, .T. ) ;
#3294 = ORIENTED_EDGE ( 'NONE', *, *, #932, .T. ) ;
#3295 = EDGE_LOOP ( 'NONE', ( #2964, #3324, #116, #820 ) ) ;
#3296 = FACE_OUTER_BOUND ( 'NONE', #280, .T. ) ;
#3297 = LINE ( 'NONE', #214, #979 ) ;
#3298 = EDGE_CURVE ( 'NONE', #1485, #2688, #4369, .T. ) ;
#3299 = DIRECTION ( 'NONE',  ( 9.035018104045853438E-17, 1.000000000000000000, 0.000000000000000000 ) ) ;
#3300 = DIRECTION ( 'NONE',  ( -1.000000000000000000, 0.000000000000000000, 0.000000000000000000 ) ) ;
#3301 = VERTEX_POINT ( 'NONE', #3988 ) ;
#3302 = CYLINDRICAL_SURFACE ( 'NONE', #3824, 0.1000000000000000472 ) ;
#3303 = ORIENTED_EDGE ( 'NONE', *, *, #2672, .T. ) ;
#3304 = DIRECTION ( 'NONE',  ( -0.000000000000000000, 1.000000000000000000, -0.000000000000000000 ) ) ;
#3305 = DIRECTION ( 'NONE',  ( -1.000000000000000000, -0.000000000000000000, 2.323290369611792539E-16 ) ) ;
#3306 = ORIENTED_EDGE ( 'NONE', *, *, #407, .F. ) ;
#3307 = VERTEX_POINT ( 'NONE', #3679 ) ;
#3308 = CARTESIAN_POINT ( 'NONE',  ( -1.000000000000000000, 0.8499999999999999778, 0.7999999999999998224 ) ) ;
#3309 = CARTESIAN_POINT ( 'NONE',  ( -1.100000000000000089, 0.3750000000000000000, -0.9249999999999999334 ) ) ;
#3310 = VECTOR ( 'NONE', #1991, 1000.000000000000114 ) ;
#3311 = CARTESIAN_POINT ( 'NONE',  ( 1.100000000000000533, 0.3750000000000000000, -0.9249999999999997113 ) ) ;
#3312 = EDGE_CURVE ( 'NONE', #1849, #24, #959, .T. ) ;
#3313 = ADVANCED_FACE ( 'NONE', ( #3046 ), #1610, .F. ) ;
#3314 = EDGE_CURVE ( 'NONE', #2569, #2032, #2955, .T. ) ;
#3315 = ORIENTED_EDGE ( 'NONE', *, *, #3202, .T. ) ;
#3316 = EDGE_LOOP ( 'NONE', ( #3498, #1393, #423, #1833 ) ) ;
#3317 = DIRECTION ( 'NONE',  ( 0.7071067811865474617, -0.000000000000000000, 0.7071067811865475727 ) ) ;
#3318 = ORIENTED_EDGE ( 'NONE', *, *, #1865, .T. ) ;
#3319 = CARTESIAN_POINT ( 'NONE',  ( 1.175000000000000266, 0.3750000000000000000, -0.9999999999999995559 ) ) ;
#3320 = EDGE_CURVE ( 'NONE', #2960, #3482, #803, .T. ) ;
#3321 = PRESENTATION_STYLE_ASSIGNMENT (( #2919 ) ) ;
#3322 = DIRECTION ( 'NONE',  ( -0.7071067811865460184, 0.000000000000000000, -0.7071067811865489050 ) ) ;
#3323 = EDGE_LOOP ( 'NONE', ( #3499, #1567, #2533, #2945 ) ) ;
#3324 = ORIENTED_EDGE ( 'NONE', *, *, #1702, .F. ) ;
#3325 = APPLICATION_CONTEXT ( 'automotive_design' ) ;
#3326 = DIRECTION ( 'NONE',  ( 0.000000000000000000, -0.000000000000000000, -1.000000000000000000 ) ) ;
#3327 = ORIENTED_EDGE ( 'NONE', *, *, #1812, .F. ) ;
#3328 = AXIS2_PLACEMENT_3D ( 'NONE', #327, #608, #1961 ) ;
#3329 = STYLED_ITEM ( 'NONE', ( #4010 ), #2394 ) ;
#3330 = CIRCLE ( 'NONE', #3694, 0.1000000000000000472 ) ;
#3331 = AXIS2_PLACEMENT_3D ( 'NONE', #2783, #87, #2431 ) ;
#3332 = DIRECTION ( 'NONE',  ( -1.000000000000000000, 0.000000000000000000, 1.084202172485502265E-15 ) ) ;
#3333 = VERTEX_POINT ( 'NONE', #249 ) ;
#3334 = FACE_OUTER_BOUND ( 'NONE', #2166, .T. ) ;
#3335 = ORIENTED_EDGE ( 'NONE', *, *, #3919, .T. ) ;
#3336 = DIRECTION ( 'NONE',  ( 0.000000000000000000, 1.000000000000000000, -0.000000000000000000 ) ) ;
#3337 = CARTESIAN_POINT ( 'NONE',  ( 0.4749999999999999778, 0.3750000000000000000, 0.3250000000000000111 ) ) ;
#3338 = VECTOR ( 'NONE', #1790, 1000.000000000000000 ) ;
#3339 = EDGE_CURVE ( 'NONE', #2432, #3943, #3001, .T. ) ;
#3340 = AXIS2_PLACEMENT_3D ( 'NONE', #1899, #4319, #568 ) ;
#3341 = DIRECTION ( 'NONE',  ( 0.000000000000000000, 0.000000000000000000, -1.000000000000000000 ) ) ;
#3342 = ORIENTED_EDGE ( 'NONE', *, *, #839, .F. ) ;
#3343 = EDGE_LOOP ( 'NONE', ( #1234, #3354, #4307, #1758, #3262, #276, #1682 ) ) ;
#3344 = ADVANCED_FACE ( 'NONE', ( #4355 ), #1965, .F. ) ;
#3345 = CARTESIAN_POINT ( 'NONE',  ( -0.6424631817578864146, 0.8499999999999999778, 0.3972980088857192005 ) ) ;
#3346 = ORIENTED_EDGE ( 'NONE', *, *, #95, .T. ) ;
#3347 = ORIENTED_EDGE ( 'NONE', *, *, #3320, .T. ) ;
#3348 = FILL_AREA_STYLE ('',( #277 ) ) ;
#3349 = CARTESIAN_POINT ( 'NONE',  ( -0.6424631817578864146, 0.9000000000000000222, 0.3972980088857192005 ) ) ;
#3350 = ORIENTED_EDGE ( 'NONE', *, *, #2086, .F. ) ;
#3351 = AXIS2_PLACEMENT_3D ( 'NONE', #1649, #2749, #2713 ) ;
#3352 = ORIENTED_EDGE ( 'NONE', *, *, #1214, .T. ) ;
#3353 = CIRCLE ( 'NONE', #3992, 0.1000000000000001582 ) ;
#3354 = ORIENTED_EDGE ( 'NONE', *, *, #2848, .T. ) ;
#3355 = CARTESIAN_POINT ( 'NONE',  ( -1.250000000000000000, 0.000000000000000000, -0.9249999999999998224 ) ) ;
#3356 = ADVANCED_FACE ( 'NONE', ( #2308 ), #3698, .F. ) ;
#3357 = EDGE_LOOP ( 'NONE', ( #1308, #2890, #409, #1815 ) ) ;
#3358 = ADVANCED_FACE ( 'NONE', ( #590 ), #273, .T. ) ;
#3359 = LINE ( 'NONE', #245, #1722 ) ;
#3360 = ORIENTED_EDGE ( 'NONE', *, *, #638, .F. ) ;
#3361 = DIRECTION ( 'NONE',  ( 1.000000000000000000, -0.000000000000000000, 0.000000000000000000 ) ) ;
#3362 = DIRECTION ( 'NONE',  ( -0.000000000000000000, -1.000000000000000000, 0.000000000000000000 ) ) ;
#3363 = ORIENTED_EDGE ( 'NONE', *, *, #2497, .T. ) ;
#3364 = VECTOR ( 'NONE', #3638, 1000.000000000000000 ) ;
#3365 = AXIS2_PLACEMENT_3D ( 'NONE', #3711, #1974, #1663 ) ;
#3366 = DIRECTION ( 'NONE',  ( -4.130293990420977278E-16, -0.000000000000000000, -1.000000000000000000 ) ) ;
#3367 = EDGE_LOOP ( 'NONE', ( #3479, #3699, #759, #441, #2784, #2222, #1325 ) ) ;
#3368 = CARTESIAN_POINT ( 'NONE',  ( 1.250000000000000222, 0.3750000000000000000, 0.9249999999999997113 ) ) ;
#3369 = EDGE_LOOP ( 'NONE', ( #3600, #1053, #1180, #3192 ) ) ;
#3370 = VECTOR ( 'NONE', #2555, 1000.000000000000000 ) ;
#3371 = EDGE_LOOP ( 'NONE', ( #2298, #889, #3819, #1697 ) ) ;
#3372 = CARTESIAN_POINT ( 'NONE',  ( 1.175000000000000711, 0.3749999999999998890, 0.3250000000000004552 ) ) ;
#3373 = EDGE_CURVE ( 'NONE', #4038, #1544, #548, .T. ) ;
#3374 = LINE ( 'NONE', #2299, #4101 ) ;
#3375 = ORIENTED_EDGE ( 'NONE', *, *, #1680, .F. ) ;
#3376 = DIRECTION ( 'NONE',  ( 0.000000000000000000, 1.000000000000000000, 0.000000000000000000 ) ) ;
#3377 = PLANE ( 'NONE',  #818 ) ;
#3378 = ADVANCED_FACE ( 'NONE', ( #2351 ), #613, .T. ) ;
#3379 = EDGE_CURVE ( 'NONE', #221, #3420, #3287, .T. ) ;
#3380 = LINE ( 'NONE', #3737, #659 ) ;
#3381 = LINE ( 'NONE', #1609, #3773 ) ;
#3382 = EDGE_CURVE ( 'NONE', #2192, #1170, #90, .T. ) ;
#3383 = CARTESIAN_POINT ( 'NONE',  ( -1.175000000000000266, 0.000000000000000000, -0.3250000000000003997 ) ) ;
#3384 = DIRECTION ( 'NONE',  ( -0.000000000000000000, -1.000000000000000000, 0.000000000000000000 ) ) ;
#3385 = CLOSED_SHELL ( 'NONE', ( #1836, #1390, #1048, #2312, #589, #547, #947, #1369, #2289 ) ) ;
#3386 = CARTESIAN_POINT ( 'NONE',  ( -0.1500000000000001055, 0.7500000000000000000, 1.000000000000000000 ) ) ;
#3387 = VECTOR ( 'NONE', #2186, 1000.000000000000000 ) ;
#3388 = DIRECTION ( 'NONE',  ( -0.000000000000000000, -1.000000000000000000, -0.000000000000000000 ) ) ;
#3389 = CARTESIAN_POINT ( 'NONE',  ( 0.4749999999999999778, 0.000000000000000000, -0.3250000000000000111 ) ) ;
#3390 = DIRECTION ( 'NONE',  ( 0.7071067811865454633, 0.000000000000000000, 0.7071067811865496822 ) ) ;
#3391 = ORIENTED_EDGE ( 'NONE', *, *, #1895, .F. ) ;
#3392 = EDGE_LOOP ( 'NONE', ( #210, #1500, #3889, #3843 ) ) ;
#3393 = CARTESIAN_POINT ( 'NONE',  ( 1.175000000000000711, 0.3750000000000000000, -0.3250000000000001221 ) ) ;
#3394 = CARTESIAN_POINT ( 'NONE',  ( 1.250000000000000000, 0.3750000000000000000, 1.000000000000000000 ) ) ;
#3395 = DIRECTION ( 'NONE',  ( -1.000000000000000000, 0.000000000000000000, -0.000000000000000000 ) ) ;
#3396 = LINE ( 'NONE', #1665, #1574 ) ;
#3397 = EDGE_CURVE ( 'NONE', #2011, #1819, #2476, .T. ) ;
#3398 = ORIENTED_EDGE ( 'NONE', *, *, #4090, .T. ) ;
#3399 = CARTESIAN_POINT ( 'NONE',  ( 1.000000000000000000, 0.9000000000000000222, -0.7499999999999996669 ) ) ;
#3400 = DIRECTION ( 'NONE',  ( 1.084202172485504311E-16, -0.000000000000000000, 1.000000000000000000 ) ) ;
#3401 = AXIS2_PLACEMENT_3D ( 'NONE', #2754, #3765, #657 ) ;
#3402 = VECTOR ( 'NONE', #3853, 1000.000000000000000 ) ;
#3403 = CIRCLE ( 'NONE', #949, 0.07500000000000019151 ) ;
#3404 = DIRECTION ( 'NONE',  ( -1.000000000000000000, 0.000000000000000000, -1.734723475976805862E-16 ) ) ;
#3405 = FACE_OUTER_BOUND ( 'NONE', #2052, .T. ) ;
#3406 = VERTEX_POINT ( 'NONE', #1997 ) ;
#3407 = VECTOR ( 'NONE', #4327, 1000.000000000000000 ) ;
#3408 = AXIS2_PLACEMENT_3D ( 'NONE', #1358, #2070, #3404 ) ;
#3409 =( NAMED_UNIT ( * ) PLANE_ANGLE_UNIT ( ) SI_UNIT ( $, .RADIAN. ) );
#3410 = ORIENTED_EDGE ( 'NONE', *, *, #2498, .F. ) ;
#3411 = DIRECTION ( 'NONE',  ( -1.445602896647339903E-16, 0.000000000000000000, 1.000000000000000000 ) ) ;
#3412 = CYLINDRICAL_SURFACE ( 'NONE', #677, 0.05000000000000002359 ) ;
#3413 = DIRECTION ( 'NONE',  ( 1.000000000000000000, 0.000000000000000000, -2.323290369611793032E-16 ) ) ;
#3414 = CARTESIAN_POINT ( 'NONE',  ( 1.250000000000000000, 0.7500000000000000000, 0.9249999999999998224 ) ) ;
#3415 = AXIS2_PLACEMENT_3D ( 'NONE', #2174, #3299, #4258 ) ;
#3416 = DIRECTION ( 'NONE',  ( 0.000000000000000000, 0.000000000000000000, -1.000000000000000000 ) ) ;
#3417 = DIRECTION ( 'NONE',  ( -4.130293990420977278E-16, 0.000000000000000000, 1.000000000000000000 ) ) ;
#3418 = PLANE ( 'NONE',  #2481 ) ;
#3419 = DIRECTION ( 'NONE',  ( 1.000000000000000000, 0.000000000000000000, 0.000000000000000000 ) ) ;
#3420 = VERTEX_POINT ( 'NONE', #2800 ) ;
#3421 = CARTESIAN_POINT ( 'NONE',  ( 1.150000000000000133, 0.7999999999999999334, 0.7499999999999997780 ) ) ;
#3422 = CARTESIAN_POINT ( 'NONE',  ( 1.175000000000000711, 1.402740239554723711, -0.3250000000000001221 ) ) ;
#3423 = EDGE_CURVE ( 'NONE', #1057, #3014, #60, .T. ) ;
#3424 = ADVANCED_FACE ( 'NONE', ( #3101 ), #2094, .T. ) ;
#3425 = DIRECTION ( 'NONE',  ( -0.000000000000000000, -1.000000000000000000, -0.000000000000000000 ) ) ;
#3426 = VERTEX_POINT ( 'NONE', #2454 ) ;
#3427 = ORIENTED_EDGE ( 'NONE', *, *, #294, .F. ) ;
#3428 = UNCERTAINTY_MEASURE_WITH_UNIT (LENGTH_MEASURE( 1.000000000000000082E-05 ), #1852, 'distance_accuracy_value', 'NONE');
#3429 = EDGE_CURVE ( 'NONE', #3019, #2698, #2819, .T. ) ;
#3430 = CIRCLE ( 'NONE', #3852, 0.07499999999999998335 ) ;
#3431 = EDGE_CURVE ( 'NONE', #4269, #1881, #4166, .T. ) ;
#3432 = ORIENTED_EDGE ( 'NONE', *, *, #3569, .F. ) ;
#3433 = AXIS2_PLACEMENT_3D ( 'NONE', #3090, #377, #2079 ) ;
#3434 = CARTESIAN_POINT ( 'NONE',  ( -1.175000000000000711, 0.3749999999999998890, 0.3250000000000001776 ) ) ;
#3435 = EDGE_CURVE ( 'NONE', #3825, #2548, #1694, .T. ) ;
#3436 = ORIENTED_EDGE ( 'NONE', *, *, #927, .F. ) ;
#3437 = CARTESIAN_POINT ( 'NONE',  ( -1.000000000000000000, 0.8499999999999999778, 0.7499999999999997780 ) ) ;
#3438 = VECTOR ( 'NONE', #3361, 1000.000000000000000 ) ;
#3439 = DIRECTION ( 'NONE',  ( 0.000000000000000000, -1.000000000000000000, 0.000000000000000000 ) ) ;
#3440 = VERTEX_POINT ( 'NONE', #3083 ) ;
#3441 = DIRECTION ( 'NONE',  ( 0.000000000000000000, 0.000000000000000000, -1.000000000000000000 ) ) ;
#3442 = PLANE ( 'NONE',  #252 ) ;
#3443 = DIRECTION ( 'NONE',  ( -0.000000000000000000, -1.000000000000000000, -0.000000000000000000 ) ) ;
#3444 = CARTESIAN_POINT ( 'NONE',  ( -1.175000000000000266, 0.000000000000000000, -0.3250000000000003997 ) ) ;
#3445 = DIRECTION ( 'NONE',  ( 0.000000000000000000, 1.000000000000000000, 0.000000000000000000 ) ) ;
#3446 = EDGE_CURVE ( 'NONE', #3880, #2437, #164, .T. ) ;
#3447 = DIRECTION ( 'NONE',  ( 0.7071067811865454633, -0.000000000000000000, 0.7071067811865495711 ) ) ;
#3448 = ORIENTED_EDGE ( 'NONE', *, *, #3972, .T. ) ;
#3449 = CARTESIAN_POINT ( 'NONE',  ( -1.000000000000000000, 3.961045573002793585, 0.7499999999999997780 ) ) ;
#3450 = ORIENTED_EDGE ( 'NONE', *, *, #1578, .T. ) ;
#3451 = ORIENTED_EDGE ( 'NONE', *, *, #2505, .T. ) ;
#3452 = EDGE_CURVE ( 'NONE', #1324, #81, #2045, .T. ) ;
#3453 = CARTESIAN_POINT ( 'NONE',  ( 1.175000000000000044, 0.7500000000000000000, 0.9999999999999997780 ) ) ;
#3454 = CIRCLE ( 'NONE', #4216, 0.05000000000000023870 ) ;
#3455 = EDGE_CURVE ( 'NONE', #2658, #1463, #1794, .T. ) ;
#3456 = MECHANICAL_DESIGN_GEOMETRIC_PRESENTATION_REPRESENTATION (  '', ( #1354 ), #2678 ) ;
#3457 = ORIENTED_EDGE ( 'NONE', *, *, #3015, .F. ) ;
#3458 = EDGE_CURVE ( 'NONE', #1307, #3705, #4242, .T. ) ;
#3459 = FACE_OUTER_BOUND ( 'NONE', #3672, .T. ) ;
#3460 = DIRECTION ( 'NONE',  ( 0.000000000000000000, 1.000000000000000000, 0.000000000000000000 ) ) ;
#3461 = ORIENTED_EDGE ( 'NONE', *, *, #2367, .T. ) ;
#3462 = LINE ( 'NONE', #2089, #860 ) ;
#3463 = LINE ( 'NONE', #651, #1890 ) ;
#3464 = CARTESIAN_POINT ( 'NONE',  ( 1.000000000000000000, 0.9000000000000000222, 0.7999999999999998224 ) ) ;
#3465 = CARTESIAN_POINT ( 'NONE',  ( 0.1500000000000002720, 0.3749999999999999445, -0.9999999999999997780 ) ) ;
#3466 = LINE ( 'NONE', #2402, #1012 ) ;
#3467 = LINE ( 'NONE', #1404, #2538 ) ;
#3468 = ADVANCED_FACE ( 'NONE', ( #3797 ), #996, .F. ) ;
#3469 = DIRECTION ( 'NONE',  ( -0.000000000000000000, -1.000000000000000000, 0.000000000000000000 ) ) ;
#3470 = CARTESIAN_POINT ( 'NONE',  ( -0.2000000000000000111, 0.7500000000000000000, -0.9999999999999997780 ) ) ;
#3471 = AXIS2_PLACEMENT_3D ( 'NONE', #3399, #2996, #1667 ) ;
#3472 = DIRECTION ( 'NONE',  ( 0.000000000000000000, 0.000000000000000000, -1.000000000000000000 ) ) ;
#3473 = AXIS2_PLACEMENT_3D ( 'NONE', #3668, #1932, #3326 ) ;
#3474 = ORIENTED_EDGE ( 'NONE', *, *, #2965, .T. ) ;
#3475 = VERTEX_POINT ( 'NONE', #1019 ) ;
#3476 = CARTESIAN_POINT ( 'NONE',  ( -6.776263578034391619E-17, 0.3750000000000000000, -0.9499999999999996225 ) ) ;
#3477 = DIRECTION ( 'NONE',  ( -0.000000000000000000, -1.000000000000000000, -0.000000000000000000 ) ) ;
#3478 = EDGE_CURVE ( 'NONE', #1286, #48, #3466, .T. ) ;
#3479 = ORIENTED_EDGE ( 'NONE', *, *, #564, .T. ) ;
#3480 = VECTOR ( 'NONE', #941, 1000.000000000000000 ) ;
#3481 = ORIENTED_EDGE ( 'NONE', *, *, #1800, .T. ) ;
#3482 = VERTEX_POINT ( 'NONE', #3068 ) ;
#3483 = CARTESIAN_POINT ( 'NONE',  ( -0.4749999999999998668, 0.3750000000000000000, 0.6249999999999997780 ) ) ;
#3484 = FACE_OUTER_BOUND ( 'NONE', #991, .T. ) ;
#3485 = FILL_AREA_STYLE ('',( #1350 ) ) ;
#3486 = ORIENTED_EDGE ( 'NONE', *, *, #1090, .T. ) ;
#3487 = DIRECTION ( 'NONE',  ( 0.000000000000000000, 0.000000000000000000, -1.000000000000000000 ) ) ;
#3488 = LINE ( 'NONE', #810, #663 ) ;
#3489 = VECTOR ( 'NONE', #1201, 1000.000000000000000 ) ;
#3490 = CARTESIAN_POINT ( 'NONE',  ( -0.1500000000000002442, 0.3750000000000000000, -0.9999999999999997780 ) ) ;
#3491 = ADVANCED_FACE ( 'NONE', ( #3145 ), #3127, .T. ) ;
#3492 = LINE ( 'NONE', #3465, #2562 ) ;
#3493 = EDGE_CURVE ( 'NONE', #4016, #2326, #1671, .T. ) ;
#3494 = DIRECTION ( 'NONE',  ( 0.000000000000000000, 0.000000000000000000, -1.000000000000000000 ) ) ;
#3495 = VERTEX_POINT ( 'NONE', #4389 ) ;
#3496 = CARTESIAN_POINT ( 'NONE',  ( -1.150000000000000133, 0.8499999999999999778, 0.7499999999999997780 ) ) ;
#3497 = CARTESIAN_POINT ( 'NONE',  ( 0.4750000000000001443, 0.000000000000000000, -0.9249999999999997113 ) ) ;
#3498 = ORIENTED_EDGE ( 'NONE', *, *, #2167, .T. ) ;
#3499 = ORIENTED_EDGE ( 'NONE', *, *, #141, .F. ) ;
#3500 = ORIENTED_EDGE ( 'NONE', *, *, #39, .F. ) ;
#3501 = DIRECTION ( 'NONE',  ( -0.000000000000000000, -1.000000000000000000, -0.000000000000000000 ) ) ;
#3502 = ORIENTED_EDGE ( 'NONE', *, *, #52, .T. ) ;
#3503 = CIRCLE ( 'NONE', #3433, 0.05000000000000002359 ) ;
#3504 = LINE ( 'NONE', #3854, #434 ) ;
#3505 = CIRCLE ( 'NONE', #1552, 0.1500000000000000777 ) ;
#3506 = PRESENTATION_STYLE_ASSIGNMENT (( #3526 ) ) ;
#3507 = VERTEX_POINT ( 'NONE', #2737 ) ;
#3508 = CARTESIAN_POINT ( 'NONE',  ( 1.175000000000000044, 1.402740239554723711, 1.000000000000000000 ) ) ;
#3509 = EDGE_CURVE ( 'NONE', #3905, #1170, #3815, .T. ) ;
#3510 = CARTESIAN_POINT ( 'NONE',  ( 1.175000000000000711, 0.3749999999999998890, -0.3250000000000001221 ) ) ;
#3511 = VECTOR ( 'NONE', #3985, 1000.000000000000114 ) ;
#3512 = DIRECTION ( 'NONE',  ( -1.000000000000000000, 0.000000000000000000, -6.969871108835378604E-16 ) ) ;
#3513 = EDGE_CURVE ( 'NONE', #3555, #618, #4005, .T. ) ;
#3514 = ADVANCED_FACE ( 'NONE', ( #923 ), #2283, .F. ) ;
#3515 = ORIENTED_EDGE ( 'NONE', *, *, #1820, .T. ) ;
#3516 = LINE ( 'NONE', #107, #755 ) ;
#3517 = ORIENTED_EDGE ( 'NONE', *, *, #3625, .T. ) ;
#3518 = ADVANCED_FACE ( 'NONE', ( #3676 ), #853, .T. ) ;
#3519 = EDGE_CURVE ( 'NONE', #3482, #3406, #1588, .T. ) ;
#3520 = LINE ( 'NONE', #410, #1872 ) ;
#3521 = CARTESIAN_POINT ( 'NONE',  ( 1.150000000000000133, 0.8499999999999999778, 0.7499999999999997780 ) ) ;
#3522 = ORIENTED_EDGE ( 'NONE', *, *, #2167, .F. ) ;
#3523 = DIRECTION ( 'NONE',  ( -0.000000000000000000, 0.000000000000000000, 1.000000000000000000 ) ) ;
#3524 = VECTOR ( 'NONE', #1184, 1000.000000000000000 ) ;
#3525 = CARTESIAN_POINT ( 'NONE',  ( 1.000000000000000000, 0.7999999999999999334, -0.7499999999999996669 ) ) ;
#3526 = SURFACE_STYLE_USAGE ( .BOTH. , #4160 ) ;
#3527 = DIRECTION ( 'NONE',  ( -0.7071067811865526798, 0.000000000000000000, -0.7071067811865424657 ) ) ;
#3528 = DIRECTION ( 'NONE',  ( 0.000000000000000000, 0.000000000000000000, -1.000000000000000000 ) ) ;
#3529 = ORIENTED_EDGE ( 'NONE', *, *, #358, .T. ) ;
#3530 = PLANE ( 'NONE',  #702 ) ;
#3531 = EDGE_CURVE ( 'NONE', #1622, #1485, #2547, .T. ) ;
#3532 = EDGE_LOOP ( 'NONE', ( #1908, #2551, #1148, #84, #3146, #528, #2194, #771 ) ) ;
#3533 = DIRECTION ( 'NONE',  ( -1.000000000000000000, 0.000000000000000000, 1.084202172485502462E-15 ) ) ;
#3534 = EDGE_LOOP ( 'NONE', ( #4249, #3363, #406, #112 ) ) ;
#3535 = DIRECTION ( 'NONE',  ( 1.807003620809173892E-16, 0.000000000000000000, -1.000000000000000000 ) ) ;
#3536 = CARTESIAN_POINT ( 'NONE',  ( 1.174999999999999822, 0.3749999999999998890, 1.000000000000000000 ) ) ;
#3537 = CARTESIAN_POINT ( 'NONE',  ( 1.000000000000000000, 0.8499999999999999778, 0.7499999999999997780 ) ) ;
#3538 = ORIENTED_EDGE ( 'NONE', *, *, #357, .T. ) ;
#3539 = PRESENTATION_LAYER_ASSIGNMENT (  '', '', ( #3329 ) ) ;
#3540 = FILL_AREA_STYLE ('',( #68 ) ) ;
#3541 = AXIS2_PLACEMENT_3D ( 'NONE', #4232, #3219, #2553 ) ;
#3542 = VERTEX_POINT ( 'NONE', #1938 ) ;
#3543 = CYLINDRICAL_SURFACE ( 'NONE', #196, 0.1000000000000000472 ) ;
#3544 = LINE ( 'NONE', #1553, #2136 ) ;
#3545 = PLANE ( 'NONE',  #64 ) ;
#3546 = AXIS2_PLACEMENT_3D ( 'NONE', #4035, #2339, #4054 ) ;
#3547 = AXIS2_PLACEMENT_3D ( 'NONE', #1422, #1401, #314 ) ;
#3548 = CARTESIAN_POINT ( 'NONE',  ( -1.100000000000000089, 0.7500000000000000000, 0.7499999999999997780 ) ) ;
#3549 = DIRECTION ( 'NONE',  ( 1.000000000000000000, 0.000000000000000000, 0.000000000000000000 ) ) ;
#3550 = DIRECTION ( 'NONE',  ( -1.000000000000000000, 0.000000000000000000, -6.195440985631451373E-16 ) ) ;
#3551 = ORIENTED_EDGE ( 'NONE', *, *, #4294, .F. ) ;
#3552 = DIRECTION ( 'NONE',  ( 0.000000000000000000, 0.000000000000000000, -1.000000000000000000 ) ) ;
#3553 = ORIENTED_EDGE ( 'NONE', *, *, #3519, .T. ) ;
#3554 = DIRECTION ( 'NONE',  ( -0.000000000000000000, -1.000000000000000000, 0.000000000000000000 ) ) ;
#3555 = VERTEX_POINT ( 'NONE', #3653 ) ;
#3556 = DIRECTION ( 'NONE',  ( 0.000000000000000000, 0.000000000000000000, 1.000000000000000000 ) ) ;
#3557 = CARTESIAN_POINT ( 'NONE',  ( 0.4749999999999999778, 1.402740239554723711, -0.3250000000000000111 ) ) ;
#3558 =( GEOMETRIC_REPRESENTATION_CONTEXT ( 3 ) GLOBAL_UNCERTAINTY_ASSIGNED_CONTEXT ( ( #2383 ) ) GLOBAL_UNIT_ASSIGNED_CONTEXT ( ( #985, #1614, #4014 ) ) REPRESENTATION_CONTEXT ( 'NONE', 'WORKASPACE' ) );
#3559 = VECTOR ( 'NONE', #4049, 1000.000000000000000 ) ;
#3560 = ORIENTED_EDGE ( 'NONE', *, *, #1766, .F. ) ;
#3561 = EDGE_CURVE ( 'NONE', #558, #4195, #4293, .T. ) ;
#3562 = FACE_OUTER_BOUND ( 'NONE', #3882, .T. ) ;
#3563 = ORIENTED_EDGE ( 'NONE', *, *, #319, .F. ) ;
#3564 = VERTEX_POINT ( 'NONE', #174 ) ;
#3565 = DIRECTION ( 'NONE',  ( 0.000000000000000000, 0.000000000000000000, -1.000000000000000000 ) ) ;
#3566 = FACE_OUTER_BOUND ( 'NONE', #3367, .T. ) ;
#3567 = CARTESIAN_POINT ( 'NONE',  ( -1.000000000000000000, 3.961045573002793585, 0.8499999999999998668 ) ) ;
#3568 = CARTESIAN_POINT ( 'NONE',  ( 1.250000000000000222, 0.3750000000000000000, 0.9249999999999998224 ) ) ;
#3569 = EDGE_CURVE ( 'NONE', #2724, #3275, #2953, .T. ) ;
#3570 = ADVANCED_FACE ( 'NONE', ( #4231 ), #1536, .F. ) ;
#3571 = CARTESIAN_POINT ( 'NONE',  ( 1.175000000000000711, 0.3750000000000000000, -0.3250000000000001221 ) ) ;
#3572 = CYLINDRICAL_SURFACE ( 'NONE', #1744, 0.1000000000000000472 ) ;
#3573 = ORIENTED_EDGE ( 'NONE', *, *, #1750, .F. ) ;
#3574 = STYLED_ITEM ( 'NONE', ( #3321 ), #873 ) ;
#3575 = LINE ( 'NONE', #467, #2973 ) ;
#3576 = ORIENTED_EDGE ( 'NONE', *, *, #373, .T. ) ;
#3577 = DIRECTION ( 'NONE',  ( 0.7071067811865461294, 0.000000000000000000, -0.7071067811865489050 ) ) ;
#3578 = VECTOR ( 'NONE', #1566, 1000.000000000000114 ) ;
#3579 = ORIENTED_EDGE ( 'NONE', *, *, #3151, .T. ) ;
#3580 = PLANE ( 'NONE',  #2190 ) ;
#3581 = DIRECTION ( 'NONE',  ( -0.000000000000000000, -1.000000000000000000, -0.000000000000000000 ) ) ;
#3582 = EDGE_CURVE ( 'NONE', #2341, #2969, #2622, .T. ) ;
#3583 = LINE ( 'NONE', #1175, #579 ) ;
#3584 = CARTESIAN_POINT ( 'NONE',  ( -1.175000000000000044, 0.7500000000000000000, -0.9999999999999997780 ) ) ;
#3585 = AXIS2_PLACEMENT_3D ( 'NONE', #984, #2359, #3746 ) ;
#3586 = VERTEX_POINT ( 'NONE', #3986 ) ;
#3587 = DIRECTION ( 'NONE',  ( -1.000000000000000000, -0.000000000000000000, 1.084202172485504557E-16 ) ) ;
#3588 = DIRECTION ( 'NONE',  ( -0.000000000000000000, -1.000000000000000000, -0.000000000000000000 ) ) ;
#3589 = CARTESIAN_POINT ( 'NONE',  ( 1.175000000000000044, 0.3750000000000000000, 1.000000000000000000 ) ) ;
#3590 = EDGE_CURVE ( 'NONE', #158, #475, #3087, .T. ) ;
#3591 = EDGE_LOOP ( 'NONE', ( #1789, #2871, #2664, #125 ) ) ;
#3592 = EDGE_LOOP ( 'NONE', ( #1718, #3964, #115, #2471 ) ) ;
#3593 = PLANE ( 'NONE',  #3740 ) ;
#3594 = DIRECTION ( 'NONE',  ( 0.000000000000000000, 0.000000000000000000, -1.000000000000000000 ) ) ;
#3595 = EDGE_CURVE ( 'NONE', #2192, #2817, #2932, .T. ) ;
#3596 = CARTESIAN_POINT ( 'NONE',  ( 0.4749999999999999778, 0.3750000000000000000, -0.3250000000000000111 ) ) ;
#3597 = ORIENTED_EDGE ( 'NONE', *, *, #1492, .F. ) ;
#3598 = VECTOR ( 'NONE', #1747, 1000.000000000000000 ) ;
#3599 = DIRECTION ( 'NONE',  ( 9.035018104045870694E-17, -0.000000000000000000, -1.000000000000000000 ) ) ;
#3600 = ORIENTED_EDGE ( 'NONE', *, *, #4401, .F. ) ;
#3601 = DIRECTION ( 'NONE',  ( -0.000000000000000000, -1.000000000000000000, -0.000000000000000000 ) ) ;
#3602 = AXIS2_PLACEMENT_3D ( 'NONE', #3018, #584, #1561 ) ;
#3603 = LINE ( 'NONE', #2595, #1290 ) ;
#3604 = COLOUR_RGB ( '',0.7960784313725489669, 0.8235294117647058432, 0.9372549019607843146 ) ;
#3605 = ORIENTED_EDGE ( 'NONE', *, *, #259, .F. ) ;
#3606 = CARTESIAN_POINT ( 'NONE',  ( 1.250000000000000222, 0.3750000000000000000, -0.9999999999999995559 ) ) ;
#3607 = ORIENTED_EDGE ( 'NONE', *, *, #1994, .F. ) ;
#3608 = DIRECTION ( 'NONE',  ( -1.445602896647339903E-16, -0.000000000000000000, 1.000000000000000000 ) ) ;
#3609 = SURFACE_STYLE_USAGE ( .BOTH. , #2212 ) ;
#3610 = LINE ( 'NONE', #176, #2342 ) ;
#3611 = EDGE_LOOP ( 'NONE', ( #1611, #1158, #491, #2293 ) ) ;
#3612 = ORIENTED_EDGE ( 'NONE', *, *, #3195, .T. ) ;
#3613 = DIRECTION ( 'NONE',  ( 1.000000000000000000, -9.035018104045854671E-17, 0.000000000000000000 ) ) ;
#3614 = LINE ( 'NONE', #3924, #3027 ) ;
#3615 = CARTESIAN_POINT ( 'NONE',  ( 1.000000000000000000, 0.7999999999999999334, -0.8999999999999999112 ) ) ;
#3616 = AXIS2_PLACEMENT_3D ( 'NONE', #2408, #1000, #1675 ) ;
#3617 = CARTESIAN_POINT ( 'NONE',  ( 0.4750000000000001443, 0.000000000000000000, -0.9249999999999997113 ) ) ;
#3618 =( NAMED_UNIT ( * ) PLANE_ANGLE_UNIT ( ) SI_UNIT ( $, .RADIAN. ) );
#3619 = VECTOR ( 'NONE', #1664, 1000.000000000000000 ) ;
#3620 = CARTESIAN_POINT ( 'NONE',  ( 1.000000000000000000, 0.8500000000000000888, -0.7499999999999996669 ) ) ;
#3621 = LINE ( 'NONE', #4259, #3917 ) ;
#3622 = ORIENTED_EDGE ( 'NONE', *, *, #2914, .T. ) ;
#3623 = LINE ( 'NONE', #790, #1907 ) ;
#3624 = VECTOR ( 'NONE', #1615, 1000.000000000000000 ) ;
#3625 = EDGE_CURVE ( 'NONE', #2129, #2368, #497, .T. ) ;
#3626 = LINE ( 'NONE', #4018, #1007 ) ;
#3627 = EDGE_LOOP ( 'NONE', ( #3346, #2958, #2742, #3956, #2620, #3681, #2252 ) ) ;
#3628 = CARTESIAN_POINT ( 'NONE',  ( 1.250000000000000222, 0.000000000000000000, -0.9999999999999995559 ) ) ;
#3629 = ORIENTED_EDGE ( 'NONE', *, *, #1072, .F. ) ;
#3630 = VERTEX_POINT ( 'NONE', #3309 ) ;
#3631 = DIRECTION ( 'NONE',  ( 0.000000000000000000, -1.000000000000000000, 0.000000000000000000 ) ) ;
#3632 = ORIENTED_EDGE ( 'NONE', *, *, #1750, .T. ) ;
#3633 = DIRECTION ( 'NONE',  ( 1.000000000000000000, 0.000000000000000000, 0.000000000000000000 ) ) ;
#3634 = ADVANCED_FACE ( 'NONE', ( #2600 ), #1878, .F. ) ;
#3635 = DIRECTION ( 'NONE',  ( -1.000000000000000000, 0.000000000000000000, 0.000000000000000000 ) ) ;
#3636 = DIRECTION ( 'NONE',  ( 0.000000000000000000, 0.000000000000000000, -1.000000000000000000 ) ) ;
#3637 = ORIENTED_EDGE ( 'NONE', *, *, #2995, .T. ) ;
#3638 = DIRECTION ( 'NONE',  ( -0.000000000000000000, -1.000000000000000000, -0.000000000000000000 ) ) ;
#3639 =( GEOMETRIC_REPRESENTATION_CONTEXT ( 3 ) GLOBAL_UNCERTAINTY_ASSIGNED_CONTEXT ( ( #3662 ) ) GLOBAL_UNIT_ASSIGNED_CONTEXT ( ( #2772, #2872, #1577 ) ) REPRESENTATION_CONTEXT ( 'NONE', 'WORKASPACE' ) );
#3640 = EDGE_LOOP ( 'NONE', ( #2583, #1635, #3647, #1599, #1263 ) ) ;
#3641 = PLANE ( 'NONE',  #2060 ) ;
#3642 = LINE ( 'NONE', #3568, #4253 ) ;
#3643 = DIRECTION ( 'NONE',  ( 0.000000000000000000, 1.000000000000000000, 0.000000000000000000 ) ) ;
#3644 = DIRECTION ( 'NONE',  ( 0.000000000000000000, 0.000000000000000000, 1.000000000000000000 ) ) ;
#3645 = ORIENTED_EDGE ( 'NONE', *, *, #2799, .F. ) ;
#3646 = ORIENTED_EDGE ( 'NONE', *, *, #3024, .F. ) ;
#3647 = ORIENTED_EDGE ( 'NONE', *, *, #3781, .F. ) ;
#3648 = CARTESIAN_POINT ( 'NONE',  ( 0.000000000000000000, 0.000000000000000000, -0.9500000000000079492 ) ) ;
#3649 = ORIENTED_EDGE ( 'NONE', *, *, #1721, .F. ) ;
#3650 = EDGE_CURVE ( 'NONE', #2917, #1540, #2240, .T. ) ;
#3651 = COLOUR_RGB ( '',0.9686274509803921573, 0.8784313725490195957, 0.5999999999999999778 ) ;
#3652 = CARTESIAN_POINT ( 'NONE',  ( -1.250000000000000000, 0.3750000000000000000, 0.9249999999999998224 ) ) ;
#3653 = CARTESIAN_POINT ( 'NONE',  ( -0.1500000000000002442, 0.3750000000000000000, 0.9499999999999914069 ) ) ;
#3654 = EDGE_CURVE ( 'NONE', #1188, #2390, #2647, .T. ) ;
#3655 = TOROIDAL_SURFACE ( 'NONE', #1044, 0.1500000000000001055, 0.05000000000000000278 ) ;
#3656 = EDGE_CURVE ( 'NONE', #713, #1563, #270, .T. ) ;
#3657 = CARTESIAN_POINT ( 'NONE',  ( 1.050000000000000266, 0.8499999999999999778, -0.7499999999999996669 ) ) ;
#3658 = CIRCLE ( 'NONE', #2115, 0.04999999999999991257 ) ;
#3659 = ADVANCED_FACE ( 'NONE', ( #2999 ), #4332, .T. ) ;
#3660 = VECTOR ( 'NONE', #1432, 1000.000000000000000 ) ;
#3661 = CARTESIAN_POINT ( 'NONE',  ( -1.000000000000000000, 0.8499999999999999778, 0.8499999999999998668 ) ) ;
#3662 = UNCERTAINTY_MEASURE_WITH_UNIT (LENGTH_MEASURE( 1.000000000000000082E-05 ), #2772, 'distance_accuracy_value', 'NONE');
#3663 = ORIENTED_EDGE ( 'NONE', *, *, #2804, .T. ) ;
#3664 = CARTESIAN_POINT ( 'NONE',  ( -1.175000000000000044, 0.3749999999999998890, 0.9999999999999997780 ) ) ;
#3665 = ORIENTED_EDGE ( 'NONE', *, *, #1945, .T. ) ;
#3666 = ORIENTED_EDGE ( 'NONE', *, *, #383, .T. ) ;
#3667 = EDGE_CURVE ( 'NONE', #2809, #3495, #1858, .T. ) ;
#3668 = CARTESIAN_POINT ( 'NONE',  ( -1.250000000000000000, 0.000000000000000000, 0.9999999999999997780 ) ) ;
#3669 = ORIENTED_EDGE ( 'NONE', *, *, #1153, .T. ) ;
#3670 = CARTESIAN_POINT ( 'NONE',  ( -0.1500000000000000777, 0.7500000000000000000, -0.9499999999999996225 ) ) ;
#3671 = CARTESIAN_POINT ( 'NONE',  ( 1.250000000000000222, 0.3749999999999998890, 0.9249999999999997113 ) ) ;
#3672 = EDGE_LOOP ( 'NONE', ( #161, #3303, #2584, #182 ) ) ;
#3673 = DIRECTION ( 'NONE',  ( 1.000000000000000000, 0.000000000000000000, 6.195440985631450387E-16 ) ) ;
#3674 = ORIENTED_EDGE ( 'NONE', *, *, #3257, .F. ) ;
#3675 = CARTESIAN_POINT ( 'NONE',  ( -1.250000000000000000, 0.7500000000000000000, 0.9999999999999997780 ) ) ;
#3676 = FACE_OUTER_BOUND ( 'NONE', #536, .T. ) ;
#3677 = EDGE_CURVE ( 'NONE', #767, #1385, #1979, .T. ) ;
#3678 = CIRCLE ( 'NONE', #4354, 0.05000000000000002359 ) ;
#3679 = CARTESIAN_POINT ( 'NONE',  ( 0.4749999999999999778, 0.000000000000000000, -0.3250000000000000111 ) ) ;
#3680 = CARTESIAN_POINT ( 'NONE',  ( 0.000000000000000000, 0.7500000000000000000, -0.9999999999999997780 ) ) ;
#3681 = ORIENTED_EDGE ( 'NONE', *, *, #4257, .T. ) ;
#3682 = EDGE_LOOP ( 'NONE', ( #3427, #1708, #55, #3360 ) ) ;
#3683 = DIRECTION ( 'NONE',  ( 0.7071067811865454633, 0.000000000000000000, 0.7071067811865496822 ) ) ;
#3684 = ORIENTED_EDGE ( 'NONE', *, *, #41, .T. ) ;
#3685 = EDGE_CURVE ( 'NONE', #2147, #1188, #3686, .T. ) ;
#3686 = LINE ( 'NONE', #4378, #1428 ) ;
#3687 = CARTESIAN_POINT ( 'NONE',  ( -1.175000000000000266, 1.402740239554723711, -0.3250000000000003997 ) ) ;
#3688 = VERTEX_POINT ( 'NONE', #1950 ) ;
#3689 = ORIENTED_EDGE ( 'NONE', *, *, #2652, .T. ) ;
#3690 = PLANE ( 'NONE',  #4363 ) ;
#3691 = VERTEX_POINT ( 'NONE', #2295 ) ;
#3692 = VECTOR ( 'NONE', #2370, 1000.000000000000000 ) ;
#3693 = VECTOR ( 'NONE', #701, 1000.000000000000114 ) ;
#3694 = AXIS2_PLACEMENT_3D ( 'NONE', #2082, #53, #4179 ) ;
#3695 = DIRECTION ( 'NONE',  ( -0.000000000000000000, 0.000000000000000000, 1.000000000000000000 ) ) ;
#3696 = LINE ( 'NONE', #896, #3291 ) ;
#3697 = VECTOR ( 'NONE', #2751, 1000.000000000000000 ) ;
#3698 = PLANE ( 'NONE',  #240 ) ;
#3699 = ORIENTED_EDGE ( 'NONE', *, *, #1455, .T. ) ;
#3700 = FACE_OUTER_BOUND ( 'NONE', #4209, .T. ) ;
#3701 = ADVANCED_FACE ( 'NONE', ( #732 ), #753, .F. ) ;
#3702 = EDGE_CURVE ( 'NONE', #169, #1799, #3728, .T. ) ;
#3703 = EDGE_LOOP ( 'NONE', ( #3801, #3573, #2099, #2016 ) ) ;
#3704 = DIRECTION ( 'NONE',  ( 0.000000000000000000, 0.000000000000000000, -1.000000000000000000 ) ) ;
#3705 = VERTEX_POINT ( 'NONE', #2355 ) ;
#3706 = AXIS2_PLACEMENT_3D ( 'NONE', #4275, #209, #1860 ) ;
#3707 = CARTESIAN_POINT ( 'NONE',  ( 0.000000000000000000, 0.000000000000000000, 0.9499999999999996225 ) ) ;
#3708 = ORIENTED_EDGE ( 'NONE', *, *, #2995, .F. ) ;
#3709 = AXIS2_PLACEMENT_3D ( 'NONE', #163, #1751, #2943 ) ;
#3710 = VERTEX_POINT ( 'NONE', #1654 ) ;
#3711 = CARTESIAN_POINT ( 'NONE',  ( 1.000000000000000000, 0.8499999999999999778, -0.7499999999999996669 ) ) ;
#3712 = EDGE_CURVE ( 'NONE', #3691, #648, #3678, .T. ) ;
#3713 = EDGE_CURVE ( 'NONE', #1586, #1740, #3742, .T. ) ;
#3714 = VECTOR ( 'NONE', #1506, 1000.000000000000000 ) ;
#3715 = ADVANCED_FACE ( 'NONE', ( #2207 ), #2926, .T. ) ;
#3716 = DIRECTION ( 'NONE',  ( 0.000000000000000000, 0.000000000000000000, -1.000000000000000000 ) ) ;
#3717 = DIRECTION ( 'NONE',  ( 0.000000000000000000, -1.000000000000000000, 0.000000000000000000 ) ) ;
#3718 = EDGE_CURVE ( 'NONE', #2202, #3307, #2482, .T. ) ;
#3719 = EDGE_LOOP ( 'NONE', ( #2109, #3315, #1921, #265 ) ) ;
#3720 = FACE_OUTER_BOUND ( 'NONE', #1437, .T. ) ;
#3721 = DIRECTION ( 'NONE',  ( -0.000000000000000000, -1.000000000000000000, -0.000000000000000000 ) ) ;
#3722 = CARTESIAN_POINT ( 'NONE',  ( -0.6424631817578864146, 0.9000000000000000222, 0.4462738344141491953 ) ) ;
#3723 = DIRECTION ( 'NONE',  ( 0.000000000000000000, 0.000000000000000000, 1.000000000000000000 ) ) ;
#3724 = CARTESIAN_POINT ( 'NONE',  ( 1.000000000000000000, 0.7999999999999999334, -0.9499999999999998446 ) ) ;
#3725 = EDGE_CURVE ( 'NONE', #2969, #1360, #2459, .T. ) ;
#3726 = SURFACE_SIDE_STYLE ('',( #2336 ) ) ;
#3727 = VECTOR ( 'NONE', #878, 1000.000000000000000 ) ;
#3728 = LINE ( 'NONE', #371, #1710 ) ;
#3729 = DIRECTION ( 'NONE',  ( 0.000000000000000000, 0.000000000000000000, 1.000000000000000000 ) ) ;
#3730 = FACE_OUTER_BOUND ( 'NONE', #3316, .T. ) ;
#3731 = ORIENTED_EDGE ( 'NONE', *, *, #2100, .F. ) ;
#3732 = DIRECTION ( 'NONE',  ( 0.000000000000000000, 1.000000000000000000, -0.000000000000000000 ) ) ;
#3733 = CARTESIAN_POINT ( 'NONE',  ( 1.175000000000000488, 0.3750000000000000000, 0.8499999999999995337 ) ) ;
#3734 = CARTESIAN_POINT ( 'NONE',  ( -1.000000000000000000, 0.7500000000000000000, 0.9499999999999998446 ) ) ;
#3735 = DIRECTION ( 'NONE',  ( -0.000000000000000000, -1.000000000000000000, 0.000000000000000000 ) ) ;
#3736 = LINE ( 'NONE', #4003, #2697 ) ;
#3737 = CARTESIAN_POINT ( 'NONE',  ( -0.1500000000000001332, 0.7500000000000000000, -0.9499999999999996225 ) ) ;
#3738 = CARTESIAN_POINT ( 'NONE',  ( -1.000000000000000000, 0.7999999999999999334, 0.7499999999999997780 ) ) ;
#3739 = CARTESIAN_POINT ( 'NONE',  ( 0.1500000000000000777, 0.7500000000000000000, -1.000000000000000000 ) ) ;
#3740 = AXIS2_PLACEMENT_3D ( 'NONE', #443, #481, #1863 ) ;
#3741 = CARTESIAN_POINT ( 'NONE',  ( 1.000000000000000000, 0.7999999999999999334, -0.7499999999999996669 ) ) ;
#3742 = LINE ( 'NONE', #1322, #2290 ) ;
#3743 = EDGE_LOOP ( 'NONE', ( #4344, #2876, #3335, #1467 ) ) ;
#3744 = ORIENTED_EDGE ( 'NONE', *, *, #1229, .T. ) ;
#3745 = CARTESIAN_POINT ( 'NONE',  ( 0.1500000000000002720, 0.3749999999999999445, -0.9500000000000079492 ) ) ;
#3746 = DIRECTION ( 'NONE',  ( 0.000000000000000000, 0.000000000000000000, -1.000000000000000000 ) ) ;
#3747 = ORIENTED_EDGE ( 'NONE', *, *, #326, .T. ) ;
#3748 = DIRECTION ( 'NONE',  ( -1.000000000000000000, 0.000000000000000000, -1.445602896647339656E-16 ) ) ;
#3749 = CARTESIAN_POINT ( 'NONE',  ( 1.200000000000000178, 0.7999999999999999334, 0.7499999999999997780 ) ) ;
#3750 = DIRECTION ( 'NONE',  ( -9.035018104045869462E-17, 0.000000000000000000, 1.000000000000000000 ) ) ;
#3751 = DIRECTION ( 'NONE',  ( 9.035018104045854671E-17, 1.000000000000000000, -0.000000000000000000 ) ) ;
#3752 = CYLINDRICAL_SURFACE ( 'NONE', #3328, 0.2000000000000002054 ) ;
#3753 = EDGE_CURVE ( 'NONE', #2258, #4225, #540, .T. ) ;
#3754 = LINE ( 'NONE', #1314, #3841 ) ;
#3755 = AXIS2_PLACEMENT_3D ( 'NONE', #3798, #1341, #998 ) ;
#3756 = LINE ( 'NONE', #2019, #1889 ) ;
#3757 = VECTOR ( 'NONE', #624, 1000.000000000000000 ) ;
#3758 = AXIS2_PLACEMENT_3D ( 'NONE', #1725, #1366, #2441 ) ;
#3759 = ORIENTED_EDGE ( 'NONE', *, *, #3179, .T. ) ;
#3760 = EDGE_CURVE ( 'NONE', #1246, #2548, #3603, .T. ) ;
#3761 = VECTOR ( 'NONE', #3011, 1000.000000000000000 ) ;
#3762 = EDGE_CURVE ( 'NONE', #2162, #4273, #3278, .T. ) ;
#3763 = EDGE_CURVE ( 'NONE', #618, #4326, #1562, .T. ) ;
#3764 = VECTOR ( 'NONE', #388, 1000.000000000000000 ) ;
#3765 = DIRECTION ( 'NONE',  ( -0.000000000000000000, -1.000000000000000000, -0.000000000000000000 ) ) ;
#3766 = ADVANCED_FACE ( 'NONE', ( #1220 ), #2975, .F. ) ;
#3767 = EDGE_LOOP ( 'NONE', ( #3649, #332, #1550, #479, #344, #1408, #3868, #1602 ) ) ;
#3768 = LINE ( 'NONE', #2843, #762 ) ;
#3769 = ORIENTED_EDGE ( 'NONE', *, *, #2799, .T. ) ;
#3770 = LINE ( 'NONE', #1032, #929 ) ;
#3771 = CIRCLE ( 'NONE', #2173, 0.05000000000000002359 ) ;
#3772 = CARTESIAN_POINT ( 'NONE',  ( -0.1500000000000002442, 0.3750000000000000000, -0.9999999999999997780 ) ) ;
#3773 = VECTOR ( 'NONE', #3000, 1000.000000000000000 ) ;
#3774 = DIRECTION ( 'NONE',  ( 0.000000000000000000, -1.000000000000000000, 0.000000000000000000 ) ) ;
#3775 = DIRECTION ( 'NONE',  ( 4.517509052022936456E-16, 0.000000000000000000, -1.000000000000000000 ) ) ;
#3776 = CARTESIAN_POINT ( 'NONE',  ( -1.200000000000000178, 3.961045573002793585, -0.7499999999999995559 ) ) ;
#3777 = EDGE_CURVE ( 'NONE', #1586, #221, #3063, .T. ) ;
#3778 = DIRECTION ( 'NONE',  ( 0.000000000000000000, 1.000000000000000000, -0.000000000000000000 ) ) ;
#3779 = VERTEX_POINT ( 'NONE', #1960 ) ;
#3780 = FACE_OUTER_BOUND ( 'NONE', #4013, .T. ) ;
#3781 = EDGE_CURVE ( 'NONE', #1842, #2627, #2278, .T. ) ;
#3782 = LINE ( 'NONE', #1717, #3041 ) ;
#3783 = EDGE_CURVE ( 'NONE', #2985, #2432, #4347, .T. ) ;
#3784 = PLANE ( 'NONE',  #1274 ) ;
#3785 = VECTOR ( 'NONE', #1309, 1000.000000000000000 ) ;
#3786 = TOROIDAL_SURFACE ( 'NONE', #3216, 0.1500000000000001055, 0.05000000000000000278 ) ;
#3787 = LINE ( 'NONE', #2056, #2271 ) ;
#3788 = ORIENTED_EDGE ( 'NONE', *, *, #2388, .T. ) ;
#3789 = AXIS2_PLACEMENT_3D ( 'NONE', #2740, #2006, #1719 ) ;
#3790 =( NAMED_UNIT ( * ) PLANE_ANGLE_UNIT ( ) SI_UNIT ( $, .RADIAN. ) );
#3791 = ADVANCED_FACE ( 'NONE', ( #4384 ), #484, .T. ) ;
#3792 = ORIENTED_EDGE ( 'NONE', *, *, #440, .T. ) ;
#3793 = DIRECTION ( 'NONE',  ( 1.000000000000000000, -2.891205793294678326E-16, 0.000000000000000000 ) ) ;
#3794 = CARTESIAN_POINT ( 'NONE',  ( 1.100000000000000311, 0.8499999999999999778, -0.7499999999999996669 ) ) ;
#3795 = CARTESIAN_POINT ( 'NONE',  ( -0.4749999999999999778, 0.000000000000000000, -0.3250000000000000111 ) ) ;
#3796 = PLANE ( 'NONE',  #1391 ) ;
#3797 = FACE_OUTER_BOUND ( 'NONE', #2681, .T. ) ;
#3798 = CARTESIAN_POINT ( 'NONE',  ( -0.6424631817578864146, 0.8499999999999999778, 0.3972980088857192005 ) ) ;
#3799 = EDGE_CURVE ( 'NONE', #3965, #3825, #2346, .T. ) ;
#3800 = LINE ( 'NONE', #3085, #4302 ) ;
#3801 = ORIENTED_EDGE ( 'NONE', *, *, #2589, .T. ) ;
#3802 = CARTESIAN_POINT ( 'NONE',  ( -1.000000000000000000, 0.7500000000000000000, -0.7499999999999995559 ) ) ;
#3803 = EDGE_LOOP ( 'NONE', ( #4043, #3629, #2228, #2208 ) ) ;
#3804 = VECTOR ( 'NONE', #1058, 1000.000000000000000 ) ;
#3805 = PLANE ( 'NONE',  #4338 ) ;
#3806 = AXIS2_PLACEMENT_3D ( 'NONE', #2925, #4265, #1508 ) ;
#3807 = EDGE_LOOP ( 'NONE', ( #666, #2381, #150, #3398, #1078, #1269, #508 ) ) ;
#3808 = ADVANCED_FACE ( 'NONE', ( #1293 ), #563, .T. ) ;
#3809 = CARTESIAN_POINT ( 'NONE',  ( -1.175000000000000044, 1.402740239554723711, 0.9999999999999997780 ) ) ;
#3810 =( NAMED_UNIT ( * ) SI_UNIT ( $, .STERADIAN. ) SOLID_ANGLE_UNIT ( ) );
#3811 = ORIENTED_EDGE ( 'NONE', *, *, #2491, .F. ) ;
#3812 = FACE_OUTER_BOUND ( 'NONE', #489, .T. ) ;
#3813 = LINE ( 'NONE', #2092, #1163 ) ;
#3814 = CARTESIAN_POINT ( 'NONE',  ( -0.4749999999999998668, 1.402740239554723711, 0.6249999999999997780 ) ) ;
#3815 = LINE ( 'NONE', #4085, #20 ) ;
#3816 = EDGE_LOOP ( 'NONE', ( #2828, #3931, #2075, #912 ) ) ;
#3817 = DIRECTION ( 'NONE',  ( -0.000000000000000000, 1.000000000000000000, -0.000000000000000000 ) ) ;
#3818 = TOROIDAL_SURFACE ( 'NONE', #3106, 0.1500000000000002165, 0.05000000000000000278 ) ;
#3819 = ORIENTED_EDGE ( 'NONE', *, *, #2587, .F. ) ;
#3820 = AXIS2_PLACEMENT_3D ( 'NONE', #2414, #3116, #3395 ) ;
#3821 = DIRECTION ( 'NONE',  ( -0.000000000000000000, -1.000000000000000000, -0.000000000000000000 ) ) ;
#3822 = MANIFOLD_SOLID_BREP ( 'Cap', #1775 ) ;
#3823 = CARTESIAN_POINT ( 'NONE',  ( -0.7749999999999999112, 0.3750000000000000000, 0.3249999999999997891 ) ) ;
#3824 = AXIS2_PLACEMENT_3D ( 'NONE', #220, #242, #3716 ) ;
#3825 = VERTEX_POINT ( 'NONE', #3094 ) ;
#3826 = CARTESIAN_POINT ( 'NONE',  ( 0.4749999999999999223, 0.3749999999999998890, 0.9249999999999999334 ) ) ;
#3827 = CARTESIAN_POINT ( 'NONE',  ( 0.1500000000000002720, 0.1874999999999999722, 0.9499999999999914069 ) ) ;
#3828 = EDGE_CURVE ( 'NONE', #49, #1622, #1416, .T. ) ;
#3829 = ORIENTED_EDGE ( 'NONE', *, *, #900, .T. ) ;
#3830 = EDGE_LOOP ( 'NONE', ( #1630, #782, #404, #3457 ) ) ;
#3831 = DIRECTION ( 'NONE',  ( 2.710505431213762071E-16, 0.000000000000000000, -1.000000000000000000 ) ) ;
#3832 = CARTESIAN_POINT ( 'NONE',  ( 1.100000000000000311, 0.3749999999999998890, 0.9250000000000000444 ) ) ;
#3833 =( LENGTH_UNIT ( ) NAMED_UNIT ( * ) SI_UNIT ( .MILLI., .METRE. ) );
#3834 = EDGE_LOOP ( 'NONE', ( #3646, #3461, #4373, #2603 ) ) ;
#3835 = ADVANCED_FACE ( 'NONE', ( #2746 ), #1498, .T. ) ;
#3836 = ORIENTED_EDGE ( 'NONE', *, *, #1681, .T. ) ;
#3837 = CARTESIAN_POINT ( 'NONE',  ( -1.000000000000000000, 0.9000000000000000222, -0.7999999999999996003 ) ) ;
#3838 = VECTOR ( 'NONE', #2183, 1000.000000000000000 ) ;
#3839 = ORIENTED_EDGE ( 'NONE', *, *, #1217, .F. ) ;
#3840 = CARTESIAN_POINT ( 'NONE',  ( -1.000000000000000000, 0.7999999999999999334, 0.9499999999999998446 ) ) ;
#3841 = VECTOR ( 'NONE', #3417, 1000.000000000000000 ) ;
#3842 = DIRECTION ( 'NONE',  ( 0.000000000000000000, 0.000000000000000000, 1.000000000000000000 ) ) ;
#3843 = ORIENTED_EDGE ( 'NONE', *, *, #180, .T. ) ;
#3844 = CARTESIAN_POINT ( 'NONE',  ( 0.1500000000000002720, 0.1874999999999999722, 0.9499999999999914069 ) ) ;
#3845 = ADVANCED_FACE ( 'NONE', ( #2813 ), #739, .T. ) ;
#3846 = PLANE ( 'NONE',  #274 ) ;
#3847 = CARTESIAN_POINT ( 'NONE',  ( 1.000000000000000000, 3.961045573002793585, 0.7499999999999997780 ) ) ;
#3848 = EDGE_LOOP ( 'NONE', ( #2292, #605, #997, #2939 ) ) ;
#3849 = ORIENTED_EDGE ( 'NONE', *, *, #153, .F. ) ;
#3850 = ORIENTED_EDGE ( 'NONE', *, *, #3151, .F. ) ;
#3851 = EDGE_CURVE ( 'NONE', #3586, #955, #1644, .T. ) ;
#3852 = AXIS2_PLACEMENT_3D ( 'NONE', #2012, #3732, #171 ) ;
#3853 = DIRECTION ( 'NONE',  ( 0.7071067811865424657, 0.000000000000000000, -0.7071067811865526798 ) ) ;
#3854 = CARTESIAN_POINT ( 'NONE',  ( -0.4749999999999997558, 0.000000000000000000, -0.9249999999999998224 ) ) ;
#3855 = AXIS2_PLACEMENT_3D ( 'NONE', #688, #70, #25 ) ;
#3856 = CARTESIAN_POINT ( 'NONE',  ( -1.100000000000000089, 0.8500000000000000888, -0.7499999999999995559 ) ) ;
#3857 = ORIENTED_EDGE ( 'NONE', *, *, #950, .T. ) ;
#3858 = DIRECTION ( 'NONE',  ( 1.000000000000000000, -0.000000000000000000, -0.000000000000000000 ) ) ;
#3859 = DIRECTION ( 'NONE',  ( -0.000000000000000000, 1.000000000000000000, 0.000000000000000000 ) ) ;
#3860 = ORIENTED_EDGE ( 'NONE', *, *, #3890, .F. ) ;
#3861 = CIRCLE ( 'NONE', #2866, 0.05000000000000002359 ) ;
#3862 = DIRECTION ( 'NONE',  ( 0.000000000000000000, 0.000000000000000000, -1.000000000000000000 ) ) ;
#3863 = VERTEX_POINT ( 'NONE', #3118 ) ;
#3864 = CARTESIAN_POINT ( 'NONE',  ( -0.4749999999999999778, 1.402740239554723711, -0.3250000000000000111 ) ) ;
#3865 = VERTEX_POINT ( 'NONE', #3856 ) ;
#3866 = CARTESIAN_POINT ( 'NONE',  ( -0.4749999999999998668, 0.3750000000000000000, 0.6249999999999997780 ) ) ;
#3867 = FACE_OUTER_BOUND ( 'NONE', #2375, .T. ) ;
#3868 = ORIENTED_EDGE ( 'NONE', *, *, #94, .F. ) ;
#3869 = FACE_OUTER_BOUND ( 'NONE', #3592, .T. ) ;
#3870 = ORIENTED_EDGE ( 'NONE', *, *, #2244, .T. ) ;
#3871 = CARTESIAN_POINT ( 'NONE',  ( -0.1500000000000001055, 0.000000000000000000, 1.000000000000000000 ) ) ;
#3872 = VERTEX_POINT ( 'NONE', #2445 ) ;
#3873 = DIRECTION ( 'NONE',  ( 0.7071067811865474617, -0.000000000000000000, 0.7071067811865475727 ) ) ;
#3874 = CYLINDRICAL_SURFACE ( 'NONE', #2699, 0.04999999999999991257 ) ;
#3875 = VECTOR ( 'NONE', #2366, 1000.000000000000000 ) ;
#3876 = FACE_OUTER_BOUND ( 'NONE', #4222, .T. ) ;
#3877 = ORIENTED_EDGE ( 'NONE', *, *, #4078, .T. ) ;
#3878 = CARTESIAN_POINT ( 'NONE',  ( 1.100000000000000089, 0.9000000000000000222, 0.7499999999999997780 ) ) ;
#3879 = MANIFOLD_SOLID_BREP ( 'Pad[3]', #4022 ) ;
#3880 = VERTEX_POINT ( 'NONE', #2790 ) ;
#3881 = DIRECTION ( 'NONE',  ( 4.130293990420977771E-16, 0.000000000000000000, -1.000000000000000000 ) ) ;
#3882 = EDGE_LOOP ( 'NONE', ( #4182, #3515, #1403, #3448 ) ) ;
#3883 = CARTESIAN_POINT ( 'NONE',  ( -1.175000000000000044, 1.402740239554723711, 0.9999999999999997780 ) ) ;
#3884 = EDGE_CURVE ( 'NONE', #1556, #3237, #2084, .T. ) ;
#3885 = ADVANCED_FACE ( 'NONE', ( #2470 ), #1440, .F. ) ;
#3886 = DIRECTION ( 'NONE',  ( 0.000000000000000000, 0.000000000000000000, -1.000000000000000000 ) ) ;
#3887 = VERTEX_POINT ( 'NONE', #1811 ) ;
#3888 = CARTESIAN_POINT ( 'NONE',  ( -0.4749999999999999223, 1.402740239554723711, 0.9249999999999998224 ) ) ;
#3889 = ORIENTED_EDGE ( 'NONE', *, *, #4133, .F. ) ;
#3890 = EDGE_CURVE ( 'NONE', #930, #2596, #887, .T. ) ;
#3891 = CARTESIAN_POINT ( 'NONE',  ( -0.1500000000000002720, 0.1875000000000000000, -0.9500000000000079492 ) ) ;
#3892 = VECTOR ( 'NONE', #4350, 1000.000000000000000 ) ;
#3893 = EDGE_CURVE ( 'NONE', #4391, #2809, #3621, .T. ) ;
#3894 = VECTOR ( 'NONE', #3831, 1000.000000000000000 ) ;
#3895 = CIRCLE ( 'NONE', #3541, 0.04999999999999991257 ) ;
#3896 = AXIS2_PLACEMENT_3D ( 'NONE', #1116, #1209, #1136 ) ;
#3897 = ORIENTED_EDGE ( 'NONE', *, *, #52, .F. ) ;
#3898 = CARTESIAN_POINT ( 'NONE',  ( 1.000000000000000000, 0.8499999999999999778, 0.7499999999999997780 ) ) ;
#3899 = VECTOR ( 'NONE', #247, 1000.000000000000000 ) ;
#3900 = LINE ( 'NONE', #419, #3049 ) ;
#3901 = CARTESIAN_POINT ( 'NONE',  ( 1.000000000000000000, 0.9000000000000000222, 0.7999999999999998224 ) ) ;
#3902 = VERTEX_POINT ( 'NONE', #1888 ) ;
#3903 = EDGE_CURVE ( 'NONE', #648, #1091, #2944, .T. ) ;
#3904 = CARTESIAN_POINT ( 'NONE',  ( 1.250000000000000222, 1.402740239554723711, 0.9249999999999997113 ) ) ;
#3905 = VERTEX_POINT ( 'NONE', #3209 ) ;
#3906 = DIRECTION ( 'NONE',  ( 0.7071067811865489050, 0.000000000000000000, 0.7071067811865461294 ) ) ;
#3907 = ORIENTED_EDGE ( 'NONE', *, *, #2904, .T. ) ;
#3908 = CARTESIAN_POINT ( 'NONE',  ( -1.000000000000000000, 0.7999999999999999334, -0.7499999999999995559 ) ) ;
#3909 = ORIENTED_EDGE ( 'NONE', *, *, #679, .F. ) ;
#3910 = VECTOR ( 'NONE', #2736, 1000.000000000000000 ) ;
#3911 = CARTESIAN_POINT ( 'NONE',  ( -1.250000000000000000, 0.7500000000000000000, -0.9249999999999998224 ) ) ;
#3912 = EDGE_CURVE ( 'NONE', #1556, #3475, #1120, .T. ) ;
#3913 = DIRECTION ( 'NONE',  ( 0.000000000000000000, 0.000000000000000000, -1.000000000000000000 ) ) ;
#3914 = CARTESIAN_POINT ( 'NONE',  ( -1.000000000000000000, 0.7500000000000000000, 0.7499999999999997780 ) ) ;
#3915 = VECTOR ( 'NONE', #2348, 1000.000000000000000 ) ;
#3916 = EDGE_CURVE ( 'NONE', #1948, #3880, #2850, .T. ) ;
#3917 = VECTOR ( 'NONE', #1162, 1000.000000000000000 ) ;
#3918 = ORIENTED_EDGE ( 'NONE', *, *, #373, .F. ) ;
#3919 = EDGE_CURVE ( 'NONE', #3959, #2898, #189, .T. ) ;
#3920 = DIRECTION ( 'NONE',  ( 0.000000000000000000, 0.000000000000000000, 1.000000000000000000 ) ) ;
#3921 = CARTESIAN_POINT ( 'NONE',  ( -1.250000000000000000, 0.7500000000000000000, -0.9999999999999997780 ) ) ;
#3922 = ADVANCED_FACE ( 'NONE', ( #3876 ), #788, .F. ) ;
#3923 = ORIENTED_EDGE ( 'NONE', *, *, #1700, .F. ) ;
#3924 = CARTESIAN_POINT ( 'NONE',  ( 1.100000000000000311, 0.9000000000000000222, -0.7499999999999996669 ) ) ;
#3925 = APPLICATION_CONTEXT ( 'automotive_design' ) ;
#3926 = DIRECTION ( 'NONE',  ( 0.000000000000000000, 0.000000000000000000, 1.000000000000000000 ) ) ;
#3927 = CARTESIAN_POINT ( 'NONE',  ( -0.4749999999999998668, 0.3749999999999998890, 0.6249999999999997780 ) ) ;
#3928 = VERTEX_POINT ( 'NONE', #2251 ) ;
#3929 = ORIENTED_EDGE ( 'NONE', *, *, #1766, .T. ) ;
#3930 = LINE ( 'NONE', #3878, #1828 ) ;
#3931 = ORIENTED_EDGE ( 'NONE', *, *, #1538, .F. ) ;
#3932 = PLANE ( 'NONE',  #1318 ) ;
#3933 = VECTOR ( 'NONE', #2104, 1000.000000000000000 ) ;
#3934 = CARTESIAN_POINT ( 'NONE',  ( -1.250000000000000000, 0.000000000000000000, -0.9249999999999998224 ) ) ;
#3935 = EDGE_LOOP ( 'NONE', ( #4036, #1656, #928, #3196 ) ) ;
#3936 = LINE ( 'NONE', #4362, #271 ) ;
#3937 = CARTESIAN_POINT ( 'NONE',  ( -0.1500000000000002442, 0.3750000000000000000, 0.9499999999999914069 ) ) ;
#3938 = FILL_AREA_STYLE ('',( #1514 ) ) ;
#3939 = CARTESIAN_POINT ( 'NONE',  ( -0.1500000000000000777, 0.000000000000000000, -0.9499999999999996225 ) ) ;
#3940 = ORIENTED_EDGE ( 'NONE', *, *, #230, .T. ) ;
#3941 = DIRECTION ( 'NONE',  ( -0.000000000000000000, -0.000000000000000000, 1.000000000000000000 ) ) ;
#3942 = DIRECTION ( 'NONE',  ( 0.000000000000000000, 0.000000000000000000, -1.000000000000000000 ) ) ;
#3943 = VERTEX_POINT ( 'NONE', #2178 ) ;
#3944 = ORIENTED_EDGE ( 'NONE', *, *, #2049, .T. ) ;
#3945 = DIRECTION ( 'NONE',  ( -9.035018104045870694E-17, 0.000000000000000000, 1.000000000000000000 ) ) ;
#3946 = FACE_OUTER_BOUND ( 'NONE', #232, .T. ) ;
#3947 = PLANE ( 'NONE',  #4254 ) ;
#3948 = ORIENTED_EDGE ( 'NONE', *, *, #3024, .T. ) ;
#3949 = EDGE_CURVE ( 'NONE', #3705, #2032, #1212, .T. ) ;
#3950 = EDGE_CURVE ( 'NONE', #1065, #2095, #2565, .T. ) ;
#3951 = AXIS2_PLACEMENT_3D ( 'NONE', #2040, #8, #3487 ) ;
#3952 = AXIS2_PLACEMENT_3D ( 'NONE', #140, #3967, #1135 ) ;
#3953 = ORIENTED_EDGE ( 'NONE', *, *, #3298, .T. ) ;
#3954 = CARTESIAN_POINT ( 'NONE',  ( -0.6424631817578864146, 0.8499999999999999778, 0.4462738344141491953 ) ) ;
#3955 = CARTESIAN_POINT ( 'NONE',  ( 0.4749999999999999778, 0.000000000000000000, -0.3250000000000000111 ) ) ;
#3956 = ORIENTED_EDGE ( 'NONE', *, *, #4401, .T. ) ;
#3957 = ORIENTED_EDGE ( 'NONE', *, *, #3242, .T. ) ;
#3958 = DIRECTION ( 'NONE',  ( -1.000000000000000000, 0.000000000000000000, -0.000000000000000000 ) ) ;
#3959 = VERTEX_POINT ( 'NONE', #1840 ) ;
#3960 = DIRECTION ( 'NONE',  ( 0.000000000000000000, 0.000000000000000000, -1.000000000000000000 ) ) ;
#3961 =( NAMED_UNIT ( * ) SI_UNIT ( $, .STERADIAN. ) SOLID_ANGLE_UNIT ( ) );
#3962 = DIRECTION ( 'NONE',  ( -0.000000000000000000, -1.000000000000000000, 0.000000000000000000 ) ) ;
#3963 = VERTEX_POINT ( 'NONE', #3229 ) ;
#3964 = ORIENTED_EDGE ( 'NONE', *, *, #3884, .T. ) ;
#3965 = VERTEX_POINT ( 'NONE', #1187 ) ;
#3966 = CARTESIAN_POINT ( 'NONE',  ( 1.250000000000000222, 0.000000000000000000, 0.9249999999999998224 ) ) ;
#3967 = DIRECTION ( 'NONE',  ( -0.000000000000000000, 1.000000000000000000, 0.000000000000000000 ) ) ;
#3968 = MECHANICAL_DESIGN_GEOMETRIC_PRESENTATION_REPRESENTATION (  '', ( #1074 ), #2463 ) ;
#3969 = DIRECTION ( 'NONE',  ( -1.000000000000000000, 0.000000000000000000, -1.734723475976806108E-16 ) ) ;
#3970 = CIRCLE ( 'NONE', #4305, 0.04897582552842999482 ) ;
#3971 = AXIS2_PLACEMENT_3D ( 'NONE', #2458, #3150, #731 ) ;
#3972 = EDGE_CURVE ( 'NONE', #57, #2618, #146, .T. ) ;
#3973 = DIRECTION ( 'NONE',  ( -0.7071067811865470176, 0.000000000000000000, -0.7071067811865479058 ) ) ;
#3974 = ORIENTED_EDGE ( 'NONE', *, *, #4414, .T. ) ;
#3975 = DIRECTION ( 'NONE',  ( -1.000000000000000000, 0.000000000000000000, 1.084202172485502462E-15 ) ) ;
#3976 = VECTOR ( 'NONE', #3248, 1000.000000000000000 ) ;
#3977 = VECTOR ( 'NONE', #3581, 1000.000000000000000 ) ;
#3978 = CARTESIAN_POINT ( 'NONE',  ( 0.1500000000000002720, 0.3749999999999999445, 0.9499999999999914069 ) ) ;
#3979 = VERTEX_POINT ( 'NONE', #445 ) ;
#3980 = CARTESIAN_POINT ( 'NONE',  ( -0.7749999999999999112, 0.3750000000000000000, 0.3249999999999997891 ) ) ;
#3981 = EDGE_CURVE ( 'NONE', #255, #1927, #2897, .T. ) ;
#3982 = EDGE_CURVE ( 'NONE', #2015, #586, #1462, .T. ) ;
#3983 = ORIENTED_EDGE ( 'NONE', *, *, #827, .F. ) ;
#3984 = ORIENTED_EDGE ( 'NONE', *, *, #3172, .F. ) ;
#3985 = DIRECTION ( 'NONE',  ( -0.7071067811865460184, 0.000000000000000000, -0.7071067811865489050 ) ) ;
#3986 = CARTESIAN_POINT ( 'NONE',  ( -0.6424631817578864146, 0.9000000000000000222, 0.3483221833572892057 ) ) ;
#3987 = DIRECTION ( 'NONE',  ( 0.000000000000000000, -0.000000000000000000, -1.000000000000000000 ) ) ;
#3988 = CARTESIAN_POINT ( 'NONE',  ( 1.175000000000000711, 0.000000000000000000, 0.3250000000000004552 ) ) ;
#3989 = PRESENTATION_LAYER_ASSIGNMENT (  '', '', ( #1459 ) ) ;
#3990 = ADVANCED_FACE ( 'NONE', ( #1481 ), #3572, .T. ) ;
#3991 = DIRECTION ( 'NONE',  ( -4.517509052022936456E-16, -0.000000000000000000, 1.000000000000000000 ) ) ;
#3992 = AXIS2_PLACEMENT_3D ( 'NONE', #2452, #3445, #726 ) ;
#3993 = DIRECTION ( 'NONE',  ( 0.000000000000000000, 0.000000000000000000, -1.000000000000000000 ) ) ;
#3994 = DIRECTION ( 'NONE',  ( 4.517509052022936456E-16, 0.000000000000000000, -1.000000000000000000 ) ) ;
#3995 = CARTESIAN_POINT ( 'NONE',  ( -1.100000000000000089, 0.9000000000000000222, -0.7499999999999995559 ) ) ;
#3996 = VERTEX_POINT ( 'NONE', #1139 ) ;
#3997 = EDGE_LOOP ( 'NONE', ( #3944, #4188, #1861, #665 ) ) ;
#3998 = EDGE_CURVE ( 'NONE', #4195, #2658, #4243, .T. ) ;
#3999 = PLANE ( 'NONE',  #3473 ) ;
#4000 = ORIENTED_EDGE ( 'NONE', *, *, #1546, .T. ) ;
#4001 = ORIENTED_EDGE ( 'NONE', *, *, #1946, .F. ) ;
#4002 =( GEOMETRIC_REPRESENTATION_CONTEXT ( 3 ) GLOBAL_UNCERTAINTY_ASSIGNED_CONTEXT ( ( #2632 ) ) GLOBAL_UNIT_ASSIGNED_CONTEXT ( ( #258, #3618, #1238 ) ) REPRESENTATION_CONTEXT ( 'NONE', 'WORKASPACE' ) );
#4003 = CARTESIAN_POINT ( 'NONE',  ( -0.1500000000000002720, 0.1875000000000000000, 0.9499999999999914069 ) ) ;
#4004 = FACE_OUTER_BOUND ( 'NONE', #852, .T. ) ;
#4005 = LINE ( 'NONE', #3937, #1449 ) ;
#4006 = CIRCLE ( 'NONE', #1267, 0.2000000000000002054 ) ;
#4007 = CARTESIAN_POINT ( 'NONE',  ( 1.175000000000000266, 0.3750000000000000000, -0.9999999999999995559 ) ) ;
#4008 = DIRECTION ( 'NONE',  ( -0.000000000000000000, -1.000000000000000000, -0.000000000000000000 ) ) ;
#4009 = AXIS2_PLACEMENT_3D ( 'NONE', #3007, #2679, #2318 ) ;
#4010 = PRESENTATION_STYLE_ASSIGNMENT (( #296 ) ) ;
#4011 = AXIS2_PLACEMENT_3D ( 'NONE', #1829, #1474, #2913 ) ;
#4012 = VERTEX_POINT ( 'NONE', #2201 ) ;
#4013 = EDGE_LOOP ( 'NONE', ( #1476, #2160, #3173, #2275 ) ) ;
#4014 =( NAMED_UNIT ( * ) SI_UNIT ( $, .STERADIAN. ) SOLID_ANGLE_UNIT ( ) );
#4015 = ORIENTED_EDGE ( 'NONE', *, *, #2156, .T. ) ;
#4016 = VERTEX_POINT ( 'NONE', #1867 ) ;
#4017 = CARTESIAN_POINT ( 'NONE',  ( 1.000000000000000000, 0.9000000000000000222, 0.8499999999999998668 ) ) ;
#4018 = CARTESIAN_POINT ( 'NONE',  ( 1.175000000000000266, 0.000000000000000000, -0.9999999999999995559 ) ) ;
#4019 = ORIENTED_EDGE ( 'NONE', *, *, #1700, .T. ) ;
#4020 = PLANE ( 'NONE',  #3602 ) ;
#4021 = CARTESIAN_POINT ( 'NONE',  ( -1.000000000000000000, 0.7500000000000000000, -0.8499999999999996447 ) ) ;
#4022 = CLOSED_SHELL ( 'NONE', ( #3181, #1244, #1239, #1030, #897, #2500, #109, #2143, #4388 ) ) ;
#4023 = CARTESIAN_POINT ( 'NONE',  ( -1.000000000000000000, 3.961045573002793585, 0.8499999999999998668 ) ) ;
#4024 = AXIS2_PLACEMENT_3D ( 'NONE', #2522, #1143, #3552 ) ;
#4025 = LINE ( 'NONE', #1996, #254 ) ;
#4026 = VECTOR ( 'NONE', #585, 1000.000000000000000 ) ;
#4027 = DIRECTION ( 'NONE',  ( 0.000000000000000000, -0.000000000000000000, -1.000000000000000000 ) ) ;
#4028 = EDGE_LOOP ( 'NONE', ( #3002, #598, #1703, #553 ) ) ;
#4029 = FILL_AREA_STYLE ('',( #1301 ) ) ;
#4030 = DIRECTION ( 'NONE',  ( -0.7071067811865454633, 0.000000000000000000, 0.7071067811865495711 ) ) ;
#4031 = ADVANCED_FACE ( 'NONE', ( #2590 ), #3947, .F. ) ;
#4032 = ORIENTED_EDGE ( 'NONE', *, *, #2558, .T. ) ;
#4033 = EDGE_LOOP ( 'NONE', ( #43, #224, #334, #2617, #561, #4328, #3953, #183, #1042, #4317, #4177, #1846, #681, #1826, #372, #3522, #920, #229, #2398, #3731, #501, #2916, #3918, #3708, #447, #2457, #2576, #2763, #3020, #3306, #3984, #1791, #218, #2696, #1920, #1933, #3022 ) ) ;
#4034 = LINE ( 'NONE', #3031, #2048 ) ;
#4035 = CARTESIAN_POINT ( 'NONE',  ( 0.000000000000000000, 0.7500000000000000000, -0.9499999999999996225 ) ) ;
#4036 = ORIENTED_EDGE ( 'NONE', *, *, #413, .F. ) ;
#4037 = FACE_BOUND ( 'NONE', #4343, .T. ) ;
#4038 = VERTEX_POINT ( 'NONE', #1306 ) ;
#4039 = FACE_OUTER_BOUND ( 'NONE', #3703, .T. ) ;
#4040 = TOROIDAL_SURFACE ( 'NONE', #1879, 0.05000000000000004441, 0.05000000000000000278 ) ;
#4041 = CIRCLE ( 'NONE', #4102, 0.04897582552842999482 ) ;
#4042 = EDGE_CURVE ( 'NONE', #1065, #3943, #2361, .T. ) ;
#4043 = ORIENTED_EDGE ( 'NONE', *, *, #319, .T. ) ;
#4044 = DIRECTION ( 'NONE',  ( 1.000000000000000000, -0.000000000000000000, 0.000000000000000000 ) ) ;
#4045 = CARTESIAN_POINT ( 'NONE',  ( -1.000000000000000000, 0.8499999999999999778, -0.7999999999999996003 ) ) ;
#4046 = VECTOR ( 'NONE', #1925, 1000.000000000000000 ) ;
#4047 = DIRECTION ( 'NONE',  ( -1.000000000000000000, 0.000000000000000000, -1.734723475976806108E-16 ) ) ;
#4048 = ADVANCED_FACE ( 'NONE', ( #2653 ), #1547, .T. ) ;
#4049 = DIRECTION ( 'NONE',  ( -1.000000000000000000, 0.000000000000000000, 1.084202172485504434E-16 ) ) ;
#4050 = ADVANCED_FACE ( 'NONE', ( #3700 ), #573, .T. ) ;
#4051 = VERTEX_POINT ( 'NONE', #4339 ) ;
#4052 = DIRECTION ( 'NONE',  ( 0.000000000000000000, -1.000000000000000000, 0.000000000000000000 ) ) ;
#4053 = VECTOR ( 'NONE', #744, 1000.000000000000000 ) ;
#4054 = DIRECTION ( 'NONE',  ( -1.000000000000000000, 0.000000000000000000, -0.000000000000000000 ) ) ;
#4055 = ORIENTED_EDGE ( 'NONE', *, *, #2091, .F. ) ;
#4056 = LINE ( 'NONE', #641, #3005 ) ;
#4057 = STYLED_ITEM ( 'NONE', ( #3506 ), #3879 ) ;
#4058 = ORIENTED_EDGE ( 'NONE', *, *, #3916, .T. ) ;
#4059 = CARTESIAN_POINT ( 'NONE',  ( 0.4749999999999999778, 0.3749999999999998890, -0.3250000000000000111 ) ) ;
#4060 = CARTESIAN_POINT ( 'NONE',  ( 1.000000000000000000, 0.8499999999999999778, -0.7499999999999996669 ) ) ;
#4061 = VERTEX_POINT ( 'NONE', #2629 ) ;
#4062 = CARTESIAN_POINT ( 'NONE',  ( 0.000000000000000000, 0.7500000000000000000, -0.9999999999999997780 ) ) ;
#4063 = PLANE ( 'NONE',  #3351 ) ;
#4064 = DIRECTION ( 'NONE',  ( -0.000000000000000000, -1.000000000000000000, -0.000000000000000000 ) ) ;
#4065 = CARTESIAN_POINT ( 'NONE',  ( -1.250000000000000000, 0.000000000000000000, 0.9249999999999998224 ) ) ;
#4066 = CARTESIAN_POINT ( 'NONE',  ( 0.4749999999999999778, 0.000000000000000000, -0.3250000000000000111 ) ) ;
#4067 = CARTESIAN_POINT ( 'NONE',  ( 1.250000000000000000, 0.7500000000000000000, 0.000000000000000000 ) ) ;
#4068 = VECTOR ( 'NONE', #872, 1000.000000000000000 ) ;
#4069 = VECTOR ( 'NONE', #4052, 1000.000000000000000 ) ;
#4070 = EDGE_LOOP ( 'NONE', ( #3064, #4075, #1124, #2637 ) ) ;
#4071 = CARTESIAN_POINT ( 'NONE',  ( 1.175000000000000711, 0.3750000000000000000, -0.8499999999999993117 ) ) ;
#4072 = CARTESIAN_POINT ( 'NONE',  ( -0.4749999999999999778, 0.3750000000000000000, -0.3250000000000000111 ) ) ;
#4073 = CIRCLE ( 'NONE', #2197, 0.2000000000000000944 ) ;
#4074 = ORIENTED_EDGE ( 'NONE', *, *, #205, .F. ) ;
#4075 = ORIENTED_EDGE ( 'NONE', *, *, #1376, .T. ) ;
#4076 = CARTESIAN_POINT ( 'NONE',  ( 1.100000000000000089, 0.8499999999999999778, 0.7499999999999997780 ) ) ;
#4077 = EDGE_CURVE ( 'NONE', #1144, #1307, #1279, .T. ) ;
#4078 = EDGE_CURVE ( 'NONE', #871, #3863, #4277, .T. ) ;
#4079 = EDGE_CURVE ( 'NONE', #2835, #2147, #906, .T. ) ;
#4080 = ORIENTED_EDGE ( 'NONE', *, *, #3950, .T. ) ;
#4081 = LINE ( 'NONE', #4062, #3249 ) ;
#4082 = CARTESIAN_POINT ( 'NONE',  ( -1.174999999999999822, 1.402740239554723711, -0.9999999999999997780 ) ) ;
#4083 = EDGE_CURVE ( 'NONE', #4016, #736, #2266, .T. ) ;
#4084 = DIRECTION ( 'NONE',  ( -0.000000000000000000, -1.000000000000000000, -0.000000000000000000 ) ) ;
#4085 = CARTESIAN_POINT ( 'NONE',  ( 1.050000000000000266, 0.9000000000000000222, -0.7499999999999996669 ) ) ;
#4086 = CARTESIAN_POINT ( 'NONE',  ( -1.000000000000000000, 0.8500000000000000888, 0.8499999999999998668 ) ) ;
#4087 = ORIENTED_EDGE ( 'NONE', *, *, #3435, .T. ) ;
#4088 =( NAMED_UNIT ( * ) SI_UNIT ( $, .STERADIAN. ) SOLID_ANGLE_UNIT ( ) );
#4089 = CLOSED_SHELL ( 'NONE', ( #1216, #1434, #3313, #750, #1014, #2648, #2025, #918, #2288, #4093, #2788, #3570, #2184, #1320, #3424, #3050, #1759, #2912, #313, #2397, #1731, #2670, #2580, #2829, #837, #3147 ) ) ;
#4090 = EDGE_CURVE ( 'NONE', #2548, #2591, #3381, .T. ) ;
#4091 = LINE ( 'NONE', #2054, #544 ) ;
#4092 = ORIENTED_EDGE ( 'NONE', *, *, #3071, .T. ) ;
#4093 = ADVANCED_FACE ( 'NONE', ( #2350 ), #1651, .F. ) ;
#4094 = LINE ( 'NONE', #1009, #4236 ) ;
#4095 = DIRECTION ( 'NONE',  ( 0.000000000000000000, 0.000000000000000000, 1.000000000000000000 ) ) ;
#4096 = EDGE_CURVE ( 'NONE', #1677, #421, #4025, .T. ) ;
#4097 = LINE ( 'NONE', #192, #3006 ) ;
#4098 = CARTESIAN_POINT ( 'NONE',  ( 1.000000000000000000, 3.961045573002793585, -0.8499999999999998668 ) ) ;
#4099 = EDGE_CURVE ( 'NONE', #3779, #4391, #1809, .T. ) ;
#4100 = DIRECTION ( 'NONE',  ( 0.000000000000000000, 0.000000000000000000, -1.000000000000000000 ) ) ;
#4101 = VECTOR ( 'NONE', #1917, 1000.000000000000000 ) ;
#4102 = AXIS2_PLACEMENT_3D ( 'NONE', #925, #4295, #1537 ) ;
#4103 = CARTESIAN_POINT ( 'NONE',  ( -0.1500000000000002720, 0.1875000000000000000, -0.9999999999999997780 ) ) ;
#4104 = ORIENTED_EDGE ( 'NONE', *, *, #1356, .F. ) ;
#4105 = LINE ( 'NONE', #3724, #1618 ) ;
#4106 = VECTOR ( 'NONE', #865, 1000.000000000000000 ) ;
#4107 = VECTOR ( 'NONE', #1062, 1000.000000000000000 ) ;
#4108 = DIRECTION ( 'NONE',  ( 0.000000000000000000, 0.000000000000000000, -1.000000000000000000 ) ) ;
#4109 = ORIENTED_EDGE ( 'NONE', *, *, #2049, .F. ) ;
#4110 = DIRECTION ( 'NONE',  ( 0.7071067811865476838, 0.000000000000000000, -0.7071067811865474617 ) ) ;
#4111 = ADVANCED_FACE ( 'NONE', ( #1692 ), #4146, .T. ) ;
#4112 = CARTESIAN_POINT ( 'NONE',  ( -1.175000000000000044, 0.7500000000000000000, -0.9999999999999997780 ) ) ;
#4113 = VECTOR ( 'NONE', #386, 1000.000000000000000 ) ;
#4114 = ORIENTED_EDGE ( 'NONE', *, *, #3455, .F. ) ;
#4115 = SHAPE_DEFINITION_REPRESENTATION ( #2887, #453 ) ;
#4116 = CARTESIAN_POINT ( 'NONE',  ( -1.000000000000000000, 3.961045573002793585, -0.7499999999999995559 ) ) ;
#4117 = DIRECTION ( 'NONE',  ( 1.000000000000000000, 0.000000000000000000, -1.084202172485504311E-16 ) ) ;
#4118 = VECTOR ( 'NONE', #2090, 1000.000000000000000 ) ;
#4119 = SURFACE_STYLE_FILL_AREA ( #29 ) ;
#4120 = ADVANCED_FACE ( 'NONE', ( #2069 ), #3144, .T. ) ;
#4121 =( GEOMETRIC_REPRESENTATION_CONTEXT ( 3 ) GLOBAL_UNCERTAINTY_ASSIGNED_CONTEXT ( ( #2680 ) ) GLOBAL_UNIT_ASSIGNED_CONTEXT ( ( #4407, #399, #3810 ) ) REPRESENTATION_CONTEXT ( 'NONE', 'WORKASPACE' ) );
#4122 = LINE ( 'NONE', #2065, #3025 ) ;
#4123 = CARTESIAN_POINT ( 'NONE',  ( -1.000000000000000000, 0.7500000000000000000, 0.8499999999999998668 ) ) ;
#4124 = FACE_OUTER_BOUND ( 'NONE', #2851, .T. ) ;
#4125 = CARTESIAN_POINT ( 'NONE',  ( 0.1500000000000001055, 0.7500000000000000000, 1.000000000000000000 ) ) ;
#4126 = CARTESIAN_POINT ( 'NONE',  ( 0.4749999999999999778, 0.000000000000000000, 0.3250000000000000111 ) ) ;
#4127 = DIRECTION ( 'NONE',  ( 1.000000000000000000, 0.000000000000000000, 0.000000000000000000 ) ) ;
#4128 = ORIENTED_EDGE ( 'NONE', *, *, #436, .T. ) ;
#4129 = CYLINDRICAL_SURFACE ( 'NONE', #3401, 0.05000000000000034972 ) ;
#4130 = CARTESIAN_POINT ( 'NONE',  ( -1.175000000000000488, 0.3750000000000000000, 0.8499999999999992006 ) ) ;
#4131 = EDGE_CURVE ( 'NONE', #1029, #1144, #3353, .T. ) ;
#4132 = ORIENTED_EDGE ( 'NONE', *, *, #2100, .T. ) ;
#4133 = EDGE_CURVE ( 'NONE', #3928, #3112, #3492, .T. ) ;
#4134 =( GEOMETRIC_REPRESENTATION_CONTEXT ( 3 ) GLOBAL_UNCERTAINTY_ASSIGNED_CONTEXT ( ( #909 ) ) GLOBAL_UNIT_ASSIGNED_CONTEXT ( ( #1411, #2102, #439 ) ) REPRESENTATION_CONTEXT ( 'NONE', 'WORKASPACE' ) );
#4135 = DIRECTION ( 'NONE',  ( -9.035018104045870694E-17, 0.000000000000000000, 1.000000000000000000 ) ) ;
#4136 = CIRCLE ( 'NONE', #2792, 0.07500000000000019151 ) ;
#4137 = ORIENTED_EDGE ( 'NONE', *, *, #316, .T. ) ;
#4138 = FILL_AREA_STYLE_COLOUR ( '', #2756 ) ;
#4139 = CARTESIAN_POINT ( 'NONE',  ( 0.4749999999999999778, 0.3750000000000000000, 0.3250000000000000111 ) ) ;
#4140 = AXIS2_PLACEMENT_3D ( 'NONE', #2936, #4255, #4213 ) ;
#4141 = SURFACE_STYLE_FILL_AREA ( #3485 ) ;
#4142 = VERTEX_POINT ( 'NONE', #1037 ) ;
#4143 = DIRECTION ( 'NONE',  ( -0.000000000000000000, 0.000000000000000000, 1.000000000000000000 ) ) ;
#4144 = DIRECTION ( 'NONE',  ( 1.000000000000000000, 0.000000000000000000, -1.084202172485504311E-16 ) ) ;
#4145 = CARTESIAN_POINT ( 'NONE',  ( 1.000000000000000000, 0.7500000000000000000, -0.8499999999999998668 ) ) ;
#4146 = PLANE ( 'NONE',  #4323 ) ;
#4147 = CARTESIAN_POINT ( 'NONE',  ( 0.4750000000000001443, 1.402740239554723711, -0.9249999999999997113 ) ) ;
#4148 = ORIENTED_EDGE ( 'NONE', *, *, #714, .T. ) ;
#4149 = DIRECTION ( 'NONE',  ( -0.000000000000000000, -1.000000000000000000, -0.000000000000000000 ) ) ;
#4150 = DIRECTION ( 'NONE',  ( 0.000000000000000000, -1.000000000000000000, 0.000000000000000000 ) ) ;
#4151 = EDGE_LOOP ( 'NONE', ( #1971, #1199, #2051, #2911 ) ) ;
#4152 = CLOSED_SHELL ( 'NONE', ( #2439, #1249, #1841, #4111, #1837, #2703, #2922, #1626, #707, #2588 ) ) ;
#4153 = AXIS2_PLACEMENT_3D ( 'NONE', #1247, #2277, #4288 ) ;
#4154 = ADVANCED_FACE ( 'NONE', ( #16 ), #3796, .F. ) ;
#4155 = VECTOR ( 'NONE', #198, 1000.000000000000000 ) ;
#4156 = EDGE_CURVE ( 'NONE', #2087, #2835, #387, .T. ) ;
#4157 = VERTEX_POINT ( 'NONE', #348 ) ;
#4158 = VERTEX_POINT ( 'NONE', #34 ) ;
#4159 = DIRECTION ( 'NONE',  ( 0.000000000000000000, 0.000000000000000000, -1.000000000000000000 ) ) ;
#4160 = SURFACE_SIDE_STYLE ('',( #4119 ) ) ;
#4161 = ORIENTED_EDGE ( 'NONE', *, *, #2313, .F. ) ;
#4162 = FACE_OUTER_BOUND ( 'NONE', #1847, .T. ) ;
#4163 = CARTESIAN_POINT ( 'NONE',  ( -0.4749999999999998668, 0.3749999999999998890, 0.6249999999999997780 ) ) ;
#4164 = CARTESIAN_POINT ( 'NONE',  ( 1.100000000000000311, 0.7500000000000000000, -0.7499999999999996669 ) ) ;
#4165 = ADVANCED_FACE ( 'NONE', ( #1420 ), #1732, .F. ) ;
#4166 = LINE ( 'NONE', #1383, #2624 ) ;
#4167 = ORIENTED_EDGE ( 'NONE', *, *, #3884, .F. ) ;
#4168 = CARTESIAN_POINT ( 'NONE',  ( 1.250000000000000444, 0.000000000000000000, -0.9249999999999994893 ) ) ;
#4169 = VECTOR ( 'NONE', #21, 1000.000000000000000 ) ;
#4170 = EDGE_LOOP ( 'NONE', ( #1914, #2265, #1134, #4278 ) ) ;
#4171 = PRESENTATION_LAYER_ASSIGNMENT (  '', '', ( #3042 ) ) ;
#4172 = PLANE ( 'NONE',  #2407 ) ;
#4173 = DIRECTION ( 'NONE',  ( -0.7071067811865454633, -0.000000000000000000, -0.7071067811865495711 ) ) ;
#4174 = VECTOR ( 'NONE', #3300, 1000.000000000000000 ) ;
#4175 = EDGE_CURVE ( 'NONE', #4228, #2087, #1400, .T. ) ;
#4176 = PLANE ( 'NONE',  #3789 ) ;
#4177 = ORIENTED_EDGE ( 'NONE', *, *, #3654, .F. ) ;
#4178 = ORIENTED_EDGE ( 'NONE', *, *, #2020, .T. ) ;
#4179 = DIRECTION ( 'NONE',  ( 0.000000000000000000, 0.000000000000000000, -1.000000000000000000 ) ) ;
#4180 = CARTESIAN_POINT ( 'NONE',  ( -1.050000000000000044, 0.8499999999999999778, -0.7499999999999995559 ) ) ;
#4181 = DIRECTION ( 'NONE',  ( -0.000000000000000000, 1.000000000000000000, 0.000000000000000000 ) ) ;
#4182 = ORIENTED_EDGE ( 'NONE', *, *, #134, .T. ) ;
#4183 = CARTESIAN_POINT ( 'NONE',  ( -1.250000000000000000, 1.402740239554723711, 0.9249999999999998224 ) ) ;
#4184 = VERTEX_POINT ( 'NONE', #3536 ) ;
#4185 = DIRECTION ( 'NONE',  ( 0.000000000000000000, -1.000000000000000000, 0.000000000000000000 ) ) ;
#4186 = PRESENTATION_LAYER_ASSIGNMENT (  '', '', ( #2024 ) ) ;
#4187 = LINE ( 'NONE', #4248, #2858 ) ;
#4188 = ORIENTED_EDGE ( 'NONE', *, *, #1865, .F. ) ;
#4189 = PLANE ( 'NONE',  #129 ) ;
#4190 = DIRECTION ( 'NONE',  ( 0.000000000000000000, 0.000000000000000000, -1.000000000000000000 ) ) ;
#4191 = PLANE ( 'NONE',  #123 ) ;
#4192 = EDGE_LOOP ( 'NONE', ( #2130, #3607, #3243, #256 ) ) ;
#4193 = CARTESIAN_POINT ( 'NONE',  ( -1.100000000000000089, 0.000000000000000000, -0.9249999999999999334 ) ) ;
#4194 = VECTOR ( 'NONE', #1904, 1000.000000000000000 ) ;
#4195 = VERTEX_POINT ( 'NONE', #1406 ) ;
#4196 = DIRECTION ( 'NONE',  ( 0.000000000000000000, 0.000000000000000000, -1.000000000000000000 ) ) ;
#4197 = DIRECTION ( 'NONE',  ( -0.000000000000000000, -1.000000000000000000, -0.000000000000000000 ) ) ;
#4198 = VECTOR ( 'NONE', #1818, 1000.000000000000000 ) ;
#4199 = ADVANCED_FACE ( 'NONE', ( #2822 ), #4172, .T. ) ;
#4200 = AXIS2_PLACEMENT_3D ( 'NONE', #1551, #1207, #1862 ) ;
#4201 = DIRECTION ( 'NONE',  ( 1.807003620809173892E-16, 0.000000000000000000, -1.000000000000000000 ) ) ;
#4202 = ORIENTED_EDGE ( 'NONE', *, *, #2721, .F. ) ;
#4203 = ORIENTED_EDGE ( 'NONE', *, *, #2373, .F. ) ;
#4204 = DIRECTION ( 'NONE',  ( 1.000000000000000000, -1.807003620809170934E-16, 0.000000000000000000 ) ) ;
#4205 = CIRCLE ( 'NONE', #4140, 0.07499999999999998335 ) ;
#4206 = DIRECTION ( 'NONE',  ( -1.000000000000000000, 0.000000000000000000, 0.000000000000000000 ) ) ;
#4207 = ORIENTED_EDGE ( 'NONE', *, *, #3582, .T. ) ;
#4208 = DIRECTION ( 'NONE',  ( 4.130293990420976292E-16, 0.000000000000000000, 1.000000000000000000 ) ) ;
#4209 = EDGE_LOOP ( 'NONE', ( #2504, #2807 ) ) ;
#4210 = ADVANCED_FACE ( 'NONE', ( #3170 ), #3131, .F. ) ;
#4211 = CYLINDRICAL_SURFACE ( 'NONE', #2700, 0.07499999999999998335 ) ;
#4212 = LINE ( 'NONE', #2934, #2041 ) ;
#4213 = DIRECTION ( 'NONE',  ( 0.000000000000000000, 0.000000000000000000, 1.000000000000000000 ) ) ;
#4214 = EDGE_CURVE ( 'NONE', #1873, #1501, #1444, .T. ) ;
#4215 = ORIENTED_EDGE ( 'NONE', *, *, #1489, .T. ) ;
#4216 = AXIS2_PLACEMENT_3D ( 'NONE', #2812, #2083, #1727 ) ;
#4217 = CARTESIAN_POINT ( 'NONE',  ( -0.1500000000000002442, 0.3750000000000000000, 0.9499999999999914069 ) ) ;
#4218 = DIRECTION ( 'NONE',  ( 1.000000000000000000, 0.000000000000000000, 6.195440985631452359E-16 ) ) ;
#4219 = AXIS2_PLACEMENT_3D ( 'NONE', #472, #3635, #2260 ) ;
#4220 = CARTESIAN_POINT ( 'NONE',  ( -1.250000000000000000, 0.000000000000000000, 0.9249999999999998224 ) ) ;
#4221 = DIRECTION ( 'NONE',  ( -0.000000000000000000, -1.000000000000000000, -0.000000000000000000 ) ) ;
#4222 = EDGE_LOOP ( 'NONE', ( #1071, #2732, #243, #2487 ) ) ;
#4223 = ADVANCED_FACE ( 'NONE', ( #1453 ), #2139, .T. ) ;
#4224 = DIRECTION ( 'NONE',  ( 0.7071067811865496822, 0.000000000000000000, -0.7071067811865454633 ) ) ;
#4225 = VERTEX_POINT ( 'NONE', #1822 ) ;
#4226 = CARTESIAN_POINT ( 'NONE',  ( -0.6424631817578864146, 0.8499999999999999778, 0.3483221833572892057 ) ) ;
#4227 = ADVANCED_FACE ( 'NONE', ( #3867 ), #1760, .F. ) ;
#4228 = VERTEX_POINT ( 'NONE', #705 ) ;
#4229 = DIRECTION ( 'NONE',  ( -1.000000000000000000, 0.000000000000000000, 0.000000000000000000 ) ) ;
#4230 = VERTEX_POINT ( 'NONE', #3470 ) ;
#4231 = FACE_OUTER_BOUND ( 'NONE', #3935, .T. ) ;
#4232 = CARTESIAN_POINT ( 'NONE',  ( -1.150000000000000133, 0.7999999999999999334, 0.7499999999999997780 ) ) ;
#4233 = DIRECTION ( 'NONE',  ( -4.130293990420977278E-16, -0.000000000000000000, -1.000000000000000000 ) ) ;
#4234 = DIRECTION ( 'NONE',  ( 0.7071067811865480168, 0.000000000000000000, -0.7071067811865471286 ) ) ;
#4235 = AXIS2_PLACEMENT_3D ( 'NONE', #2690, #2303, #1993 ) ;
#4236 = VECTOR ( 'NONE', #5, 1000.000000000000000 ) ;
#4237 = EDGE_LOOP ( 'NONE', ( #1344, #4000, #514, #3674 ) ) ;
#4238 = ORIENTED_EDGE ( 'NONE', *, *, #440, .F. ) ;
#4239 = LINE ( 'NONE', #3184, #2502 ) ;
#4240 = CARTESIAN_POINT ( 'NONE',  ( -0.4749999999999999223, 0.000000000000000000, 0.9249999999999998224 ) ) ;
#4241 = ADVANCED_FACE ( 'NONE', ( #110 ), #4211, .F. ) ;
#4242 = CIRCLE ( 'NONE', #4310, 0.1000000000000000472 ) ;
#4243 = LINE ( 'NONE', #2539, #1964 ) ;
#4244 = DIRECTION ( 'NONE',  ( 0.000000000000000000, 1.000000000000000000, -0.000000000000000000 ) ) ;
#4245 = CARTESIAN_POINT ( 'NONE',  ( -0.1500000000000002442, 0.3750000000000000000, -0.9499999999999996225 ) ) ;
#4246 = FACE_OUTER_BOUND ( 'NONE', #1190, .T. ) ;
#4247 = EDGE_CURVE ( 'NONE', #3963, #3564, #432, .T. ) ;
#4248 = CARTESIAN_POINT ( 'NONE',  ( 1.100000000000000089, 0.7500000000000000000, 0.7499999999999997780 ) ) ;
#4249 = ORIENTED_EDGE ( 'NONE', *, *, #3561, .F. ) ;
#4250 = DIRECTION ( 'NONE',  ( 1.445602896647339903E-16, 0.000000000000000000, -1.000000000000000000 ) ) ;
#4251 = CARTESIAN_POINT ( 'NONE',  ( -1.250000000000000000, 0.3750000000000000000, 0.9999999999999997780 ) ) ;
#4252 = LINE ( 'NONE', #2886, #1689 ) ;
#4253 = VECTOR ( 'NONE', #532, 1000.000000000000000 ) ;
#4254 = AXIS2_PLACEMENT_3D ( 'NONE', #513, #3274, #1285 ) ;
#4255 = DIRECTION ( 'NONE',  ( -0.000000000000000000, 1.000000000000000000, -0.000000000000000000 ) ) ;
#4256 = EDGE_CURVE ( 'NONE', #2117, #3555, #2840, .T. ) ;
#4257 = EDGE_CURVE ( 'NONE', #428, #2753, #1470, .T. ) ;
#4258 = DIRECTION ( 'NONE',  ( -1.000000000000000000, 9.035018104045853438E-17, 0.000000000000000000 ) ) ;
#4259 = CARTESIAN_POINT ( 'NONE',  ( 1.000000000000000000, 0.8499999999999999778, -0.8499999999999998668 ) ) ;
#4260 = ORIENTED_EDGE ( 'NONE', *, *, #326, .F. ) ;
#4261 = ORIENTED_EDGE ( 'NONE', *, *, #3121, .F. ) ;
#4262 = DIRECTION ( 'NONE',  ( -0.7071067811865474617, 0.000000000000000000, -0.7071067811865476838 ) ) ;
#4263 = CIRCLE ( 'NONE', #1268, 0.05000000000000002359 ) ;
#4264 = ORIENTED_EDGE ( 'NONE', *, *, #3972, .F. ) ;
#4265 = DIRECTION ( 'NONE',  ( -0.7071067811865496822, 0.000000000000000000, 0.7071067811865454633 ) ) ;
#4266 = VERTEX_POINT ( 'NONE', #2864 ) ;
#4267 = ORIENTED_EDGE ( 'NONE', *, *, #3314, .T. ) ;
#4268 = DIRECTION ( 'NONE',  ( -1.000000000000000000, 0.000000000000000000, 0.000000000000000000 ) ) ;
#4269 = VERTEX_POINT ( 'NONE', #1386 ) ;
#4270 = PLANE ( 'NONE',  #323 ) ;
#4271 = SURFACE_STYLE_FILL_AREA ( #3938 ) ;
#4272 = LINE ( 'NONE', #155, #3727 ) ;
#4273 = VERTEX_POINT ( 'NONE', #4130 ) ;
#4274 = LINE ( 'NONE', #477, #469 ) ;
#4275 = CARTESIAN_POINT ( 'NONE',  ( 1.000000000000000000, 0.9000000000000000222, 0.7499999999999997780 ) ) ;
#4276 = EDGE_CURVE ( 'NONE', #792, #1929, #1655, .T. ) ;
#4277 = LINE ( 'NONE', #943, #1323 ) ;
#4278 = ORIENTED_EDGE ( 'NONE', *, *, #1969, .F. ) ;
#4279 = DIRECTION ( 'NONE',  ( 2.710505431213762071E-16, 0.000000000000000000, -1.000000000000000000 ) ) ;
#4280 = DIRECTION ( 'NONE',  ( 2.891205793294678326E-16, 1.000000000000000000, -0.000000000000000000 ) ) ;
#4281 = EDGE_CURVE ( 'NONE', #2015, #7, #1047, .T. ) ;
#4282 = CARTESIAN_POINT ( 'NONE',  ( -1.100000000000000089, 0.9000000000000000222, 0.7499999999999997780 ) ) ;
#4283 = ORIENTED_EDGE ( 'NONE', *, *, #2142, .T. ) ;
#4284 = CARTESIAN_POINT ( 'NONE',  ( 0.000000000000000000, 0.000000000000000000, 0.000000000000000000 ) ) ;
#4285 = CIRCLE ( 'NONE', #138, 0.05000000000000002359 ) ;
#4286 = CARTESIAN_POINT ( 'NONE',  ( -0.1499999999999996614, 0.000000000000000000, -1.000000000000000000 ) ) ;
#4287 = ORIENTED_EDGE ( 'NONE', *, *, #2527, .T. ) ;
#4288 = DIRECTION ( 'NONE',  ( 0.000000000000000000, 0.000000000000000000, -1.000000000000000000 ) ) ;
#4289 = ORIENTED_EDGE ( 'NONE', *, *, #2723, .T. ) ;
#4290 = VERTEX_POINT ( 'NONE', #1067 ) ;
#4291 = CARTESIAN_POINT ( 'NONE',  ( 1.100000000000000089, 3.961045573002793585, 0.7499999999999997780 ) ) ;
#4292 = CARTESIAN_POINT ( 'NONE',  ( -1.000000000000000000, 0.8499999999999999778, 0.7499999999999997780 ) ) ;
#4293 = LINE ( 'NONE', #2979, #1728 ) ;
#4294 = EDGE_CURVE ( 'NONE', #955, #3586, #2974, .T. ) ;
#4295 = DIRECTION ( 'NONE',  ( 0.000000000000000000, 1.000000000000000000, 0.000000000000000000 ) ) ;
#4296 = CARTESIAN_POINT ( 'NONE',  ( 1.050000000000000266, 0.8499999999999999778, -0.7499999999999996669 ) ) ;
#4297 = EDGE_CURVE ( 'NONE', #2078, #1544, #2097, .T. ) ;
#4298 = EDGE_LOOP ( 'NONE', ( #529, #1520, #2988, #2254 ) ) ;
#4299 = PLANE ( 'NONE',  #1113 ) ;
#4300 = UNCERTAINTY_MEASURE_WITH_UNIT (LENGTH_MEASURE( 1.000000000000000082E-05 ), #1332, 'distance_accuracy_value', 'NONE');
#4301 = FACE_OUTER_BOUND ( 'NONE', #3035, .T. ) ;
#4302 = VECTOR ( 'NONE', #703, 1000.000000000000000 ) ;
#4303 = LINE ( 'NONE', #3142, #4376 ) ;
#4304 = FILL_AREA_STYLE_COLOUR ( '', #3651 ) ;
#4305 = AXIS2_PLACEMENT_3D ( 'NONE', #1975, #914, #195 ) ;
#4306 = DIRECTION ( 'NONE',  ( 0.000000000000000000, -1.000000000000000000, 0.000000000000000000 ) ) ;
#4307 = ORIENTED_EDGE ( 'NONE', *, *, #3163, .T. ) ;
#4308 = ORIENTED_EDGE ( 'NONE', *, *, #1356, .T. ) ;
#4309 = VECTOR ( 'NONE', #3322, 1000.000000000000114 ) ;
#4310 = AXIS2_PLACEMENT_3D ( 'NONE', #1340, #1755, #700 ) ;
#4311 = DIRECTION ( 'NONE',  ( 0.000000000000000000, 0.000000000000000000, 1.000000000000000000 ) ) ;
#4312 = ORIENTED_EDGE ( 'NONE', *, *, #2972, .F. ) ;
#4313 = FACE_OUTER_BOUND ( 'NONE', #3807, .T. ) ;
#4314 = CARTESIAN_POINT ( 'NONE',  ( -1.250000000000000000, 0.3750000000000000000, 0.9249999999999998224 ) ) ;
#4315 = ORIENTED_EDGE ( 'NONE', *, *, #564, .F. ) ;
#4316 = CARTESIAN_POINT ( 'NONE',  ( -1.175000000000000711, 0.000000000000000000, 0.3250000000000001776 ) ) ;
#4317 = ORIENTED_EDGE ( 'NONE', *, *, #3293, .F. ) ;
#4318 = CARTESIAN_POINT ( 'NONE',  ( 0.4750000000000001443, 0.000000000000000000, -0.9249999999999997113 ) ) ;
#4319 = DIRECTION ( 'NONE',  ( 0.000000000000000000, 0.000000000000000000, -1.000000000000000000 ) ) ;
#4320 = FACE_OUTER_BOUND ( 'NONE', #4345, .T. ) ;
#4321 = DIRECTION ( 'NONE',  ( 0.000000000000000000, 0.000000000000000000, -1.000000000000000000 ) ) ;
#4322 = VECTOR ( 'NONE', #3969, 1000.000000000000000 ) ;
#4323 = AXIS2_PLACEMENT_3D ( 'NONE', #3814, #3100, #698 ) ;
#4324 = ORIENTED_EDGE ( 'NONE', *, *, #1507, .T. ) ;
#4325 = DIRECTION ( 'NONE',  ( -0.000000000000000000, -1.000000000000000000, -0.000000000000000000 ) ) ;
#4326 = VERTEX_POINT ( 'NONE', #3844 ) ;
#4327 = DIRECTION ( 'NONE',  ( 0.000000000000000000, 0.000000000000000000, -1.000000000000000000 ) ) ;
#4328 = ORIENTED_EDGE ( 'NONE', *, *, #3531, .T. ) ;
#4329 = ORIENTED_EDGE ( 'NONE', *, *, #1807, .F. ) ;
#4330 = DIRECTION ( 'NONE',  ( 1.000000000000000000, -0.000000000000000000, 0.000000000000000000 ) ) ;
#4331 = DIRECTION ( 'NONE',  ( 0.000000000000000000, 0.000000000000000000, -1.000000000000000000 ) ) ;
#4332 = CYLINDRICAL_SURFACE ( 'NONE', #69, 0.05000000000000002359 ) ;
#4333 = CIRCLE ( 'NONE', #3215, 0.05000000000000034972 ) ;
#4334 = EDGE_CURVE ( 'NONE', #2231, #3688, #752, .T. ) ;
#4335 = CARTESIAN_POINT ( 'NONE',  ( -1.250000000000000000, 0.7500000000000000000, 0.9999999999999997780 ) ) ;
#4336 = VECTOR ( 'NONE', #3501, 1000.000000000000000 ) ;
#4337 = EDGE_CURVE ( 'NONE', #1580, #2323, #3520, .T. ) ;
#4338 = AXIS2_PLACEMENT_3D ( 'NONE', #1763, #374, #3411 ) ;
#4339 = CARTESIAN_POINT ( 'NONE',  ( 1.175000000000000711, 0.3750000000000000000, -0.3250000000000001221 ) ) ;
#4340 = ORIENTED_EDGE ( 'NONE', *, *, #1877, .F. ) ;
#4341 = ORIENTED_EDGE ( 'NONE', *, *, #3753, .T. ) ;
#4342 = FACE_OUTER_BOUND ( 'NONE', #1781, .T. ) ;
#4343 = EDGE_LOOP ( 'NONE', ( #3948, #2311, #2317, #2827, #4374, #3260, #2655, #2276 ) ) ;
#4344 = ORIENTED_EDGE ( 'NONE', *, *, #121, .F. ) ;
#4345 = EDGE_LOOP ( 'NONE', ( #2329, #2474, #2362, #821, #1464, #541, #4215 ) ) ;
#4346 = DIRECTION ( 'NONE',  ( -0.000000000000000000, 1.000000000000000000, 0.000000000000000000 ) ) ;
#4347 = LINE ( 'NONE', #1646, #3875 ) ;
#4348 = EDGE_CURVE ( 'NONE', #2591, #1003, #3403, .T. ) ;
#4349 = AXIS2_PLACEMENT_3D ( 'NONE', #3096, #401, #3441 ) ;
#4350 = DIRECTION ( 'NONE',  ( -1.000000000000000000, 0.000000000000000000, 0.000000000000000000 ) ) ;
#4351 = ORIENTED_EDGE ( 'NONE', *, *, #2804, .F. ) ;
#4352 = DIRECTION ( 'NONE',  ( 0.000000000000000000, 0.000000000000000000, 1.000000000000000000 ) ) ;
#4353 = ADVANCED_FACE ( 'NONE', ( #227 ), #901, .F. ) ;
#4354 = AXIS2_PLACEMENT_3D ( 'NONE', #2002, #3051, #4372 ) ;
#4355 = FACE_OUTER_BOUND ( 'NONE', #4151, .T. ) ;
#4356 = EDGE_CURVE ( 'NONE', #3996, #2078, #1151, .T. ) ;
#4357 = EDGE_LOOP ( 'NONE', ( #2515, #106, #286, #3538 ) ) ;
#4358 = DIRECTION ( 'NONE',  ( 0.000000000000000000, 0.000000000000000000, 1.000000000000000000 ) ) ;
#4359 = CARTESIAN_POINT ( 'NONE',  ( 1.000000000000000000, 0.7500000000000000000, -0.8499999999999998668 ) ) ;
#4360 = ORIENTED_EDGE ( 'NONE', *, *, #379, .T. ) ;
#4361 = ORIENTED_EDGE ( 'NONE', *, *, #3828, .F. ) ;
#4362 = CARTESIAN_POINT ( 'NONE',  ( -1.250000000000000000, 0.3750000000000000000, 0.9249999999999998224 ) ) ;
#4363 = AXIS2_PLACEMENT_3D ( 'NONE', #1582, #537, #264 ) ;
#4364 = AXIS2_PLACEMENT_3D ( 'NONE', #4180, #1784, #2492 ) ;
#4365 = ORIENTED_EDGE ( 'NONE', *, *, #1733, .T. ) ;
#4366 = PLANE ( 'NONE',  #426 ) ;
#4367 = DIRECTION ( 'NONE',  ( -0.000000000000000000, -1.000000000000000000, -0.000000000000000000 ) ) ;
#4368 = DIRECTION ( 'NONE',  ( -1.000000000000000000, 0.000000000000000000, -6.969871108835378604E-16 ) ) ;
#4369 = LINE ( 'NONE', #2671, #1233 ) ;
#4370 = ORIENTED_EDGE ( 'NONE', *, *, #2340, .F. ) ;
#4371 = DIRECTION ( 'NONE',  ( 0.000000000000000000, -1.000000000000000000, 0.000000000000000000 ) ) ;
#4372 = DIRECTION ( 'NONE',  ( 0.000000000000000000, 0.000000000000000000, -1.000000000000000000 ) ) ;
#4373 = ORIENTED_EDGE ( 'NONE', *, *, #2524, .F. ) ;
#4374 = ORIENTED_EDGE ( 'NONE', *, *, #294, .T. ) ;
#4375 = LINE ( 'NONE', #4071, #1910 ) ;
#4376 = VECTOR ( 'NONE', #119, 1000.000000000000000 ) ;
#4377 = EDGE_CURVE ( 'NONE', #2689, #767, #3895, .T. ) ;
#4378 = CARTESIAN_POINT ( 'NONE',  ( 1.175000000000000711, 0.000000000000000000, -0.3250000000000001221 ) ) ;
#4379 = ORIENTED_EDGE ( 'NONE', *, *, #1108, .F. ) ;
#4380 = ORIENTED_EDGE ( 'NONE', *, *, #2684, .F. ) ;
#4381 = DIRECTION ( 'NONE',  ( 0.000000000000000000, 0.000000000000000000, 1.000000000000000000 ) ) ;
#4382 = VECTOR ( 'NONE', #3250, 1000.000000000000000 ) ;
#4383 = SURFACE_STYLE_USAGE ( .BOTH. , #1055 ) ;
#4384 = FACE_OUTER_BOUND ( 'NONE', #1953, .T. ) ;
#4385 = CARTESIAN_POINT ( 'NONE',  ( -0.6424631817578864146, 0.8499999999999999778, 0.3972980088857192005 ) ) ;
#4386 = PLANE ( 'NONE',  #1389 ) ;
#4387 = LINE ( 'NONE', #3795, #3910 ) ;
#4388 = ADVANCED_FACE ( 'NONE', ( #4320 ), #2933, .F. ) ;
#4389 = CARTESIAN_POINT ( 'NONE',  ( 1.000000000000000000, 0.9000000000000000222, -0.7999999999999999334 ) ) ;
#4390 = AXIS2_PLACEMENT_3D ( 'NONE', #3847, #2122, #1780 ) ;
#4391 = VERTEX_POINT ( 'NONE', #133 ) ;
#4392 = LINE ( 'NONE', #4067, #1439 ) ;
#4393 = ORIENTED_EDGE ( 'NONE', *, *, #2302, .F. ) ;
#4394 = VECTOR ( 'NONE', #471, 1000.000000000000114 ) ;
#4395 = CARTESIAN_POINT ( 'NONE',  ( 1.000000000000000000, 0.8499999999999999778, -0.8999999999999999112 ) ) ;
#4396 = VECTOR ( 'NONE', #2959, 1000.000000000000000 ) ;
#4397 = ORIENTED_EDGE ( 'NONE', *, *, #551, .T. ) ;
#4398 = EDGE_CURVE ( 'NONE', #1204, #2689, #3583, .T. ) ;
#4399 = ORIENTED_EDGE ( 'NONE', *, *, #2365, .T. ) ;
#4400 = AXIS2_PLACEMENT_3D ( 'NONE', #2621, #2646, #3282 ) ;
#4401 = EDGE_CURVE ( 'NONE', #3475, #4408, #430, .T. ) ;
#4402 = ORIENTED_EDGE ( 'NONE', *, *, #1492, .T. ) ;
#4403 = PRODUCT_CONTEXT ( 'NONE', #3925, 'mechanical' ) ;
#4404 = EDGE_CURVE ( 'NONE', #1281, #3132, #4041, .T. ) ;
#4405 =( NAMED_UNIT ( * ) SI_UNIT ( $, .STERADIAN. ) SOLID_ANGLE_UNIT ( ) );
#4406 = CARTESIAN_POINT ( 'NONE',  ( -1.000000000000000000, 0.8499999999999999778, -0.8999999999999998002 ) ) ;
#4407 =( LENGTH_UNIT ( ) NAMED_UNIT ( * ) SI_UNIT ( .MILLI., .METRE. ) );
#4408 = VERTEX_POINT ( 'NONE', #1493 ) ;
#4409 = CARTESIAN_POINT ( 'NONE',  ( -1.000000000000000000, 3.961045573002793585, 0.9499999999999998446 ) ) ;
#4410 = CARTESIAN_POINT ( 'NONE',  ( 0.000000000000000000, 0.7500000000000000000, 0.000000000000000000 ) ) ;
#4411 = DIRECTION ( 'NONE',  ( 0.7071067811865461294, 0.000000000000000000, 0.7071067811865489050 ) ) ;
#4412 = DIRECTION ( 'NONE',  ( 0.000000000000000000, -1.000000000000000000, 0.000000000000000000 ) ) ;
#4413 = CARTESIAN_POINT ( 'NONE',  ( -1.000000000000000000, 0.9000000000000000222, 0.8499999999999998668 ) ) ;
#4414 = EDGE_CURVE ( 'NONE', #4012, #3112, #2574, .T. ) ;
ENDSEC;
END-ISO-10303-21;
