ISO-10303-21;
HEADER;
FILE_DESCRIPTION (( 'STEP AP203' ),
    '1' );
FILE_NAME ('CUI_DEVICES_TS04-66-55-BK-160-SMT.step',
    '2024-05-13T16:04:34',
    ( '' ),
    ( '' ),
    'SwSTEP 2.0',
    'SolidWorks 2024',
    '' );
FILE_SCHEMA (( 'CONFIG_CONTROL_DESIGN' ));
ENDSEC;

DATA;
#1 = ORIENTED_EDGE ( 'NONE', *, *, #1590, .F. ) ;
#2 = DIRECTION ( 'NONE',  ( 1.734723475976804925E-15, -1.000000000000000000, 0.000000000000000000 ) ) ;
#3 = DIRECTION ( 'NONE',  ( 0.000000000000000000, 0.000000000000000000, 1.000000000000000000 ) ) ;
#4 = DIRECTION ( 'NONE',  ( 0.000000000000000000, 0.000000000000000000, -1.000000000000000000 ) ) ;
#5 = EDGE_CURVE ( 'NONE', #633, #1413, #2842, .T. ) ;
#6 = LINE ( 'NONE', #560, #2532 ) ;
#7 = CARTESIAN_POINT ( 'NONE',  ( -0.1496062992125984370, 0.02755905511811023584, 0.07480314960629921850 ) ) ;
#8 = FACE_OUTER_BOUND ( 'NONE', #1395, .T. ) ;
#9 = EDGE_LOOP ( 'NONE', ( #3434, #2256, #3482, #602 ) ) ;
#10 = ORIENTED_EDGE ( 'NONE', *, *, #3135, .F. ) ;
#11 = LINE ( 'NONE', #1119, #1128 ) ;
#12 = ORIENTED_EDGE ( 'NONE', *, *, #1980, .T. ) ;
#13 = EDGE_LOOP ( 'NONE', ( #1253, #2235 ) ) ;
#14 = DIRECTION ( 'NONE',  ( 0.000000000000000000, 1.000000000000000000, 0.000000000000000000 ) ) ;
#15 = CARTESIAN_POINT ( 'NONE',  ( 0.000000000000000000, 0.2165354330708661457, -0.06496062992125985203 ) ) ;
#16 = VERTEX_POINT ( 'NONE', #2553 ) ;
#17 = DIRECTION ( 'NONE',  ( 1.000000000000000000, -1.734723475976804925E-15, 0.000000000000000000 ) ) ;
#18 = FACE_OUTER_BOUND ( 'NONE', #1437, .T. ) ;
#19 = EDGE_CURVE ( 'NONE', #3107, #2102, #2888, .T. ) ;
#20 = DIRECTION ( 'NONE',  ( -1.734723475976804925E-15, 1.000000000000000000, 0.000000000000000000 ) ) ;
#21 = DIRECTION ( 'NONE',  ( 0.000000000000000000, 1.000000000000000000, 0.000000000000000000 ) ) ;
#22 = EDGE_CURVE ( 'NONE', #211, #634, #2460, .T. ) ;
#23 = DIRECTION ( 'NONE',  ( 1.000000000000000000, 0.000000000000000000, 0.000000000000000000 ) ) ;
#24 = CARTESIAN_POINT ( 'NONE',  ( 0.1181102362204724532, 0.03937007874015747977, -0.1023622047244094613 ) ) ;
#25 = VERTEX_POINT ( 'NONE', #2870 ) ;
#26 = CLOSED_SHELL ( 'NONE', ( #699, #2360, #3019, #1456, #2376, #3258, #2855, #2155, #3390, #686, #1272, #2803, #2083, #790 ) ) ;
#27 = EDGE_LOOP ( 'NONE', ( #2087, #167, #1664, #1096 ) ) ;
#28 = EDGE_LOOP ( 'NONE', ( #830, #1277, #1532, #1458 ) ) ;
#29 = VECTOR ( 'NONE', #2687, 39.37007874015748143 ) ;
#30 = CARTESIAN_POINT ( 'NONE',  ( 0.1614173228346456879, 0.02755905511811023584, -0.1023622047244094613 ) ) ;
#31 = EDGE_LOOP ( 'NONE', ( #299, #2904 ) ) ;
#32 = CARTESIAN_POINT ( 'NONE',  ( -0.1535433070866141780, 0.007874015748031495954, 0.1023622047244094613 ) ) ;
#33 = AXIS2_PLACEMENT_3D ( 'NONE', #1579, #2664, #2679 ) ;
#34 = VERTEX_POINT ( 'NONE', #922 ) ;
#35 = CARTESIAN_POINT ( 'NONE',  ( 0.08858267716535433989, 0.1299212598425196763, 0.08858267716535433989 ) ) ;
#36 = PLANE ( 'NONE',  #2072 ) ;
#37 = AXIS2_PLACEMENT_3D ( 'NONE', #2269, #420, #1991 ) ;
#38 = AXIS2_PLACEMENT_3D ( 'NONE', #1336, #1143, #3 ) ;
#39 = DIRECTION ( 'NONE',  ( 0.000000000000000000, 0.000000000000000000, -1.000000000000000000 ) ) ;
#40 = CARTESIAN_POINT ( 'NONE',  ( 0.000000000000000000, 0.1377952755905511861, 0.07283464566929134798 ) ) ;
#41 = CC_DESIGN_PERSON_AND_ORGANIZATION_ASSIGNMENT ( #60, #1204, ( #1472 ) ) ;
#42 = AXIS2_PLACEMENT_3D ( 'NONE', #180, #1555, #2906 ) ;
#43 = CALENDAR_DATE ( 2024, 13, 5 ) ;
#44 = CARTESIAN_POINT ( 'NONE',  ( -0.1181102362204724532, 0.03149606299212598381, -0.07480314960629921850 ) ) ;
#45 = ORIENTED_EDGE ( 'NONE', *, *, #2361, .F. ) ;
#46 = AXIS2_PLACEMENT_3D ( 'NONE', #520, #1595, #1879 ) ;
#47 = ORIENTED_EDGE ( 'NONE', *, *, #1326, .T. ) ;
#48 = ORIENTED_EDGE ( 'NONE', *, *, #832, .T. ) ;
#49 = AXIS2_PLACEMENT_3D ( 'NONE', #1024, #3431, #2637 ) ;
#50 = CARTESIAN_POINT ( 'NONE',  ( -0.1181102362204724532, 0.1377952755905511861, 0.1181102362204724532 ) ) ;
#51 = VERTEX_POINT ( 'NONE', #1222 ) ;
#52 = EDGE_CURVE ( 'NONE', #619, #178, #2325, .T. ) ;
#53 = CARTESIAN_POINT ( 'NONE',  ( -0.1181102362204724532, 0.03149606299212598381, 0.1023622047244094613 ) ) ;
#54 = ADVANCED_FACE ( 'NONE', ( #979 ), #2859, .T. ) ;
#55 = EDGE_LOOP ( 'NONE', ( #692, #2721, #2380, #2874 ) ) ;
#56 = DIRECTION ( 'NONE',  ( 0.000000000000000000, 1.000000000000000000, 0.000000000000000000 ) ) ;
#57 = LINE ( 'NONE', #2172, #1293 ) ;
#58 = CARTESIAN_POINT ( 'NONE',  ( -0.1122047244094488277, 0.1299212598425196763, -0.1181102362204724532 ) ) ;
#59 = LINE ( 'NONE', #2488, #664 ) ;
#60 = PERSON_AND_ORGANIZATION ( #2739, #2607 ) ;
#61 = CARTESIAN_POINT ( 'NONE',  ( -0.1614173228346456879, 0.007874015748031495954, 0.07480314960629921850 ) ) ;
#62 = ORIENTED_EDGE ( 'NONE', *, *, #269, .F. ) ;
#63 = EDGE_LOOP ( 'NONE', ( #565, #1609, #1221, #2976 ) ) ;
#64 = ORIENTED_EDGE ( 'NONE', *, *, #327, .F. ) ;
#65 = CARTESIAN_POINT ( 'NONE',  ( -0.1496062992125984370, 0.02755905511811023584, -0.1023622047244094613 ) ) ;
#66 = EDGE_CURVE ( 'NONE', #2064, #2559, #2586, .T. ) ;
#67 = DIRECTION ( 'NONE',  ( 0.000000000000000000, 1.000000000000000000, 0.000000000000000000 ) ) ;
#68 = ORIENTED_EDGE ( 'NONE', *, *, #853, .T. ) ;
#69 = EDGE_LOOP ( 'NONE', ( #2957, #2665 ) ) ;
#70 = CARTESIAN_POINT ( 'NONE',  ( 0.1496062992125984370, 0.02755905511811023584, -0.1023622047244094613 ) ) ;
#71 = ADVANCED_FACE ( 'NONE', ( #2621 ), #2077, .F. ) ;
#72 = ORIENTED_EDGE ( 'NONE', *, *, #1561, .F. ) ;
#73 = CARTESIAN_POINT ( 'NONE',  ( 0.1614173228346456879, 0.02755905511811023584, 0.1023622047244094613 ) ) ;
#74 = LINE ( 'NONE', #3317, #1185 ) ;
#75 = CARTESIAN_POINT ( 'NONE',  ( -0.1535433070866141780, 0.02755905511811023584, -0.07480314960629921850 ) ) ;
#76 = CARTESIAN_POINT ( 'NONE',  ( -0.1122047244094488277, 0.1299212598425196763, 0.1181102362204724532 ) ) ;
#77 = CARTESIAN_POINT ( 'NONE',  ( 0.1653543307086614567, -0.003937007874015747977, -0.1023622047244094613 ) ) ;
#78 = CALENDAR_DATE ( 2024, 13, 5 ) ;
#79 = PLANE ( 'NONE',  #3313 ) ;
#80 = ORIENTED_EDGE ( 'NONE', *, *, #3116, .T. ) ;
#81 = ORIENTED_EDGE ( 'NONE', *, *, #306, .F. ) ;
#82 = ORIENTED_EDGE ( 'NONE', *, *, #532, .F. ) ;
#83 = LINE ( 'NONE', #1170, #561 ) ;
#84 = CIRCLE ( 'NONE', #3475, 0.003937007874015741038 ) ;
#85 = LINE ( 'NONE', #1997, #2395 ) ;
#86 = ORIENTED_EDGE ( 'NONE', *, *, #1570, .T. ) ;
#87 = ORIENTED_EDGE ( 'NONE', *, *, #2143, .T. ) ;
#88 = LINE ( 'NONE', #355, #1065 ) ;
#89 = VECTOR ( 'NONE', #3304, 39.37007874015748143 ) ;
#90 = APPROVAL ( #1671, 'UNSPECIFIED' ) ;
#91 = CIRCLE ( 'NONE', #3481, 0.07283464566929134798 ) ;
#92 = ORIENTED_EDGE ( 'NONE', *, *, #2690, .F. ) ;
#93 = DIRECTION ( 'NONE',  ( 0.000000000000000000, 1.000000000000000000, 0.000000000000000000 ) ) ;
#94 = DIRECTION ( 'NONE',  ( 1.000000000000000000, 0.000000000000000000, 0.000000000000000000 ) ) ;
#95 = TOROIDAL_SURFACE ( 'NONE', #603, 0.05931745287789588761, 0.005905511811023621965 ) ;
#96 = DIRECTION ( 'NONE',  ( 0.000000000000000000, 0.000000000000000000, -1.000000000000000000 ) ) ;
#97 = AXIS2_PLACEMENT_3D ( 'NONE', #2055, #2356, #3188 ) ;
#98 = DIRECTION ( 'NONE',  ( 0.000000000000000000, 0.000000000000000000, 1.000000000000000000 ) ) ;
#99 = EDGE_CURVE ( 'NONE', #1470, #2614, #998, .T. ) ;
#100 = EDGE_CURVE ( 'NONE', #2961, #1636, #1795, .T. ) ;
#101 = AXIS2_PLACEMENT_3D ( 'NONE', #1088, #590, #3004 ) ;
#102 = CARTESIAN_POINT ( 'NONE',  ( 0.000000000000000000, 0.000000000000000000, 0.000000000000000000 ) ) ;
#103 = CARTESIAN_POINT ( 'NONE',  ( 0.1181102362204724532, 0.1299212598425196763, -0.1181102362204724532 ) ) ;
#104 = ORIENTED_EDGE ( 'NONE', *, *, #2450, .F. ) ;
#105 = DIRECTION ( 'NONE',  ( 0.000000000000000000, 1.000000000000000000, 0.000000000000000000 ) ) ;
#106 = AXIS2_PLACEMENT_3D ( 'NONE', #779, #1867, #1704 ) ;
#107 = VERTEX_POINT ( 'NONE', #3175 ) ;
#108 = DIRECTION ( 'NONE',  ( -1.016439536705159791E-16, -1.000000000000000000, 0.000000000000000000 ) ) ;
#109 = CARTESIAN_POINT ( 'NONE',  ( -0.1181102362204724532, 0.03149606299212598381, 0.1023622047244094613 ) ) ;
#110 = ORIENTED_EDGE ( 'NONE', *, *, #1023, .F. ) ;
#111 = ORIENTED_EDGE ( 'NONE', *, *, #2912, .T. ) ;
#112 = PLANE ( 'NONE',  #3273 ) ;
#113 = AXIS2_PLACEMENT_3D ( 'NONE', #3208, #2472, #1391 ) ;
#114 = VERTEX_POINT ( 'NONE', #1397 ) ;
#115 = DIRECTION ( 'NONE',  ( 0.000000000000000000, 0.000000000000000000, 1.000000000000000000 ) ) ;
#116 = CARTESIAN_POINT ( 'NONE',  ( 0.1614173228346456879, 0.007874015748031495954, -0.1023622047244094613 ) ) ;
#117 = DIRECTION ( 'NONE',  ( 0.000000000000000000, -1.000000000000000000, 0.000000000000000000 ) ) ;
#118 = CARTESIAN_POINT ( 'NONE',  ( -0.1181102362204724532, 0.1299212598425196763, 0.1122047244094488277 ) ) ;
#119 = DATE_AND_TIME ( #2797, #679 ) ;
#120 = EDGE_CURVE ( 'NONE', #3338, #2108, #2972, .T. ) ;
#121 = CARTESIAN_POINT ( 'NONE',  ( -0.08858267716535433989, 0.1456692913385826960, 0.08858267716535433989 ) ) ;
#122 = ORIENTED_EDGE ( 'NONE', *, *, #463, .F. ) ;
#123 = ORIENTED_EDGE ( 'NONE', *, *, #1892, .T. ) ;
#124 = CARTESIAN_POINT ( 'NONE',  ( 0.08858267716535433989, 0.1377952755905511861, -0.06496062992125986590 ) ) ;
#125 = PLANE ( 'NONE',  #1556 ) ;
#126 = ORIENTED_EDGE ( 'NONE', *, *, #3301, .F. ) ;
#127 = VERTEX_POINT ( 'NONE', #2995 ) ;
#128 = DIRECTION ( 'NONE',  ( 0.000000000000000000, -1.000000000000000000, 0.000000000000000000 ) ) ;
#129 = EDGE_LOOP ( 'NONE', ( #1685, #740, #3345, #2365 ) ) ;
#130 = CYLINDRICAL_SURFACE ( 'NONE', #1063, 0.01574803149606299885 ) ;
#131 = FACE_OUTER_BOUND ( 'NONE', #1703, .T. ) ;
#132 = LINE ( 'NONE', #1218, #2814 ) ;
#133 = DIRECTION ( 'NONE',  ( 0.000000000000000000, 0.000000000000000000, 1.000000000000000000 ) ) ;
#134 = EDGE_CURVE ( 'NONE', #2801, #285, #3012, .T. ) ;
#135 = CARTESIAN_POINT ( 'NONE',  ( -0.08858267716535433989, 0.1377952755905511861, -0.1043307086614173457 ) ) ;
#136 = VERTEX_POINT ( 'NONE', #1631 ) ;
#137 = CARTESIAN_POINT ( 'NONE',  ( -0.1614173228346456879, 0.02755905511811023584, -0.1023622047244094613 ) ) ;
#138 = EDGE_CURVE ( 'NONE', #1774, #3450, #595, .T. ) ;
#139 = CARTESIAN_POINT ( 'NONE',  ( 0.1181102362204724532, 0.03937007874015747977, -0.07480314960629921850 ) ) ;
#140 = CARTESIAN_POINT ( 'NONE',  ( 0.1122047244094488277, 0.1299212598425196763, -0.1181102362204724532 ) ) ;
#141 = ORIENTED_EDGE ( 'NONE', *, *, #2856, .T. ) ;
#142 = ORIENTED_EDGE ( 'NONE', *, *, #1543, .T. ) ;
#143 = CARTESIAN_POINT ( 'NONE',  ( 0.08858267716535433989, 0.1823374350353732243, -0.08858267716535433989 ) ) ;
#144 = EDGE_CURVE ( 'NONE', #945, #2682, #1066, .T. ) ;
#145 = AXIS2_PLACEMENT_3D ( 'NONE', #3191, #2364, #2062 ) ;
#146 = ORIENTED_EDGE ( 'NONE', *, *, #2340, .F. ) ;
#147 = CARTESIAN_POINT ( 'NONE',  ( 0.1653543307086614567, -0.003937007874015747977, 0.1023622047244094613 ) ) ;
#148 = CIRCLE ( 'NONE', #313, 0.06521687339094880964 ) ;
#149 = CARTESIAN_POINT ( 'NONE',  ( -0.1653543307086614567, -0.003937007874015747977, 0.1023622047244094613 ) ) ;
#150 = AXIS2_PLACEMENT_3D ( 'NONE', #2041, #2335, #700 ) ;
#151 = DIRECTION ( 'NONE',  ( -0.000000000000000000, -1.000000000000000000, -0.000000000000000000 ) ) ;
#152 = LINE ( 'NONE', #1799, #2525 ) ;
#153 = CARTESIAN_POINT ( 'NONE',  ( -0.1535433070866141780, 0.02755905511811023584, 0.1023622047244094613 ) ) ;
#154 = AXIS2_PLACEMENT_3D ( 'NONE', #1913, #2997, #2166 ) ;
#155 = AXIS2_PLACEMENT_3D ( 'NONE', #957, #3121, #98 ) ;
#156 = VERTEX_POINT ( 'NONE', #264 ) ;
#157 = VECTOR ( 'NONE', #3444, 39.37007874015748143 ) ;
#158 = FACE_OUTER_BOUND ( 'NONE', #3108, .T. ) ;
#159 = DIRECTION ( 'NONE',  ( 0.000000000000000000, 0.000000000000000000, 1.000000000000000000 ) ) ;
#160 = ORIENTED_EDGE ( 'NONE', *, *, #1285, .F. ) ;
#161 = CIRCLE ( 'NONE', #609, 0.01181102362204724046 ) ;
#162 = ADVANCED_FACE ( 'NONE', ( #3506 ), #1661, .T. ) ;
#163 = VERTEX_POINT ( 'NONE', #810 ) ;
#164 = LINE ( 'NONE', #2051, #504 ) ;
#165 = AXIS2_PLACEMENT_3D ( 'NONE', #3029, #946, #339 ) ;
#166 = EDGE_CURVE ( 'NONE', #892, #1907, #2438, .T. ) ;
#167 = ORIENTED_EDGE ( 'NONE', *, *, #1418, .T. ) ;
#168 = ADVANCED_FACE ( 'NONE', ( #2555 ), #125, .T. ) ;
#169 = CIRCLE ( 'NONE', #617, 0.02362204724409448092 ) ;
#170 = DIRECTION ( 'NONE',  ( 1.000000000000000000, -1.016439536705159791E-16, 0.000000000000000000 ) ) ;
#171 = VECTOR ( 'NONE', #209, 39.37007874015748143 ) ;
#172 = FACE_OUTER_BOUND ( 'NONE', #1839, .T. ) ;
#173 = DIRECTION ( 'NONE',  ( -8.673617379884038628E-15, 0.000000000000000000, 1.000000000000000000 ) ) ;
#174 = CARTESIAN_POINT ( 'NONE',  ( -0.1653543307086614567, 0.003937007874015747977, -0.1023622047244094613 ) ) ;
#175 = ORIENTED_EDGE ( 'NONE', *, *, #206, .F. ) ;
#176 = CARTESIAN_POINT ( 'NONE',  ( -0.1614173228346456879, 0.02755905511811023584, -0.07480314960629921850 ) ) ;
#177 = CARTESIAN_POINT ( 'NONE',  ( -0.1968503937007874127, -0.003937007874015747977, -0.1023622047244094613 ) ) ;
#178 = VERTEX_POINT ( 'NONE', #887 ) ;
#179 = ORIENTED_EDGE ( 'NONE', *, *, #764, .F. ) ;
#180 = CARTESIAN_POINT ( 'NONE',  ( 0.000000000000000000, 0.2106299212598425064, 0.000000000000000000 ) ) ;
#181 = ADVANCED_FACE ( 'NONE', ( #1960 ), #1416, .F. ) ;
#182 = EDGE_LOOP ( 'NONE', ( #2180, #2011, #3010, #1492 ) ) ;
#183 = CARTESIAN_POINT ( 'NONE',  ( 0.1653543307086614567, 0.003937007874015747977, -0.1023622047244094613 ) ) ;
#184 = EDGE_CURVE ( 'NONE', #671, #2559, #2496, .T. ) ;
#185 = ADVANCED_FACE ( 'NONE', ( #1211 ), #3106, .F. ) ;
#186 = CARTESIAN_POINT ( 'NONE',  ( 0.1535433070866141780, 0.02755905511811023584, 0.1023622047244094613 ) ) ;
#187 = DIRECTION ( 'NONE',  ( 0.000000000000000000, 0.000000000000000000, 1.000000000000000000 ) ) ;
#188 = DIRECTION ( 'NONE',  ( 0.000000000000000000, 0.000000000000000000, 1.000000000000000000 ) ) ;
#189 = DIRECTION ( 'NONE',  ( 0.000000000000000000, -1.000000000000000000, 0.000000000000000000 ) ) ;
#190 = FACE_OUTER_BOUND ( 'NONE', #1925, .T. ) ;
#191 = CYLINDRICAL_SURFACE ( 'NONE', #1581, 0.02362204724409448092 ) ;
#192 = CARTESIAN_POINT ( 'NONE',  ( -0.1968503937007874127, 0.003937007874015747977, -0.1023622047244094613 ) ) ;
#193 = ORIENTED_EDGE ( 'NONE', *, *, #2358, .F. ) ;
#194 = EDGE_LOOP ( 'NONE', ( #431, #2628, #2372, #259 ) ) ;
#195 = CARTESIAN_POINT ( 'NONE',  ( 0.1496062992125984370, 0.03149606299212598381, -0.1023622047244094613 ) ) ;
#196 = EDGE_LOOP ( 'NONE', ( #2730, #720, #3438, #1213 ) ) ;
#197 = EDGE_CURVE ( 'NONE', #2961, #366, #1193, .T. ) ;
#198 = DIRECTION ( 'NONE',  ( 0.000000000000000000, 1.000000000000000000, 0.000000000000000000 ) ) ;
#199 = AXIS2_PLACEMENT_3D ( 'NONE', #109, #2860, #2873 ) ;
#200 = ORIENTED_EDGE ( 'NONE', *, *, #2837, .T. ) ;
#201 = CARTESIAN_POINT ( 'NONE',  ( 0.1181102362204724532, 0.03149606299212598381, 0.1023622047244094613 ) ) ;
#202 = CYLINDRICAL_SURFACE ( 'NONE', #3217, 0.003937007874015741038 ) ;
#203 = CIRCLE ( 'NONE', #760, 0.01574803149606299191 ) ;
#204 = DIRECTION ( 'NONE',  ( 0.000000000000000000, -1.000000000000000000, 0.000000000000000000 ) ) ;
#205 = VECTOR ( 'NONE', #1931, 39.37007874015748143 ) ;
#206 = EDGE_CURVE ( 'NONE', #2875, #3127, #2219, .T. ) ;
#207 = EDGE_CURVE ( 'NONE', #1939, #1364, #1171, .T. ) ;
#208 = AXIS2_PLACEMENT_3D ( 'NONE', #461, #859, #1669 ) ;
#209 = DIRECTION ( 'NONE',  ( -1.734723475976804925E-15, -1.000000000000000000, 0.000000000000000000 ) ) ;
#210 = CARTESIAN_POINT ( 'NONE',  ( -0.08858267716535433989, 0.1377952755905511861, -0.08858267716535433989 ) ) ;
#211 = VERTEX_POINT ( 'NONE', #2293 ) ;
#212 = EDGE_LOOP ( 'NONE', ( #2350, #2793 ) ) ;
#213 = VECTOR ( 'NONE', #1972, 39.37007874015748143 ) ;
#214 = FACE_OUTER_BOUND ( 'NONE', #2215, .T. ) ;
#215 = AXIS2_PLACEMENT_3D ( 'NONE', #1439, #3356, #2039 ) ;
#216 = CYLINDRICAL_SURFACE ( 'NONE', #1794, 0.01181102362204724046 ) ;
#217 = ORIENTED_EDGE ( 'NONE', *, *, #2697, .F. ) ;
#218 = DIRECTION ( 'NONE',  ( 0.000000000000000000, 0.000000000000000000, -1.000000000000000000 ) ) ;
#219 = CIRCLE ( 'NONE', #2305, 0.003937007874015741038 ) ;
#220 = VECTOR ( 'NONE', #3505, 39.37007874015748143 ) ;
#221 = VERTEX_POINT ( 'NONE', #1758 ) ;
#222 = DIRECTION ( 'NONE',  ( 0.000000000000000000, 0.000000000000000000, 1.000000000000000000 ) ) ;
#223 = FACE_OUTER_BOUND ( 'NONE', #2691, .T. ) ;
#224 = AXIS2_PLACEMENT_3D ( 'NONE', #886, #2843, #391 ) ;
#225 = EDGE_CURVE ( 'NONE', #2200, #3083, #85, .T. ) ;
#226 = CARTESIAN_POINT ( 'NONE',  ( -0.1614173228346456879, 0.02755905511811023584, 0.07480314960629921850 ) ) ;
#227 = EDGE_CURVE ( 'NONE', #855, #127, #624, .T. ) ;
#228 = EDGE_CURVE ( 'NONE', #914, #2236, #717, .T. ) ;
#229 = DIRECTION ( 'NONE',  ( 1.000000000000000000, 0.000000000000000000, 0.000000000000000000 ) ) ;
#230 = LINE ( 'NONE', #1837, #878 ) ;
#231 = VERTEX_POINT ( 'NONE', #1701 ) ;
#232 = ORIENTED_EDGE ( 'NONE', *, *, #2515, .F. ) ;
#233 = CYLINDRICAL_SURFACE ( 'NONE', #782, 0.01574803149606299885 ) ;
#234 = DIRECTION ( 'NONE',  ( 0.000000000000000000, 1.000000000000000000, 0.000000000000000000 ) ) ;
#235 = ORIENTED_EDGE ( 'NONE', *, *, #1615, .F. ) ;
#236 = DIRECTION ( 'NONE',  ( -1.000000000000000000, 0.000000000000000000, 0.000000000000000000 ) ) ;
#237 = ORIENTED_EDGE ( 'NONE', *, *, #3176, .T. ) ;
#238 = CYLINDRICAL_SURFACE ( 'NONE', #948, 0.01181102362204724046 ) ;
#239 = DIRECTION ( 'NONE',  ( 0.000000000000000000, -1.000000000000000000, 0.000000000000000000 ) ) ;
#240 = DIRECTION ( 'NONE',  ( 0.000000000000000000, 0.000000000000000000, 1.000000000000000000 ) ) ;
#241 = DIRECTION ( 'NONE',  ( 0.000000000000000000, 0.000000000000000000, -1.000000000000000000 ) ) ;
#242 = CARTESIAN_POINT ( 'NONE',  ( 0.1653543307086614567, 0.003937007874015747977, -0.1023622047244094613 ) ) ;
#243 = ORIENTED_EDGE ( 'NONE', *, *, #1674, .T. ) ;
#244 = ORIENTED_EDGE ( 'NONE', *, *, #207, .F. ) ;
#245 = EDGE_CURVE ( 'NONE', #1696, #3166, #351, .T. ) ;
#246 = DIRECTION ( 'NONE',  ( 0.000000000000000000, 0.000000000000000000, -1.000000000000000000 ) ) ;
#247 = EDGE_LOOP ( 'NONE', ( #3218, #2262, #3277, #2650, #3065, #2220, #1278, #280 ) ) ;
#248 = ADVANCED_FACE ( 'NONE', ( #965 ), #3351, .T. ) ;
#249 = DIRECTION ( 'NONE',  ( 0.000000000000000000, 1.000000000000000000, 0.000000000000000000 ) ) ;
#250 = EDGE_CURVE ( 'NONE', #677, #2058, #2689, .T. ) ;
#251 = ORIENTED_EDGE ( 'NONE', *, *, #2270, .F. ) ;
#252 = CARTESIAN_POINT ( 'NONE',  ( 0.1496062992125984370, 0.03149606299212598381, 0.1023622047244094613 ) ) ;
#253 = CARTESIAN_POINT ( 'NONE',  ( -0.1653543307086614567, -0.003937007874015747977, 0.1023622047244094613 ) ) ;
#254 = VECTOR ( 'NONE', #2260, 39.37007874015748143 ) ;
#255 = DIRECTION ( 'NONE',  ( 1.000000000000000000, 0.000000000000000000, 0.000000000000000000 ) ) ;
#256 = DIRECTION ( 'NONE',  ( 0.000000000000000000, -1.000000000000000000, 0.000000000000000000 ) ) ;
#257 = VECTOR ( 'NONE', #2983, 39.37007874015748143 ) ;
#258 = CARTESIAN_POINT ( 'NONE',  ( -0.1496062992125984370, 0.03149606299212598381, 0.1023622047244094613 ) ) ;
#259 = ORIENTED_EDGE ( 'NONE', *, *, #2207, .F. ) ;
#260 = ORIENTED_EDGE ( 'NONE', *, *, #2587, .F. ) ;
#261 = CLOSED_SHELL ( 'NONE', ( #2275, #168, #1764, #1050, #1431, #1465, #2054, #1605, #2189, #1546, #3199, #2758, #3140, #759 ) ) ;
#262 = FACE_OUTER_BOUND ( 'NONE', #2129, .T. ) ;
#263 = EDGE_CURVE ( 'NONE', #409, #3451, #84, .T. ) ;
#264 = CARTESIAN_POINT ( 'NONE',  ( 0.08858267716535433989, 0.1456692913385826960, 0.1122047244094488277 ) ) ;
#265 = ORIENTED_EDGE ( 'NONE', *, *, #3151, .F. ) ;
#266 = DIRECTION ( 'NONE',  ( -1.000000000000000000, 0.000000000000000000, 0.000000000000000000 ) ) ;
#267 = CIRCLE ( 'NONE', #1241, 0.005905511811023620231 ) ;
#268 = EDGE_CURVE ( 'NONE', #2747, #1281, #370, .T. ) ;
#269 = EDGE_CURVE ( 'NONE', #883, #3244, #1717, .T. ) ;
#270 = EDGE_LOOP ( 'NONE', ( #1188, #971, #582, #1529 ) ) ;
#271 = LINE ( 'NONE', #2755, #205 ) ;
#272 = AXIS2_PLACEMENT_3D ( 'NONE', #1085, #1598, #1896 ) ;
#273 = CARTESIAN_POINT ( 'NONE',  ( 0.1968503937007874127, -0.003937007874015747977, 0.07480314960629921850 ) ) ;
#274 = CIRCLE ( 'NONE', #46, 0.01574803149606299885 ) ;
#275 = FACE_OUTER_BOUND ( 'NONE', #723, .T. ) ;
#276 = CARTESIAN_POINT ( 'NONE',  ( -0.1181102362204724532, 0.1299212598425196763, -0.1181102362204724532 ) ) ;
#277 = AXIS2_PLACEMENT_3D ( 'NONE', #290, #1591, #792 ) ;
#278 = CARTESIAN_POINT ( 'NONE',  ( -0.1181102362204724532, 0.1377952755905511861, -0.1181102362204724532 ) ) ;
#279 = ORIENTED_EDGE ( 'NONE', *, *, #2122, .T. ) ;
#280 = ORIENTED_EDGE ( 'NONE', *, *, #1482, .T. ) ;
#281 = LINE ( 'NONE', #1097, #2247 ) ;
#282 = ORIENTED_EDGE ( 'NONE', *, *, #2424, .F. ) ;
#283 = CARTESIAN_POINT ( 'NONE',  ( 0.1614173228346456879, 0.007874015748031495954, -0.1023622047244094613 ) ) ;
#284 = ADVANCED_FACE ( 'NONE', ( #1451 ), #2534, .T. ) ;
#285 = VERTEX_POINT ( 'NONE', #1040 ) ;
#286 = DIRECTION ( 'NONE',  ( 0.000000000000000000, 1.000000000000000000, 0.000000000000000000 ) ) ;
#287 = EDGE_CURVE ( 'NONE', #3044, #982, #230, .T. ) ;
#288 = DIRECTION ( 'NONE',  ( -1.734723475976804925E-15, -1.000000000000000000, 0.000000000000000000 ) ) ;
#289 = DIRECTION ( 'NONE',  ( 0.000000000000000000, 1.000000000000000000, 0.000000000000000000 ) ) ;
#290 = CARTESIAN_POINT ( 'NONE',  ( -0.1496062992125984370, 0.02755905511811023584, -0.1023622047244094613 ) ) ;
#291 = LINE ( 'NONE', #24, #3207 ) ;
#292 = ORIENTED_EDGE ( 'NONE', *, *, #3066, .F. ) ;
#293 = ORIENTED_EDGE ( 'NONE', *, *, #120, .F. ) ;
#294 = ORIENTED_EDGE ( 'NONE', *, *, #1934, .T. ) ;
#295 = DIRECTION ( 'NONE',  ( 0.000000000000000000, -1.000000000000000000, 0.000000000000000000 ) ) ;
#296 = VERTEX_POINT ( 'NONE', #3209 ) ;
#297 = CARTESIAN_POINT ( 'NONE',  ( -0.1181102362204724532, 0.03149606299212598381, -0.1023622047244094613 ) ) ;
#298 = APPROVAL ( #2232, 'UNSPECIFIED' ) ;
#299 = ORIENTED_EDGE ( 'NONE', *, *, #381, .F. ) ;
#300 = DIRECTION ( 'NONE',  ( 7.228014483236699514E-17, 0.000000000000000000, 1.000000000000000000 ) ) ;
#301 = DIRECTION ( 'NONE',  ( -1.016439536705159791E-16, -1.000000000000000000, 0.000000000000000000 ) ) ;
#302 = CARTESIAN_POINT ( 'NONE',  ( 0.000000000000000000, 0.2165354330708661457, 0.000000000000000000 ) ) ;
#303 = DIRECTION ( 'NONE',  ( -0.000000000000000000, 1.000000000000000000, 0.000000000000000000 ) ) ;
#304 = CARTESIAN_POINT ( 'NONE',  ( -0.1181102362204724532, 0.000000000000000000, -0.1181102362204724532 ) ) ;
#305 = FACE_OUTER_BOUND ( 'NONE', #2776, .T. ) ;
#306 = EDGE_CURVE ( 'NONE', #2354, #848, #2919, .T. ) ;
#307 = EDGE_CURVE ( 'NONE', #2941, #2559, #2639, .T. ) ;
#308 = LINE ( 'NONE', #3228, #1389 ) ;
#309 = ORIENTED_EDGE ( 'NONE', *, *, #1852, .F. ) ;
#310 = CIRCLE ( 'NONE', #2061, 0.005905511811023620231 ) ;
#311 = ORIENTED_EDGE ( 'NONE', *, *, #99, .T. ) ;
#312 = ORIENTED_EDGE ( 'NONE', *, *, #834, .F. ) ;
#313 = AXIS2_PLACEMENT_3D ( 'NONE', #845, #2160, #516 ) ;
#314 = CARTESIAN_POINT ( 'NONE',  ( -0.1122047244094488277, 0.1377952755905511861, 0.1122047244094488277 ) ) ;
#315 = EDGE_LOOP ( 'NONE', ( #847, #550, #807, #1678 ) ) ;
#316 = CIRCLE ( 'NONE', #2348, 0.01574803149606299191 ) ;
#317 = FACE_OUTER_BOUND ( 'NONE', #55, .T. ) ;
#318 = AXIS2_PLACEMENT_3D ( 'NONE', #1316, #955, #2945 ) ;
#319 = ORIENTED_EDGE ( 'NONE', *, *, #1223, .F. ) ;
#320 = DIRECTION ( 'NONE',  ( 0.000000000000000000, 1.000000000000000000, 0.000000000000000000 ) ) ;
#321 = CARTESIAN_POINT ( 'NONE',  ( -0.1614173228346456879, 0.007874015748031495954, -0.1023622047244094613 ) ) ;
#322 = AXIS2_PLACEMENT_3D ( 'NONE', #362, #2854, #899 ) ;
#323 = AXIS2_PLACEMENT_3D ( 'NONE', #1884, #857, #3495 ) ;
#324 = DIRECTION ( 'NONE',  ( -0.000000000000000000, 1.000000000000000000, 0.000000000000000000 ) ) ;
#325 = CARTESIAN_POINT ( 'NONE',  ( 0.08858267716535433989, 0.1377952755905511861, 0.07283464566929134798 ) ) ;
#326 = CIRCLE ( 'NONE', #2075, 0.005905511811023620231 ) ;
#327 = EDGE_CURVE ( 'NONE', #3363, #1100, #1280, .T. ) ;
#328 = APPLICATION_PROTOCOL_DEFINITION ( 'international standard', 'config_control_design', 1994, #901 ) ;
#329 = LINE ( 'NONE', #135, #3376 ) ;
#330 = ORIENTED_EDGE ( 'NONE', *, *, #2649, .F. ) ;
#331 = VECTOR ( 'NONE', #1299, 39.37007874015748143 ) ;
#332 = ORIENTED_EDGE ( 'NONE', *, *, #3395, .T. ) ;
#333 = ORIENTED_EDGE ( 'NONE', *, *, #3468, .F. ) ;
#334 = EDGE_CURVE ( 'NONE', #1347, #2682, #2580, .T. ) ;
#335 = CIRCLE ( 'NONE', #2310, 0.02362204724409448092 ) ;
#336 = CYLINDRICAL_SURFACE ( 'NONE', #3279, 0.003937007874015741038 ) ;
#337 = DIRECTION ( 'NONE',  ( 0.000000000000000000, 0.000000000000000000, 1.000000000000000000 ) ) ;
#338 = ORIENTED_EDGE ( 'NONE', *, *, #2649, .T. ) ;
#339 = DIRECTION ( 'NONE',  ( 0.000000000000000000, 0.000000000000000000, -1.000000000000000000 ) ) ;
#340 = ORIENTED_EDGE ( 'NONE', *, *, #441, .F. ) ;
#341 = FACE_OUTER_BOUND ( 'NONE', #196, .T. ) ;
#342 = CARTESIAN_POINT ( 'NONE',  ( 0.08858267716535433989, 0.1377952755905511861, -0.08858267716535433989 ) ) ;
#343 = FACE_BOUND ( 'NONE', #3193, .T. ) ;
#344 = DIRECTION ( 'NONE',  ( 0.000000000000000000, -1.000000000000000000, 0.000000000000000000 ) ) ;
#345 = DATE_AND_TIME ( #78, #3057 ) ;
#346 = CARTESIAN_POINT ( 'NONE',  ( 8.919671568592926781E-18, 0.1299212598425196763, -0.07283464566929134798 ) ) ;
#347 = ORIENTED_EDGE ( 'NONE', *, *, #1229, .F. ) ;
#348 = ORIENTED_EDGE ( 'NONE', *, *, #1208, .F. ) ;
#349 = VERTEX_POINT ( 'NONE', #1507 ) ;
#350 = CARTESIAN_POINT ( 'NONE',  ( 0.1968503937007874127, -0.003937007874015747977, -0.1023622047244094613 ) ) ;
#351 = LINE ( 'NONE', #393, #1174 ) ;
#352 = EDGE_LOOP ( 'NONE', ( #1541, #2800 ) ) ;
#353 = ORIENTED_EDGE ( 'NONE', *, *, #660, .T. ) ;
#354 = ADVANCED_FACE ( 'NONE', ( #3160 ), #2092, .F. ) ;
#355 = CARTESIAN_POINT ( 'NONE',  ( 0.1614173228346456879, 0.02755905511811023584, -0.07480314960629921850 ) ) ;
#356 = EDGE_CURVE ( 'NONE', #1095, #848, #1773, .T. ) ;
#357 = ORIENTED_EDGE ( 'NONE', *, *, #2616, .T. ) ;
#358 = DIRECTION ( 'NONE',  ( 0.000000000000000000, 0.000000000000000000, 1.000000000000000000 ) ) ;
#359 = EDGE_CURVE ( 'NONE', #945, #1103, #2974, .T. ) ;
#360 = DIRECTION ( 'NONE',  ( 0.000000000000000000, -1.000000000000000000, 0.000000000000000000 ) ) ;
#361 = CARTESIAN_POINT ( 'NONE',  ( 0.1181102362204724532, 0.03149606299212598381, 0.1023622047244094613 ) ) ;
#362 = CARTESIAN_POINT ( 'NONE',  ( -0.1496062992125984370, 0.02755905511811023584, -0.07480314960629921850 ) ) ;
#363 = PERSON_AND_ORGANIZATION ( #2739, #2607 ) ;
#364 = DIRECTION ( 'NONE',  ( 0.000000000000000000, -1.000000000000000000, 0.000000000000000000 ) ) ;
#365 = ORIENTED_EDGE ( 'NONE', *, *, #1947, .F. ) ;
#366 = VERTEX_POINT ( 'NONE', #751 ) ;
#367 = ORIENTED_EDGE ( 'NONE', *, *, #225, .F. ) ;
#368 = DIRECTION ( 'NONE',  ( -1.734723475976804925E-15, 1.000000000000000000, 0.000000000000000000 ) ) ;
#369 = VECTOR ( 'NONE', #105, 39.37007874015748143 ) ;
#370 = LINE ( 'NONE', #1735, #816 ) ;
#371 = ORIENTED_EDGE ( 'NONE', *, *, #2768, .T. ) ;
#372 = ORIENTED_EDGE ( 'NONE', *, *, #1049, .T. ) ;
#373 = CARTESIAN_POINT ( 'NONE',  ( 0.000000000000000000, -0.07608622758978160483, 0.07283464566929134798 ) ) ;
#374 = VECTOR ( 'NONE', #475, 39.37007874015748143 ) ;
#375 = AXIS2_PLACEMENT_3D ( 'NONE', #1849, #1869, #2914 ) ;
#376 = EDGE_LOOP ( 'NONE', ( #2237, #861, #1067, #3139 ) ) ;
#377 = LINE ( 'NONE', #856, #2403 ) ;
#378 = FACE_OUTER_BOUND ( 'NONE', #741, .T. ) ;
#379 = AXIS2_PLACEMENT_3D ( 'NONE', #2210, #1382, #3285 ) ;
#380 = EDGE_CURVE ( 'NONE', #1594, #771, #2344, .T. ) ;
#381 = EDGE_CURVE ( 'NONE', #2170, #1696, #203, .T. ) ;
#382 = DIRECTION ( 'NONE',  ( 1.000000000000000000, 0.000000000000000000, 0.000000000000000000 ) ) ;
#383 = AXIS2_PLACEMENT_3D ( 'NONE', #1464, #3325, #2836 ) ;
#384 = DIRECTION ( 'NONE',  ( 0.000000000000000000, 0.000000000000000000, 1.000000000000000000 ) ) ;
#385 = CIRCLE ( 'NONE', #215, 0.01574803149606299885 ) ;
#386 = PERSON_AND_ORGANIZATION ( #2739, #2607 ) ;
#387 = FACE_OUTER_BOUND ( 'NONE', #2101, .T. ) ;
#388 = ORIENTED_EDGE ( 'NONE', *, *, #1615, .T. ) ;
#389 = ORIENTED_EDGE ( 'NONE', *, *, #3182, .T. ) ;
#390 = CIRCLE ( 'NONE', #106, 0.003937007874015741038 ) ;
#391 = DIRECTION ( 'NONE',  ( 1.000000000000000000, 0.000000000000000000, 0.000000000000000000 ) ) ;
#392 = VECTOR ( 'NONE', #288, 39.37007874015748143 ) ;
#393 = CARTESIAN_POINT ( 'NONE',  ( -0.08858267716535433989, 0.1377952755905511861, -0.07283464566929134798 ) ) ;
#394 = ORIENTED_EDGE ( 'NONE', *, *, #903, .F. ) ;
#395 = ORIENTED_EDGE ( 'NONE', *, *, #877, .T. ) ;
#396 = DIRECTION ( 'NONE',  ( 1.000000000000000000, -1.016439536705159791E-16, 0.000000000000000000 ) ) ;
#397 = AXIS2_PLACEMENT_3D ( 'NONE', #3480, #3240, #562 ) ;
#398 = LOCAL_TIME ( 16, 4, 34.00000000000000000, #407 ) ;
#399 = VERTEX_POINT ( 'NONE', #2609 ) ;
#400 = DIRECTION ( 'NONE',  ( 0.000000000000000000, -1.000000000000000000, 0.000000000000000000 ) ) ;
#401 = EDGE_CURVE ( 'NONE', #2765, #1095, #2107, .T. ) ;
#402 = CARTESIAN_POINT ( 'NONE',  ( 0.1496062992125984370, 0.03149606299212598381, -0.1023622047244094613 ) ) ;
#403 = FACE_OUTER_BOUND ( 'NONE', #2557, .T. ) ;
#404 = CARTESIAN_POINT ( 'NONE',  ( 0.1653543307086614567, 0.003937007874015747977, 0.1023622047244094613 ) ) ;
#405 = ADVANCED_FACE ( 'NONE', ( #2048, #3142, #706, #3416, #1809 ), #2891, .T. ) ;
#406 = CARTESIAN_POINT ( 'NONE',  ( 0.1122047244094488277, 0.1299212598425196763, -0.1181102362204724532 ) ) ;
#407 = COORDINATED_UNIVERSAL_TIME_OFFSET ( 0, 0, .AHEAD. ) ;
#408 = CARTESIAN_POINT ( 'NONE',  ( 0.1122047244094488277, 0.1377952755905511861, -0.1122047244094488277 ) ) ;
#409 = VERTEX_POINT ( 'NONE', #2624 ) ;
#410 = CARTESIAN_POINT ( 'NONE',  ( -0.1181102362204724532, 0.1377952755905511861, 0.1122047244094488277 ) ) ;
#411 = CARTESIAN_POINT ( 'NONE',  ( 0.1653543307086614567, 0.003937007874015747977, 0.1023622047244094613 ) ) ;
#412 = DIRECTION ( 'NONE',  ( 0.000000000000000000, -1.000000000000000000, 0.000000000000000000 ) ) ;
#413 = VERTEX_POINT ( 'NONE', #3178 ) ;
#414 = ORIENTED_EDGE ( 'NONE', *, *, #802, .T. ) ;
#415 = CARTESIAN_POINT ( 'NONE',  ( -0.08858267716535433989, 0.1377952755905511861, 0.08858267716535433989 ) ) ;
#416 = ORIENTED_EDGE ( 'NONE', *, *, #1209, .F. ) ;
#417 = PLANE ( 'NONE',  #1181 ) ;
#418 = DIRECTION ( 'NONE',  ( 0.000000000000000000, 1.000000000000000000, 0.000000000000000000 ) ) ;
#419 = SPHERICAL_SURFACE ( 'NONE', #2869, 0.03937007874015747977 ) ;
#420 = DIRECTION ( 'NONE',  ( 0.000000000000000000, 1.000000000000000000, 0.000000000000000000 ) ) ;
#421 = DIRECTION ( 'NONE',  ( 0.000000000000000000, 0.000000000000000000, 1.000000000000000000 ) ) ;
#422 = CARTESIAN_POINT ( 'NONE',  ( 0.1122047244094488277, 0.1299212598425196763, 0.1122047244094488277 ) ) ;
#423 = EDGE_CURVE ( 'NONE', #772, #3192, #882, .T. ) ;
#424 = EDGE_CURVE ( 'NONE', #3244, #2217, #1225, .T. ) ;
#425 = DIRECTION ( 'NONE',  ( -1.000000000000000000, -1.016439536705159791E-16, 0.000000000000000000 ) ) ;
#426 = CARTESIAN_POINT ( 'NONE',  ( -0.1968503937007874127, -0.003937007874015747977, -0.07480314960629921850 ) ) ;
#427 = ORIENTED_EDGE ( 'NONE', *, *, #1906, .T. ) ;
#428 = EDGE_LOOP ( 'NONE', ( #1986, #793, #1760, #1553 ) ) ;
#429 = DIRECTION ( 'NONE',  ( 0.000000000000000000, 0.000000000000000000, 1.000000000000000000 ) ) ;
#430 = VECTOR ( 'NONE', #655, 39.37007874015748143 ) ;
#431 = ORIENTED_EDGE ( 'NONE', *, *, #245, .F. ) ;
#432 = CIRCLE ( 'NONE', #3150, 0.02362204724409448092 ) ;
#433 = DIRECTION ( 'NONE',  ( 0.000000000000000000, 0.000000000000000000, 1.000000000000000000 ) ) ;
#434 = VECTOR ( 'NONE', #456, 39.37007874015748143 ) ;
#435 = CARTESIAN_POINT ( 'NONE',  ( 0.000000000000000000, 0.1299212598425196763, -0.06889763779527559306 ) ) ;
#436 = LINE ( 'NONE', #2251, #213 ) ;
#437 = AXIS2_PLACEMENT_3D ( 'NONE', #2517, #3055, #2223 ) ;
#438 = VECTOR ( 'NONE', #2669, 39.37007874015748143 ) ;
#439 = CARTESIAN_POINT ( 'NONE',  ( 0.08858267716535433989, 0.1456692913385826960, -0.08858267716535433989 ) ) ;
#440 = ORIENTED_EDGE ( 'NONE', *, *, #702, .F. ) ;
#441 = EDGE_CURVE ( 'NONE', #1152, #3008, #2473, .T. ) ;
#442 = VECTOR ( 'NONE', #3034, 39.37007874015748143 ) ;
#443 = DIRECTION ( 'NONE',  ( 0.000000000000000000, 1.000000000000000000, 0.000000000000000000 ) ) ;
#444 = CARTESIAN_POINT ( 'NONE',  ( 0.1653543307086614567, 0.003937007874015747977, 0.07480314960629921850 ) ) ;
#445 = VERTEX_POINT ( 'NONE', #1112 ) ;
#446 = VECTOR ( 'NONE', #128, 39.37007874015748143 ) ;
#447 = ORIENTED_EDGE ( 'NONE', *, *, #1200, .F. ) ;
#448 = EDGE_CURVE ( 'NONE', #156, #1894, #2414, .T. ) ;
#449 = DIRECTION ( 'NONE',  ( -1.000000000000000000, 0.000000000000000000, 0.000000000000000000 ) ) ;
#450 = EDGE_CURVE ( 'NONE', #211, #399, #148, .T. ) ;
#451 = VECTOR ( 'NONE', #997, 39.37007874015748143 ) ;
#452 = ORIENTED_EDGE ( 'NONE', *, *, #3454, .T. ) ;
#453 = AXIS2_PLACEMENT_3D ( 'NONE', #1611, #2749, #2994 ) ;
#454 = DIRECTION ( 'NONE',  ( 0.000000000000000000, 0.000000000000000000, 1.000000000000000000 ) ) ;
#455 = CC_DESIGN_APPROVAL ( #90, ( #3082 ) ) ;
#456 = DIRECTION ( 'NONE',  ( -1.000000000000000000, 0.000000000000000000, 0.000000000000000000 ) ) ;
#457 = CARTESIAN_POINT ( 'NONE',  ( -0.1614173228346456879, 0.02755905511811023584, 0.07480314960629921850 ) ) ;
#458 = CC_DESIGN_APPROVAL ( #298, ( #1472 ) ) ;
#459 = DIRECTION ( 'NONE',  ( 0.000000000000000000, 0.000000000000000000, -1.000000000000000000 ) ) ;
#460 = CARTESIAN_POINT ( 'NONE',  ( 0.000000000000000000, 0.2106299212598425064, 0.05931745287789588761 ) ) ;
#461 = CARTESIAN_POINT ( 'NONE',  ( 0.1122047244094488277, 0.1377952755905511861, 0.1122047244094488277 ) ) ;
#462 = CARTESIAN_POINT ( 'NONE',  ( -0.08858267716535433989, 0.1456692913385826960, -0.08858267716535433989 ) ) ;
#463 = EDGE_CURVE ( 'NONE', #409, #1495, #1607, .T. ) ;
#464 = DIRECTION ( 'NONE',  ( -0.000000000000000000, 1.000000000000000000, 0.000000000000000000 ) ) ;
#465 = ORIENTED_EDGE ( 'NONE', *, *, #2404, .T. ) ;
#466 = ORIENTED_EDGE ( 'NONE', *, *, #1613, .T. ) ;
#467 = CYLINDRICAL_SURFACE ( 'NONE', #2713, 0.02362204724409448092 ) ;
#468 = VERTEX_POINT ( 'NONE', #1592 ) ;
#469 = DIRECTION ( 'NONE',  ( 1.000000000000000000, 0.000000000000000000, 0.000000000000000000 ) ) ;
#470 = EDGE_CURVE ( 'NONE', #1978, #2384, #2673, .T. ) ;
#471 = EDGE_CURVE ( 'NONE', #2845, #163, #308, .T. ) ;
#472 = ORIENTED_EDGE ( 'NONE', *, *, #1571, .T. ) ;
#473 = DIRECTION ( 'NONE',  ( 0.000000000000000000, -1.000000000000000000, 0.000000000000000000 ) ) ;
#474 = CARTESIAN_POINT ( 'NONE',  ( 0.1181102362204724532, 0.03937007874015747977, 0.07480314960629921850 ) ) ;
#475 = DIRECTION ( 'NONE',  ( 0.000000000000000000, 0.000000000000000000, 1.000000000000000000 ) ) ;
#476 = CARTESIAN_POINT ( 'NONE',  ( 0.08858267716535433989, 0.1299212598425196763, 0.07283464566929134798 ) ) ;
#477 = CARTESIAN_POINT ( 'NONE',  ( 0.000000000000000000, 0.1299212598425196763, 0.000000000000000000 ) ) ;
#478 = ORIENTED_EDGE ( 'NONE', *, *, #1269, .T. ) ;
#479 = ORIENTED_EDGE ( 'NONE', *, *, #1049, .F. ) ;
#480 = DIRECTION ( 'NONE',  ( 0.000000000000000000, -1.000000000000000000, 0.000000000000000000 ) ) ;
#481 = PLANE ( 'NONE',  #827 ) ;
#482 = VERTEX_POINT ( 'NONE', #44 ) ;
#483 = DIRECTION ( 'NONE',  ( 0.000000000000000000, 0.000000000000000000, 1.000000000000000000 ) ) ;
#484 = EDGE_CURVE ( 'NONE', #1593, #892, #3479, .T. ) ;
#485 = VECTOR ( 'NONE', #1732, 39.37007874015748143 ) ;
#486 = EDGE_LOOP ( 'NONE', ( #1168, #1769 ) ) ;
#487 = LINE ( 'NONE', #1104, #3314 ) ;
#488 = CYLINDRICAL_SURFACE ( 'NONE', #1517, 0.01574803149606299191 ) ;
#489 = EDGE_CURVE ( 'NONE', #680, #1796, #1904, .T. ) ;
#490 = EDGE_CURVE ( 'NONE', #525, #1470, #2199, .T. ) ;
#491 = AXIS2_PLACEMENT_3D ( 'NONE', #477, #464, #2079 ) ;
#492 = DIRECTION ( 'NONE',  ( 0.000000000000000000, 0.000000000000000000, -1.000000000000000000 ) ) ;
#493 = CONICAL_SURFACE ( 'NONE', #1111, 0.06496062992125985203, 0.04542327942157694393 ) ;
#494 = VECTOR ( 'NONE', #1816, 39.37007874015748143 ) ;
#495 = DIRECTION ( 'NONE',  ( 0.000000000000000000, 0.000000000000000000, -1.000000000000000000 ) ) ;
#496 = DIRECTION ( 'NONE',  ( 0.000000000000000000, 0.000000000000000000, 1.000000000000000000 ) ) ;
#497 = ORIENTED_EDGE ( 'NONE', *, *, #2520, .F. ) ;
#498 = ORIENTED_EDGE ( 'NONE', *, *, #166, .F. ) ;
#499 = VECTOR ( 'NONE', #21, 39.37007874015748143 ) ;
#500 = CARTESIAN_POINT ( 'NONE',  ( -0.08858267716535433989, 0.1377952755905511861, 0.06496062992125986590 ) ) ;
#501 = AXIS2_PLACEMENT_3D ( 'NONE', #2832, #1969, #2302 ) ;
#502 = EDGE_LOOP ( 'NONE', ( #585, #1042, #3291, #3507 ) ) ;
#503 = DIRECTION ( 'NONE',  ( 1.000000000000000000, 0.000000000000000000, 0.000000000000000000 ) ) ;
#504 = VECTOR ( 'NONE', #449, 39.37007874015748143 ) ;
#505 = VECTOR ( 'NONE', #1107, 39.37007874015748143 ) ;
#506 = ADVANCED_FACE ( 'NONE', ( #8 ), #1094, .T. ) ;
#507 = ORIENTED_EDGE ( 'NONE', *, *, #876, .T. ) ;
#508 = DIRECTION ( 'NONE',  ( 0.000000000000000000, 0.000000000000000000, 1.000000000000000000 ) ) ;
#509 = CARTESIAN_POINT ( 'NONE',  ( -0.1496062992125984370, 0.02755905511811023584, 0.1023622047244094613 ) ) ;
#510 = AXIS2_PLACEMENT_3D ( 'NONE', #1734, #1210, #910 ) ;
#511 = CARTESIAN_POINT ( 'NONE',  ( -0.1122047244094488277, 0.1377952755905511861, -0.1181102362204724532 ) ) ;
#512 = EDGE_CURVE ( 'NONE', #366, #3347, #1166, .T. ) ;
#513 = CARTESIAN_POINT ( 'NONE',  ( 0.1496062992125984370, 0.03937007874015747977, 0.07480314960629921850 ) ) ;
#514 = CARTESIAN_POINT ( 'NONE',  ( 0.08858267716535433989, 0.1456692913385826960, 0.06496062992125986590 ) ) ;
#515 = EDGE_CURVE ( 'NONE', #349, #413, #291, .T. ) ;
#516 = DIRECTION ( 'NONE',  ( 0.000000000000000000, 0.000000000000000000, 1.000000000000000000 ) ) ;
#517 = VERTEX_POINT ( 'NONE', #242 ) ;
#518 = ORIENTED_EDGE ( 'NONE', *, *, #2295, .F. ) ;
#519 = CARTESIAN_POINT ( 'NONE',  ( -0.1653543307086614567, 0.007874015748031495954, -0.1023622047244094613 ) ) ;
#520 = CARTESIAN_POINT ( 'NONE',  ( -0.08858267716535433989, 0.1377952755905511861, 0.08858267716535433989 ) ) ;
#521 = DIRECTION ( 'NONE',  ( 1.000000000000000000, 0.000000000000000000, 0.000000000000000000 ) ) ;
#522 = ORIENTED_EDGE ( 'NONE', *, *, #988, .F. ) ;
#523 = PLANE ( 'NONE',  #1623 ) ;
#524 = DIRECTION ( 'NONE',  ( 0.000000000000000000, -1.000000000000000000, 0.000000000000000000 ) ) ;
#525 = VERTEX_POINT ( 'NONE', #2272 ) ;
#526 = LINE ( 'NONE', #2683, #600 ) ;
#527 = CARTESIAN_POINT ( 'NONE',  ( 0.1122047244094488277, 0.1299212598425196763, 0.1122047244094488277 ) ) ;
#528 = DIRECTION ( 'NONE',  ( 0.000000000000000000, 0.000000000000000000, 1.000000000000000000 ) ) ;
#529 = EDGE_LOOP ( 'NONE', ( #598, #3081, #367, #518, #2640, #1453, #1135, #3154, #2909, #2131, #1475, #243 ) ) ;
#530 = VERTEX_POINT ( 'NONE', #1695 ) ;
#531 = EDGE_CURVE ( 'NONE', #3469, #536, #3361, .T. ) ;
#532 = EDGE_CURVE ( 'NONE', #1052, #25, #2764, .T. ) ;
#533 = CARTESIAN_POINT ( 'NONE',  ( 0.1653543307086614567, 0.007874015748031495954, -0.1023622047244094613 ) ) ;
#534 = ORIENTED_EDGE ( 'NONE', *, *, #1783, .T. ) ;
#535 = DIRECTION ( 'NONE',  ( -0.000000000000000000, -1.000000000000000000, -0.000000000000000000 ) ) ;
#536 = VERTEX_POINT ( 'NONE', #61 ) ;
#537 = DIRECTION ( 'NONE',  ( 0.000000000000000000, 1.000000000000000000, 0.000000000000000000 ) ) ;
#538 = CARTESIAN_POINT ( 'NONE',  ( -0.1653543307086614567, 0.003937007874015747977, -0.1023622047244094613 ) ) ;
#539 = CLOSED_SHELL ( 'NONE', ( #854, #2695, #1466, #2568, #3036, #354 ) ) ;
#540 = LINE ( 'NONE', #1076, #392 ) ;
#541 = CARTESIAN_POINT ( 'NONE',  ( -0.1181102362204724532, 0.03937007874015747977, -0.07480314960629921850 ) ) ;
#542 = VECTOR ( 'NONE', #580, 39.37007874015748143 ) ;
#543 = VECTOR ( 'NONE', #1987, 39.37007874015748143 ) ;
#544 = EDGE_LOOP ( 'NONE', ( #569, #10, #333, #2454 ) ) ;
#545 = EDGE_CURVE ( 'NONE', #3407, #3293, #3023, .T. ) ;
#546 = ORIENTED_EDGE ( 'NONE', *, *, #988, .T. ) ;
#547 = VECTOR ( 'NONE', #3195, 39.37007874015748143 ) ;
#548 = LINE ( 'NONE', #2419, #3052 ) ;
#549 = AXIS2_PLACEMENT_3D ( 'NONE', #77, #668, #977 ) ;
#550 = ORIENTED_EDGE ( 'NONE', *, *, #868, .F. ) ;
#551 = EDGE_CURVE ( 'NONE', #3083, #3261, #2289, .T. ) ;
#552 = DIRECTION ( 'NONE',  ( 0.000000000000000000, 0.000000000000000000, 1.000000000000000000 ) ) ;
#553 = AXIS2_PLACEMENT_3D ( 'NONE', #3147, #2070, #469 ) ;
#554 = ORIENTED_EDGE ( 'NONE', *, *, #2056, .F. ) ;
#555 = SPHERICAL_SURFACE ( 'NONE', #1055, 0.03937007874015747977 ) ;
#556 = CIRCLE ( 'NONE', #1630, 0.005905511811023620231 ) ;
#557 = DIRECTION ( 'NONE',  ( 0.000000000000000000, 0.000000000000000000, -1.000000000000000000 ) ) ;
#558 = AXIS2_PLACEMENT_3D ( 'NONE', #2141, #2446, #20 ) ;
#559 = LINE ( 'NONE', #2174, #3275 ) ;
#560 = CARTESIAN_POINT ( 'NONE',  ( 0.1181102362204724532, 0.1377952755905511861, -0.1122047244094488277 ) ) ;
#561 = VECTOR ( 'NONE', #1275, 39.37007874015748143 ) ;
#562 = DIRECTION ( 'NONE',  ( 0.000000000000000000, 1.000000000000000000, 0.000000000000000000 ) ) ;
#563 = AXIS2_PLACEMENT_3D ( 'NONE', #102, #2198, #1186 ) ;
#564 = DIRECTION ( 'NONE',  ( 0.000000000000000000, 1.000000000000000000, 0.000000000000000000 ) ) ;
#565 = ORIENTED_EDGE ( 'NONE', *, *, #2935, .T. ) ;
#566 = ORIENTED_EDGE ( 'NONE', *, *, #2385, .F. ) ;
#567 = CARTESIAN_POINT ( 'NONE',  ( -0.1181102362204724532, 0.03937007874015747977, 0.07480314960629921850 ) ) ;
#568 = DIRECTION ( 'NONE',  ( 0.000000000000000000, 0.000000000000000000, 1.000000000000000000 ) ) ;
#569 = ORIENTED_EDGE ( 'NONE', *, *, #1740, .T. ) ;
#570 = CARTESIAN_POINT ( 'NONE',  ( -0.1181102362204724532, 0.1299212598425196763, -0.1122047244094488277 ) ) ;
#571 = LINE ( 'NONE', #1663, #1462 ) ;
#572 = ORIENTED_EDGE ( 'NONE', *, *, #2852, .F. ) ;
#573 = LINE ( 'NONE', #2265, #2066 ) ;
#574 = DIRECTION ( 'NONE',  ( 0.000000000000000000, 0.000000000000000000, 1.000000000000000000 ) ) ;
#575 = EDGE_CURVE ( 'NONE', #2170, #3028, #329, .T. ) ;
#576 = ADVANCED_FACE ( 'NONE', ( #937 ), #2507, .T. ) ;
#577 = LINE ( 'NONE', #2678, #220 ) ;
#578 = LINE ( 'NONE', #2469, #1679 ) ;
#579 =( NAMED_UNIT ( * ) PLANE_ANGLE_UNIT ( ) SI_UNIT ( $, .RADIAN. ) );
#580 = DIRECTION ( 'NONE',  ( 0.000000000000000000, 0.000000000000000000, -1.000000000000000000 ) ) ;
#581 = ORIENTED_EDGE ( 'NONE', *, *, #66, .T. ) ;
#582 = ORIENTED_EDGE ( 'NONE', *, *, #1876, .T. ) ;
#583 = ORIENTED_EDGE ( 'NONE', *, *, #1209, .T. ) ;
#584 = DIRECTION ( 'NONE',  ( 0.000000000000000000, 0.000000000000000000, -1.000000000000000000 ) ) ;
#585 = ORIENTED_EDGE ( 'NONE', *, *, #99, .F. ) ;
#586 = LINE ( 'NONE', #53, #2600 ) ;
#587 = ORIENTED_EDGE ( 'NONE', *, *, #1949, .F. ) ;
#588 = DIRECTION ( 'NONE',  ( 0.000000000000000000, 0.000000000000000000, -1.000000000000000000 ) ) ;
#589 = EDGE_CURVE ( 'NONE', #711, #1930, #1469, .T. ) ;
#590 = DIRECTION ( 'NONE',  ( 0.000000000000000000, -1.000000000000000000, 0.000000000000000000 ) ) ;
#591 = CARTESIAN_POINT ( 'NONE',  ( 0.000000000000000000, 0.1377952755905511861, 0.000000000000000000 ) ) ;
#592 = ADVANCED_FACE ( 'NONE', ( #1146 ), #79, .T. ) ;
#593 = EDGE_CURVE ( 'NONE', #1762, #525, #310, .T. ) ;
#594 = FACE_OUTER_BOUND ( 'NONE', #1121, .T. ) ;
#595 = CIRCLE ( 'NONE', #1442, 0.005905511811023620231 ) ;
#596 = ORIENTED_EDGE ( 'NONE', *, *, #1134, .T. ) ;
#597 = AXIS2_PLACEMENT_3D ( 'NONE', #2214, #1164, #1487 ) ;
#598 = ORIENTED_EDGE ( 'NONE', *, *, #1092, .F. ) ;
#599 = ORIENTED_EDGE ( 'NONE', *, *, #660, .F. ) ;
#600 = VECTOR ( 'NONE', #3249, 39.37007874015748143 ) ;
#601 = DIRECTION ( 'NONE',  ( 0.000000000000000000, 0.000000000000000000, -1.000000000000000000 ) ) ;
#602 = ORIENTED_EDGE ( 'NONE', *, *, #2470, .T. ) ;
#603 = AXIS2_PLACEMENT_3D ( 'NONE', #3377, #418, #975 ) ;
#604 = CARTESIAN_POINT ( 'NONE',  ( 0.08858267716535433989, 0.1377952755905511861, -0.1043307086614173457 ) ) ;
#605 = CIRCLE ( 'NONE', #2593, 0.005905511811023620231 ) ;
#606 = VERTEX_POINT ( 'NONE', #346 ) ;
#607 = LINE ( 'NONE', #1686, #889 ) ;
#608 = DIRECTION ( 'NONE',  ( 0.000000000000000000, 0.000000000000000000, -1.000000000000000000 ) ) ;
#609 = AXIS2_PLACEMENT_3D ( 'NONE', #1780, #218, #2371 ) ;
#610 = AXIS2_PLACEMENT_3D ( 'NONE', #1423, #608, #3341 ) ;
#611 = CARTESIAN_POINT ( 'NONE',  ( 0.000000000000000000, 0.1299212598425196763, 0.000000000000000000 ) ) ;
#612 = LINE ( 'NONE', #1886, #3382 ) ;
#613 = AXIS2_PLACEMENT_3D ( 'NONE', #1739, #3354, #2826 ) ;
#614 = EDGE_CURVE ( 'NONE', #996, #2858, #3101, .T. ) ;
#615 = COORDINATED_UNIVERSAL_TIME_OFFSET ( 0, 0, .AHEAD. ) ;
#616 = VERTEX_POINT ( 'NONE', #2840 ) ;
#617 = AXIS2_PLACEMENT_3D ( 'NONE', #2577, #2629, #2351 ) ;
#618 = ORIENTED_EDGE ( 'NONE', *, *, #307, .F. ) ;
#619 = VERTEX_POINT ( 'NONE', #649 ) ;
#620 = VECTOR ( 'NONE', #3383, 39.37007874015748143 ) ;
#621 = EDGE_CURVE ( 'NONE', #1141, #2537, #2111, .T. ) ;
#622 = EDGE_CURVE ( 'NONE', #3192, #2063, #1729, .T. ) ;
#623 = CARTESIAN_POINT ( 'NONE',  ( 0.1653543307086614567, -0.003937007874015747977, -0.07480314960629921850 ) ) ;
#624 = LINE ( 'NONE', #2240, #1841 ) ;
#625 = ORIENTED_EDGE ( 'NONE', *, *, #2492, .F. ) ;
#626 = DIRECTION ( 'NONE',  ( 0.000000000000000000, 0.000000000000000000, -1.000000000000000000 ) ) ;
#627 = ORIENTED_EDGE ( 'NONE', *, *, #356, .T. ) ;
#628 = DIRECTION ( 'NONE',  ( 0.000000000000000000, -1.000000000000000000, 0.000000000000000000 ) ) ;
#629 = DIRECTION ( 'NONE',  ( 0.000000000000000000, 0.000000000000000000, 1.000000000000000000 ) ) ;
#630 = LINE ( 'NONE', #1463, #3153 ) ;
#631 = PLANE ( 'NONE',  #773 ) ;
#632 = CYLINDRICAL_SURFACE ( 'NONE', #1506, 0.02362204724409448092 ) ;
#633 = VERTEX_POINT ( 'NONE', #2817 ) ;
#634 = VERTEX_POINT ( 'NONE', #920 ) ;
#635 = ADVANCED_FACE ( 'NONE', ( #1954 ), #1187, .T. ) ;
#636 = ORIENTED_EDGE ( 'NONE', *, *, #490, .T. ) ;
#637 = DIRECTION ( 'NONE',  ( -1.000000000000000000, -1.734723475976804925E-15, 0.000000000000000000 ) ) ;
#638 = DIRECTION ( 'NONE',  ( 0.000000000000000000, 0.000000000000000000, 1.000000000000000000 ) ) ;
#639 = EDGE_LOOP ( 'NONE', ( #3070, #2572, #1918, #708 ) ) ;
#640 = ADVANCED_FACE ( 'NONE', ( #387 ), #904, .T. ) ;
#641 = CARTESIAN_POINT ( 'NONE',  ( -0.08858267716535433989, 0.1456692913385826960, 0.06496062992125986590 ) ) ;
#642 = ADVANCED_FACE ( 'NONE', ( #3062 ), #632, .T. ) ;
#643 = ORIENTED_EDGE ( 'NONE', *, *, #269, .T. ) ;
#644 = CARTESIAN_POINT ( 'NONE',  ( 0.000000000000000000, 0.2165354330708661457, 0.000000000000000000 ) ) ;
#645 = CARTESIAN_POINT ( 'NONE',  ( 0.08858267716535433989, 0.1377952755905511861, -0.08858267716535433989 ) ) ;
#646 = CARTESIAN_POINT ( 'NONE',  ( 0.1181102362204724532, 0.03937007874015747977, -0.07480314960629921850 ) ) ;
#647 = CARTESIAN_POINT ( 'NONE',  ( -0.08858267716535433989, 0.1299212598425196763, 0.08858267716535433989 ) ) ;
#648 = PERSON_AND_ORGANIZATION ( #2739, #2607 ) ;
#649 = CARTESIAN_POINT ( 'NONE',  ( -0.08858267716535433989, 0.1456692913385826960, 0.1122047244094488277 ) ) ;
#650 = ORIENTED_EDGE ( 'NONE', *, *, #1783, .F. ) ;
#651 = EDGE_LOOP ( 'NONE', ( #1165, #1343 ) ) ;
#652 = LINE ( 'NONE', #3068, #2078 ) ;
#653 = VECTOR ( 'NONE', #3366, 39.37007874015748143 ) ;
#654 = ADVANCED_FACE ( 'NONE', ( #990 ), #2045, .F. ) ;
#655 = DIRECTION ( 'NONE',  ( 0.000000000000000000, -1.000000000000000000, 0.000000000000000000 ) ) ;
#656 = ORIENTED_EDGE ( 'NONE', *, *, #268, .F. ) ;
#657 = VERTEX_POINT ( 'NONE', #2620 ) ;
#658 = DIRECTION ( 'NONE',  ( -1.000000000000000000, 0.000000000000000000, 0.000000000000000000 ) ) ;
#659 = VECTOR ( 'NONE', #1060, 39.37007874015748143 ) ;
#660 = EDGE_CURVE ( 'NONE', #1375, #3315, #2900, .T. ) ;
#661 = CIRCLE ( 'NONE', #375, 0.005905511811023620231 ) ;
#662 = EDGE_LOOP ( 'NONE', ( #2379, #927 ) ) ;
#663 = LINE ( 'NONE', #402, #2127 ) ;
#664 = VECTOR ( 'NONE', #3252, 39.37007874015748143 ) ;
#665 = DIRECTION ( 'NONE',  ( -7.228014483236699514E-17, 0.000000000000000000, -1.000000000000000000 ) ) ;
#666 = FACE_BOUND ( 'NONE', #31, .T. ) ;
#667 = VECTOR ( 'NONE', #819, 39.37007874015748143 ) ;
#668 = DIRECTION ( 'NONE',  ( -1.016439536705159791E-16, -1.000000000000000000, 0.000000000000000000 ) ) ;
#669 = CIRCLE ( 'NONE', #1007, 0.02362204724409448092 ) ;
#670 = PERSON_AND_ORGANIZATION ( #2739, #2607 ) ;
#671 = VERTEX_POINT ( 'NONE', #1501 ) ;
#672 = ORIENTED_EDGE ( 'NONE', *, *, #3384, .F. ) ;
#673 = VECTOR ( 'NONE', #1028, 39.37007874015748143 ) ;
#674 = DIRECTION ( 'NONE',  ( -1.000000000000000000, 0.000000000000000000, 0.000000000000000000 ) ) ;
#675 = CARTESIAN_POINT ( 'NONE',  ( -0.08858267716535433989, 0.1823374350353732243, 0.07283464566929134798 ) ) ;
#676 = ORIENTED_EDGE ( 'NONE', *, *, #2978, .F. ) ;
#677 = VERTEX_POINT ( 'NONE', #2076 ) ;
#678 = DIRECTION ( 'NONE',  ( 0.000000000000000000, 1.000000000000000000, 0.000000000000000000 ) ) ;
#679 = LOCAL_TIME ( 16, 4, 34.00000000000000000, #1752 ) ;
#680 = VERTEX_POINT ( 'NONE', #3189 ) ;
#681 = DIRECTION ( 'NONE',  ( -0.000000000000000000, 1.000000000000000000, 0.000000000000000000 ) ) ;
#682 = CARTESIAN_POINT ( 'NONE',  ( 0.1496062992125984370, 0.02755905511811023584, -0.1023622047244094613 ) ) ;
#683 = LINE ( 'NONE', #2853, #1284 ) ;
#684 = CARTESIAN_POINT ( 'NONE',  ( -0.1181102362204724532, 0.03937007874015747977, -0.1023622047244094613 ) ) ;
#685 = EDGE_CURVE ( 'NONE', #1905, #1452, #712, .T. ) ;
#686 = ADVANCED_FACE ( 'NONE', ( #1242 ), #2604, .T. ) ;
#687 = ORIENTED_EDGE ( 'NONE', *, *, #2340, .T. ) ;
#688 = ORIENTED_EDGE ( 'NONE', *, *, #2382, .T. ) ;
#689 = FACE_BOUND ( 'NONE', #3144, .T. ) ;
#690 = DIRECTION ( 'NONE',  ( 1.000000000000000000, 0.000000000000000000, 0.000000000000000000 ) ) ;
#691 = ORIENTED_EDGE ( 'NONE', *, *, #551, .T. ) ;
#692 = ORIENTED_EDGE ( 'NONE', *, *, #448, .F. ) ;
#693 = DIRECTION ( 'NONE',  ( 0.000000000000000000, 0.000000000000000000, -1.000000000000000000 ) ) ;
#694 = EDGE_LOOP ( 'NONE', ( #141, #3362, #676, #2477 ) ) ;
#695 = DIRECTION ( 'NONE',  ( 0.000000000000000000, 1.000000000000000000, 0.000000000000000000 ) ) ;
#696 = CARTESIAN_POINT ( 'NONE',  ( 0.08858267716535433989, 0.1377952755905511861, 0.08858267716535433989 ) ) ;
#697 = CARTESIAN_POINT ( 'NONE',  ( -0.08858267716535433989, 0.1456692913385826960, -0.08858267716535433989 ) ) ;
#698 = DIRECTION ( 'NONE',  ( -1.000000000000000000, -1.734723475976804925E-15, 0.000000000000000000 ) ) ;
#699 = ADVANCED_FACE ( 'NONE', ( #703 ), #3400, .F. ) ;
#700 = DIRECTION ( 'NONE',  ( 0.000000000000000000, 0.000000000000000000, 1.000000000000000000 ) ) ;
#701 = DIRECTION ( 'NONE',  ( -1.000000000000000000, 0.000000000000000000, 0.000000000000000000 ) ) ;
#702 = EDGE_CURVE ( 'NONE', #2484, #1020, #1522, .T. ) ;
#703 = FACE_OUTER_BOUND ( 'NONE', #3196, .T. ) ;
#704 = DIRECTION ( 'NONE',  ( 0.000000000000000000, 1.000000000000000000, 0.000000000000000000 ) ) ;
#705 = CARTESIAN_POINT ( 'NONE',  ( -0.1181102362204724532, 0.03937007874015747977, -0.1023622047244094613 ) ) ;
#706 = FACE_BOUND ( 'NONE', #928, .T. ) ;
#707 = ORIENTED_EDGE ( 'NONE', *, *, #755, .F. ) ;
#708 = ORIENTED_EDGE ( 'NONE', *, *, #3135, .T. ) ;
#709 = CARTESIAN_POINT ( 'NONE',  ( 0.08858267716535433989, 0.1377952755905511861, 0.08858267716535433989 ) ) ;
#710 = AXIS2_PLACEMENT_3D ( 'NONE', #1821, #737, #189 ) ;
#711 = VERTEX_POINT ( 'NONE', #3413 ) ;
#712 = CIRCLE ( 'NONE', #1051, 0.02362204724409448092 ) ;
#713 = LINE ( 'NONE', #1797, #2987 ) ;
#714 = AXIS2_PLACEMENT_3D ( 'NONE', #611, #324, #382 ) ;
#715 = LINE ( 'NONE', #1288, #2471 ) ;
#716 = AXIS2_PLACEMENT_3D ( 'NONE', #644, #93, #893 ) ;
#717 = CIRCLE ( 'NONE', #3094, 0.06889763779527559306 ) ;
#718 = CIRCLE ( 'NONE', #1569, 0.01574803149606299885 ) ;
#719 = DIRECTION ( 'NONE',  ( 0.000000000000000000, 1.000000000000000000, 0.000000000000000000 ) ) ;
#720 = ORIENTED_EDGE ( 'NONE', *, *, #2254, .F. ) ;
#721 = CARTESIAN_POINT ( 'NONE',  ( 0.1535433070866141780, 0.007874015748031495954, 0.07480314960629921850 ) ) ;
#722 = DIRECTION ( 'NONE',  ( 0.000000000000000000, 0.000000000000000000, 1.000000000000000000 ) ) ;
#723 = EDGE_LOOP ( 'NONE', ( #3161, #1087, #395, #797 ) ) ;
#724 = AXIS2_PLACEMENT_3D ( 'NONE', #2962, #535, #1349 ) ;
#725 = EDGE_LOOP ( 'NONE', ( #992, #3492, #1642, #3129 ) ) ;
#726 = CARTESIAN_POINT ( 'NONE',  ( 0.1653543307086614567, 0.007874015748031495954, 0.1023622047244094613 ) ) ;
#727 = EDGE_CURVE ( 'NONE', #2058, #677, #432, .T. ) ;
#728 = EDGE_CURVE ( 'NONE', #855, #633, #1617, .T. ) ;
#729 = ORIENTED_EDGE ( 'NONE', *, *, #991, .F. ) ;
#730 = CARTESIAN_POINT ( 'NONE',  ( 0.08858267716535433989, 0.1377952755905511861, -0.08858267716535433989 ) ) ;
#731 = DIRECTION ( 'NONE',  ( 0.000000000000000000, -1.000000000000000000, 0.000000000000000000 ) ) ;
#732 = CIRCLE ( 'NONE', #113, 0.05931745287789588761 ) ;
#733 = LINE ( 'NONE', #2598, #1800 ) ;
#734 = FACE_OUTER_BOUND ( 'NONE', #1554, .T. ) ;
#735 = CARTESIAN_POINT ( 'NONE',  ( -0.1968503937007874127, 0.003937007874015747977, 0.1023622047244094613 ) ) ;
#736 = DIRECTION ( 'NONE',  ( -1.000000000000000000, 0.000000000000000000, 0.000000000000000000 ) ) ;
#737 = DIRECTION ( 'NONE',  ( 0.000000000000000000, 0.000000000000000000, -1.000000000000000000 ) ) ;
#738 = FACE_OUTER_BOUND ( 'NONE', #967, .T. ) ;
#739 = CARTESIAN_POINT ( 'NONE',  ( 0.1496062992125984370, 0.02755905511811023584, 0.07480314960629921850 ) ) ;
#740 = ORIENTED_EDGE ( 'NONE', *, *, #3116, .F. ) ;
#741 = EDGE_LOOP ( 'NONE', ( #3180, #1433, #995, #1033, #2611, #1206, #2513, #3009, #3503, #2436, #2734, #389 ) ) ;
#742 = EDGE_CURVE ( 'NONE', #1730, #1191, #1273, .T. ) ;
#743 = EDGE_LOOP ( 'NONE', ( #2540, #3050, #2050, #294, #3248, #1677, #1558, #2021 ) ) ;
#744 = EDGE_CURVE ( 'NONE', #1227, #2274, #1550, .T. ) ;
#745 = FACE_OUTER_BOUND ( 'NONE', #28, .T. ) ;
#746 = ORIENTED_EDGE ( 'NONE', *, *, #3093, .T. ) ;
#747 = DIRECTION ( 'NONE',  ( 0.000000000000000000, -1.000000000000000000, 0.000000000000000000 ) ) ;
#748 = CARTESIAN_POINT ( 'NONE',  ( 0.1968503937007874127, -0.003937007874015747977, 0.1023622047244094613 ) ) ;
#749 = CARTESIAN_POINT ( 'NONE',  ( -0.1122047244094488277, 0.1299212598425196763, 0.1122047244094488277 ) ) ;
#750 = PLANE ( 'NONE',  #1755 ) ;
#751 = CARTESIAN_POINT ( 'NONE',  ( 0.08858267716535433989, 0.1299212598425196763, 0.1043307086614173457 ) ) ;
#752 = ORIENTED_EDGE ( 'NONE', *, *, #1179, .F. ) ;
#753 = ORIENTED_EDGE ( 'NONE', *, *, #2230, .F. ) ;
#754 = CARTESIAN_POINT ( 'NONE',  ( 0.1653543307086614567, 0.007874015748031495954, -0.1023622047244094613 ) ) ;
#755 = EDGE_CURVE ( 'NONE', #3504, #3372, #1292, .T. ) ;
#756 = CARTESIAN_POINT ( 'NONE',  ( -0.1496062992125984370, 0.03149606299212598381, 0.07480314960629921850 ) ) ;
#757 = ORIENTED_EDGE ( 'NONE', *, *, #2503, .T. ) ;
#758 = CARTESIAN_POINT ( 'NONE',  ( -0.1181102362204724532, 0.1299212598425196763, -0.1181102362204724532 ) ) ;
#759 = ADVANCED_FACE ( 'NONE', ( #3446 ), #1022, .F. ) ;
#760 = AXIS2_PLACEMENT_3D ( 'NONE', #210, #2313, #3463 ) ;
#761 = EDGE_LOOP ( 'NONE', ( #2462, #2258, #2114, #1317 ) ) ;
#762 = CARTESIAN_POINT ( 'NONE',  ( 0.1181102362204724532, 0.03149606299212598381, -0.1023622047244094613 ) ) ;
#763 = CARTESIAN_POINT ( 'NONE',  ( 0.08858267716535433989, 0.1456692913385826960, -0.08858267716535433989 ) ) ;
#764 = EDGE_CURVE ( 'NONE', #996, #1361, #3238, .T. ) ;
#765 = DIRECTION ( 'NONE',  ( 0.000000000000000000, 0.000000000000000000, 1.000000000000000000 ) ) ;
#766 = VECTOR ( 'NONE', #96, 39.37007874015748143 ) ;
#767 = CYLINDRICAL_SURFACE ( 'NONE', #2018, 0.01181102362204725781 ) ;
#768 = CIRCLE ( 'NONE', #1672, 0.01574803149606299191 ) ;
#769 = CARTESIAN_POINT ( 'NONE',  ( -0.08858267716535433989, 0.1377952755905511861, 0.08858267716535433989 ) ) ;
#770 = DIRECTION ( 'NONE',  ( 0.000000000000000000, -1.000000000000000000, 0.000000000000000000 ) ) ;
#771 = VERTEX_POINT ( 'NONE', #2447 ) ;
#772 = VERTEX_POINT ( 'NONE', #513 ) ;
#773 = AXIS2_PLACEMENT_3D ( 'NONE', #2026, #1441, #1161 ) ;
#774 = FACE_OUTER_BOUND ( 'NONE', #1580, .T. ) ;
#775 = CIRCLE ( 'NONE', #2767, 0.01181102362204724046 ) ;
#776 = CARTESIAN_POINT ( 'NONE',  ( 0.000000000000000000, 0.1299212598425196763, 0.000000000000000000 ) ) ;
#777 = ORIENTED_EDGE ( 'NONE', *, *, #138, .F. ) ;
#778 = CARTESIAN_POINT ( 'NONE',  ( 0.1122047244094488277, 0.000000000000000000, -0.1181102362204724532 ) ) ;
#779 = CARTESIAN_POINT ( 'NONE',  ( 0.1496062992125984370, 0.02755905511811023584, 0.07480314960629921850 ) ) ;
#780 = CIRCLE ( 'NONE', #1012, 0.01181102362204724046 ) ;
#781 = MANIFOLD_SOLID_BREP ( 'NONE', #26 ) ;
#782 = AXIS2_PLACEMENT_3D ( 'NONE', #3467, #2943, #2381 ) ;
#783 = EDGE_LOOP ( 'NONE', ( #2556, #1026, #1705, #3210 ) ) ;
#784 = DIRECTION ( 'NONE',  ( 0.000000000000000000, 0.000000000000000000, -1.000000000000000000 ) ) ;
#785 = DIRECTION ( 'NONE',  ( 0.000000000000000000, 0.000000000000000000, -1.000000000000000000 ) ) ;
#786 = AXIS2_PLACEMENT_3D ( 'NONE', #769, #2686, #2939 ) ;
#787 = LINE ( 'NONE', #511, #900 ) ;
#788 = MANIFOLD_SOLID_BREP ( 'Fillet1', #539 ) ;
#789 = DIRECTION ( 'NONE',  ( 0.000000000000000000, 0.000000000000000000, 1.000000000000000000 ) ) ;
#790 = ADVANCED_FACE ( 'NONE', ( #1873 ), #3205, .F. ) ;
#791 = ADVANCED_FACE ( 'NONE', ( #3477 ), #1588, .T. ) ;
#792 = DIRECTION ( 'NONE',  ( 1.000000000000000000, 0.000000000000000000, 0.000000000000000000 ) ) ;
#793 = ORIENTED_EDGE ( 'NONE', *, *, #245, .T. ) ;
#794 = ORIENTED_EDGE ( 'NONE', *, *, #1385, .F. ) ;
#795 = CARTESIAN_POINT ( 'NONE',  ( 0.1122047244094488277, 0.1299212598425196763, 0.1122047244094488277 ) ) ;
#796 = DIRECTION ( 'NONE',  ( 0.000000000000000000, -1.000000000000000000, 0.000000000000000000 ) ) ;
#797 = ORIENTED_EDGE ( 'NONE', *, *, #1807, .F. ) ;
#798 = DIRECTION ( 'NONE',  ( 0.000000000000000000, 0.000000000000000000, 1.000000000000000000 ) ) ;
#799 = ORIENTED_EDGE ( 'NONE', *, *, #1786, .F. ) ;
#800 = DIRECTION ( 'NONE',  ( 1.000000000000000000, 0.000000000000000000, 0.000000000000000000 ) ) ;
#801 = CYLINDRICAL_SURFACE ( 'NONE', #2476, 0.005905511811023620231 ) ;
#802 = EDGE_CURVE ( 'NONE', #2535, #1124, #2977, .T. ) ;
#803 = DIRECTION ( 'NONE',  ( 0.000000000000000000, 0.000000000000000000, -1.000000000000000000 ) ) ;
#804 = DIRECTION ( 'NONE',  ( 0.000000000000000000, 0.000000000000000000, 1.000000000000000000 ) ) ;
#805 = EDGE_CURVE ( 'NONE', #349, #1152, #2780, .T. ) ;
#806 =( NAMED_UNIT ( * ) SI_UNIT ( $, .STERADIAN. ) SOLID_ANGLE_UNIT ( ) );
#807 = ORIENTED_EDGE ( 'NONE', *, *, #3294, .F. ) ;
#808 = ORIENTED_EDGE ( 'NONE', *, *, #263, .F. ) ;
#809 = DIRECTION ( 'NONE',  ( 0.000000000000000000, 1.000000000000000000, 0.000000000000000000 ) ) ;
#810 = CARTESIAN_POINT ( 'NONE',  ( -0.1653543307086614567, -0.003937007874015747977, 0.07480314960629921850 ) ) ;
#811 = VERTEX_POINT ( 'NONE', #2006 ) ;
#812 = LINE ( 'NONE', #2999, #1521 ) ;
#813 = ORIENTED_EDGE ( 'NONE', *, *, #1747, .F. ) ;
#814 = CARTESIAN_POINT ( 'NONE',  ( 0.1653543307086614567, 0.003937007874015747977, 0.1023622047244094613 ) ) ;
#815 = CARTESIAN_POINT ( 'NONE',  ( -0.1122047244094488277, 0.1299212598425196763, 0.1122047244094488277 ) ) ;
#816 = VECTOR ( 'NONE', #638, 39.37007874015748143 ) ;
#817 = DIRECTION ( 'NONE',  ( 1.016439536705159791E-16, -1.000000000000000000, 0.000000000000000000 ) ) ;
#818 = DIRECTION ( 'NONE',  ( 0.000000000000000000, -1.000000000000000000, 0.000000000000000000 ) ) ;
#819 = DIRECTION ( 'NONE',  ( 0.000000000000000000, -1.000000000000000000, 0.000000000000000000 ) ) ;
#820 = VECTOR ( 'NONE', #770, 39.37007874015748143 ) ;
#821 = ADVANCED_FACE ( 'NONE', ( #1407 ), #2467, .F. ) ;
#822 = FACE_OUTER_BOUND ( 'NONE', #3229, .T. ) ;
#823 = AXIS2_PLACEMENT_3D ( 'NONE', #2126, #789, #2954 ) ;
#824 = DIRECTION ( 'NONE',  ( 0.000000000000000000, -1.000000000000000000, 0.000000000000000000 ) ) ;
#825 = VERTEX_POINT ( 'NONE', #2268 ) ;
#826 = ORIENTED_EDGE ( 'NONE', *, *, #3259, .T. ) ;
#827 = AXIS2_PLACEMENT_3D ( 'NONE', #3133, #698, #2024 ) ;
#828 = FACE_OUTER_BOUND ( 'NONE', #1759, .T. ) ;
#829 = AXIS2_PLACEMENT_3D ( 'NONE', #1950, #804, #2432 ) ;
#830 = ORIENTED_EDGE ( 'NONE', *, *, #2333, .T. ) ;
#831 = CARTESIAN_POINT ( 'NONE',  ( -0.1181102362204724532, 0.1377952755905511861, 0.1122047244094488277 ) ) ;
#832 = EDGE_CURVE ( 'NONE', #825, #2996, #3077, .T. ) ;
#833 = CARTESIAN_POINT ( 'NONE',  ( 0.1181102362204724532, 0.1299212598425196763, -0.1181102362204724532 ) ) ;
#834 = EDGE_CURVE ( 'NONE', #413, #3008, #1725, .T. ) ;
#835 = VECTOR ( 'NONE', #574, 39.37007874015748143 ) ;
#836 = ORIENTED_EDGE ( 'NONE', *, *, #3412, .T. ) ;
#837 = DIRECTION ( 'NONE',  ( 0.000000000000000000, 0.000000000000000000, -1.000000000000000000 ) ) ;
#838 = AXIS2_PLACEMENT_3D ( 'NONE', #2117, #1102, #2167 ) ;
#839 = DIRECTION ( 'NONE',  ( -1.000000000000000000, 0.000000000000000000, 0.000000000000000000 ) ) ;
#840 = AXIS2_PLACEMENT_3D ( 'NONE', #2038, #2319, #1559 ) ;
#841 = CARTESIAN_POINT ( 'NONE',  ( -0.1653543307086614567, 0.003937007874015747977, 0.07480314960629921850 ) ) ;
#842 = DIRECTION ( 'NONE',  ( 0.000000000000000000, 0.000000000000000000, -1.000000000000000000 ) ) ;
#843 = VECTOR ( 'NONE', #1396, 39.37007874015748143 ) ;
#844 = CARTESIAN_POINT ( 'NONE',  ( -0.08858267716535433989, 0.1456692913385826960, -0.08858267716535433989 ) ) ;
#845 = CARTESIAN_POINT ( 'NONE',  ( 0.000000000000000000, 0.2108980767377087451, 0.000000000000000000 ) ) ;
#846 = ORIENTED_EDGE ( 'NONE', *, *, #2424, .T. ) ;
#847 = ORIENTED_EDGE ( 'NONE', *, *, #1872, .T. ) ;
#848 = VERTEX_POINT ( 'NONE', #3358 ) ;
#849 = FACE_OUTER_BOUND ( 'NONE', #2420, .T. ) ;
#850 = ADVANCED_FACE ( 'NONE', ( #343, #3302, #1424, #666, #2812, #3321 ), #1749, .T. ) ;
#851 = ORIENTED_EDGE ( 'NONE', *, *, #1814, .F. ) ;
#852 = DIRECTION ( 'NONE',  ( -1.000000000000000000, -1.016439536705159791E-16, 0.000000000000000000 ) ) ;
#853 = EDGE_CURVE ( 'NONE', #1103, #1347, #874, .T. ) ;
#854 = ADVANCED_FACE ( 'NONE', ( #3037 ), #493, .T. ) ;
#855 = VERTEX_POINT ( 'NONE', #76 ) ;
#856 = CARTESIAN_POINT ( 'NONE',  ( -0.1535433070866141780, 0.007874015748031495954, -0.1023622047244094613 ) ) ;
#857 = DIRECTION ( 'NONE',  ( 0.000000000000000000, 0.000000000000000000, -1.000000000000000000 ) ) ;
#858 = FACE_BOUND ( 'NONE', #2789, .T. ) ;
#859 = DIRECTION ( 'NONE',  ( 0.000000000000000000, 1.000000000000000000, 0.000000000000000000 ) ) ;
#860 = DIRECTION ( 'NONE',  ( 0.000000000000000000, 0.000000000000000000, -1.000000000000000000 ) ) ;
#861 = ORIENTED_EDGE ( 'NONE', *, *, #2677, .F. ) ;
#862 = ORIENTED_EDGE ( 'NONE', *, *, #1786, .T. ) ;
#863 = ORIENTED_EDGE ( 'NONE', *, *, #1589, .F. ) ;
#864 = CARTESIAN_POINT ( 'NONE',  ( -0.08858267716535433989, 0.1377952755905511861, -0.08858267716535433989 ) ) ;
#865 = DIRECTION ( 'NONE',  ( 0.000000000000000000, 0.000000000000000000, -1.000000000000000000 ) ) ;
#866 = ORIENTED_EDGE ( 'NONE', *, *, #1183, .T. ) ;
#867 = LINE ( 'NONE', #2847, #2357 ) ;
#868 = EDGE_CURVE ( 'NONE', #999, #2474, #1129, .T. ) ;
#869 = MANIFOLD_SOLID_BREP ( 'Imported6', #2224 ) ;
#870 = EDGE_LOOP ( 'NONE', ( #2278, #1508, #466, #507 ) ) ;
#871 = CARTESIAN_POINT ( 'NONE',  ( 0.1181102362204724532, 0.1377952755905511861, 0.1122047244094488277 ) ) ;
#872 = FACE_OUTER_BOUND ( 'NONE', #2209, .T. ) ;
#873 = ADVANCED_FACE ( 'NONE', ( #2759, #2487, #2196, #1160, #3287, #858 ), #1935, .F. ) ;
#874 = LINE ( 'NONE', #3020, #1563 ) ;
#875 = PLANE ( 'NONE',  #1457 ) ;
#876 = EDGE_CURVE ( 'NONE', #16, #657, #1182, .T. ) ;
#877 = EDGE_CURVE ( 'NONE', #2535, #2929, #630, .T. ) ;
#878 = VECTOR ( 'NONE', #1825, 39.37007874015748143 ) ;
#879 = COORDINATED_UNIVERSAL_TIME_OFFSET ( 0, 0, .AHEAD. ) ;
#880 = DIRECTION ( 'NONE',  ( 0.000000000000000000, 1.000000000000000000, 0.000000000000000000 ) ) ;
#881 = ORIENTED_EDGE ( 'NONE', *, *, #471, .F. ) ;
#882 = CIRCLE ( 'NONE', #2169, 0.01181102362204724046 ) ;
#883 = VERTEX_POINT ( 'NONE', #1708 ) ;
#884 = ORIENTED_EDGE ( 'NONE', *, *, #1570, .F. ) ;
#885 = CIRCLE ( 'NONE', #1793, 0.01574803149606299885 ) ;
#886 = CARTESIAN_POINT ( 'NONE',  ( 0.1653543307086614567, 0.007874015748031495954, 0.1023622047244094613 ) ) ;
#887 = CARTESIAN_POINT ( 'NONE',  ( -0.08858267716535433989, 0.1377952755905511861, 0.1122047244094488277 ) ) ;
#888 = ORIENTED_EDGE ( 'NONE', *, *, #2187, .F. ) ;
#889 = VECTOR ( 'NONE', #1422, 39.37007874015748143 ) ;
#890 = LINE ( 'NONE', #373, #2828 ) ;
#891 = CIRCLE ( 'NONE', #37, 0.06889763779527559306 ) ;
#892 = VERTEX_POINT ( 'NONE', #2250 ) ;
#893 = DIRECTION ( 'NONE',  ( 0.000000000000000000, 0.000000000000000000, 1.000000000000000000 ) ) ;
#894 = DIRECTION ( 'NONE',  ( 0.000000000000000000, 0.000000000000000000, -1.000000000000000000 ) ) ;
#895 = AXIS2_PLACEMENT_3D ( 'NONE', #697, #198, #3185 ) ;
#896 = AXIS2_PLACEMENT_3D ( 'NONE', #2642, #2036, #2095 ) ;
#897 = EDGE_CURVE ( 'NONE', #530, #1594, #3342, .T. ) ;
#898 = DIRECTION ( 'NONE',  ( 0.000000000000000000, -1.000000000000000000, 0.000000000000000000 ) ) ;
#899 = DIRECTION ( 'NONE',  ( 1.000000000000000000, 0.000000000000000000, 0.000000000000000000 ) ) ;
#900 = VECTOR ( 'NONE', #2685, 39.37007874015748143 ) ;
#901 = APPLICATION_CONTEXT ( 'configuration controlled 3d designs of mechanical parts and assemblies' ) ;
#902 = EDGE_CURVE ( 'NONE', #3261, #2941, #2835, .T. ) ;
#903 = EDGE_CURVE ( 'NONE', #811, #2217, #152, .T. ) ;
#904 = CYLINDRICAL_SURFACE ( 'NONE', #2752, 0.01574803149606299191 ) ;
#905 = EDGE_LOOP ( 'NONE', ( #3257, #3243, #3331, #232 ) ) ;
#906 = AXIS2_PLACEMENT_3D ( 'NONE', #994, #2890, #2312 ) ;
#907 = VERTEX_POINT ( 'NONE', #186 ) ;
#908 = EDGE_LOOP ( 'NONE', ( #2825, #1311, #2592, #587 ) ) ;
#909 = CC_DESIGN_SECURITY_CLASSIFICATION ( #1472, ( #2998 ) ) ;
#910 = DIRECTION ( 'NONE',  ( 1.000000000000000000, 0.000000000000000000, 0.000000000000000000 ) ) ;
#911 = CARTESIAN_POINT ( 'NONE',  ( -0.08858267716535433989, 0.1377952755905511861, -0.08858267716535433989 ) ) ;
#912 = VERTEX_POINT ( 'NONE', #2284 ) ;
#913 = DIRECTION ( 'NONE',  ( 1.734723475976804925E-15, -1.000000000000000000, 0.000000000000000000 ) ) ;
#914 = VERTEX_POINT ( 'NONE', #435 ) ;
#915 = FACE_OUTER_BOUND ( 'NONE', #3087, .T. ) ;
#916 = DIRECTION ( 'NONE',  ( 0.000000000000000000, 0.000000000000000000, 1.000000000000000000 ) ) ;
#917 = CARTESIAN_POINT ( 'NONE',  ( 0.000000000000000000, -0.07608622758978160483, 0.000000000000000000 ) ) ;
#918 = LINE ( 'NONE', #1768, #1120 ) ;
#919 = EDGE_CURVE ( 'NONE', #1907, #221, #2012, .T. ) ;
#920 = CARTESIAN_POINT ( 'NONE',  ( 0.000000000000000000, 0.2165354330708661457, 0.05931745287789588761 ) ) ;
#921 = ORIENTED_EDGE ( 'NONE', *, *, #2142, .T. ) ;
#922 = CARTESIAN_POINT ( 'NONE',  ( 0.1496062992125984370, 0.03937007874015747977, -0.07480314960629921850 ) ) ;
#923 = EDGE_LOOP ( 'NONE', ( #1286, #292, #2406, #1329 ) ) ;
#924 = EDGE_CURVE ( 'NONE', #2801, #1827, #1483, .T. ) ;
#925 = DIRECTION ( 'NONE',  ( -0.000000000000000000, 1.000000000000000000, 0.000000000000000000 ) ) ;
#926 = CARTESIAN_POINT ( 'NONE',  ( 0.1181102362204724532, 0.03937007874015747977, 0.1023622047244094613 ) ) ;
#927 = ORIENTED_EDGE ( 'NONE', *, *, #1814, .T. ) ;
#928 = EDGE_LOOP ( 'NONE', ( #1628, #794 ) ) ;
#929 = CARTESIAN_POINT ( 'NONE',  ( -0.1122047244094488277, 0.000000000000000000, 0.1181102362204724532 ) ) ;
#930 = ORIENTED_EDGE ( 'NONE', *, *, #66, .F. ) ;
#931 = CYLINDRICAL_SURFACE ( 'NONE', #2872, 0.01574803149606299191 ) ;
#932 = CARTESIAN_POINT ( 'NONE',  ( -0.1653543307086614567, 0.007874015748031495954, 0.1023622047244094613 ) ) ;
#933 = CARTESIAN_POINT ( 'NONE',  ( 8.919671568592926781E-18, -0.07608622758978160483, -0.07283464566929134798 ) ) ;
#934 = CARTESIAN_POINT ( 'NONE',  ( 0.1181102362204724532, 0.03937007874015747977, -0.1023622047244094613 ) ) ;
#935 = CARTESIAN_POINT ( 'NONE',  ( 0.1181102362204724532, 0.1377952755905511861, -0.1122047244094488277 ) ) ;
#936 = APPLICATION_PROTOCOL_DEFINITION ( 'international standard', 'config_control_design', 1994, #1080 ) ;
#937 = FACE_OUTER_BOUND ( 'NONE', #2631, .T. ) ;
#938 = ORIENTED_EDGE ( 'NONE', *, *, #2871, .T. ) ;
#939 = CC_DESIGN_PERSON_AND_ORGANIZATION_ASSIGNMENT ( #670, #1485, ( #3399 ) ) ;
#940 = ORIENTED_EDGE ( 'NONE', *, *, #327, .T. ) ;
#941 = DIRECTION ( 'NONE',  ( 0.000000000000000000, 1.000000000000000000, 0.000000000000000000 ) ) ;
#942 = AXIS2_PLACEMENT_3D ( 'NONE', #2901, #1537, #1006 ) ;
#943 = CARTESIAN_POINT ( 'NONE',  ( 0.08858267716535433989, 0.1823374350353732243, 0.1043307086614173457 ) ) ;
#944 = ORIENTED_EDGE ( 'NONE', *, *, #3282, .T. ) ;
#945 = VERTEX_POINT ( 'NONE', #2563 ) ;
#946 = DIRECTION ( 'NONE',  ( -0.000000000000000000, -1.000000000000000000, -0.000000000000000000 ) ) ;
#947 = VECTOR ( 'NONE', #860, 39.37007874015748143 ) ;
#948 = AXIS2_PLACEMENT_3D ( 'NONE', #1319, #3473, #2651 ) ;
#949 = EDGE_CURVE ( 'NONE', #296, #1827, #132, .T. ) ;
#950 = VERTEX_POINT ( 'NONE', #3119 ) ;
#951 = DIRECTION ( 'NONE',  ( 0.000000000000000000, 0.000000000000000000, -1.000000000000000000 ) ) ;
#952 = EDGE_CURVE ( 'NONE', #2846, #677, #683, .T. ) ;
#953 = DIRECTION ( 'NONE',  ( 0.000000000000000000, 1.000000000000000000, 0.000000000000000000 ) ) ;
#954 = CIRCLE ( 'NONE', #1738, 0.02362204724409448092 ) ;
#955 = DIRECTION ( 'NONE',  ( 0.000000000000000000, -1.000000000000000000, 0.000000000000000000 ) ) ;
#956 = VECTOR ( 'NONE', #1709, 39.37007874015748854 ) ;
#957 = CARTESIAN_POINT ( 'NONE',  ( 0.000000000000000000, -0.07608622758978160483, 0.000000000000000000 ) ) ;
#958 = CIRCLE ( 'NONE', #2931, 0.01574803149606299191 ) ;
#959 = CARTESIAN_POINT ( 'NONE',  ( 0.1535433070866141780, 0.007874015748031495954, -0.1023622047244094613 ) ) ;
#960 = ORIENTED_EDGE ( 'NONE', *, *, #2405, .T. ) ;
#961 = ORIENTED_EDGE ( 'NONE', *, *, #2500, .T. ) ;
#962 = VECTOR ( 'NONE', #798, 39.37007874015748143 ) ;
#963 = DIRECTION ( 'NONE',  ( -1.000000000000000000, 1.016439536705159791E-16, 0.000000000000000000 ) ) ;
#964 = CIRCLE ( 'NONE', #1968, 0.01574803149606299885 ) ;
#965 = FACE_OUTER_BOUND ( 'NONE', #1979, .T. ) ;
#966 = ORIENTED_EDGE ( 'NONE', *, *, #1649, .T. ) ;
#967 = EDGE_LOOP ( 'NONE', ( #3026, #1646, #746, #2415 ) ) ;
#968 = CYLINDRICAL_SURFACE ( 'NONE', #1688, 0.003937007874015758385 ) ;
#969 = AXIS2_PLACEMENT_3D ( 'NONE', #2060, #1310, #2917 ) ;
#970 = ADVANCED_FACE ( 'NONE', ( #3409 ), #419, .T. ) ;
#971 = ORIENTED_EDGE ( 'NONE', *, *, #1586, .T. ) ;
#972 = DIRECTION ( 'NONE',  ( 0.000000000000000000, 0.000000000000000000, 1.000000000000000000 ) ) ;
#973 = EDGE_CURVE ( 'NONE', #1124, #2535, #316, .T. ) ;
#974 = ADVANCED_FACE ( 'NONE', ( #734 ), #2884, .T. ) ;
#975 = DIRECTION ( 'NONE',  ( 0.000000000000000000, 0.000000000000000000, 1.000000000000000000 ) ) ;
#976 = CARTESIAN_POINT ( 'NONE',  ( -0.1181102362204724532, 0.03149606299212598381, 0.07480314960629921850 ) ) ;
#977 = DIRECTION ( 'NONE',  ( -1.000000000000000000, 1.016439536705159791E-16, 0.000000000000000000 ) ) ;
#978 = DIRECTION ( 'NONE',  ( 0.000000000000000000, 0.000000000000000000, 1.000000000000000000 ) ) ;
#979 = FACE_OUTER_BOUND ( 'NONE', #1421, .T. ) ;
#980 = LINE ( 'NONE', #1009, #3227 ) ;
#981 = DIRECTION ( 'NONE',  ( 0.000000000000000000, 1.000000000000000000, 0.000000000000000000 ) ) ;
#982 = VERTEX_POINT ( 'NONE', #976 ) ;
#983 = ORIENTED_EDGE ( 'NONE', *, *, #2429, .F. ) ;
#984 = CARTESIAN_POINT ( 'NONE',  ( -0.08858267716535433989, 0.1456692913385826960, -0.06496062992125986590 ) ) ;
#985 = ORIENTED_EDGE ( 'NONE', *, *, #470, .T. ) ;
#986 = PRODUCT_RELATED_PRODUCT_CATEGORY ( 'detail', '', ( #3399 ) ) ;
#987 = PLANE ( 'NONE',  #553 ) ;
#988 = EDGE_CURVE ( 'NONE', #114, #2846, #2757, .T. ) ;
#989 = CARTESIAN_POINT ( 'NONE',  ( 0.1181102362204724532, 0.000000000000000000, -0.1122047244094488277 ) ) ;
#990 = FACE_OUTER_BOUND ( 'NONE', #3103, .T. ) ;
#991 = EDGE_CURVE ( 'NONE', #468, #2567, #2898, .T. ) ;
#992 = ORIENTED_EDGE ( 'NONE', *, *, #1351, .T. ) ;
#993 = ADVANCED_FACE ( 'NONE', ( #172 ), #3170, .F. ) ;
#994 = CARTESIAN_POINT ( 'NONE',  ( -0.1496062992125984370, 0.02755905511811023584, 0.07480314960629921850 ) ) ;
#995 = ORIENTED_EDGE ( 'NONE', *, *, #2878, .F. ) ;
#996 = VERTEX_POINT ( 'NONE', #2632 ) ;
#997 = DIRECTION ( 'NONE',  ( 1.000000000000000000, -1.016439536705159791E-16, 0.000000000000000000 ) ) ;
#998 = CIRCLE ( 'NONE', #1048, 0.005905511811023620231 ) ;
#999 = VERTEX_POINT ( 'NONE', #201 ) ;
#1000 = CARTESIAN_POINT ( 'NONE',  ( -0.08858267716535433989, 0.1377952755905511861, 0.08858267716535433989 ) ) ;
#1001 = LINE ( 'NONE', #2053, #1461 ) ;
#1002 = AXIS2_PLACEMENT_3D ( 'NONE', #2090, #492, #818 ) ;
#1003 = DIRECTION ( 'NONE',  ( 0.000000000000000000, 1.000000000000000000, 0.000000000000000000 ) ) ;
#1004 = VECTOR ( 'NONE', #2738, 39.37007874015748143 ) ;
#1005 = CIRCLE ( 'NONE', #3104, 0.01574803149606299191 ) ;
#1006 = DIRECTION ( 'NONE',  ( 0.000000000000000000, 0.000000000000000000, 1.000000000000000000 ) ) ;
#1007 = AXIS2_PLACEMENT_3D ( 'NONE', #342, #953, #629 ) ;
#1008 = EDGE_CURVE ( 'NONE', #2137, #3338, #1287, .T. ) ;
#1009 = CARTESIAN_POINT ( 'NONE',  ( -0.1653543307086614567, -0.003937007874015747977, 0.07480314960629921850 ) ) ;
#1010 = CARTESIAN_POINT ( 'NONE',  ( 0.000000000000000000, 0.1299212598425196763, 0.000000000000000000 ) ) ;
#1011 = ORIENTED_EDGE ( 'NONE', *, *, #512, .F. ) ;
#1012 = AXIS2_PLACEMENT_3D ( 'NONE', #1915, #2402, #1380 ) ;
#1013 = ORIENTED_EDGE ( 'NONE', *, *, #184, .F. ) ;
#1014 = CARTESIAN_POINT ( 'NONE',  ( -0.1968503937007874127, -0.003937007874015747977, -0.1023622047244094613 ) ) ;
#1015 = AXIS2_PLACEMENT_3D ( 'NONE', #1587, #2655, #240 ) ;
#1016 = ORIENTED_EDGE ( 'NONE', *, *, #805, .F. ) ;
#1017 = AXIS2_PLACEMENT_3D ( 'NONE', #3105, #108, #963 ) ;
#1018 = DIRECTION ( 'NONE',  ( 0.000000000000000000, 0.000000000000000000, -1.000000000000000000 ) ) ;
#1019 = CC_DESIGN_APPROVAL ( #1824, ( #2998 ) ) ;
#1020 = VERTEX_POINT ( 'NONE', #2668 ) ;
#1021 = CARTESIAN_POINT ( 'NONE',  ( -0.1496062992125984370, 0.03937007874015747977, 0.1023622047244094613 ) ) ;
#1022 = PLANE ( 'NONE',  #1002 ) ;
#1023 = EDGE_CURVE ( 'NONE', #517, #1100, #487, .T. ) ;
#1024 = CARTESIAN_POINT ( 'NONE',  ( -0.1122047244094488277, 0.1377952755905511861, -0.1122047244094488277 ) ) ;
#1025 = DIRECTION ( 'NONE',  ( 0.000000000000000000, 0.000000000000000000, 1.000000000000000000 ) ) ;
#1026 = ORIENTED_EDGE ( 'NONE', *, *, #2743, .F. ) ;
#1027 = ORIENTED_EDGE ( 'NONE', *, *, #356, .F. ) ;
#1028 = DIRECTION ( 'NONE',  ( 0.000000000000000000, 0.000000000000000000, -1.000000000000000000 ) ) ;
#1029 = DIRECTION ( 'NONE',  ( 0.000000000000000000, 0.000000000000000000, 1.000000000000000000 ) ) ;
#1030 = ORIENTED_EDGE ( 'NONE', *, *, #2478, .F. ) ;
#1031 = CARTESIAN_POINT ( 'NONE',  ( -0.08858267716535433989, 0.1456692913385826960, -0.1122047244094488277 ) ) ;
#1032 = FACE_OUTER_BOUND ( 'NONE', #2982, .T. ) ;
#1033 = ORIENTED_EDGE ( 'NONE', *, *, #3496, .F. ) ;
#1034 = DIRECTION ( 'NONE',  ( 0.000000000000000000, -1.000000000000000000, 0.000000000000000000 ) ) ;
#1035 = CARTESIAN_POINT ( 'NONE',  ( -0.1496062992125984370, 0.02755905511811023584, 0.1023622047244094613 ) ) ;
#1036 = CARTESIAN_POINT ( 'NONE',  ( 0.08858267716535433989, 0.1299212598425196763, 0.08858267716535433989 ) ) ;
#1037 = DIRECTION ( 'NONE',  ( 0.000000000000000000, 0.000000000000000000, -1.000000000000000000 ) ) ;
#1038 = CARTESIAN_POINT ( 'NONE',  ( 0.08858267716535433989, 0.1456692913385826960, 0.08858267716535433989 ) ) ;
#1039 = DIRECTION ( 'NONE',  ( 0.000000000000000000, -1.000000000000000000, 0.000000000000000000 ) ) ;
#1040 = CARTESIAN_POINT ( 'NONE',  ( -0.1181102362204724532, 0.000000000000000000, -0.1122047244094488277 ) ) ;
#1041 = ORIENTED_EDGE ( 'NONE', *, *, #1418, .F. ) ;
#1042 = ORIENTED_EDGE ( 'NONE', *, *, #2907, .F. ) ;
#1043 = CYLINDRICAL_SURFACE ( 'NONE', #2027, 0.003937007874015758385 ) ;
#1044 = DIRECTION ( 'NONE',  ( 0.000000000000000000, 0.000000000000000000, 1.000000000000000000 ) ) ;
#1045 = ORIENTED_EDGE ( 'NONE', *, *, #3000, .T. ) ;
#1046 = LINE ( 'NONE', #2947, #1173 ) ;
#1047 = CARTESIAN_POINT ( 'NONE',  ( 0.1653543307086614567, 0.007874015748031495954, 0.07480314960629921850 ) ) ;
#1048 = AXIS2_PLACEMENT_3D ( 'NONE', #2339, #1274, #3429 ) ;
#1049 = EDGE_CURVE ( 'NONE', #2858, #772, #1584, .T. ) ;
#1050 = ADVANCED_FACE ( 'NONE', ( #2444 ), #238, .T. ) ;
#1051 = AXIS2_PLACEMENT_3D ( 'NONE', #439, #719, #2584 ) ;
#1052 = VERTEX_POINT ( 'NONE', #1565 ) ;
#1053 = LINE ( 'NONE', #814, #1670 ) ;
#1054 = DIRECTION ( 'NONE',  ( 0.000000000000000000, 0.000000000000000000, -1.000000000000000000 ) ) ;
#1055 = AXIS2_PLACEMENT_3D ( 'NONE', #3266, #2103, #2171 ) ;
#1056 = DIRECTION ( 'NONE',  ( 1.000000000000000000, -1.016439536705159791E-16, 0.000000000000000000 ) ) ;
#1057 = CIRCLE ( 'NONE', #208, 0.005905511811023620231 ) ;
#1058 = AXIS2_PLACEMENT_3D ( 'NONE', #2967, #1936, #1624 ) ;
#1059 = DIRECTION ( 'NONE',  ( 0.000000000000000000, 0.000000000000000000, 1.000000000000000000 ) ) ;
#1060 = DIRECTION ( 'NONE',  ( 0.000000000000000000, 0.000000000000000000, 1.000000000000000000 ) ) ;
#1061 = ORIENTED_EDGE ( 'NONE', *, *, #897, .T. ) ;
#1062 = ORIENTED_EDGE ( 'NONE', *, *, #3497, .T. ) ;
#1063 = AXIS2_PLACEMENT_3D ( 'NONE', #1707, #360, #1018 ) ;
#1064 = DIRECTION ( 'NONE',  ( 0.000000000000000000, 0.000000000000000000, -1.000000000000000000 ) ) ;
#1065 = VECTOR ( 'NONE', #913, 39.37007874015748143 ) ;
#1066 = LINE ( 'NONE', #2718, #3148 ) ;
#1067 = ORIENTED_EDGE ( 'NONE', *, *, #3349, .F. ) ;
#1068 = DIRECTION ( 'NONE',  ( 1.000000000000000000, -0.000000000000000000, 1.224646799147353207E-16 ) ) ;
#1069 = CIRCLE ( 'NONE', #838, 0.07283464566929134798 ) ;
#1070 = EDGE_CURVE ( 'NONE', #907, #1393, #2138, .T. ) ;
#1071 = ORIENTED_EDGE ( 'NONE', *, *, #2322, .F. ) ;
#1072 = CARTESIAN_POINT ( 'NONE',  ( 0.1653543307086614567, 0.007874015748031495954, 0.07480314960629921850 ) ) ;
#1073 = DIRECTION ( 'NONE',  ( 1.016439536705159791E-16, -1.000000000000000000, 0.000000000000000000 ) ) ;
#1074 = ADVANCED_FACE ( 'NONE', ( #1306 ), #555, .T. ) ;
#1075 = AXIS2_PLACEMENT_3D ( 'NONE', #2106, #1059, #1359 ) ;
#1076 = CARTESIAN_POINT ( 'NONE',  ( -0.1535433070866141780, 0.02755905511811023584, 0.07480314960629921850 ) ) ;
#1077 = LOCAL_TIME ( 16, 4, 34.00000000000000000, #2550 ) ;
#1078 = PLANE ( 'NONE',  #1058 ) ;
#1079 = ORIENTED_EDGE ( 'NONE', *, *, #2399, .F. ) ;
#1080 = APPLICATION_CONTEXT ( 'configuration controlled 3d designs of mechanical parts and assemblies' ) ;
#1081 = EDGE_LOOP ( 'NONE', ( #3483, #546 ) ) ;
#1082 = CARTESIAN_POINT ( 'NONE',  ( -0.1181102362204724532, 0.03937007874015747977, 0.1023622047244094613 ) ) ;
#1083 = DIRECTION ( 'NONE',  ( 0.000000000000000000, -1.000000000000000000, 0.000000000000000000 ) ) ;
#1084 = VERTEX_POINT ( 'NONE', #252 ) ;
#1085 = CARTESIAN_POINT ( 'NONE',  ( -0.1535433070866141780, 0.02755905511811023584, -0.1023622047244094613 ) ) ;
#1086 = EDGE_CURVE ( 'NONE', #1715, #912, #91, .T. ) ;
#1087 = ORIENTED_EDGE ( 'NONE', *, *, #973, .T. ) ;
#1088 = CARTESIAN_POINT ( 'NONE',  ( 0.1181102362204724532, 0.03149606299212598381, -0.1023622047244094613 ) ) ;
#1089 = DIRECTION ( 'NONE',  ( -1.000000000000000000, -1.016439536705159791E-16, 0.000000000000000000 ) ) ;
#1090 = CARTESIAN_POINT ( 'NONE',  ( -0.1968503937007874127, 0.003937007874015747977, 0.1023622047244094613 ) ) ;
#1091 = DIRECTION ( 'NONE',  ( 0.000000000000000000, -1.000000000000000000, 0.000000000000000000 ) ) ;
#1092 = EDGE_CURVE ( 'NONE', #3261, #671, #1053, .T. ) ;
#1093 = EDGE_CURVE ( 'NONE', #3083, #2063, #1637, .T. ) ;
#1094 = CYLINDRICAL_SURFACE ( 'NONE', #1446, 0.005905511811023620231 ) ;
#1095 = VERTEX_POINT ( 'NONE', #1619 ) ;
#1096 = ORIENTED_EDGE ( 'NONE', *, *, #1086, .T. ) ;
#1097 = CARTESIAN_POINT ( 'NONE',  ( -0.1535433070866141780, 0.02755905511811023584, -0.1023622047244094613 ) ) ;
#1098 = CARTESIAN_POINT ( 'NONE',  ( -0.08858267716535433989, 0.1823374350353732243, -0.07283464566929134798 ) ) ;
#1099 = VERTEX_POINT ( 'NONE', #2407 ) ;
#1100 = VERTEX_POINT ( 'NONE', #3219 ) ;
#1101 = DIRECTION ( 'NONE',  ( 0.000000000000000000, 0.000000000000000000, 1.000000000000000000 ) ) ;
#1102 = DIRECTION ( 'NONE',  ( -0.000000000000000000, -1.000000000000000000, -0.000000000000000000 ) ) ;
#1103 = VERTEX_POINT ( 'NONE', #3493 ) ;
#1104 = CARTESIAN_POINT ( 'NONE',  ( 0.1653543307086614567, 0.003937007874015747977, -0.1023622047244094613 ) ) ;
#1105 = LINE ( 'NONE', #1920, #442 ) ;
#1106 = VECTOR ( 'NONE', #1474, 39.37007874015748143 ) ;
#1107 = DIRECTION ( 'NONE',  ( 0.000000000000000000, 1.000000000000000000, 0.000000000000000000 ) ) ;
#1108 = CARTESIAN_POINT ( 'NONE',  ( 0.1122047244094488277, 0.000000000000000000, 0.1181102362204724532 ) ) ;
#1109 = VECTOR ( 'NONE', #2916, 39.37007874015748143 ) ;
#1110 = CARTESIAN_POINT ( 'NONE',  ( 0.08858267716535433989, 0.1456692913385826960, -0.08858267716535433989 ) ) ;
#1111 = AXIS2_PLACEMENT_3D ( 'NONE', #2212, #1387, #1668 ) ;
#1112 = CARTESIAN_POINT ( 'NONE',  ( 0.1496062992125984370, 0.03149606299212598381, 0.07480314960629921850 ) ) ;
#1113 = ORIENTED_EDGE ( 'NONE', *, *, #1713, .F. ) ;
#1114 = ORIENTED_EDGE ( 'NONE', *, *, #3216, .F. ) ;
#1115 = ORIENTED_EDGE ( 'NONE', *, *, #2515, .T. ) ;
#1116 = AXIS2_PLACEMENT_3D ( 'NONE', #3373, #951, #2849 ) ;
#1117 = EDGE_CURVE ( 'NONE', #1417, #1360, #661, .T. ) ;
#1118 = ADVANCED_FACE ( 'NONE', ( #2722 ), #2950, .F. ) ;
#1119 = CARTESIAN_POINT ( 'NONE',  ( 0.1653543307086614567, -0.003937007874015747977, 0.1023622047244094613 ) ) ;
#1120 = VECTOR ( 'NONE', #701, 39.37007874015748143 ) ;
#1121 = EDGE_LOOP ( 'NONE', ( #312, #1697, #2161, #3186 ) ) ;
#1122 = CARTESIAN_POINT ( 'NONE',  ( -0.1122047244094488277, 0.1299212598425196763, -0.1122047244094488277 ) ) ;
#1123 = CIRCLE ( 'NONE', #38, 0.01574803149606299885 ) ;
#1124 = VERTEX_POINT ( 'NONE', #2373 ) ;
#1125 = CARTESIAN_POINT ( 'NONE',  ( 0.1535433070866141780, 0.007874015748031495954, 0.1023622047244094613 ) ) ;
#1126 = CIRCLE ( 'NONE', #2412, 0.01574803149606299191 ) ;
#1127 = DIRECTION ( 'NONE',  ( -1.000000000000000000, 1.016439536705159791E-16, 0.000000000000000000 ) ) ;
#1128 = VECTOR ( 'NONE', #2479, 39.37007874015748143 ) ;
#1129 = LINE ( 'NONE', #361, #766 ) ;
#1130 = CARTESIAN_POINT ( 'NONE',  ( 7.955382750366665093E-18, 0.2165354330708661457, 0.06496062992125985203 ) ) ;
#1131 = VECTOR ( 'NONE', #443, 39.37007874015748143 ) ;
#1132 = DIRECTION ( 'NONE',  ( 0.000000000000000000, 0.000000000000000000, 1.000000000000000000 ) ) ;
#1133 = ORIENTED_EDGE ( 'NONE', *, *, #991, .T. ) ;
#1134 = EDGE_CURVE ( 'NONE', #1191, #1515, #526, .T. ) ;
#1135 = ORIENTED_EDGE ( 'NONE', *, *, #3349, .T. ) ;
#1136 = ORIENTED_EDGE ( 'NONE', *, *, #263, .T. ) ;
#1137 = CARTESIAN_POINT ( 'NONE',  ( -0.1181102362204724532, 0.03937007874015747977, -0.1023622047244094613 ) ) ;
#1138 = ORIENTED_EDGE ( 'NONE', *, *, #1561, .T. ) ;
#1139 = EDGE_CURVE ( 'NONE', #1730, #530, #3459, .T. ) ;
#1140 = CARTESIAN_POINT ( 'NONE',  ( -0.1496062992125984370, 0.02755905511811023584, 0.1023622047244094613 ) ) ;
#1141 = VERTEX_POINT ( 'NONE', #3202 ) ;
#1142 = LINE ( 'NONE', #1722, #1851 ) ;
#1143 = DIRECTION ( 'NONE',  ( 0.000000000000000000, 1.000000000000000000, 0.000000000000000000 ) ) ;
#1144 = CARTESIAN_POINT ( 'NONE',  ( 0.1181102362204724532, 0.03149606299212598381, 0.07480314960629921850 ) ) ;
#1145 = PERSON_AND_ORGANIZATION_ROLE ( 'creator' ) ;
#1146 = FACE_OUTER_BOUND ( 'NONE', #3246, .T. ) ;
#1147 = ORIENTED_EDGE ( 'NONE', *, *, #3465, .T. ) ;
#1148 = ORIENTED_EDGE ( 'NONE', *, *, #545, .F. ) ;
#1149 = EDGE_LOOP ( 'NONE', ( #1509, #237 ) ) ;
#1150 = PLANE ( 'NONE',  #3117 ) ;
#1151 = CARTESIAN_POINT ( 'NONE',  ( -0.1181102362204724532, 0.03937007874015747977, 0.1023622047244094613 ) ) ;
#1152 = VERTEX_POINT ( 'NONE', #762 ) ;
#1153 = DIRECTION ( 'NONE',  ( 0.000000000000000000, 0.000000000000000000, 1.000000000000000000 ) ) ;
#1154 = ADVANCED_FACE ( 'NONE', ( #1335 ), #2930, .F. ) ;
#1155 = ORIENTED_EDGE ( 'NONE', *, *, #1770, .F. ) ;
#1156 = CARTESIAN_POINT ( 'NONE',  ( 0.1496062992125984370, 0.02755905511811023584, 0.1023622047244094613 ) ) ;
#1157 = DIRECTION ( 'NONE',  ( 0.000000000000000000, 0.000000000000000000, 1.000000000000000000 ) ) ;
#1158 = EDGE_CURVE ( 'NONE', #1099, #1966, #271, .T. ) ;
#1159 = EDGE_CURVE ( 'NONE', #2200, #3192, #1945, .T. ) ;
#1160 = FACE_BOUND ( 'NONE', #662, .T. ) ;
#1161 = DIRECTION ( 'NONE',  ( 0.000000000000000000, 0.000000000000000000, 1.000000000000000000 ) ) ;
#1162 = AXIS2_PLACEMENT_3D ( 'NONE', #460, #1190, #1771 ) ;
#1163 = MECHANICAL_CONTEXT ( 'NONE', #901, 'mechanical' ) ;
#1164 = DIRECTION ( 'NONE',  ( 0.000000000000000000, 0.000000000000000000, -1.000000000000000000 ) ) ;
#1165 = ORIENTED_EDGE ( 'NONE', *, *, #1846, .T. ) ;
#1166 = CIRCLE ( 'NONE', #1333, 0.01574803149606299885 ) ;
#1167 = EDGE_LOOP ( 'NONE', ( #2037, #3214, #319, #2049 ) ) ;
#1168 = ORIENTED_EDGE ( 'NONE', *, *, #802, .F. ) ;
#1169 = VECTOR ( 'NONE', #898, 39.37007874015748143 ) ;
#1170 = CARTESIAN_POINT ( 'NONE',  ( -0.1653543307086614567, 0.003937007874015747977, 0.1023622047244094613 ) ) ;
#1171 = LINE ( 'NONE', #140, #430 ) ;
#1172 = VERTEX_POINT ( 'NONE', #3003 ) ;
#1173 = VECTOR ( 'NONE', #1348, 39.37007874015748143 ) ;
#1174 = VECTOR ( 'NONE', #412, 39.37007874015748143 ) ;
#1175 = CARTESIAN_POINT ( 'NONE',  ( 0.1181102362204724532, 0.000000000000000000, 0.1122047244094488277 ) ) ;
#1176 = AXIS2_PLACEMENT_3D ( 'NONE', #2307, #3378, #3398 ) ;
#1177 = ORIENTED_EDGE ( 'NONE', *, *, #3301, .T. ) ;
#1178 = LINE ( 'NONE', #2246, #494 ) ;
#1179 = EDGE_CURVE ( 'NONE', #285, #296, #3074, .T. ) ;
#1180 = PLANE ( 'NONE',  #2182 ) ;
#1181 = AXIS2_PLACEMENT_3D ( 'NONE', #3375, #1157, #94 ) ;
#1182 = LINE ( 'NONE', #58, #1392 ) ;
#1183 = EDGE_CURVE ( 'NONE', #1393, #3372, #1459, .T. ) ;
#1184 = CARTESIAN_POINT ( 'NONE',  ( -0.08858267716535433989, 0.1299212598425196763, 0.1043307086614173457 ) ) ;
#1185 = VECTOR ( 'NONE', #2542, 39.37007874015748143 ) ;
#1186 = DIRECTION ( 'NONE',  ( 1.000000000000000000, 0.000000000000000000, 0.000000000000000000 ) ) ;
#1187 = CYLINDRICAL_SURFACE ( 'NONE', #2227, 0.01574803149606299191 ) ;
#1188 = ORIENTED_EDGE ( 'NONE', *, *, #490, .F. ) ;
#1189 = CIRCLE ( 'NONE', #3337, 0.02362204724409448092 ) ;
#1190 = DIRECTION ( 'NONE',  ( -1.000000000000000000, 0.000000000000000000, 0.000000000000000000 ) ) ;
#1191 = VERTEX_POINT ( 'NONE', #3017 ) ;
#1192 = DIRECTION ( 'NONE',  ( -1.734723475976804925E-15, -1.000000000000000000, 0.000000000000000000 ) ) ;
#1193 = LINE ( 'NONE', #943, #1106 ) ;
#1194 = ORIENTED_EDGE ( 'NONE', *, *, #1486, .F. ) ;
#1195 = ORIENTED_EDGE ( 'NONE', *, *, #877, .F. ) ;
#1196 = CARTESIAN_POINT ( 'NONE',  ( -0.1181102362204724532, 0.1377952755905511861, -0.1122047244094488277 ) ) ;
#1197 = EDGE_LOOP ( 'NONE', ( #1045, #81, #1113, #293, #1838, #3281, #217, #1, #596, #3146, #332, #1249 ) ) ;
#1198 = DIRECTION ( 'NONE',  ( 1.000000000000000000, 0.000000000000000000, 0.000000000000000000 ) ) ;
#1199 = FACE_OUTER_BOUND ( 'NONE', #1394, .T. ) ;
#1200 = EDGE_CURVE ( 'NONE', #3297, #711, #2485, .T. ) ;
#1201 = LINE ( 'NONE', #2267, #2527 ) ;
#1202 = CARTESIAN_POINT ( 'NONE',  ( -0.1181102362204724532, 0.03149606299212598381, -0.1023622047244094613 ) ) ;
#1203 = FACE_OUTER_BOUND ( 'NONE', #2566, .T. ) ;
#1204 = PERSON_AND_ORGANIZATION_ROLE ( 'classification_officer' ) ;
#1205 = DIRECTION ( 'NONE',  ( 1.000000000000000000, 0.000000000000000000, 0.000000000000000000 ) ) ;
#1206 = ORIENTED_EDGE ( 'NONE', *, *, #287, .T. ) ;
#1207 = ORIENTED_EDGE ( 'NONE', *, *, #593, .T. ) ;
#1208 = EDGE_CURVE ( 'NONE', #3347, #366, #885, .T. ) ;
#1209 = EDGE_CURVE ( 'NONE', #3122, #1889, #573, .T. ) ;
#1210 = DIRECTION ( 'NONE',  ( 0.000000000000000000, 0.000000000000000000, -1.000000000000000000 ) ) ;
#1211 = FACE_OUTER_BOUND ( 'NONE', #1843, .T. ) ;
#1212 = ORIENTED_EDGE ( 'NONE', *, *, #1326, .F. ) ;
#1213 = ORIENTED_EDGE ( 'NONE', *, *, #2952, .T. ) ;
#1214 = FACE_OUTER_BOUND ( 'NONE', #3346, .T. ) ;
#1215 = EDGE_LOOP ( 'NONE', ( #1030, #1041 ) ) ;
#1216 = CARTESIAN_POINT ( 'NONE',  ( -0.08858267716535433989, 0.1299212598425196763, -0.08858267716535433989 ) ) ;
#1217 = PLANE ( 'NONE',  #1289 ) ;
#1218 = CARTESIAN_POINT ( 'NONE',  ( -0.1181102362204724532, 0.1299212598425196763, 0.1122047244094488277 ) ) ;
#1219 = CARTESIAN_POINT ( 'NONE',  ( 0.1535433070866141780, 0.02755905511811023584, -0.1023622047244094613 ) ) ;
#1220 = CARTESIAN_POINT ( 'NONE',  ( 0.1653543307086614567, -0.003937007874015747977, -0.1023622047244094613 ) ) ;
#1221 = ORIENTED_EDGE ( 'NONE', *, *, #3067, .F. ) ;
#1222 = CARTESIAN_POINT ( 'NONE',  ( -0.1614173228346456879, 0.02755905511811023584, 0.1023622047244094613 ) ) ;
#1223 = EDGE_CURVE ( 'NONE', #51, #3469, #2777, .T. ) ;
#1224 = DIRECTION ( 'NONE',  ( -1.000000000000000000, -1.734723475976804925E-15, 0.000000000000000000 ) ) ;
#1225 = CIRCLE ( 'NONE', #2461, 0.01574803149606299191 ) ;
#1226 = DIRECTION ( 'NONE',  ( 0.000000000000000000, 0.000000000000000000, -1.000000000000000000 ) ) ;
#1227 = VERTEX_POINT ( 'NONE', #1919 ) ;
#1228 = ORIENTED_EDGE ( 'NONE', *, *, #2112, .F. ) ;
#1229 = EDGE_CURVE ( 'NONE', #468, #1999, #1651, .T. ) ;
#1230 = DIRECTION ( 'NONE',  ( 0.000000000000000000, -1.000000000000000000, 0.000000000000000000 ) ) ;
#1231 = EDGE_CURVE ( 'NONE', #2614, #1413, #1142, .T. ) ;
#1232 = VECTOR ( 'NONE', #3187, 39.37007874015748143 ) ;
#1233 = CIRCLE ( 'NONE', #3484, 0.01574803149606299885 ) ;
#1234 = VERTEX_POINT ( 'NONE', #2463 ) ;
#1235 = CARTESIAN_POINT ( 'NONE',  ( 7.625528202455640266E-18, 0.2165354330708661457, -0.05931745287789588761 ) ) ;
#1236 = CIRCLE ( 'NONE', #1116, 0.003937007874015758385 ) ;
#1237 = FACE_OUTER_BOUND ( 'NONE', #428, .T. ) ;
#1238 = CARTESIAN_POINT ( 'NONE',  ( 0.1122047244094488277, 0.1377952755905511861, 0.1122047244094488277 ) ) ;
#1239 = CIRCLE ( 'NONE', #1625, 0.01574803149606299191 ) ;
#1240 = DIRECTION ( 'NONE',  ( 0.000000000000000000, -1.000000000000000000, 0.000000000000000000 ) ) ;
#1241 = AXIS2_PLACEMENT_3D ( 'NONE', #2086, #2386, #454 ) ;
#1242 = FACE_OUTER_BOUND ( 'NONE', #2848, .T. ) ;
#1243 = CARTESIAN_POINT ( 'NONE',  ( 0.1968503937007874127, -0.003937007874015747977, 0.07480314960629921850 ) ) ;
#1244 = AXIS2_PLACEMENT_3D ( 'NONE', #3336, #2538, #1153 ) ;
#1245 = FACE_OUTER_BOUND ( 'NONE', #502, .T. ) ;
#1246 = AXIS2_PLACEMENT_3D ( 'NONE', #3251, #817, #1370 ) ;
#1247 = CARTESIAN_POINT ( 'NONE',  ( -0.08858267716535433989, 0.1299212598425196763, 0.08858267716535433989 ) ) ;
#1248 = ORIENTED_EDGE ( 'NONE', *, *, #1291, .F. ) ;
#1249 = ORIENTED_EDGE ( 'NONE', *, *, #2187, .T. ) ;
#1250 = DIRECTION ( 'NONE',  ( 0.000000000000000000, 1.000000000000000000, 0.000000000000000000 ) ) ;
#1251 = VECTOR ( 'NONE', #601, 39.37007874015748143 ) ;
#1252 = EDGE_CURVE ( 'NONE', #2929, #2750, #3320, .T. ) ;
#1253 = ORIENTED_EDGE ( 'NONE', *, *, #3454, .F. ) ;
#1254 = CARTESIAN_POINT ( 'NONE',  ( -0.1653543307086614567, -0.003937007874015747977, 0.1023622047244094613 ) ) ;
#1255 = CARTESIAN_POINT ( 'NONE',  ( 0.1496062992125984370, 0.02755905511811023584, -0.07480314960629921850 ) ) ;
#1256 = ADVANCED_FACE ( 'NONE', ( #915 ), #1403, .T. ) ;
#1257 = EDGE_CURVE ( 'NONE', #1141, #3338, #377, .T. ) ;
#1258 = DIRECTION ( 'NONE',  ( 0.000000000000000000, 0.000000000000000000, -1.000000000000000000 ) ) ;
#1259 = CYLINDRICAL_SURFACE ( 'NONE', #1681, 0.02362204724409448092 ) ;
#1260 = CARTESIAN_POINT ( 'NONE',  ( -0.1535433070866141780, 0.007874015748031495954, 0.1023622047244094613 ) ) ;
#1261 = VERTEX_POINT ( 'NONE', #871 ) ;
#1262 = CARTESIAN_POINT ( 'NONE',  ( 0.1614173228346456879, 0.007874015748031495954, -0.07480314960629921850 ) ) ;
#1263 = DIRECTION ( 'NONE',  ( 0.000000000000000000, 1.000000000000000000, 0.000000000000000000 ) ) ;
#1264 = VERTEX_POINT ( 'NONE', #3033 ) ;
#1265 = ORIENTED_EDGE ( 'NONE', *, *, #1543, .F. ) ;
#1266 = DIRECTION ( 'NONE',  ( 0.000000000000000000, 1.000000000000000000, 0.000000000000000000 ) ) ;
#1267 = ORIENTED_EDGE ( 'NONE', *, *, #3468, .T. ) ;
#1268 = DIRECTION ( 'NONE',  ( 0.000000000000000000, 1.000000000000000000, 0.000000000000000000 ) ) ;
#1269 = EDGE_CURVE ( 'NONE', #3044, #950, #607, .T. ) ;
#1270 = DIRECTION ( 'NONE',  ( 0.000000000000000000, 1.000000000000000000, 0.000000000000000000 ) ) ;
#1271 = LINE ( 'NONE', #2336, #1741 ) ;
#1272 = ADVANCED_FACE ( 'NONE', ( #341 ), #2502, .F. ) ;
#1273 = LINE ( 'NONE', #2337, #374 ) ;
#1274 = DIRECTION ( 'NONE',  ( 0.000000000000000000, 1.000000000000000000, 0.000000000000000000 ) ) ;
#1275 = DIRECTION ( 'NONE',  ( -1.000000000000000000, -1.016439536705159791E-16, 0.000000000000000000 ) ) ;
#1276 = CARTESIAN_POINT ( 'NONE',  ( -0.1496062992125984370, 0.03149606299212598381, -0.1023622047244094613 ) ) ;
#1277 = ORIENTED_EDGE ( 'NONE', *, *, #589, .F. ) ;
#1278 = ORIENTED_EDGE ( 'NONE', *, *, #924, .T. ) ;
#1279 = FACE_OUTER_BOUND ( 'NONE', #3433, .T. ) ;
#1280 = CIRCLE ( 'NONE', #145, 0.003937007874015758385 ) ;
#1281 = VERTEX_POINT ( 'NONE', #3316 ) ;
#1282 = AXIS2_PLACEMENT_3D ( 'NONE', #3042, #3290, #1675 ) ;
#1283 = CARTESIAN_POINT ( 'NONE',  ( 0.1181102362204724532, 0.03937007874015747977, -0.1023622047244094613 ) ) ;
#1284 = VECTOR ( 'NONE', #1535, 39.37007874015748143 ) ;
#1285 = EDGE_CURVE ( 'NONE', #634, #2152, #2297, .T. ) ;
#1286 = ORIENTED_EDGE ( 'NONE', *, *, #3182, .F. ) ;
#1287 = LINE ( 'NONE', #2355, #257 ) ;
#1288 = CARTESIAN_POINT ( 'NONE',  ( -0.1181102362204724532, 0.1377952755905511861, -0.1122047244094488277 ) ) ;
#1289 = AXIS2_PLACEMENT_3D ( 'NONE', #1572, #2657, #1309 ) ;
#1290 = AXIS2_PLACEMENT_3D ( 'NONE', #1035, #1054, #2951 ) ;
#1291 = EDGE_CURVE ( 'NONE', #2531, #1676, #1567, .T. ) ;
#1292 = LINE ( 'NONE', #2359, #1109 ) ;
#1293 = VECTOR ( 'NONE', #286, 39.37007874015748143 ) ;
#1294 = LINE ( 'NONE', #3141, #1131 ) ;
#1295 = CARTESIAN_POINT ( 'NONE',  ( 0.08858267716535433989, 0.1299212598425196763, -0.08858267716535433989 ) ) ;
#1296 = ORIENTED_EDGE ( 'NONE', *, *, #2742, .F. ) ;
#1297 = VECTOR ( 'NONE', #2806, 39.37007874015748143 ) ;
#1298 = VERTEX_POINT ( 'NONE', #2794 ) ;
#1299 = DIRECTION ( 'NONE',  ( 1.000000000000000000, 0.000000000000000000, 0.000000000000000000 ) ) ;
#1300 = AXIS2_PLACEMENT_3D ( 'NONE', #143, #1230, #693 ) ;
#1301 = FACE_OUTER_BOUND ( 'NONE', #2481, .T. ) ;
#1302 = ORIENTED_EDGE ( 'NONE', *, *, #1513, .F. ) ;
#1303 = CIRCLE ( 'NONE', #2775, 0.01181102362204724046 ) ;
#1304 = DIRECTION ( 'NONE',  ( 0.000000000000000000, 1.000000000000000000, 0.000000000000000000 ) ) ;
#1305 = ORIENTED_EDGE ( 'NONE', *, *, #2208, .T. ) ;
#1306 = FACE_OUTER_BOUND ( 'NONE', #1081, .T. ) ;
#1307 = CARTESIAN_POINT ( 'NONE',  ( -0.08858267716535433989, 0.1823374350353732243, -0.08858267716535433989 ) ) ;
#1308 = CARTESIAN_POINT ( 'NONE',  ( 0.1653543307086614567, -0.003937007874015747977, 0.07480314960629921850 ) ) ;
#1309 = DIRECTION ( 'NONE',  ( 0.000000000000000000, 0.000000000000000000, 1.000000000000000000 ) ) ;
#1310 = DIRECTION ( 'NONE',  ( 0.000000000000000000, 0.000000000000000000, 1.000000000000000000 ) ) ;
#1311 = ORIENTED_EDGE ( 'NONE', *, *, #197, .T. ) ;
#1312 = ORIENTED_EDGE ( 'NONE', *, *, #2382, .F. ) ;
#1313 = DIRECTION ( 'NONE',  ( 0.000000000000000000, 0.000000000000000000, 1.000000000000000000 ) ) ;
#1314 = EDGE_CURVE ( 'NONE', #1811, #107, #1178, .T. ) ;
#1315 = ADVANCED_FACE ( 'NONE', ( #2332 ), #931, .F. ) ;
#1316 = CARTESIAN_POINT ( 'NONE',  ( 0.08858267716535433989, 0.1377952755905511861, -0.08858267716535433989 ) ) ;
#1317 = ORIENTED_EDGE ( 'NONE', *, *, #949, .T. ) ;
#1318 = ORIENTED_EDGE ( 'NONE', *, *, #1934, .F. ) ;
#1319 = CARTESIAN_POINT ( 'NONE',  ( 0.1653543307086614567, 0.007874015748031495954, -0.1023622047244094613 ) ) ;
#1320 = CARTESIAN_POINT ( 'NONE',  ( -0.08858267716535433989, 0.1823374350353732243, 0.08858267716535433989 ) ) ;
#1321 = FACE_OUTER_BOUND ( 'NONE', #725, .T. ) ;
#1322 = CARTESIAN_POINT ( 'NONE',  ( -0.1653543307086614567, 0.007874015748031495954, -0.07480314960629921850 ) ) ;
#1323 = DIRECTION ( 'NONE',  ( 0.000000000000000000, 0.000000000000000000, -1.000000000000000000 ) ) ;
#1324 = CARTESIAN_POINT ( 'NONE',  ( -0.08858267716535433989, 0.1823374350353732243, 0.1043307086614173457 ) ) ;
#1325 = ORIENTED_EDGE ( 'NONE', *, *, #3497, .F. ) ;
#1326 = EDGE_CURVE ( 'NONE', #811, #883, #768, .T. ) ;
#1327 = ORIENTED_EDGE ( 'NONE', *, *, #3060, .T. ) ;
#1328 = CARTESIAN_POINT ( 'NONE',  ( -0.1968503937007874127, -0.003937007874015747977, 0.1023622047244094613 ) ) ;
#1329 = ORIENTED_EDGE ( 'NONE', *, *, #1699, .T. ) ;
#1330 = ADVANCED_FACE ( 'NONE', ( #3092 ), #1743, .T. ) ;
#1331 = DIRECTION ( 'NONE',  ( 0.000000000000000000, 0.000000000000000000, 1.000000000000000000 ) ) ;
#1332 = AXIS2_PLACEMENT_3D ( 'NONE', #1151, #2512, #1226 ) ;
#1333 = AXIS2_PLACEMENT_3D ( 'NONE', #1859, #564, #2729 ) ;
#1334 = EDGE_LOOP ( 'NONE', ( #618, #2318, #3278, #1994 ) ) ;
#1335 = FACE_OUTER_BOUND ( 'NONE', #1880, .T. ) ;
#1336 = CARTESIAN_POINT ( 'NONE',  ( -0.08858267716535433989, 0.1377952755905511861, 0.08858267716535433989 ) ) ;
#1337 = VECTOR ( 'NONE', #2601, 39.37007874015748143 ) ;
#1338 = CYLINDRICAL_SURFACE ( 'NONE', #2132, 0.003937007874015758385 ) ;
#1339 = CIRCLE ( 'NONE', #3213, 0.07283464566929134798 ) ;
#1340 = CIRCLE ( 'NONE', #3268, 0.005905511811023620231 ) ;
#1341 = LINE ( 'NONE', #2969, #1808 ) ;
#1342 = EDGE_LOOP ( 'NONE', ( #1993, #2785, #1659, #3456 ) ) ;
#1343 = ORIENTED_EDGE ( 'NONE', *, *, #2207, .T. ) ;
#1344 = AXIS2_PLACEMENT_3D ( 'NONE', #1562, #433, #503 ) ;
#1345 = DIRECTION ( 'NONE',  ( 0.000000000000000000, 0.000000000000000000, 1.000000000000000000 ) ) ;
#1346 = TOROIDAL_SURFACE ( 'NONE', #42, 0.05931745287789588761, 0.005905511811023621965 ) ;
#1347 = VERTEX_POINT ( 'NONE', #2560 ) ;
#1348 = DIRECTION ( 'NONE',  ( 0.000000000000000000, 0.000000000000000000, -1.000000000000000000 ) ) ;
#1349 = DIRECTION ( 'NONE',  ( 0.000000000000000000, 0.000000000000000000, 1.000000000000000000 ) ) ;
#1350 = AXIS2_PLACEMENT_3D ( 'NONE', #314, #809, #2398 ) ;
#1351 = EDGE_CURVE ( 'NONE', #536, #2996, #1236, .T. ) ;
#1352 = ORIENTED_EDGE ( 'NONE', *, *, #1947, .T. ) ;
#1353 = DIRECTION ( 'NONE',  ( 0.000000000000000000, 0.000000000000000000, -1.000000000000000000 ) ) ;
#1354 = DIRECTION ( 'NONE',  ( 0.000000000000000000, -1.000000000000000000, 0.000000000000000000 ) ) ;
#1355 = EDGE_CURVE ( 'NONE', #3404, #1597, #2576, .T. ) ;
#1356 = EDGE_CURVE ( 'NONE', #907, #3504, #1046, .T. ) ;
#1357 = CARTESIAN_POINT ( 'NONE',  ( 0.08858267716535433989, 0.1377952755905511861, -0.08858267716535433989 ) ) ;
#1358 = DIRECTION ( 'NONE',  ( 1.000000000000000000, 0.000000000000000000, 0.000000000000000000 ) ) ;
#1359 = DIRECTION ( 'NONE',  ( -1.000000000000000000, 0.000000000000000000, 0.000000000000000000 ) ) ;
#1360 = VERTEX_POINT ( 'NONE', #2115 ) ;
#1361 = VERTEX_POINT ( 'NONE', #2910 ) ;
#1362 = DIRECTION ( 'NONE',  ( 1.000000000000000000, 0.000000000000000000, 0.000000000000000000 ) ) ;
#1363 = DIRECTION ( 'NONE',  ( 0.000000000000000000, 0.000000000000000000, -1.000000000000000000 ) ) ;
#1364 = VERTEX_POINT ( 'NONE', #778 ) ;
#1365 = CARTESIAN_POINT ( 'NONE',  ( -0.08858267716535433989, 0.1299212598425196763, 0.08858267716535433989 ) ) ;
#1366 = FACE_OUTER_BOUND ( 'NONE', #639, .T. ) ;
#1367 = EDGE_LOOP ( 'NONE', ( #2146, #2296, #126, #2201 ) ) ;
#1368 = CARTESIAN_POINT ( 'NONE',  ( 0.1614173228346456879, 0.007874015748031495954, 0.1023622047244094613 ) ) ;
#1369 = FACE_OUTER_BOUND ( 'NONE', #1698, .T. ) ;
#1370 = DIRECTION ( 'NONE',  ( 0.000000000000000000, 0.000000000000000000, -1.000000000000000000 ) ) ;
#1371 = CARTESIAN_POINT ( 'NONE',  ( 0.1181102362204724532, 0.03937007874015747977, 0.1023622047244094613 ) ) ;
#1372 = ADVANCED_FACE ( 'NONE', ( #2421 ), #523, .F. ) ;
#1373 = DIRECTION ( 'NONE',  ( 0.000000000000000000, -1.000000000000000000, 0.000000000000000000 ) ) ;
#1374 = FACE_OUTER_BOUND ( 'NONE', #1342, .T. ) ;
#1375 = VERTEX_POINT ( 'NONE', #1647 ) ;
#1376 = ORIENTED_EDGE ( 'NONE', *, *, #2451, .F. ) ;
#1377 = ORIENTED_EDGE ( 'NONE', *, *, #268, .T. ) ;
#1378 = DIRECTION ( 'NONE',  ( 0.000000000000000000, -1.000000000000000000, 0.000000000000000000 ) ) ;
#1379 = ORIENTED_EDGE ( 'NONE', *, *, #1086, .F. ) ;
#1380 = DIRECTION ( 'NONE',  ( 1.000000000000000000, 0.000000000000000000, 0.000000000000000000 ) ) ;
#1381 = ORIENTED_EDGE ( 'NONE', *, *, #1070, .F. ) ;
#1382 = DIRECTION ( 'NONE',  ( 0.000000000000000000, 1.000000000000000000, 0.000000000000000000 ) ) ;
#1383 = PLANE ( 'NONE',  #2824 ) ;
#1384 = AXIS2_PLACEMENT_3D ( 'NONE', #422, #1502, #3414 ) ;
#1385 = EDGE_CURVE ( 'NONE', #1796, #3127, #1233, .T. ) ;
#1386 = DIRECTION ( 'NONE',  ( 0.000000000000000000, 1.000000000000000000, 0.000000000000000000 ) ) ;
#1387 = DIRECTION ( 'NONE',  ( -0.000000000000000000, -1.000000000000000000, -0.000000000000000000 ) ) ;
#1388 = CARTESIAN_POINT ( 'NONE',  ( 0.1181102362204724532, 0.1299212598425196763, 0.1122047244094488277 ) ) ;
#1389 = VECTOR ( 'NONE', #1888, 39.37007874015748143 ) ;
#1390 = EDGE_CURVE ( 'NONE', #619, #616, #2645, .T. ) ;
#1391 = DIRECTION ( 'NONE',  ( 0.000000000000000000, 0.000000000000000000, 1.000000000000000000 ) ) ;
#1392 = VECTOR ( 'NONE', #3058, 39.37007874015748143 ) ;
#1393 = VERTEX_POINT ( 'NONE', #3262 ) ;
#1394 = EDGE_LOOP ( 'NONE', ( #1414, #72 ) ) ;
#1395 = EDGE_LOOP ( 'NONE', ( #193, #3073, #2949, #244 ) ) ;
#1396 = DIRECTION ( 'NONE',  ( 1.734723475976804925E-15, -1.000000000000000000, 0.000000000000000000 ) ) ;
#1397 = CARTESIAN_POINT ( 'NONE',  ( -0.08858267716535433989, 0.1456692913385826960, -0.06496062992125986590 ) ) ;
#1398 = AXIS2_PLACEMENT_3D ( 'NONE', #1307, #3149, #785 ) ;
#1399 = ORIENTED_EDGE ( 'NONE', *, *, #919, .T. ) ;
#1400 = LINE ( 'NONE', #3508, #962 ) ;
#1401 = AXIS2_PLACEMENT_3D ( 'NONE', #1667, #557, #2445 ) ;
#1402 = ORIENTED_EDGE ( 'NONE', *, *, #2451, .T. ) ;
#1403 = CYLINDRICAL_SURFACE ( 'NONE', #2349, 0.01181102362204725781 ) ;
#1404 = VECTOR ( 'NONE', #1578, 39.37007874015748143 ) ;
#1405 = CARTESIAN_POINT ( 'NONE',  ( -0.1653543307086614567, -0.003937007874015747977, -0.07480314960629921850 ) ) ;
#1406 = VECTOR ( 'NONE', #2986, 39.37007874015748143 ) ;
#1407 = FACE_OUTER_BOUND ( 'NONE', #3488, .T. ) ;
#1408 = LINE ( 'NONE', #1090, #2820 ) ;
#1409 = AXIS2_PLACEMENT_3D ( 'NONE', #705, #2047, #495 ) ;
#1410 = DATE_TIME_ROLE ( 'creation_date' ) ;
#1411 = DIRECTION ( 'NONE',  ( 0.000000000000000000, 0.000000000000000000, 1.000000000000000000 ) ) ;
#1412 = EDGE_LOOP ( 'NONE', ( #1657, #2510, #2294, #2808 ) ) ;
#1413 = VERTEX_POINT ( 'NONE', #831 ) ;
#1414 = ORIENTED_EDGE ( 'NONE', *, *, #2208, .F. ) ;
#1415 = FACE_OUTER_BOUND ( 'NONE', #182, .T. ) ;
#1416 = PLANE ( 'NONE',  #1503 ) ;
#1417 = VERTEX_POINT ( 'NONE', #570 ) ;
#1418 = EDGE_CURVE ( 'NONE', #606, #1172, #1339, .T. ) ;
#1419 = CYLINDRICAL_SURFACE ( 'NONE', #3494, 0.01574803149606299191 ) ;
#1420 = EDGE_CURVE ( 'NONE', #606, #912, #2908, .T. ) ;
#1421 = EDGE_LOOP ( 'NONE', ( #1476, #1194, #1248, #235 ) ) ;
#1422 = DIRECTION ( 'NONE',  ( -1.000000000000000000, 0.000000000000000000, 0.000000000000000000 ) ) ;
#1423 = CARTESIAN_POINT ( 'NONE',  ( -0.1653543307086614567, 0.007874015748031495954, -0.1023622047244094613 ) ) ;
#1424 = FACE_BOUND ( 'NONE', #2119, .T. ) ;
#1425 = DIRECTION ( 'NONE',  ( -1.000000000000000000, -1.016439536705159791E-16, 0.000000000000000000 ) ) ;
#1426 = CARTESIAN_POINT ( 'NONE',  ( 0.1181102362204724532, 0.03937007874015747977, 0.1023622047244094613 ) ) ;
#1427 = ORIENTED_EDGE ( 'NONE', *, *, #2001, .F. ) ;
#1428 = ORIENTED_EDGE ( 'NONE', *, *, #727, .T. ) ;
#1429 = ORIENTED_EDGE ( 'NONE', *, *, #1257, .T. ) ;
#1430 = FACE_OUTER_BOUND ( 'NONE', #544, .T. ) ;
#1431 = ADVANCED_FACE ( 'NONE', ( #3357 ), #481, .T. ) ;
#1432 = DIRECTION ( 'NONE',  ( 0.000000000000000000, 1.000000000000000000, 0.000000000000000000 ) ) ;
#1433 = ORIENTED_EDGE ( 'NONE', *, *, #1351, .F. ) ;
#1434 = ORIENTED_EDGE ( 'NONE', *, *, #2333, .F. ) ;
#1435 = CARTESIAN_POINT ( 'NONE',  ( 0.1968503937007874127, 0.003937007874015747977, 0.07480314960629921850 ) ) ;
#1436 = ADVANCED_FACE ( 'NONE', ( #1301 ), #2005, .F. ) ;
#1437 = EDGE_LOOP ( 'NONE', ( #625, #3367, #1718, #2183 ) ) ;
#1438 = DIRECTION ( 'NONE',  ( 0.000000000000000000, 0.000000000000000000, -1.000000000000000000 ) ) ;
#1439 = CARTESIAN_POINT ( 'NONE',  ( 0.08858267716535433989, 0.1377952755905511861, 0.08858267716535433989 ) ) ;
#1440 = DIRECTION ( 'NONE',  ( 1.000000000000000000, 0.000000000000000000, 0.000000000000000000 ) ) ;
#1441 = DIRECTION ( 'NONE',  ( -1.000000000000000000, 0.000000000000000000, 0.000000000000000000 ) ) ;
#1442 = AXIS2_PLACEMENT_3D ( 'NONE', #2164, #1083, #568 ) ;
#1443 = PERSON_AND_ORGANIZATION_ROLE ( 'design_supplier' ) ;
#1444 = CARTESIAN_POINT ( 'NONE',  ( 0.1614173228346456879, 0.02755905511811023584, 0.07480314960629921850 ) ) ;
#1445 = ORIENTED_EDGE ( 'NONE', *, *, #471, .T. ) ;
#1446 = AXIS2_PLACEMENT_3D ( 'NONE', #3254, #824, #2990 ) ;
#1447 = EDGE_LOOP ( 'NONE', ( #2946, #3232 ) ) ;
#1448 = VERTEX_POINT ( 'NONE', #3118 ) ;
#1449 = VECTOR ( 'NONE', #1258, 39.37007874015748143 ) ;
#1450 = FACE_OUTER_BOUND ( 'NONE', #3458, .T. ) ;
#1451 = FACE_OUTER_BOUND ( 'NONE', #3419, .T. ) ;
#1452 = VERTEX_POINT ( 'NONE', #1557 ) ;
#1453 = ORIENTED_EDGE ( 'NONE', *, *, #3294, .T. ) ;
#1454 = VECTOR ( 'NONE', #3499, 39.37007874015748143 ) ;
#1455 = FACE_OUTER_BOUND ( 'NONE', #3064, .T. ) ;
#1456 = ADVANCED_FACE ( 'NONE', ( #2644 ), #216, .T. ) ;
#1457 = AXIS2_PLACEMENT_3D ( 'NONE', #276, #2144, #289 ) ;
#1458 = ORIENTED_EDGE ( 'NONE', *, *, #1023, .T. ) ;
#1459 = LINE ( 'NONE', #1125, #1511 ) ;
#1460 = CARTESIAN_POINT ( 'NONE',  ( -0.08858267716535433989, 0.1377952755905511861, -0.1043307086614173457 ) ) ;
#1461 = VECTOR ( 'NONE', #483, 39.37007874015748143 ) ;
#1462 = VECTOR ( 'NONE', #852, 39.37007874015748143 ) ;
#1463 = CARTESIAN_POINT ( 'NONE',  ( 0.08858267716535433989, 0.1377952755905511861, -0.1043307086614173457 ) ) ;
#1464 = CARTESIAN_POINT ( 'NONE',  ( 0.08858267716535433989, 0.1377952755905511861, 0.08858267716535433989 ) ) ;
#1465 = ADVANCED_FACE ( 'NONE', ( #131 ), #2113, .F. ) ;
#1466 = ADVANCED_FACE ( 'NONE', ( #2040 ), #95, .T. ) ;
#1467 = VECTOR ( 'NONE', #1056, 39.37007874015748143 ) ;
#1468 = PERSON_AND_ORGANIZATION ( #2739, #2607 ) ;
#1469 = LINE ( 'NONE', #1976, #1731 ) ;
#1470 = VERTEX_POINT ( 'NONE', #3455 ) ;
#1471 = CARTESIAN_POINT ( 'NONE',  ( -0.08858267716535433989, 0.1456692913385826960, 0.1122047244094488277 ) ) ;
#1472 = SECURITY_CLASSIFICATION ( '', '', #2782 ) ;
#1473 = CARTESIAN_POINT ( 'NONE',  ( 0.1653543307086614567, 0.007874015748031495954, -0.1023622047244094613 ) ) ;
#1474 = DIRECTION ( 'NONE',  ( 0.000000000000000000, -1.000000000000000000, 0.000000000000000000 ) ) ;
#1475 = ORIENTED_EDGE ( 'NONE', *, *, #3067, .T. ) ;
#1476 = ORIENTED_EDGE ( 'NONE', *, *, #3090, .F. ) ;
#1477 = LINE ( 'NONE', #2558, #446 ) ;
#1478 = ORIENTED_EDGE ( 'NONE', *, *, #2852, .T. ) ;
#1479 = DIRECTION ( 'NONE',  ( 0.000000000000000000, 0.000000000000000000, -1.000000000000000000 ) ) ;
#1480 = CARTESIAN_POINT ( 'NONE',  ( 0.1496062992125984370, 0.03149606299212598381, -0.07480314960629921850 ) ) ;
#1481 = CARTESIAN_POINT ( 'NONE',  ( 0.08858267716535433989, 0.1377952755905511861, 0.07283464566929134798 ) ) ;
#1482 = EDGE_CURVE ( 'NONE', #1827, #468, #3156, .T. ) ;
#1483 = LINE ( 'NONE', #2088, #1232 ) ;
#1484 = DIRECTION ( 'NONE',  ( -1.000000000000000000, 0.000000000000000000, 0.000000000000000000 ) ) ;
#1485 = PERSON_AND_ORGANIZATION_ROLE ( 'design_owner' ) ;
#1486 = EDGE_CURVE ( 'NONE', #1676, #1999, #2383, .T. ) ;
#1487 = DIRECTION ( 'NONE',  ( 1.000000000000000000, 0.000000000000000000, 0.000000000000000000 ) ) ;
#1488 = ORIENTED_EDGE ( 'NONE', *, *, #1252, .T. ) ;
#1489 = ORIENTED_EDGE ( 'NONE', *, *, #515, .T. ) ;
#1490 = LINE ( 'NONE', #139, #1691 ) ;
#1491 = CARTESIAN_POINT ( 'NONE',  ( 0.1968503937007874127, 0.003937007874015747977, 0.1023622047244094613 ) ) ;
#1492 = ORIENTED_EDGE ( 'NONE', *, *, #1093, .T. ) ;
#1493 = ORIENTED_EDGE ( 'NONE', *, *, #3282, .F. ) ;
#1494 = DIRECTION ( 'NONE',  ( 1.000000000000000000, 0.000000000000000000, 0.000000000000000000 ) ) ;
#1495 = VERTEX_POINT ( 'NONE', #756 ) ;
#1496 = DIRECTION ( 'NONE',  ( -1.000000000000000000, 0.000000000000000000, 0.000000000000000000 ) ) ;
#1497 = CARTESIAN_POINT ( 'NONE',  ( 0.1181102362204724532, 0.1377952755905511861, -0.1181102362204724532 ) ) ;
#1498 = CARTESIAN_POINT ( 'NONE',  ( 0.08858267716535433989, 0.1377952755905511861, -0.08858267716535433989 ) ) ;
#1499 = DIRECTION ( 'NONE',  ( 0.000000000000000000, 0.000000000000000000, 1.000000000000000000 ) ) ;
#1500 = ADVANCED_FACE ( 'NONE', ( #403 ), #3097, .F. ) ;
#1501 = CARTESIAN_POINT ( 'NONE',  ( 0.1968503937007874127, 0.003937007874015747977, 0.1023622047244094613 ) ) ;
#1502 = DIRECTION ( 'NONE',  ( 0.000000000000000000, -1.000000000000000000, 0.000000000000000000 ) ) ;
#1503 = AXIS2_PLACEMENT_3D ( 'NONE', #926, #3334, #2571 ) ;
#1504 = EDGE_CURVE ( 'NONE', #221, #1907, #1902, .T. ) ;
#1505 = CARTESIAN_POINT ( 'NONE',  ( 0.1535433070866141780, 0.007874015748031495954, -0.07480314960629921850 ) ) ;
#1506 = AXIS2_PLACEMENT_3D ( 'NONE', #121, #1803, #3427 ) ;
#1507 = CARTESIAN_POINT ( 'NONE',  ( 0.1181102362204724532, 0.03937007874015747977, -0.1023622047244094613 ) ) ;
#1508 = ORIENTED_EDGE ( 'NONE', *, *, #207, .T. ) ;
#1509 = ORIENTED_EDGE ( 'NONE', *, *, #2978, .T. ) ;
#1510 = LINE ( 'NONE', #984, #1404 ) ;
#1511 = VECTOR ( 'NONE', #1438, 39.37007874015748143 ) ;
#1512 = ADVANCED_FACE ( 'NONE', ( #1237 ), #3396, .F. ) ;
#1513 = EDGE_CURVE ( 'NONE', #2531, #1938, #1201, .T. ) ;
#1514 = VECTOR ( 'NONE', #1358, 39.37007874015748143 ) ;
#1515 = VERTEX_POINT ( 'NONE', #1748 ) ;
#1516 = DIRECTION ( 'NONE',  ( 0.000000000000000000, 0.000000000000000000, 1.000000000000000000 ) ) ;
#1517 = AXIS2_PLACEMENT_3D ( 'NONE', #1320, #2389, #1566 ) ;
#1518 = DIRECTION ( 'NONE',  ( 1.000000000000000000, 0.000000000000000000, 0.000000000000000000 ) ) ;
#1519 = AXIS2_PLACEMENT_3D ( 'NONE', #2225, #3319, #1687 ) ;
#1520 = PLANE ( 'NONE',  #549 ) ;
#1521 = VECTOR ( 'NONE', #2699, 39.37007874015748143 ) ;
#1522 = LINE ( 'NONE', #1260, #2343 ) ;
#1523 = VERTEX_POINT ( 'NONE', #1481 ) ;
#1524 = AXIS2_PLACEMENT_3D ( 'NONE', #302, #1386, #2466 ) ;
#1525 = DIRECTION ( 'NONE',  ( 0.000000000000000000, 0.000000000000000000, -1.000000000000000000 ) ) ;
#1526 = VECTOR ( 'NONE', #528, 39.37007874015748143 ) ;
#1527 = DIRECTION ( 'NONE',  ( 1.000000000000000000, -1.016439536705159791E-16, 0.000000000000000000 ) ) ;
#1528 = EDGE_LOOP ( 'NONE', ( #836, #1956, #347, #1133 ) ) ;
#1529 = ORIENTED_EDGE ( 'NONE', *, *, #2907, .T. ) ;
#1530 = CYLINDRICAL_SURFACE ( 'NONE', #1300, 0.01574803149606299885 ) ;
#1531 = ADVANCED_FACE ( 'NONE', ( #2562 ), #1217, .T. ) ;
#1532 = ORIENTED_EDGE ( 'NONE', *, *, #2521, .F. ) ;
#1533 = ADVANCED_FACE ( 'NONE', ( #3206 ), #1874, .T. ) ;
#1534 = CARTESIAN_POINT ( 'NONE',  ( -0.1968503937007874127, -0.003937007874015747977, -0.07480314960629921850 ) ) ;
#1535 = DIRECTION ( 'NONE',  ( 0.000000000000000000, -1.000000000000000000, 0.000000000000000000 ) ) ;
#1536 = CARTESIAN_POINT ( 'NONE',  ( 0.08858267716535433989, 0.1377952755905511861, 0.08858267716535433989 ) ) ;
#1537 = DIRECTION ( 'NONE',  ( 0.000000000000000000, 1.000000000000000000, 0.000000000000000000 ) ) ;
#1538 = DIRECTION ( 'NONE',  ( 0.000000000000000000, -1.000000000000000000, 0.000000000000000000 ) ) ;
#1539 = DIRECTION ( 'NONE',  ( 0.000000000000000000, 1.000000000000000000, 0.000000000000000000 ) ) ;
#1540 = ORIENTED_EDGE ( 'NONE', *, *, #1787, .F. ) ;
#1541 = ORIENTED_EDGE ( 'NONE', *, *, #484, .T. ) ;
#1542 = DIRECTION ( 'NONE',  ( 0.000000000000000000, 0.000000000000000000, -1.000000000000000000 ) ) ;
#1543 = EDGE_CURVE ( 'NONE', #1152, #2746, #2411, .T. ) ;
#1544 = ORIENTED_EDGE ( 'NONE', *, *, #1504, .T. ) ;
#1545 = CARTESIAN_POINT ( 'NONE',  ( -0.1968503937007874127, -0.003937007874015747977, -0.1023622047244094613 ) ) ;
#1546 = ADVANCED_FACE ( 'NONE', ( #190 ), #767, .T. ) ;
#1547 = ORIENTED_EDGE ( 'NONE', *, *, #3318, .F. ) ;
#1548 = DIRECTION ( 'NONE',  ( 0.000000000000000000, 0.000000000000000000, -1.000000000000000000 ) ) ;
#1549 = DIRECTION ( 'NONE',  ( 0.000000000000000000, 0.000000000000000000, -1.000000000000000000 ) ) ;
#1550 = LINE ( 'NONE', #2635, #2638 ) ;
#1551 = FACE_OUTER_BOUND ( 'NONE', #783, .T. ) ;
#1552 = DIRECTION ( 'NONE',  ( -1.000000000000000000, 0.000000000000000000, 0.000000000000000000 ) ) ;
#1553 = ORIENTED_EDGE ( 'NONE', *, *, #575, .F. ) ;
#1554 = EDGE_LOOP ( 'NONE', ( #884, #1998, #1318, #3123 ) ) ;
#1555 = DIRECTION ( 'NONE',  ( 0.000000000000000000, 1.000000000000000000, 0.000000000000000000 ) ) ;
#1556 = AXIS2_PLACEMENT_3D ( 'NONE', #3049, #2015, #67 ) ;
#1557 = CARTESIAN_POINT ( 'NONE',  ( 0.08858267716535433989, 0.1456692913385826960, -0.1122047244094488277 ) ) ;
#1558 = ORIENTED_EDGE ( 'NONE', *, *, #1649, .F. ) ;
#1559 = DIRECTION ( 'NONE',  ( 0.000000000000000000, 0.000000000000000000, -1.000000000000000000 ) ) ;
#1560 = AXIS2_PLACEMENT_3D ( 'NONE', #3403, #2378, #159 ) ;
#1561 = EDGE_CURVE ( 'NONE', #3230, #2625, #954, .T. ) ;
#1562 = CARTESIAN_POINT ( 'NONE',  ( -0.1496062992125984370, 0.02755905511811023584, -0.07480314960629921850 ) ) ;
#1563 = VECTOR ( 'NONE', #1971, 39.37007874015748143 ) ;
#1564 = ORIENTED_EDGE ( 'NONE', *, *, #1291, .T. ) ;
#1565 = CARTESIAN_POINT ( 'NONE',  ( 0.1181102362204724532, 0.1299212598425196763, 0.1122047244094488277 ) ) ;
#1566 = DIRECTION ( 'NONE',  ( 0.000000000000000000, 0.000000000000000000, -1.000000000000000000 ) ) ;
#1567 = CIRCLE ( 'NONE', #2700, 0.005905511811023620231 ) ;
#1568 = CARTESIAN_POINT ( 'NONE',  ( -0.1614173228346456879, 0.007874015748031495954, -0.1023622047244094613 ) ) ;
#1569 = AXIS2_PLACEMENT_3D ( 'NONE', #647, #1726, #2549 ) ;
#1570 = EDGE_CURVE ( 'NONE', #2261, #1261, #1057, .T. ) ;
#1571 = EDGE_CURVE ( 'NONE', #883, #811, #3035, .T. ) ;
#1572 = CARTESIAN_POINT ( 'NONE',  ( 0.1181102362204724532, 0.03937007874015747977, 0.1023622047244094613 ) ) ;
#1573 = VECTOR ( 'NONE', #2352, 39.37007874015748143 ) ;
#1574 = CARTESIAN_POINT ( 'NONE',  ( 0.1653543307086614567, -0.003937007874015747977, -0.1023622047244094613 ) ) ;
#1575 = ORIENTED_EDGE ( 'NONE', *, *, #1635, .F. ) ;
#1576 = VECTOR ( 'NONE', #1881, 39.37007874015748854 ) ;
#1577 = ORIENTED_EDGE ( 'NONE', *, *, #22, .F. ) ;
#1578 = DIRECTION ( 'NONE',  ( 0.000000000000000000, -1.000000000000000000, 0.000000000000000000 ) ) ;
#1579 = CARTESIAN_POINT ( 'NONE',  ( -0.08858267716535433989, 0.1377952755905511861, -0.08858267716535433989 ) ) ;
#1580 = EDGE_LOOP ( 'NONE', ( #888, #2748, #279, #985 ) ) ;
#1581 = AXIS2_PLACEMENT_3D ( 'NONE', #462, #1538, #1525 ) ;
#1582 = DIRECTION ( 'NONE',  ( 0.000000000000000000, 0.000000000000000000, -1.000000000000000000 ) ) ;
#1583 = ORIENTED_EDGE ( 'NONE', *, *, #3412, .F. ) ;
#1584 = LINE ( 'NONE', #1834, #2753 ) ;
#1585 = DIRECTION ( 'NONE',  ( 0.000000000000000000, -1.000000000000000000, 0.000000000000000000 ) ) ;
#1586 = EDGE_CURVE ( 'NONE', #525, #1774, #59, .T. ) ;
#1587 = CARTESIAN_POINT ( 'NONE',  ( 0.08858267716535433989, 0.1299212598425196763, -0.08858267716535433989 ) ) ;
#1588 = PLANE ( 'NONE',  #823 ) ;
#1589 = EDGE_CURVE ( 'NONE', #2474, #445, #1903, .T. ) ;
#1590 = EDGE_CURVE ( 'NONE', #1191, #482, #3288, .T. ) ;
#1591 = DIRECTION ( 'NONE',  ( 0.000000000000000000, 0.000000000000000000, 1.000000000000000000 ) ) ;
#1592 = CARTESIAN_POINT ( 'NONE',  ( -0.1122047244094488277, 0.1299212598425196763, 0.1181102362204724532 ) ) ;
#1593 = VERTEX_POINT ( 'NONE', #2781 ) ;
#1594 = VERTEX_POINT ( 'NONE', #1654 ) ;
#1595 = DIRECTION ( 'NONE',  ( 0.000000000000000000, 1.000000000000000000, 0.000000000000000000 ) ) ;
#1596 = DIRECTION ( 'NONE',  ( 0.000000000000000000, 0.000000000000000000, 1.000000000000000000 ) ) ;
#1597 = VERTEX_POINT ( 'NONE', #2727 ) ;
#1598 = DIRECTION ( 'NONE',  ( 1.000000000000000000, -1.734723475976804925E-15, 0.000000000000000000 ) ) ;
#1599 = ORIENTED_EDGE ( 'NONE', *, *, #1420, .T. ) ;
#1600 = CARTESIAN_POINT ( 'NONE',  ( -0.1614173228346456879, 0.02755905511811023584, 0.1023622047244094613 ) ) ;
#1601 = CARTESIAN_POINT ( 'NONE',  ( 0.1496062992125984370, 0.02755905511811023584, -0.1023622047244094613 ) ) ;
#1602 = LINE ( 'NONE', #1622, #3441 ) ;
#1603 = CARTESIAN_POINT ( 'NONE',  ( 0.08858267716535433989, 0.1377952755905511861, -0.08858267716535433989 ) ) ;
#1604 = CARTESIAN_POINT ( 'NONE',  ( 0.08858267716535433989, 0.1377952755905511861, -0.08858267716535433989 ) ) ;
#1605 = ADVANCED_FACE ( 'NONE', ( #594 ), #1078, .T. ) ;
#1606 = CYLINDRICAL_SURFACE ( 'NONE', #3445, 0.02362204724409448092 ) ;
#1607 = LINE ( 'NONE', #258, #542 ) ;
#1608 = ORIENTED_EDGE ( 'NONE', *, *, #3066, .T. ) ;
#1609 = ORIENTED_EDGE ( 'NONE', *, *, #1892, .F. ) ;
#1610 = EDGE_CURVE ( 'NONE', #136, #2261, #612, .T. ) ;
#1611 = CARTESIAN_POINT ( 'NONE',  ( 0.1122047244094488277, 0.1377952755905511861, -0.1122047244094488277 ) ) ;
#1612 = ORIENTED_EDGE ( 'NONE', *, *, #1093, .F. ) ;
#1613 = EDGE_CURVE ( 'NONE', #1364, #16, #2213, .T. ) ;
#1614 = DIRECTION ( 'NONE',  ( 0.000000000000000000, 0.000000000000000000, -1.000000000000000000 ) ) ;
#1615 = EDGE_CURVE ( 'NONE', #1052, #2531, #2177, .T. ) ;
#1616 = VECTOR ( 'NONE', #1263, 39.37007874015748143 ) ;
#1617 = CIRCLE ( 'NONE', #1897, 0.005905511811023620231 ) ;
#1618 = EDGE_LOOP ( 'NONE', ( #2366, #1644, #200, #353 ) ) ;
#1619 = CARTESIAN_POINT ( 'NONE',  ( -0.1968503937007874127, 0.003937007874015747977, -0.1023622047244094613 ) ) ;
#1620 = CARTESIAN_POINT ( 'NONE',  ( -0.1496062992125984370, 0.03937007874015747977, -0.1023622047244094613 ) ) ;
#1621 = AXIS2_PLACEMENT_3D ( 'NONE', #1238, #3134, #3397 ) ;
#1622 = CARTESIAN_POINT ( 'NONE',  ( 0.1181102362204724532, 0.03937007874015747977, 0.07480314960629921850 ) ) ;
#1623 = AXIS2_PLACEMENT_3D ( 'NONE', #1895, #2440, #2735 ) ;
#1624 = DIRECTION ( 'NONE',  ( 0.000000000000000000, 0.000000000000000000, 1.000000000000000000 ) ) ;
#1625 = AXIS2_PLACEMENT_3D ( 'NONE', #2813, #3343, #1499 ) ;
#1626 = DIRECTION ( 'NONE',  ( 0.000000000000000000, 1.000000000000000000, 0.000000000000000000 ) ) ;
#1627 = ORIENTED_EDGE ( 'NONE', *, *, #1787, .T. ) ;
#1628 = ORIENTED_EDGE ( 'NONE', *, *, #2253, .F. ) ;
#1629 = LINE ( 'NONE', #1328, #2774 ) ;
#1630 = AXIS2_PLACEMENT_3D ( 'NONE', #2615, #1268, #2334 ) ;
#1631 = CARTESIAN_POINT ( 'NONE',  ( -0.1122047244094488277, 0.1377952755905511861, 0.1181102362204724532 ) ) ;
#1632 = ORIENTED_EDGE ( 'NONE', *, *, #755, .T. ) ;
#1633 = LINE ( 'NONE', #2736, #2539 ) ;
#1634 = CIRCLE ( 'NONE', #1916, 0.01574803149606299885 ) ;
#1635 = EDGE_CURVE ( 'NONE', #3450, #1762, #6, .T. ) ;
#1636 = VERTEX_POINT ( 'NONE', #1690 ) ;
#1637 = LINE ( 'NONE', #1368, #1900 ) ;
#1638 = DIRECTION ( 'NONE',  ( 0.000000000000000000, 0.000000000000000000, -1.000000000000000000 ) ) ;
#1639 = CYLINDRICAL_SURFACE ( 'NONE', #1751, 0.01574803149606299885 ) ;
#1640 = CARTESIAN_POINT ( 'NONE',  ( -0.1181102362204724532, 0.1299212598425196763, -0.1181102362204724532 ) ) ;
#1641 = LINE ( 'NONE', #2433, #2833 ) ;
#1642 = ORIENTED_EDGE ( 'NONE', *, *, #2143, .F. ) ;
#1643 = ORIENTED_EDGE ( 'NONE', *, *, #2955, .F. ) ;
#1644 = ORIENTED_EDGE ( 'NONE', *, *, #1314, .F. ) ;
#1645 = FACE_OUTER_BOUND ( 'NONE', #2315, .T. ) ;
#1646 = ORIENTED_EDGE ( 'NONE', *, *, #742, .F. ) ;
#1647 = CARTESIAN_POINT ( 'NONE',  ( 0.1535433070866141780, 0.007874015748031495954, -0.1023622047244094613 ) ) ;
#1648 = CARTESIAN_POINT ( 'NONE',  ( -0.1535433070866141780, 0.02755905511811023584, -0.1023622047244094613 ) ) ;
#1649 = EDGE_CURVE ( 'NONE', #1417, #633, #3303, .T. ) ;
#1650 = ORIENTED_EDGE ( 'NONE', *, *, #1673, .F. ) ;
#1651 = LINE ( 'NONE', #3298, #1004 ) ;
#1652 = FACE_OUTER_BOUND ( 'NONE', #63, .T. ) ;
#1653 = ADVANCED_FACE ( 'NONE', ( #3239 ), #875, .F. ) ;
#1654 = CARTESIAN_POINT ( 'NONE',  ( -0.1496062992125984370, 0.03149606299212598381, -0.1023622047244094613 ) ) ;
#1655 = CARTESIAN_POINT ( 'NONE',  ( 0.08858267716535433989, 0.1456692913385826960, 0.08858267716535433989 ) ) ;
#1656 = CARTESIAN_POINT ( 'NONE',  ( -0.1653543307086614567, 0.003937007874015747977, -0.1023622047244094613 ) ) ;
#1657 = ORIENTED_EDGE ( 'NONE', *, *, #2098, .T. ) ;
#1658 = EDGE_LOOP ( 'NONE', ( #2971, #2674, #92, #866 ) ) ;
#1659 = ORIENTED_EDGE ( 'NONE', *, *, #952, .T. ) ;
#1660 = CARTESIAN_POINT ( 'NONE',  ( 0.1653543307086614567, 0.007874015748031495954, 0.1023622047244094613 ) ) ;
#1661 = CYLINDRICAL_SURFACE ( 'NONE', #2233, 0.01181102362204724046 ) ;
#1662 = ORIENTED_EDGE ( 'NONE', *, *, #593, .F. ) ;
#1663 = CARTESIAN_POINT ( 'NONE',  ( -0.1653543307086614567, 0.003937007874015747977, -0.1023622047244094613 ) ) ;
#1664 = ORIENTED_EDGE ( 'NONE', *, *, #2613, .T. ) ;
#1665 = CARTESIAN_POINT ( 'NONE',  ( -0.1181102362204724532, 0.000000000000000000, -0.1181102362204724532 ) ) ;
#1666 = VECTOR ( 'NONE', #2033, 39.37007874015748143 ) ;
#1667 = CARTESIAN_POINT ( 'NONE',  ( -0.1653543307086614567, 0.007874015748031495954, -0.1023622047244094613 ) ) ;
#1668 = DIRECTION ( 'NONE',  ( 0.000000000000000000, 0.000000000000000000, -1.000000000000000000 ) ) ;
#1669 = DIRECTION ( 'NONE',  ( 0.000000000000000000, 0.000000000000000000, 1.000000000000000000 ) ) ;
#1670 = VECTOR ( 'NONE', #2388, 39.37007874015748143 ) ;
#1671 = APPROVAL_STATUS ( 'not_yet_approved' ) ;
#1672 = AXIS2_PLACEMENT_3D ( 'NONE', #730, #695, #1763 ) ;
#1673 = EDGE_CURVE ( 'NONE', #1375, #3407, #3435, .T. ) ;
#1674 = EDGE_CURVE ( 'NONE', #3054, #671, #2157, .T. ) ;
#1675 = DIRECTION ( 'NONE',  ( 1.000000000000000000, 0.000000000000000000, 0.000000000000000000 ) ) ;
#1676 = VERTEX_POINT ( 'NONE', #1108 ) ;
#1677 = ORIENTED_EDGE ( 'NONE', *, *, #728, .T. ) ;
#1678 = ORIENTED_EDGE ( 'NONE', *, *, #764, .T. ) ;
#1679 = VECTOR ( 'NONE', #1425, 39.37007874015748143 ) ;
#1680 = PLANE ( 'NONE',  #2940 ) ;
#1681 = AXIS2_PLACEMENT_3D ( 'NONE', #763, #1850, #1549 ) ;
#1682 = ORIENTED_EDGE ( 'NONE', *, *, #685, .T. ) ;
#1683 = DIRECTION ( 'NONE',  ( 0.000000000000000000, -1.000000000000000000, 0.000000000000000000 ) ) ;
#1684 = AXIS2_PLACEMENT_3D ( 'NONE', #183, #2927, #3132 ) ;
#1685 = ORIENTED_EDGE ( 'NONE', *, *, #489, .F. ) ;
#1686 = CARTESIAN_POINT ( 'NONE',  ( -0.1181102362204724532, 0.03937007874015747977, 0.07480314960629921850 ) ) ;
#1687 = DIRECTION ( 'NONE',  ( -1.000000000000000000, 0.000000000000000000, 0.000000000000000000 ) ) ;
#1688 = AXIS2_PLACEMENT_3D ( 'NONE', #754, #1792, #1840 ) ;
#1689 = DIRECTION ( 'NONE',  ( 0.000000000000000000, 1.000000000000000000, 0.000000000000000000 ) ) ;
#1690 = CARTESIAN_POINT ( 'NONE',  ( 0.08858267716535433989, 0.1377952755905511861, 0.07283464566929134798 ) ) ;
#1691 = VECTOR ( 'NONE', #3365, 39.37007874015748143 ) ;
#1692 = EDGE_CURVE ( 'NONE', #1523, #3311, #2761, .T. ) ;
#1693 = PRODUCT_DEFINITION_SHAPE ( 'NONE', 'NONE',  #3082 ) ;
#1694 = DATE_TIME_ROLE ( 'classification_date' ) ;
#1695 = CARTESIAN_POINT ( 'NONE',  ( -0.1181102362204724532, 0.03149606299212598381, -0.1023622047244094613 ) ) ;
#1696 = VERTEX_POINT ( 'NONE', #3272 ) ;
#1697 = ORIENTED_EDGE ( 'NONE', *, *, #515, .F. ) ;
#1698 = EDGE_LOOP ( 'NONE', ( #1804, #3013, #2864, #1877 ) ) ;
#1699 = EDGE_CURVE ( 'NONE', #1966, #1448, #1408, .T. ) ;
#1700 = CARTESIAN_POINT ( 'NONE',  ( 0.1181102362204724532, 0.03937007874015747977, 0.1023622047244094613 ) ) ;
#1701 = CARTESIAN_POINT ( 'NONE',  ( -0.1535433070866141780, 0.02755905511811023584, 0.07480314960629921850 ) ) ;
#1702 = ORIENTED_EDGE ( 'NONE', *, *, #2595, .T. ) ;
#1703 = EDGE_LOOP ( 'NONE', ( #650, #2147, #1882, #1957 ) ) ;
#1704 = DIRECTION ( 'NONE',  ( -1.000000000000000000, 0.000000000000000000, 0.000000000000000000 ) ) ;
#1705 = ORIENTED_EDGE ( 'NONE', *, *, #1949, .T. ) ;
#1706 = DIRECTION ( 'NONE',  ( 0.000000000000000000, 0.000000000000000000, 1.000000000000000000 ) ) ;
#1707 = CARTESIAN_POINT ( 'NONE',  ( -0.08858267716535433989, 0.1377952755905511861, -0.08858267716535433989 ) ) ;
#1708 = CARTESIAN_POINT ( 'NONE',  ( 0.08858267716535433989, 0.1377952755905511861, -0.07283464566929134798 ) ) ;
#1709 = DIRECTION ( 'NONE',  ( 5.560834660079297027E-18, -0.9989685402102994605, 0.04540766091864990167 ) ) ;
#1710 = DATE_AND_TIME ( #43, #1077 ) ;
#1711 = DIRECTION ( 'NONE',  ( 0.000000000000000000, 0.000000000000000000, -1.000000000000000000 ) ) ;
#1712 = VERTEX_POINT ( 'NONE', #3006 ) ;
#1713 = EDGE_CURVE ( 'NONE', #2108, #2354, #578, .T. ) ;
#1714 = ORIENTED_EDGE ( 'NONE', *, *, #2856, .F. ) ;
#1715 = VERTEX_POINT ( 'NONE', #40 ) ;
#1716 = FACE_OUTER_BOUND ( 'NONE', #1334, .T. ) ;
#1717 = LINE ( 'NONE', #2804, #1666 ) ;
#1718 = ORIENTED_EDGE ( 'NONE', *, *, #1832, .F. ) ;
#1719 = CARTESIAN_POINT ( 'NONE',  ( -0.1181102362204724532, 0.03149606299212598381, 0.1023622047244094613 ) ) ;
#1720 = EDGE_CURVE ( 'NONE', #211, #2236, #2197, .T. ) ;
#1721 = ORIENTED_EDGE ( 'NONE', *, *, #2142, .F. ) ;
#1722 = CARTESIAN_POINT ( 'NONE',  ( -0.1181102362204724532, 0.1377952755905511861, -0.1181102362204724532 ) ) ;
#1723 = ADVANCED_FACE ( 'NONE', ( #1750 ), #2042, .F. ) ;
#1724 = DIRECTION ( 'NONE',  ( 1.000000000000000000, 0.000000000000000000, 0.000000000000000000 ) ) ;
#1725 = LINE ( 'NONE', #646, #1169 ) ;
#1726 = DIRECTION ( 'NONE',  ( 0.000000000000000000, 1.000000000000000000, 0.000000000000000000 ) ) ;
#1727 = AXIS2_PLACEMENT_3D ( 'NONE', #1010, #1539, #722 ) ;
#1728 = PERSON_AND_ORGANIZATION_ROLE ( 'creator' ) ;
#1729 = LINE ( 'NONE', #1444, #89 ) ;
#1730 = VERTEX_POINT ( 'NONE', #684 ) ;
#1731 = VECTOR ( 'NONE', #1411, 39.37007874015748143 ) ;
#1732 = DIRECTION ( 'NONE',  ( -1.734723475976804925E-15, -1.000000000000000000, 0.000000000000000000 ) ) ;
#1733 = AXIS2_PLACEMENT_3D ( 'NONE', #1072, #508, #800 ) ;
#1734 = CARTESIAN_POINT ( 'NONE',  ( -0.1653543307086614567, 0.007874015748031495954, 0.07480314960629921850 ) ) ;
#1735 = CARTESIAN_POINT ( 'NONE',  ( 0.1614173228346456879, 0.02755905511811023584, -0.1023622047244094613 ) ) ;
#1736 = ORIENTED_EDGE ( 'NONE', *, *, #621, .F. ) ;
#1737 = ORIENTED_EDGE ( 'NONE', *, *, #470, .F. ) ;
#1738 = AXIS2_PLACEMENT_3D ( 'NONE', #1604, #3155, #1805 ) ;
#1739 = CARTESIAN_POINT ( 'NONE',  ( -0.1653543307086614567, 0.007874015748031495954, 0.1023622047244094613 ) ) ;
#1740 = EDGE_CURVE ( 'NONE', #771, #2137, #2648, .T. ) ;
#1741 = VECTOR ( 'NONE', #3424, 39.37007874015748143 ) ;
#1742 = EDGE_LOOP ( 'NONE', ( #1984, #3255, #3295, #2328 ) ) ;
#1743 = PLANE ( 'NONE',  #2760 ) ;
#1744 = CARTESIAN_POINT ( 'NONE',  ( -0.1181102362204724532, 0.1299212598425196763, -0.1181102362204724532 ) ) ;
#1745 = AXIS2_PLACEMENT_3D ( 'NONE', #1744, #2850, #2022 ) ;
#1746 = ADVANCED_FACE ( 'NONE', ( #3136 ), #2229, .F. ) ;
#1747 = EDGE_CURVE ( 'NONE', #982, #1495, #436, .T. ) ;
#1748 = CARTESIAN_POINT ( 'NONE',  ( -0.1496062992125984370, 0.03937007874015747977, -0.07480314960629921850 ) ) ;
#1749 = PLANE ( 'NONE',  #1847 ) ;
#1750 = FACE_OUTER_BOUND ( 'NONE', #27, .T. ) ;
#1751 = AXIS2_PLACEMENT_3D ( 'NONE', #1357, #2431, #4 ) ;
#1752 = COORDINATED_UNIVERSAL_TIME_OFFSET ( 0, 0, .AHEAD. ) ;
#1753 = DIRECTION ( 'NONE',  ( 0.000000000000000000, 0.000000000000000000, 1.000000000000000000 ) ) ;
#1754 = EDGE_LOOP ( 'NONE', ( #1547, #2329, #2501, #2222 ) ) ;
#1755 = AXIS2_PLACEMENT_3D ( 'NONE', #2589, #3462, #2608 ) ;
#1756 = ORIENTED_EDGE ( 'NONE', *, *, #2724, .T. ) ;
#1757 = CARTESIAN_POINT ( 'NONE',  ( 0.08858267716535433989, 0.1299212598425196763, 0.08858267716535433989 ) ) ;
#1758 = CARTESIAN_POINT ( 'NONE',  ( -0.08858267716535433989, 0.1299212598425196763, -0.1043307086614173457 ) ) ;
#1759 = EDGE_LOOP ( 'NONE', ( #1662, #1575, #777, #2396 ) ) ;
#1760 = ORIENTED_EDGE ( 'NONE', *, *, #1846, .F. ) ;
#1761 = DIRECTION ( 'NONE',  ( 0.000000000000000000, 0.000000000000000000, -1.000000000000000000 ) ) ;
#1762 = VERTEX_POINT ( 'NONE', #935 ) ;
#1763 = DIRECTION ( 'NONE',  ( 0.000000000000000000, 0.000000000000000000, 1.000000000000000000 ) ) ;
#1764 = ADVANCED_FACE ( 'NONE', ( #3059 ), #1520, .T. ) ;
#1765 = CARTESIAN_POINT ( 'NONE',  ( 0.08858267716535433989, 0.1299212598425196763, -0.1043307086614173457 ) ) ;
#1766 = CARTESIAN_POINT ( 'NONE',  ( -0.1122047244094488277, 0.1299212598425196763, 0.1122047244094488277 ) ) ;
#1767 = ADVANCED_FACE ( 'NONE', ( #2796 ), #631, .T. ) ;
#1768 = CARTESIAN_POINT ( 'NONE',  ( -0.1181102362204724532, 0.03149606299212598381, 0.1023622047244094613 ) ) ;
#1769 = ORIENTED_EDGE ( 'NONE', *, *, #973, .F. ) ;
#1770 = EDGE_CURVE ( 'NONE', #2530, #409, #918, .T. ) ;
#1771 = DIRECTION ( 'NONE',  ( 0.000000000000000000, 0.000000000000000000, 1.000000000000000000 ) ) ;
#1772 = DIRECTION ( 'NONE',  ( 0.000000000000000000, 0.000000000000000000, 1.000000000000000000 ) ) ;
#1773 = LINE ( 'NONE', #192, #2168 ) ;
#1774 = VERTEX_POINT ( 'NONE', #406 ) ;
#1775 = ORIENTED_EDGE ( 'NONE', *, *, #545, .T. ) ;
#1776 = LINE ( 'NONE', #2082, #451 ) ;
#1777 = EDGE_LOOP ( 'NONE', ( #45, #2311, #1399, #330 ) ) ;
#1778 = DIRECTION ( 'NONE',  ( 0.000000000000000000, 0.000000000000000000, -1.000000000000000000 ) ) ;
#1779 = DIRECTION ( 'NONE',  ( 0.000000000000000000, 1.000000000000000000, 0.000000000000000000 ) ) ;
#1780 = CARTESIAN_POINT ( 'NONE',  ( 0.1496062992125984370, 0.02755905511811023584, 0.1023622047244094613 ) ) ;
#1781 = CARTESIAN_POINT ( 'NONE',  ( -0.1122047244094488277, 0.1299212598425196763, 0.1181102362204724532 ) ) ;
#1782 = CARTESIAN_POINT ( 'NONE',  ( 0.1496062992125984370, 0.02755905511811023584, -0.07480314960629921850 ) ) ;
#1783 = EDGE_CURVE ( 'NONE', #2134, #107, #3487, .T. ) ;
#1784 = ORIENTED_EDGE ( 'NONE', *, *, #2837, .F. ) ;
#1785 = VECTOR ( 'NONE', #3381, 39.37007874015748143 ) ;
#1786 = EDGE_CURVE ( 'NONE', #2236, #914, #891, .T. ) ;
#1787 = EDGE_CURVE ( 'NONE', #1234, #34, #2524, .T. ) ;
#1788 = CARTESIAN_POINT ( 'NONE',  ( -0.1653543307086614567, -0.003937007874015747977, -0.1023622047244094613 ) ) ;
#1789 = VECTOR ( 'NONE', #981, 39.37007874015748143 ) ;
#1790 = ORIENTED_EDGE ( 'NONE', *, *, #1852, .T. ) ;
#1791 = ORIENTED_EDGE ( 'NONE', *, *, #3369, .F. ) ;
#1792 = DIRECTION ( 'NONE',  ( 0.000000000000000000, 0.000000000000000000, 1.000000000000000000 ) ) ;
#1793 = AXIS2_PLACEMENT_3D ( 'NONE', #35, #56, #2193 ) ;
#1794 = AXIS2_PLACEMENT_3D ( 'NONE', #2368, #1596, #2834 ) ;
#1795 = CIRCLE ( 'NONE', #942, 0.01574803149606299885 ) ;
#1796 = VERTEX_POINT ( 'NONE', #1184 ) ;
#1797 = CARTESIAN_POINT ( 'NONE',  ( 0.1653543307086614567, -0.003937007874015747977, -0.07480314960629921850 ) ) ;
#1798 = CIRCLE ( 'NONE', #2705, 0.02362204724409448092 ) ;
#1799 = CARTESIAN_POINT ( 'NONE',  ( 0.08858267716535433989, 0.1823374350353732243, -0.1043307086614173457 ) ) ;
#1800 = VECTOR ( 'NONE', #170, 39.37007874015748143 ) ;
#1801 = FACE_OUTER_BOUND ( 'NONE', #129, .T. ) ;
#1802 = VECTOR ( 'NONE', #396, 39.37007874015748143 ) ;
#1803 = DIRECTION ( 'NONE',  ( 0.000000000000000000, -1.000000000000000000, 0.000000000000000000 ) ) ;
#1804 = ORIENTED_EDGE ( 'NONE', *, *, #2498, .T. ) ;
#1805 = DIRECTION ( 'NONE',  ( 0.000000000000000000, 0.000000000000000000, 1.000000000000000000 ) ) ;
#1806 = AXIS2_PLACEMENT_3D ( 'NONE', #795, #2437, #1345 ) ;
#1807 = EDGE_CURVE ( 'NONE', #2750, #2929, #1239, .T. ) ;
#1808 = VECTOR ( 'NONE', #23, 39.37007874015748143 ) ;
#1809 = FACE_BOUND ( 'NONE', #2009, .T. ) ;
#1810 = ORIENTED_EDGE ( 'NONE', *, *, #742, .T. ) ;
#1811 = VERTEX_POINT ( 'NONE', #1219 ) ;
#1812 = ADVANCED_FACE ( 'NONE', ( #2285 ), #2582, .T. ) ;
#1813 = CARTESIAN_POINT ( 'NONE',  ( -0.1653543307086614567, 0.003937007874015747977, 0.1023622047244094613 ) ) ;
#1814 = EDGE_CURVE ( 'NONE', #2682, #1347, #718, .T. ) ;
#1815 = EDGE_LOOP ( 'NONE', ( #2439, #2052, #862, #1079 ) ) ;
#1816 = DIRECTION ( 'NONE',  ( 0.000000000000000000, 0.000000000000000000, 1.000000000000000000 ) ) ;
#1817 = PLANE ( 'NONE',  #2989 ) ;
#1818 = CARTESIAN_POINT ( 'NONE',  ( 0.08858267716535433989, 0.1377952755905511861, 0.08858267716535433989 ) ) ;
#1819 = DIRECTION ( 'NONE',  ( -1.000000000000000000, 0.000000000000000000, 0.000000000000000000 ) ) ;
#1820 = DIRECTION ( 'NONE',  ( 0.000000000000000000, -1.000000000000000000, 0.000000000000000000 ) ) ;
#1821 = CARTESIAN_POINT ( 'NONE',  ( -0.1181102362204724532, 0.1299212598425196763, 0.1181102362204724532 ) ) ;
#1822 = DIMENSIONAL_EXPONENTS ( 1.000000000000000000, 0.000000000000000000, 0.000000000000000000, 0.000000000000000000, 0.000000000000000000, 0.000000000000000000, 0.000000000000000000 ) ;
#1823 = LINE ( 'NONE', #1788, #3500 ) ;
#1824 = APPROVAL ( #3061, 'UNSPECIFIED' ) ;
#1825 = DIRECTION ( 'NONE',  ( 0.000000000000000000, -1.000000000000000000, 0.000000000000000000 ) ) ;
#1826 = ORIENTED_EDGE ( 'NONE', *, *, #834, .T. ) ;
#1827 = VERTEX_POINT ( 'NONE', #118 ) ;
#1828 = SPHERICAL_SURFACE ( 'NONE', #896, 0.03937007874015747977 ) ;
#1829 = ORIENTED_EDGE ( 'NONE', *, *, #2230, .T. ) ;
#1830 = CARTESIAN_POINT ( 'NONE',  ( -0.08858267716535433989, 0.1299212598425196763, 0.08858267716535433989 ) ) ;
#1831 = ADVANCED_FACE ( 'NONE', ( #1203 ), #2007, .T. ) ;
#1832 = EDGE_CURVE ( 'NONE', #285, #16, #2121, .T. ) ;
#1833 = ORIENTED_EDGE ( 'NONE', *, *, #614, .T. ) ;
#1834 = CARTESIAN_POINT ( 'NONE',  ( 0.1496062992125984370, 0.03937007874015747977, 0.1023622047244094613 ) ) ;
#1835 = CARTESIAN_POINT ( 'NONE',  ( 0.08858267716535433989, 0.1456692913385826960, -0.06496062992125986590 ) ) ;
#1836 = DIRECTION ( 'NONE',  ( 0.000000000000000000, 0.000000000000000000, -1.000000000000000000 ) ) ;
#1837 = CARTESIAN_POINT ( 'NONE',  ( -0.1181102362204724532, 0.03937007874015747977, 0.07480314960629921850 ) ) ;
#1838 = ORIENTED_EDGE ( 'NONE', *, *, #1008, .F. ) ;
#1839 = EDGE_LOOP ( 'NONE', ( #2731, #2162, #2205, #2737 ) ) ;
#1840 = DIRECTION ( 'NONE',  ( 1.000000000000000000, 0.000000000000000000, 0.000000000000000000 ) ) ;
#1841 = VECTOR ( 'NONE', #690, 39.37007874015748143 ) ;
#1842 = CARTESIAN_POINT ( 'NONE',  ( -0.08858267716535433989, 0.1299212598425196763, -0.08858267716535433989 ) ) ;
#1843 = EDGE_LOOP ( 'NONE', ( #478, #2290, #416, #3025 ) ) ;
#1844 = AXIS2_PLACEMENT_3D ( 'NONE', #3080, #1711, #2008 ) ;
#1845 = CARTESIAN_POINT ( 'NONE',  ( 0.1122047244094488277, 0.1377952755905511861, 0.1181102362204724532 ) ) ;
#1846 = EDGE_CURVE ( 'NONE', #3028, #3166, #1005, .T. ) ;
#1847 = AXIS2_PLACEMENT_3D ( 'NONE', #591, #303, #1440 ) ;
#1848 = ORIENTED_EDGE ( 'NONE', *, *, #3022, .F. ) ;
#1849 = CARTESIAN_POINT ( 'NONE',  ( -0.1122047244094488277, 0.1299212598425196763, -0.1122047244094488277 ) ) ;
#1850 = DIRECTION ( 'NONE',  ( 0.000000000000000000, -1.000000000000000000, 0.000000000000000000 ) ) ;
#1851 = VECTOR ( 'NONE', #115, 39.37007874015748143 ) ;
#1852 = EDGE_CURVE ( 'NONE', #912, #1715, #2985, .T. ) ;
#1853 = ADVANCED_FACE ( 'NONE', ( #2073 ), #202, .F. ) ;
#1854 = CARTESIAN_POINT ( 'NONE',  ( -0.08858267716535433989, 0.1299212598425196763, -0.1043307086614173457 ) ) ;
#1855 = VECTOR ( 'NONE', #3021, 39.37007874015748143 ) ;
#1856 = CARTESIAN_POINT ( 'NONE',  ( 0.1181102362204724532, 0.03149606299212598381, -0.1023622047244094613 ) ) ;
#1857 = CIRCLE ( 'NONE', #2303, 0.01574803149606299885 ) ;
#1858 = PLANE ( 'NONE',  #397 ) ;
#1859 = CARTESIAN_POINT ( 'NONE',  ( 0.08858267716535433989, 0.1299212598425196763, 0.08858267716535433989 ) ) ;
#1860 = EDGE_LOOP ( 'NONE', ( #2784, #1540, #753, #1489 ) ) ;
#1861 = VECTOR ( 'NONE', #1331, 39.37007874015748143 ) ;
#1862 = ORIENTED_EDGE ( 'NONE', *, *, #2478, .T. ) ;
#1863 = FACE_OUTER_BOUND ( 'NONE', #1777, .T. ) ;
#1864 = DIRECTION ( 'NONE',  ( 0.000000000000000000, 1.000000000000000000, 0.000000000000000000 ) ) ;
#1865 = ORIENTED_EDGE ( 'NONE', *, *, #3093, .F. ) ;
#1866 = CIRCLE ( 'NONE', #969, 0.003937007874015758385 ) ;
#1867 = DIRECTION ( 'NONE',  ( 0.000000000000000000, 0.000000000000000000, -1.000000000000000000 ) ) ;
#1868 = ORIENTED_EDGE ( 'NONE', *, *, #228, .F. ) ;
#1869 = DIRECTION ( 'NONE',  ( 0.000000000000000000, -1.000000000000000000, 0.000000000000000000 ) ) ;
#1870 = CYLINDRICAL_SURFACE ( 'NONE', #1398, 0.01574803149606299885 ) ;
#1871 = CARTESIAN_POINT ( 'NONE',  ( 0.1122047244094488277, 0.1377952755905511861, 0.1181102362204724532 ) ) ;
#1872 = EDGE_CURVE ( 'NONE', #1361, #2474, #2899, .T. ) ;
#1873 = FACE_OUTER_BOUND ( 'NONE', #1197, .T. ) ;
#1874 = CYLINDRICAL_SURFACE ( 'NONE', #2981, 0.02362204724409448092 ) ;
#1875 = ADVANCED_FACE ( 'NONE', ( #3474 ), #1259, .T. ) ;
#1876 = EDGE_CURVE ( 'NONE', #1774, #1360, #2120, .T. ) ;
#1877 = ORIENTED_EDGE ( 'NONE', *, *, #2677, .T. ) ;
#1878 = ORIENTED_EDGE ( 'NONE', *, *, #306, .T. ) ;
#1879 = DIRECTION ( 'NONE',  ( 0.000000000000000000, 0.000000000000000000, 1.000000000000000000 ) ) ;
#1880 = EDGE_LOOP ( 'NONE', ( #2702, #930, #2626, #1071, #707, #2387, #863, #2035, #2273, #2646, #3368, #3284 ) ) ;
#1881 = DIRECTION ( 'NONE',  ( 0.000000000000000000, -0.9989685402102994605, -0.04540766091864990167 ) ) ;
#1882 = ORIENTED_EDGE ( 'NONE', *, *, #2587, .T. ) ;
#1883 = CARTESIAN_POINT ( 'NONE',  ( -0.1181102362204724532, 0.03937007874015747977, -0.1023622047244094613 ) ) ;
#1884 = CARTESIAN_POINT ( 'NONE',  ( 0.1496062992125984370, 0.02755905511811023584, 0.1023622047244094613 ) ) ;
#1885 = CARTESIAN_POINT ( 'NONE',  ( 0.08858267716535433989, 0.1377952755905511861, 0.1043307086614173457 ) ) ;
#1886 = CARTESIAN_POINT ( 'NONE',  ( -0.1181102362204724532, 0.1377952755905511861, 0.1181102362204724532 ) ) ;
#1887 = EDGE_CURVE ( 'NONE', #2614, #1417, #715, .T. ) ;
#1888 = DIRECTION ( 'NONE',  ( 0.000000000000000000, 0.000000000000000000, -1.000000000000000000 ) ) ;
#1889 = VERTEX_POINT ( 'NONE', #1021 ) ;
#1890 = ORIENTED_EDGE ( 'NONE', *, *, #2123, .F. ) ;
#1891 = ADVANCED_FACE ( 'NONE', ( #223 ), #1870, .T. ) ;
#1892 = EDGE_CURVE ( 'NONE', #3054, #2064, #2089, .T. ) ;
#1893 = CARTESIAN_POINT ( 'NONE',  ( 0.1968503937007874127, -0.003937007874015747977, 0.1023622047244094613 ) ) ;
#1894 = VERTEX_POINT ( 'NONE', #3172 ) ;
#1895 = CARTESIAN_POINT ( 'NONE',  ( -0.1181102362204724532, 0.1377952755905511861, -0.1181102362204724532 ) ) ;
#1896 = DIRECTION ( 'NONE',  ( 0.000000000000000000, 0.000000000000000000, 1.000000000000000000 ) ) ;
#1897 = AXIS2_PLACEMENT_3D ( 'NONE', #749, #1820, #188 ) ;
#1898 = EDGE_LOOP ( 'NONE', ( #2925, #3265, #2493, #729 ) ) ;
#1899 = PLANE ( 'NONE',  #101 ) ;
#1900 = VECTOR ( 'NONE', #1353, 39.37007874015748143 ) ;
#1901 = CARTESIAN_POINT ( 'NONE',  ( -0.1968503937007874127, -0.003937007874015747977, -0.1023622047244094613 ) ) ;
#1902 = CIRCLE ( 'NONE', #2816, 0.01574803149606299191 ) ;
#1903 = LINE ( 'NONE', #1144, #1514 ) ;
#1904 = LINE ( 'NONE', #1324, #3096 ) ;
#1905 = VERTEX_POINT ( 'NONE', #1835 ) ;
#1906 = EDGE_CURVE ( 'NONE', #1364, #1938, #605, .T. ) ;
#1907 = VERTEX_POINT ( 'NONE', #2323 ) ;
#1908 = CIRCLE ( 'NONE', #1519, 0.003937007874015758385 ) ;
#1909 = CYLINDRICAL_SURFACE ( 'NONE', #453, 0.005905511811023620231 ) ;
#1910 = VECTOR ( 'NONE', #552, 39.37007874015748143 ) ;
#1911 = DIRECTION ( 'NONE',  ( 1.000000000000000000, 0.000000000000000000, 0.000000000000000000 ) ) ;
#1912 = ORIENTED_EDGE ( 'NONE', *, *, #2074, .T. ) ;
#1913 = CARTESIAN_POINT ( 'NONE',  ( -0.08858267716535433989, 0.1456692913385826960, 0.08858267716535433989 ) ) ;
#1914 = ADVANCED_FACE ( 'NONE', ( #1801 ), #488, .T. ) ;
#1915 = CARTESIAN_POINT ( 'NONE',  ( -0.1496062992125984370, 0.02755905511811023584, -0.1023622047244094613 ) ) ;
#1916 = AXIS2_PLACEMENT_3D ( 'NONE', #696, #1779, #2099 ) ;
#1917 = CIRCLE ( 'NONE', #1075, 0.01181102362204724046 ) ;
#1918 = ORIENTED_EDGE ( 'NONE', *, *, #2014, .F. ) ;
#1919 = CARTESIAN_POINT ( 'NONE',  ( 0.08858267716535433989, 0.1377952755905511861, 0.1043307086614173457 ) ) ;
#1920 = CARTESIAN_POINT ( 'NONE',  ( -0.1535433070866141780, 0.02755905511811023584, -0.1023622047244094613 ) ) ;
#1921 = PLANE ( 'NONE',  #558 ) ;
#1922 = DIRECTION ( 'NONE',  ( 1.000000000000000000, 0.000000000000000000, 0.000000000000000000 ) ) ;
#1923 = CYLINDRICAL_SURFACE ( 'NONE', #2135, 0.02362204724409448092 ) ;
#1924 = ORIENTED_EDGE ( 'NONE', *, *, #2569, .F. ) ;
#1925 = EDGE_LOOP ( 'NONE', ( #1977, #656, #1427, #1627 ) ) ;
#1926 = ORIENTED_EDGE ( 'NONE', *, *, #3200, .F. ) ;
#1927 = PLANE ( 'NONE',  #3501 ) ;
#1928 = ORIENTED_EDGE ( 'NONE', *, *, #450, .T. ) ;
#1929 = LINE ( 'NONE', #833, #2599 ) ;
#1930 = VERTEX_POINT ( 'NONE', #2653 ) ;
#1931 = DIRECTION ( 'NONE',  ( 0.000000000000000000, 1.000000000000000000, 0.000000000000000000 ) ) ;
#1932 = CARTESIAN_POINT ( 'NONE',  ( 0.1122047244094488277, 0.1299212598425196763, 0.1181102362204724532 ) ) ;
#1933 = ADVANCED_FACE ( 'NONE', ( #2374 ), #3460, .T. ) ;
#1934 = EDGE_CURVE ( 'NONE', #2165, #127, #1340, .T. ) ;
#1935 = PLANE ( 'NONE',  #714 ) ;
#1936 = DIRECTION ( 'NONE',  ( -1.000000000000000000, 0.000000000000000000, 0.000000000000000000 ) ) ;
#1937 = DIRECTION ( 'NONE',  ( 1.000000000000000000, 0.000000000000000000, 0.000000000000000000 ) ) ;
#1938 = VERTEX_POINT ( 'NONE', #989 ) ;
#1939 = VERTEX_POINT ( 'NONE', #2885 ) ;
#1940 = ORIENTED_EDGE ( 'NONE', *, *, #1610, .F. ) ;
#1941 = FACE_OUTER_BOUND ( 'NONE', #2281, .T. ) ;
#1942 = VERTEX_POINT ( 'NONE', #457 ) ;
#1943 = CARTESIAN_POINT ( 'NONE',  ( 0.1653543307086614567, 0.003937007874015747977, -0.1023622047244094613 ) ) ;
#1944 = ORIENTED_EDGE ( 'NONE', *, *, #2098, .F. ) ;
#1945 = LINE ( 'NONE', #73, #2643 ) ;
#1946 = VECTOR ( 'NONE', #704, 39.37007874015748143 ) ;
#1947 = EDGE_CURVE ( 'NONE', #1894, #2109, #1798, .T. ) ;
#1948 = CYLINDRICAL_SURFACE ( 'NONE', #3437, 0.005905511811023620231 ) ;
#1949 = EDGE_CURVE ( 'NONE', #1636, #3347, #1271, .T. ) ;
#1950 = CARTESIAN_POINT ( 'NONE',  ( 0.1653543307086614567, 0.007874015748031495954, -0.1023622047244094613 ) ) ;
#1951 = VECTOR ( 'NONE', #320, 39.37007874015748143 ) ;
#1952 = CALENDAR_DATE ( 2024, 13, 5 ) ;
#1953 = VECTOR ( 'NONE', #1373, 39.37007874015748143 ) ;
#1954 = FACE_OUTER_BOUND ( 'NONE', #908, .T. ) ;
#1955 = ORIENTED_EDGE ( 'NONE', *, *, #2790, .F. ) ;
#1956 = ORIENTED_EDGE ( 'NONE', *, *, #1486, .T. ) ;
#1957 = ORIENTED_EDGE ( 'NONE', *, *, #1314, .T. ) ;
#1958 = VECTOR ( 'NONE', #1585, 39.37007874015748143 ) ;
#1959 = DIRECTION ( 'NONE',  ( 1.000000000000000000, 0.000000000000000000, 0.000000000000000000 ) ) ;
#1960 = FACE_OUTER_BOUND ( 'NONE', #2712, .T. ) ;
#1961 = CIRCLE ( 'NONE', #895, 0.02362204724409448092 ) ;
#1962 = MANIFOLD_SOLID_BREP ( 'Cut-Extrude1', #2518 ) ;
#1963 = ORIENTED_EDGE ( 'NONE', *, *, #2204, .T. ) ;
#1964 = DIRECTION ( 'NONE',  ( 0.000000000000000000, 0.000000000000000000, -1.000000000000000000 ) ) ;
#1965 = CIRCLE ( 'NONE', #2130, 0.003937007874015741038 ) ;
#1966 = VERTEX_POINT ( 'NONE', #735 ) ;
#1967 = CARTESIAN_POINT ( 'NONE',  ( 0.1122047244094488277, 0.000000000000000000, 0.1122047244094488277 ) ) ;
#1968 = AXIS2_PLACEMENT_3D ( 'NONE', #709, #1266, #2627 ) ;
#1969 = DIRECTION ( 'NONE',  ( 0.000000000000000000, -1.000000000000000000, 0.000000000000000000 ) ) ;
#1970 = VECTOR ( 'NONE', #229, 39.37007874015748143 ) ;
#1971 = DIRECTION ( 'NONE',  ( 0.000000000000000000, -1.000000000000000000, 0.000000000000000000 ) ) ;
#1972 = DIRECTION ( 'NONE',  ( -1.000000000000000000, 0.000000000000000000, 0.000000000000000000 ) ) ;
#1973 = AXIS2_PLACEMENT_3D ( 'NONE', #1473, #2533, #1959 ) ;
#1974 = ADVANCED_FACE ( 'NONE', ( #18 ), #1948, .T. ) ;
#1975 = CALENDAR_DATE ( 2024, 13, 5 ) ;
#1976 = CARTESIAN_POINT ( 'NONE',  ( 0.1968503937007874127, 0.003937007874015747977, -0.1023622047244094613 ) ) ;
#1977 = ORIENTED_EDGE ( 'NONE', *, *, #2270, .T. ) ;
#1978 = VERTEX_POINT ( 'NONE', #538 ) ;
#1979 = EDGE_LOOP ( 'NONE', ( #62, #1212, #2893, #2458 ) ) ;
#1980 = EDGE_CURVE ( 'NONE', #1938, #25, #57, .T. ) ;
#1981 = ADVANCED_FACE ( 'NONE', ( #2408 ), #1383, .T. ) ;
#1982 = LINE ( 'NONE', #2511, #3173 ) ;
#1983 = DIRECTION ( 'NONE',  ( 0.000000000000000000, -1.000000000000000000, 0.000000000000000000 ) ) ;
#1984 = ORIENTED_EDGE ( 'NONE', *, *, #3496, .T. ) ;
#1985 = LINE ( 'NONE', #1943, #1802 ) ;
#1986 = ORIENTED_EDGE ( 'NONE', *, *, #381, .T. ) ;
#1987 = DIRECTION ( 'NONE',  ( -1.734723475976804925E-15, -1.000000000000000000, 0.000000000000000000 ) ) ;
#1988 = CARTESIAN_POINT ( 'NONE',  ( -0.1181102362204724532, 0.03937007874015747977, -0.1023622047244094613 ) ) ;
#1989 = MANIFOLD_SOLID_BREP ( 'Imported3', #261 ) ;
#1990 = DIRECTION ( 'NONE',  ( 0.000000000000000000, 0.000000000000000000, 1.000000000000000000 ) ) ;
#1991 = DIRECTION ( 'NONE',  ( 0.000000000000000000, 0.000000000000000000, 1.000000000000000000 ) ) ;
#1992 = DIRECTION ( 'NONE',  ( 0.000000000000000000, 0.000000000000000000, -1.000000000000000000 ) ) ;
#1993 = ORIENTED_EDGE ( 'NONE', *, *, #2724, .F. ) ;
#1994 = ORIENTED_EDGE ( 'NONE', *, *, #184, .T. ) ;
#1995 = ORIENTED_EDGE ( 'NONE', *, *, #1770, .T. ) ;
#1996 = LINE ( 'NONE', #3047, #1251 ) ;
#1997 = CARTESIAN_POINT ( 'NONE',  ( 0.1614173228346456879, 0.02755905511811023584, 0.1023622047244094613 ) ) ;
#1998 = ORIENTED_EDGE ( 'NONE', *, *, #2912, .F. ) ;
#1999 = VERTEX_POINT ( 'NONE', #1932 ) ;
#2000 = DIRECTION ( 'NONE',  ( -1.000000000000000000, 0.000000000000000000, 7.228014483236699514E-17 ) ) ;
#2001 = EDGE_CURVE ( 'NONE', #1234, #2747, #2652, .T. ) ;
#2002 = ORIENTED_EDGE ( 'NONE', *, *, #3060, .F. ) ;
#2003 = DIRECTION ( 'NONE',  ( 0.000000000000000000, -1.000000000000000000, 0.000000000000000000 ) ) ;
#2004 = FACE_OUTER_BOUND ( 'NONE', #1860, .T. ) ;
#2005 = CYLINDRICAL_SURFACE ( 'NONE', #318, 0.01574803149606299885 ) ;
#2006 = CARTESIAN_POINT ( 'NONE',  ( 0.08858267716535433989, 0.1377952755905511861, -0.1043307086614173457 ) ) ;
#2007 = CYLINDRICAL_SURFACE ( 'NONE', #2353, 0.005905511811023620231 ) ;
#2008 = DIRECTION ( 'NONE',  ( -1.000000000000000000, 0.000000000000000000, 0.000000000000000000 ) ) ;
#2009 = EDGE_LOOP ( 'NONE', ( #348, #1011 ) ) ;
#2010 = VECTOR ( 'NONE', #2528, 39.37007874015748143 ) ;
#2011 = ORIENTED_EDGE ( 'NONE', *, *, #1159, .F. ) ;
#2012 = CIRCLE ( 'NONE', #2465, 0.01574803149606299191 ) ;
#2013 = CARTESIAN_POINT ( 'NONE',  ( 0.000000000000000000, 0.000000000000000000, 0.000000000000000000 ) ) ;
#2014 = EDGE_CURVE ( 'NONE', #2435, #1141, #1105, .T. ) ;
#2015 = DIRECTION ( 'NONE',  ( 1.000000000000000000, 0.000000000000000000, 0.000000000000000000 ) ) ;
#2016 = ORIENTED_EDGE ( 'NONE', *, *, #3001, .F. ) ;
#2017 = EDGE_LOOP ( 'NONE', ( #2242, #1928, #3328, #3084 ) ) ;
#2018 = AXIS2_PLACEMENT_3D ( 'NONE', #2937, #3478, #2059 ) ;
#2019 = LINE ( 'NONE', #2499, #2933 ) ;
#2020 = EDGE_CURVE ( 'NONE', #680, #2875, #1123, .T. ) ;
#2021 = ORIENTED_EDGE ( 'NONE', *, *, #1117, .T. ) ;
#2022 = DIRECTION ( 'NONE',  ( 1.000000000000000000, 0.000000000000000000, 0.000000000000000000 ) ) ;
#2023 = VECTOR ( 'NONE', #2519, 39.37007874015748143 ) ;
#2024 = DIRECTION ( 'NONE',  ( -1.734723475976804925E-15, 1.000000000000000000, 0.000000000000000000 ) ) ;
#2025 = CONICAL_SURFACE ( 'NONE', #165, 0.06496062992125985203, 0.04542327942157694393 ) ;
#2026 = CARTESIAN_POINT ( 'NONE',  ( -0.1968503937007874127, -0.003937007874015747977, 0.1023622047244094613 ) ) ;
#2027 = AXIS2_PLACEMENT_3D ( 'NONE', #519, #1313, #2110 ) ;
#2028 = MANIFOLD_SOLID_BREP ( 'Imported7', #2636 ) ;
#2029 = EDGE_LOOP ( 'NONE', ( #1062, #1207, #636, #311, #2369, #1327, #2662, #86 ) ) ;
#2030 = CIRCLE ( 'NONE', #2418, 0.01574803149606299885 ) ;
#2031 = ORIENTED_EDGE ( 'NONE', *, *, #728, .F. ) ;
#2032 = PLANE ( 'NONE',  #1409 ) ;
#2033 = DIRECTION ( 'NONE',  ( 0.000000000000000000, -1.000000000000000000, 0.000000000000000000 ) ) ;
#2034 = ORIENTED_EDGE ( 'NONE', *, *, #727, .F. ) ;
#2035 = ORIENTED_EDGE ( 'NONE', *, *, #1872, .F. ) ;
#2036 = DIRECTION ( 'NONE',  ( 0.000000000000000000, -1.000000000000000000, 0.000000000000000000 ) ) ;
#2037 = ORIENTED_EDGE ( 'NONE', *, *, #2878, .T. ) ;
#2038 = CARTESIAN_POINT ( 'NONE',  ( -0.1181102362204724532, 0.03149606299212598381, -0.1023622047244094613 ) ) ;
#2039 = DIRECTION ( 'NONE',  ( 0.000000000000000000, 0.000000000000000000, 1.000000000000000000 ) ) ;
#2040 = FACE_OUTER_BOUND ( 'NONE', #2591, .T. ) ;
#2041 = CARTESIAN_POINT ( 'NONE',  ( -0.08858267716535433989, 0.1456692913385826960, -0.08858267716535433989 ) ) ;
#2042 = CYLINDRICAL_SURFACE ( 'NONE', #155, 0.07283464566929134798 ) ;
#2043 = ADVANCED_FACE ( 'NONE', ( #1369 ), #2464, .F. ) ;
#2044 = ADVANCED_FACE ( 'NONE', ( #2140 ), #801, .T. ) ;
#2045 = PLANE ( 'NONE',  #2692 ) ;
#2046 = EDGE_LOOP ( 'NONE', ( #2880, #2186, #68, #851 ) ) ;
#2047 = DIRECTION ( 'NONE',  ( 0.000000000000000000, -1.000000000000000000, 0.000000000000000000 ) ) ;
#2048 = FACE_OUTER_BOUND ( 'NONE', #247, .T. ) ;
#2049 = ORIENTED_EDGE ( 'NONE', *, *, #2548, .T. ) ;
#2050 = ORIENTED_EDGE ( 'NONE', *, *, #2405, .F. ) ;
#2051 = CARTESIAN_POINT ( 'NONE',  ( -0.1181102362204724532, 0.03149606299212598381, -0.07480314960629921850 ) ) ;
#2052 = ORIENTED_EDGE ( 'NONE', *, *, #1720, .T. ) ;
#2053 = CARTESIAN_POINT ( 'NONE',  ( -0.1614173228346456879, 0.02755905511811023584, -0.1023622047244094613 ) ) ;
#2054 = ADVANCED_FACE ( 'NONE', ( #2211 ), #1899, .T. ) ;
#2055 = CARTESIAN_POINT ( 'NONE',  ( 0.000000000000000000, 0.1377952755905511861, 0.000000000000000000 ) ) ;
#2056 = EDGE_CURVE ( 'NONE', #1264, #1515, #3235, .T. ) ;
#2057 = CARTESIAN_POINT ( 'NONE',  ( -0.08858267716535433989, 0.1377952755905511861, -0.08858267716535433989 ) ) ;
#2058 = VERTEX_POINT ( 'NONE', #3018 ) ;
#2059 = DIRECTION ( 'NONE',  ( 1.000000000000000000, 0.000000000000000000, 0.000000000000000000 ) ) ;
#2060 = CARTESIAN_POINT ( 'NONE',  ( 0.1653543307086614567, 0.007874015748031495954, 0.07480314960629921850 ) ) ;
#2061 = AXIS2_PLACEMENT_3D ( 'NONE', #408, #2783, #2798 ) ;
#2062 = DIRECTION ( 'NONE',  ( 1.000000000000000000, 0.000000000000000000, 0.000000000000000000 ) ) ;
#2063 = VERTEX_POINT ( 'NONE', #2704 ) ;
#2064 = VERTEX_POINT ( 'NONE', #273 ) ;
#2065 = DIRECTION ( 'NONE',  ( 1.016439536705159791E-16, -1.000000000000000000, 0.000000000000000000 ) ) ;
#2066 = VECTOR ( 'NONE', #2809, 39.37007874015748143 ) ;
#2067 = AXIS2_PLACEMENT_3D ( 'NONE', #1766, #234, #1029 ) ;
#2068 = ORIENTED_EDGE ( 'NONE', *, *, #5, .F. ) ;
#2069 = DIRECTION ( 'NONE',  ( 0.000000000000000000, 0.000000000000000000, -1.000000000000000000 ) ) ;
#2070 = DIRECTION ( 'NONE',  ( -0.000000000000000000, 1.000000000000000000, 0.000000000000000000 ) ) ;
#2071 = DIRECTION ( 'NONE',  ( 0.000000000000000000, 0.000000000000000000, 1.000000000000000000 ) ) ;
#2072 = AXIS2_PLACEMENT_3D ( 'NONE', #2740, #301, #1127 ) ;
#2073 = FACE_OUTER_BOUND ( 'NONE', #2394, .T. ) ;
#2074 = EDGE_CURVE ( 'NONE', #136, #855, #2984, .T. ) ;
#2075 = AXIS2_PLACEMENT_3D ( 'NONE', #1122, #3014, #3215 ) ;
#2076 = CARTESIAN_POINT ( 'NONE',  ( -0.08858267716535433989, 0.1377952755905511861, -0.1122047244094488277 ) ) ;
#2077 = PLANE ( 'NONE',  #710 ) ;
#2078 = VECTOR ( 'NONE', #2276, 39.37007874015748143 ) ;
#2079 = DIRECTION ( 'NONE',  ( 1.000000000000000000, 0.000000000000000000, 0.000000000000000000 ) ) ;
#2080 = ORIENTED_EDGE ( 'NONE', *, *, #1699, .F. ) ;
#2081 = EDGE_LOOP ( 'NONE', ( #1478, #1682 ) ) ;
#2082 = CARTESIAN_POINT ( 'NONE',  ( 0.1653543307086614567, -0.003937007874015747977, -0.1023622047244094613 ) ) ;
#2083 = ADVANCED_FACE ( 'NONE', ( #872 ), #3250, .T. ) ;
#2084 = ADVANCED_FACE ( 'NONE', ( #1652 ), #36, .T. ) ;
#2085 = ORIENTED_EDGE ( 'NONE', *, *, #2020, .F. ) ;
#2086 = CARTESIAN_POINT ( 'NONE',  ( -0.1122047244094488277, 0.000000000000000000, 0.1122047244094488277 ) ) ;
#2087 = ORIENTED_EDGE ( 'NONE', *, *, #1420, .F. ) ;
#2088 = CARTESIAN_POINT ( 'NONE',  ( -0.1181102362204724532, 0.1299212598425196763, -0.1181102362204724532 ) ) ;
#2089 = LINE ( 'NONE', #748, #438 ) ;
#2090 = CARTESIAN_POINT ( 'NONE',  ( 0.1653543307086614567, 0.007874015748031495954, -0.07480314960629921850 ) ) ;
#2091 = CARTESIAN_POINT ( 'NONE',  ( 0.1181102362204724532, 0.03149606299212598381, 0.1023622047244094613 ) ) ;
#2092 = PLANE ( 'NONE',  #1727 ) ;
#2093 = EDGE_LOOP ( 'NONE', ( #2680, #104, #1736, #1429 ) ) ;
#2094 = ORIENTED_EDGE ( 'NONE', *, *, #3151, .T. ) ;
#2095 = DIRECTION ( 'NONE',  ( 1.000000000000000000, 0.000000000000000000, 0.000000000000000000 ) ) ;
#2096 = CARTESIAN_POINT ( 'NONE',  ( 0.1122047244094488277, 0.1299212598425196763, 0.1181102362204724532 ) ) ;
#2097 = ORIENTED_EDGE ( 'NONE', *, *, #3318, .T. ) ;
#2098 = EDGE_CURVE ( 'NONE', #1103, #945, #3270, .T. ) ;
#2099 = DIRECTION ( 'NONE',  ( 0.000000000000000000, 0.000000000000000000, 1.000000000000000000 ) ) ;
#2100 = CARTESIAN_POINT ( 'NONE',  ( 0.08858267716535433989, 0.1141732283464566844, 0.08858267716535433989 ) ) ;
#2101 = EDGE_LOOP ( 'NONE', ( #2085, #2973, #2786, #175 ) ) ;
#2102 = VERTEX_POINT ( 'NONE', #321 ) ;
#2103 = DIRECTION ( 'NONE',  ( 0.000000000000000000, -1.000000000000000000, 0.000000000000000000 ) ) ;
#2104 = CARTESIAN_POINT ( 'NONE',  ( -0.08858267716535433989, 0.1299212598425196763, -0.08858267716535433989 ) ) ;
#2105 = PLANE ( 'NONE',  #1246 ) ;
#2106 = CARTESIAN_POINT ( 'NONE',  ( 0.1653543307086614567, 0.007874015748031495954, -0.07480314960629921850 ) ) ;
#2107 = LINE ( 'NONE', #177, #1789 ) ;
#2108 = VERTEX_POINT ( 'NONE', #1405 ) ;
#2109 = VERTEX_POINT ( 'NONE', #3299 ) ;
#2110 = DIRECTION ( 'NONE',  ( -1.000000000000000000, 0.000000000000000000, 0.000000000000000000 ) ) ;
#2111 = CIRCLE ( 'NONE', #597, 0.01181102362204724046 ) ;
#2112 = EDGE_CURVE ( 'NONE', #2845, #1099, #2578, .T. ) ;
#2113 = CYLINDRICAL_SURFACE ( 'NONE', #3430, 0.003937007874015741038 ) ;
#2114 = ORIENTED_EDGE ( 'NONE', *, *, #1179, .T. ) ;
#2115 = CARTESIAN_POINT ( 'NONE',  ( -0.1122047244094488277, 0.1299212598425196763, -0.1181102362204724532 ) ) ;
#2116 = AXIS2_PLACEMENT_3D ( 'NONE', #1600, #17, #2703 ) ;
#2117 = CARTESIAN_POINT ( 'NONE',  ( 0.000000000000000000, 0.1299212598425196763, 0.000000000000000000 ) ) ;
#2118 = ADVANCED_FACE ( 'NONE', ( #2248 ), #2795, .F. ) ;
#2119 = EDGE_LOOP ( 'NONE', ( #1714, #1890 ) ) ;
#2120 = LINE ( 'NONE', #3410, #157 ) ;
#2121 = CIRCLE ( 'NONE', #1176, 0.005905511811023620231 ) ;
#2122 = EDGE_CURVE ( 'NONE', #2102, #1978, #3490, .T. ) ;
#2123 = EDGE_CURVE ( 'NONE', #1227, #1523, #385, .T. ) ;
#2124 = DIRECTION ( 'NONE',  ( -1.000000000000000000, 0.000000000000000000, 0.000000000000000000 ) ) ;
#2125 = AXIS2_PLACEMENT_3D ( 'NONE', #1601, #3267, #839 ) ;
#2126 = CARTESIAN_POINT ( 'NONE',  ( -0.1653543307086614567, 0.007874015748031495954, 0.1023622047244094613 ) ) ;
#2127 = VECTOR ( 'NONE', #2778, 39.37007874015748143 ) ;
#2128 = DIRECTION ( 'NONE',  ( 0.000000000000000000, 1.000000000000000000, 0.000000000000000000 ) ) ;
#2129 = EDGE_LOOP ( 'NONE', ( #2497, #111, #1940, #1912 ) ) ;
#2130 = AXIS2_PLACEMENT_3D ( 'NONE', #3312, #1964, #658 ) ;
#2131 = ORIENTED_EDGE ( 'NONE', *, *, #2690, .T. ) ;
#2132 = AXIS2_PLACEMENT_3D ( 'NONE', #3236, #803, #2124 ) ;
#2133 = FACE_BOUND ( 'NONE', #352, .T. ) ;
#2134 = VERTEX_POINT ( 'NONE', #1480 ) ;
#2135 = AXIS2_PLACEMENT_3D ( 'NONE', #1110, #1091, #241 ) ;
#2136 = CYLINDRICAL_SURFACE ( 'NONE', #2882, 0.02362204724409448092 ) ;
#2137 = VERTEX_POINT ( 'NONE', #75 ) ;
#2138 = LINE ( 'NONE', #2964, #2923 ) ;
#2139 = ADVANCED_FACE ( 'NONE', ( #378 ), #417, .F. ) ;
#2140 = FACE_OUTER_BOUND ( 'NONE', #1898, .T. ) ;
#2141 = CARTESIAN_POINT ( 'NONE',  ( 0.1535433070866141780, 0.02755905511811023584, 0.1023622047244094613 ) ) ;
#2142 = EDGE_CURVE ( 'NONE', #2475, #3363, #3114, .T. ) ;
#2143 = EDGE_CURVE ( 'NONE', #3469, #825, #3165, .T. ) ;
#2144 = DIRECTION ( 'NONE',  ( 1.000000000000000000, 0.000000000000000000, -7.228014483236699514E-17 ) ) ;
#2145 = CARTESIAN_POINT ( 'NONE',  ( 0.1181102362204724532, 0.03149606299212598381, -0.1023622047244094613 ) ) ;
#2146 = ORIENTED_EDGE ( 'NONE', *, *, #1713, .T. ) ;
#2147 = ORIENTED_EDGE ( 'NONE', *, *, #2204, .F. ) ;
#2148 = CYLINDRICAL_SURFACE ( 'NONE', #3225, 0.003937007874015758385 ) ;
#2149 = CARTESIAN_POINT ( 'NONE',  ( 0.1653543307086614567, 0.007874015748031495954, 0.1023622047244094613 ) ) ;
#2150 = ORIENTED_EDGE ( 'NONE', *, *, #2500, .F. ) ;
#2151 = LINE ( 'NONE', #297, #1910 ) ;
#2152 = VERTEX_POINT ( 'NONE', #1235 ) ;
#2153 = CARTESIAN_POINT ( 'NONE',  ( 0.000000000000000000, 0.1377952755905511861, 0.000000000000000000 ) ) ;
#2154 = DIRECTION ( 'NONE',  ( 0.000000000000000000, -1.000000000000000000, 0.000000000000000000 ) ) ;
#2155 = ADVANCED_FACE ( 'NONE', ( #2545 ), #1180, .T. ) ;
#2156 = FACE_OUTER_BOUND ( 'NONE', #1367, .T. ) ;
#2157 = LINE ( 'NONE', #2448, #499 ) ;
#2158 = ADVANCED_FACE ( 'NONE', ( #1199, #3076 ), #2266, .F. ) ;
#2159 = CARTESIAN_POINT ( 'NONE',  ( 0.1181102362204724532, 0.1377952755905511861, -0.1181102362204724532 ) ) ;
#2160 = DIRECTION ( 'NONE',  ( -0.000000000000000000, -1.000000000000000000, -0.000000000000000000 ) ) ;
#2161 = ORIENTED_EDGE ( 'NONE', *, *, #805, .T. ) ;
#2162 = ORIENTED_EDGE ( 'NONE', *, *, #2123, .T. ) ;
#2163 = DIRECTION ( 'NONE',  ( 0.000000000000000000, 0.000000000000000000, 1.000000000000000000 ) ) ;
#2164 = CARTESIAN_POINT ( 'NONE',  ( 0.1122047244094488277, 0.1299212598425196763, -0.1122047244094488277 ) ) ;
#2165 = VERTEX_POINT ( 'NONE', #2811 ) ;
#2166 = DIRECTION ( 'NONE',  ( 0.000000000000000000, 0.000000000000000000, 1.000000000000000000 ) ) ;
#2167 = DIRECTION ( 'NONE',  ( 0.000000000000000000, 0.000000000000000000, 1.000000000000000000 ) ) ;
#2168 = VECTOR ( 'NONE', #2327, 39.37007874015748143 ) ;
#2169 = AXIS2_PLACEMENT_3D ( 'NONE', #739, #2903, #1552 ) ;
#2170 = VERTEX_POINT ( 'NONE', #1460 ) ;
#2171 = DIRECTION ( 'NONE',  ( 1.000000000000000000, 0.000000000000000000, 0.000000000000000000 ) ) ;
#2172 = CARTESIAN_POINT ( 'NONE',  ( 0.1181102362204724532, 0.1299212598425196763, -0.1122047244094488277 ) ) ;
#2173 = VECTOR ( 'NONE', #39, 39.37007874015748143 ) ;
#2174 = CARTESIAN_POINT ( 'NONE',  ( -0.1653543307086614567, 0.003937007874015747977, -0.07480314960629921850 ) ) ;
#2175 = DIRECTION ( 'NONE',  ( 0.000000000000000000, 0.000000000000000000, -1.000000000000000000 ) ) ;
#2176 = AXIS2_PLACEMENT_3D ( 'NONE', #3038, #2506, #2744 ) ;
#2177 = LINE ( 'NONE', #1388, #667 ) ;
#2178 = CC_DESIGN_PERSON_AND_ORGANIZATION_ASSIGNMENT ( #363, #1145, ( #2998 ) ) ;
#2179 = DIRECTION ( 'NONE',  ( 1.000000000000000000, 0.000000000000000000, 0.000000000000000000 ) ) ;
#2180 = ORIENTED_EDGE ( 'NONE', *, *, #622, .F. ) ;
#2181 = ORIENTED_EDGE ( 'NONE', *, *, #1159, .T. ) ;
#2182 = AXIS2_PLACEMENT_3D ( 'NONE', #1988, #2504, #3056 ) ;
#2183 = ORIENTED_EDGE ( 'NONE', *, *, #134, .F. ) ;
#2184 = LINE ( 'NONE', #1137, #3113 ) ;
#2185 = AXIS2_PLACEMENT_3D ( 'NONE', #1813, #2065, #3164 ) ;
#2186 = ORIENTED_EDGE ( 'NONE', *, *, #359, .T. ) ;
#2187 = EDGE_CURVE ( 'NONE', #3335, #2384, #1908, .T. ) ;
#2188 = DIRECTION ( 'NONE',  ( 0.000000000000000000, 0.000000000000000000, 1.000000000000000000 ) ) ;
#2189 = ADVANCED_FACE ( 'NONE', ( #2004 ), #3393, .F. ) ;
#2190 = VECTOR ( 'NONE', #3224, 39.37007874015748143 ) ;
#2191 = VECTOR ( 'NONE', #2787, 39.37007874015748143 ) ;
#2192 = ORIENTED_EDGE ( 'NONE', *, *, #401, .F. ) ;
#2193 = DIRECTION ( 'NONE',  ( 0.000000000000000000, 0.000000000000000000, 1.000000000000000000 ) ) ;
#2194 = DIRECTION ( 'NONE',  ( 0.000000000000000000, 1.000000000000000000, 0.000000000000000000 ) ) ;
#2195 =( GEOMETRIC_REPRESENTATION_CONTEXT ( 3 ) GLOBAL_UNCERTAINTY_ASSIGNED_CONTEXT ( ( #2430 ) ) GLOBAL_UNIT_ASSIGNED_CONTEXT ( ( #2413, #579, #806 ) ) REPRESENTATION_CONTEXT ( 'NONE', 'WORKASPACE' ) );
#2196 = FACE_BOUND ( 'NONE', #651, .T. ) ;
#2197 = LINE ( 'NONE', #1130, #956 ) ;
#2198 = DIRECTION ( 'NONE',  ( 0.000000000000000000, 0.000000000000000000, 1.000000000000000000 ) ) ;
#2199 = LINE ( 'NONE', #278, #2868 ) ;
#2200 = VERTEX_POINT ( 'NONE', #3095 ) ;
#2201 = ORIENTED_EDGE ( 'NONE', *, *, #2450, .T. ) ;
#2202 = ORIENTED_EDGE ( 'NONE', *, *, #2254, .T. ) ;
#2203 = CARTESIAN_POINT ( 'NONE',  ( 0.1614173228346456879, 0.007874015748031495954, 0.1023622047244094613 ) ) ;
#2204 = EDGE_CURVE ( 'NONE', #2746, #2134, #663, .T. ) ;
#2205 = ORIENTED_EDGE ( 'NONE', *, *, #1692, .T. ) ;
#2206 = LINE ( 'NONE', #641, #3110 ) ;
#2207 = EDGE_CURVE ( 'NONE', #3166, #3028, #958, .T. ) ;
#2208 = EDGE_CURVE ( 'NONE', #2625, #3230, #669, .T. ) ;
#2209 = EDGE_LOOP ( 'NONE', ( #3401, #2257, #3292, #1312, #1865, #2861, #1061, #1267, #2641, #2245, #1177, #3024 ) ) ;
#2210 = CARTESIAN_POINT ( 'NONE',  ( 0.08858267716535433989, 0.1299212598425196763, -0.08858267716535433989 ) ) ;
#2211 = FACE_OUTER_BOUND ( 'NONE', #2892, .T. ) ;
#2212 = CARTESIAN_POINT ( 'NONE',  ( 0.000000000000000000, 0.2165354330708661457, 0.000000000000000000 ) ) ;
#2213 = LINE ( 'NONE', #304, #3322 ) ;
#2214 = CARTESIAN_POINT ( 'NONE',  ( -0.1653543307086614567, 0.007874015748031495954, -0.1023622047244094613 ) ) ;
#2215 = EDGE_LOOP ( 'NONE', ( #3032, #1955, #1115, #452 ) ) ;
#2216 = ORIENTED_EDGE ( 'NONE', *, *, #2001, .T. ) ;
#2217 = VERTEX_POINT ( 'NONE', #1765 ) ;
#2218 = LINE ( 'NONE', #3027, #620 ) ;
#2219 = LINE ( 'NONE', #675, #254 ) ;
#2220 = ORIENTED_EDGE ( 'NONE', *, *, #2492, .T. ) ;
#2221 = LINE ( 'NONE', #3072, #1297 ) ;
#2222 = ORIENTED_EDGE ( 'NONE', *, *, #589, .T. ) ;
#2223 = DIRECTION ( 'NONE',  ( 0.000000000000000000, 0.000000000000000000, 1.000000000000000000 ) ) ;
#2224 = CLOSED_SHELL ( 'NONE', ( #635, #2762, #640, #2807, #3323, #642, #1533, #3470, #970, #1875, #2301, #2442, #2676, #2725, #1074, #3422, #1891, #1914, #248, #3348, #2617, #2118, #1653, #71, #405, #3158, #3115, #3324, #2338, #2158, #54, #506, #1974, #2044 ) ) ;
#2225 = CARTESIAN_POINT ( 'NONE',  ( -0.1653543307086614567, 0.007874015748031495954, -0.07480314960629921850 ) ) ;
#2226 = ADVANCED_FACE ( 'NONE', ( #2282 ), #130, .F. ) ;
#2227 = AXIS2_PLACEMENT_3D ( 'NONE', #2255, #3344, #1992 ) ;
#2228 = DIRECTION ( 'NONE',  ( 0.000000000000000000, -1.000000000000000000, 0.000000000000000000 ) ) ;
#2229 = CYLINDRICAL_SURFACE ( 'NONE', #383, 0.01574803149606299191 ) ;
#2230 = EDGE_CURVE ( 'NONE', #349, #1234, #2911, .T. ) ;
#2231 = EDGE_CURVE ( 'NONE', #2567, #296, #267, .T. ) ;
#2232 = APPROVAL_STATUS ( 'not_yet_approved' ) ;
#2233 = AXIS2_PLACEMENT_3D ( 'NONE', #2149, #1363, #2457 ) ;
#2234 = CARTESIAN_POINT ( 'NONE',  ( -0.08858267716535433989, 0.1823374350353732243, 0.08858267716535433989 ) ) ;
#2235 = ORIENTED_EDGE ( 'NONE', *, *, #3411, .F. ) ;
#2236 = VERTEX_POINT ( 'NONE', #3408 ) ;
#2237 = ORIENTED_EDGE ( 'NONE', *, *, #1589, .T. ) ;
#2238 = VECTOR ( 'NONE', #344, 39.37007874015748143 ) ;
#2239 = DIRECTION ( 'NONE',  ( -1.734723475976804925E-15, 1.000000000000000000, 0.000000000000000000 ) ) ;
#2240 = CARTESIAN_POINT ( 'NONE',  ( -0.1181102362204724532, 0.1299212598425196763, 0.1181102362204724532 ) ) ;
#2241 = VECTOR ( 'NONE', #2154, 39.37007874015748143 ) ;
#2242 = ORIENTED_EDGE ( 'NONE', *, *, #1720, .F. ) ;
#2243 = FACE_OUTER_BOUND ( 'NONE', #2017, .T. ) ;
#2244 = CIRCLE ( 'NONE', #724, 0.06521687339094880964 ) ;
#2245 = ORIENTED_EDGE ( 'NONE', *, *, #621, .T. ) ;
#2246 = CARTESIAN_POINT ( 'NONE',  ( 0.1535433070866141780, 0.02755905511811023584, -0.1023622047244094613 ) ) ;
#2247 = VECTOR ( 'NONE', #2163, 39.37007874015748143 ) ;
#2248 = FACE_OUTER_BOUND ( 'NONE', #870, .T. ) ;
#2249 = AXIS2_PLACEMENT_3D ( 'NONE', #3159, #3415, #1836 ) ;
#2250 = CARTESIAN_POINT ( 'NONE',  ( -0.08858267716535433989, 0.1377952755905511861, -0.07283464566929134798 ) ) ;
#2251 = CARTESIAN_POINT ( 'NONE',  ( -0.1181102362204724532, 0.03149606299212598381, 0.07480314960629921850 ) ) ;
#2252 = APPROVAL_DATE_TIME ( #345, #298 ) ;
#2253 = EDGE_CURVE ( 'NONE', #3127, #1796, #1857, .T. ) ;
#2254 = EDGE_CURVE ( 'NONE', #3107, #1298, #1001, .T. ) ;
#2255 = CARTESIAN_POINT ( 'NONE',  ( 0.08858267716535433989, 0.1823374350353732243, 0.08858267716535433989 ) ) ;
#2256 = ORIENTED_EDGE ( 'NONE', *, *, #380, .F. ) ;
#2257 = ORIENTED_EDGE ( 'NONE', *, *, #2122, .F. ) ;
#2258 = ORIENTED_EDGE ( 'NONE', *, *, #134, .T. ) ;
#2259 = PLANE ( 'NONE',  #224 ) ;
#2260 = DIRECTION ( 'NONE',  ( 0.000000000000000000, -1.000000000000000000, 0.000000000000000000 ) ) ;
#2261 = VERTEX_POINT ( 'NONE', #1845 ) ;
#2262 = ORIENTED_EDGE ( 'NONE', *, *, #3090, .T. ) ;
#2263 = DIRECTION ( 'NONE',  ( 0.000000000000000000, -1.000000000000000000, 0.000000000000000000 ) ) ;
#2264 = ORIENTED_EDGE ( 'NONE', *, *, #1832, .T. ) ;
#2265 = CARTESIAN_POINT ( 'NONE',  ( -0.1181102362204724532, 0.03937007874015747977, 0.1023622047244094613 ) ) ;
#2266 = PLANE ( 'NONE',  #3220 ) ;
#2267 = CARTESIAN_POINT ( 'NONE',  ( 0.1181102362204724532, 0.000000000000000000, -0.1181102362204724532 ) ) ;
#2268 = CARTESIAN_POINT ( 'NONE',  ( -0.1653543307086614567, 0.003937007874015747977, 0.1023622047244094613 ) ) ;
#2269 = CARTESIAN_POINT ( 'NONE',  ( 0.000000000000000000, 0.1299212598425196763, 0.000000000000000000 ) ) ;
#2270 = EDGE_CURVE ( 'NONE', #34, #1281, #775, .T. ) ;
#2271 = APPROVAL_ROLE ( '' ) ;
#2272 = CARTESIAN_POINT ( 'NONE',  ( 0.1122047244094488277, 0.1377952755905511861, -0.1181102362204724532 ) ) ;
#2273 = ORIENTED_EDGE ( 'NONE', *, *, #3001, .T. ) ;
#2274 = VERTEX_POINT ( 'NONE', #2630 ) ;
#2275 = ADVANCED_FACE ( 'NONE', ( #745 ), #3439, .F. ) ;
#2276 = DIRECTION ( 'NONE',  ( 0.000000000000000000, 1.000000000000000000, 0.000000000000000000 ) ) ;
#2277 = CARTESIAN_POINT ( 'NONE',  ( -0.1496062992125984370, 0.02755905511811023584, 0.1023622047244094613 ) ) ;
#2278 = ORIENTED_EDGE ( 'NONE', *, *, #2299, .F. ) ;
#2279 = ORIENTED_EDGE ( 'NONE', *, *, #2671, .F. ) ;
#2280 = PLANE ( 'NONE',  #2185 ) ;
#2281 = EDGE_LOOP ( 'NONE', ( #3466, #2034 ) ) ;
#2282 = FACE_OUTER_BOUND ( 'NONE', #194, .T. ) ;
#2283 = DIRECTION ( 'NONE',  ( 0.000000000000000000, 0.000000000000000000, 1.000000000000000000 ) ) ;
#2284 = CARTESIAN_POINT ( 'NONE',  ( 8.919671568592926781E-18, 0.1377952755905511861, -0.07283464566929134798 ) ) ;
#2285 = FACE_OUTER_BOUND ( 'NONE', #3472, .T. ) ;
#2286 = VECTOR ( 'NONE', #1937, 39.37007874015748143 ) ;
#2287 = CARTESIAN_POINT ( 'NONE',  ( -0.1181102362204724532, 0.1377952755905511861, -0.1181102362204724532 ) ) ;
#2288 = ORIENTED_EDGE ( 'NONE', *, *, #2074, .F. ) ;
#2289 = CIRCLE ( 'NONE', #1282, 0.003937007874015758385 ) ;
#2290 = ORIENTED_EDGE ( 'NONE', *, *, #3111, .F. ) ;
#2291 = AXIS2_PLACEMENT_3D ( 'NONE', #917, #2523, #1990 ) ;
#2292 = PLANE ( 'NONE',  #1017 ) ;
#2293 = CARTESIAN_POINT ( 'NONE',  ( 0.000000000000000000, 0.2108980767377087451, 0.06521687339094880964 ) ) ;
#2294 = ORIENTED_EDGE ( 'NONE', *, *, #334, .F. ) ;
#2295 = EDGE_CURVE ( 'NONE', #2858, #2200, #161, .T. ) ;
#2296 = ORIENTED_EDGE ( 'NONE', *, *, #2871, .F. ) ;
#2297 = CIRCLE ( 'NONE', #716, 0.05931745287789588761 ) ;
#2298 = DIRECTION ( 'NONE',  ( 0.000000000000000000, -1.000000000000000000, 0.000000000000000000 ) ) ;
#2299 = EDGE_CURVE ( 'NONE', #1939, #657, #3198, .T. ) ;
#2300 = ORIENTED_EDGE ( 'NONE', *, *, #1590, .T. ) ;
#2301 = ADVANCED_FACE ( 'NONE', ( #2897 ), #2865, .T. ) ;
#2302 = DIRECTION ( 'NONE',  ( 0.000000000000000000, 0.000000000000000000, -1.000000000000000000 ) ) ;
#2303 = AXIS2_PLACEMENT_3D ( 'NONE', #1830, #1304, #3420 ) ;
#2304 = DIRECTION ( 'NONE',  ( 0.000000000000000000, 0.000000000000000000, 1.000000000000000000 ) ) ;
#2305 = AXIS2_PLACEMENT_3D ( 'NONE', #70, #1761, #3296 ) ;
#2306 = CARTESIAN_POINT ( 'NONE',  ( 0.08858267716535433989, 0.1141732283464566844, -0.08858267716535433989 ) ) ;
#2307 = CARTESIAN_POINT ( 'NONE',  ( -0.1122047244094488277, 0.000000000000000000, -0.1122047244094488277 ) ) ;
#2308 = AXIS2_PLACEMENT_3D ( 'NONE', #2594, #1250, #2663 ) ;
#2309 = CARTESIAN_POINT ( 'NONE',  ( -0.1496062992125984370, 0.02755905511811023584, -0.1023622047244094613 ) ) ;
#2310 = AXIS2_PLACEMENT_3D ( 'NONE', #3448, #2377, #1772 ) ;
#2311 = ORIENTED_EDGE ( 'NONE', *, *, #166, .T. ) ;
#2312 = DIRECTION ( 'NONE',  ( 1.000000000000000000, 0.000000000000000000, 0.000000000000000000 ) ) ;
#2313 = DIRECTION ( 'NONE',  ( 0.000000000000000000, 1.000000000000000000, 0.000000000000000000 ) ) ;
#2314 = ORIENTED_EDGE ( 'NONE', *, *, #1635, .T. ) ;
#2315 = EDGE_LOOP ( 'NONE', ( #2494, #447, #3306, #1650, #1784, #260, #1265, #1016, #1829, #2216, #2094, #2688 ) ) ;
#2316 = CARTESIAN_POINT ( 'NONE',  ( -0.08858267716535433989, 0.1456692913385826960, 0.08858267716535433989 ) ) ;
#2317 = EDGE_CURVE ( 'NONE', #2846, #114, #1961, .T. ) ;
#2318 = ORIENTED_EDGE ( 'NONE', *, *, #902, .F. ) ;
#2319 = DIRECTION ( 'NONE',  ( 0.000000000000000000, -1.000000000000000000, 0.000000000000000000 ) ) ;
#2320 = FACE_BOUND ( 'NONE', #212, .T. ) ;
#2321 = EDGE_CURVE ( 'NONE', #1515, #1298, #2879, .T. ) ;
#2322 = EDGE_CURVE ( 'NONE', #3372, #1597, #2536, .T. ) ;
#2323 = CARTESIAN_POINT ( 'NONE',  ( -0.08858267716535433989, 0.1299212598425196763, -0.07283464566929134798 ) ) ;
#2324 = DIRECTION ( 'NONE',  ( 0.000000000000000000, 0.000000000000000000, -1.000000000000000000 ) ) ;
#2325 = LINE ( 'NONE', #1471, #1785 ) ;
#2326 = FACE_OUTER_BOUND ( 'NONE', #13, .T. ) ;
#2327 = DIRECTION ( 'NONE',  ( 0.000000000000000000, 0.000000000000000000, 1.000000000000000000 ) ) ;
#2328 = ORIENTED_EDGE ( 'NONE', *, *, #3111, .T. ) ;
#2329 = ORIENTED_EDGE ( 'NONE', *, *, #2393, .F. ) ;
#2330 = FACE_OUTER_BOUND ( 'NONE', #3211, .T. ) ;
#2331 = ORIENTED_EDGE ( 'NONE', *, *, #2393, .T. ) ;
#2332 = FACE_OUTER_BOUND ( 'NONE', #2046, .T. ) ;
#2333 = EDGE_CURVE ( 'NONE', #1100, #1930, #733, .T. ) ;
#2334 = DIRECTION ( 'NONE',  ( 0.000000000000000000, 0.000000000000000000, 1.000000000000000000 ) ) ;
#2335 = DIRECTION ( 'NONE',  ( 0.000000000000000000, 1.000000000000000000, 0.000000000000000000 ) ) ;
#2336 = CARTESIAN_POINT ( 'NONE',  ( 0.08858267716535433989, 0.1823374350353732243, 0.07283464566929134798 ) ) ;
#2337 = CARTESIAN_POINT ( 'NONE',  ( -0.1181102362204724532, 0.03937007874015747977, -0.1023622047244094613 ) ) ;
#2338 = ADVANCED_FACE ( 'NONE', ( #1032, #2320 ), #987, .F. ) ;
#2339 = CARTESIAN_POINT ( 'NONE',  ( -0.1122047244094488277, 0.1377952755905511861, -0.1122047244094488277 ) ) ;
#2340 = EDGE_CURVE ( 'NONE', #3293, #2818, #713, .T. ) ;
#2341 = VECTOR ( 'NONE', #796, 39.37007874015748143 ) ;
#2342 = LINE ( 'NONE', #2091, #1970 ) ;
#2343 = VECTOR ( 'NONE', #2324, 39.37007874015748143 ) ;
#2344 = LINE ( 'NONE', #1276, #2397 ) ;
#2345 = ORIENTED_EDGE ( 'NONE', *, *, #2838, .T. ) ;
#2346 = ORIENTED_EDGE ( 'NONE', *, *, #2428, .T. ) ;
#2347 = LINE ( 'NONE', #3181, #673 ) ;
#2348 = AXIS2_PLACEMENT_3D ( 'NONE', #1498, #1270, #2071 ) ;
#2349 = AXIS2_PLACEMENT_3D ( 'NONE', #1156, #837, #1198 ) ;
#2350 = ORIENTED_EDGE ( 'NONE', *, *, #2743, .T. ) ;
#2351 = DIRECTION ( 'NONE',  ( 0.000000000000000000, 0.000000000000000000, 1.000000000000000000 ) ) ;
#2352 = DIRECTION ( 'NONE',  ( 1.000000000000000000, 0.000000000000000000, 0.000000000000000000 ) ) ;
#2353 = AXIS2_PLACEMENT_3D ( 'NONE', #3359, #1240, #3098 ) ;
#2354 = VERTEX_POINT ( 'NONE', #1534 ) ;
#2355 = CARTESIAN_POINT ( 'NONE',  ( -0.1535433070866141780, 0.02755905511811023584, -0.07480314960629921850 ) ) ;
#2356 = DIRECTION ( 'NONE',  ( 0.000000000000000000, 1.000000000000000000, 0.000000000000000000 ) ) ;
#2357 = VECTOR ( 'NONE', #626, 39.37007874015748143 ) ;
#2358 = EDGE_CURVE ( 'NONE', #25, #1939, #556, .T. ) ;
#2359 = CARTESIAN_POINT ( 'NONE',  ( 0.1535433070866141780, 0.02755905511811023584, 0.07480314960629921850 ) ) ;
#2360 = ADVANCED_FACE ( 'NONE', ( #3167 ), #1817, .T. ) ;
#2361 = EDGE_CURVE ( 'NONE', #892, #1593, #1126, .T. ) ;
#2362 = CARTESIAN_POINT ( 'NONE',  ( 0.1653543307086614567, -0.003937007874015747977, 0.1023622047244094613 ) ) ;
#2363 = CIRCLE ( 'NONE', #786, 0.02362204724409448092 ) ;
#2364 = DIRECTION ( 'NONE',  ( 0.000000000000000000, 0.000000000000000000, 1.000000000000000000 ) ) ;
#2365 = ORIENTED_EDGE ( 'NONE', *, *, #2253, .T. ) ;
#2366 = ORIENTED_EDGE ( 'NONE', *, *, #2428, .F. ) ;
#2367 = CARTESIAN_POINT ( 'NONE',  ( 0.1181102362204724532, 0.03149606299212598381, -0.07480314960629921850 ) ) ;
#2368 = CARTESIAN_POINT ( 'NONE',  ( -0.1653543307086614567, 0.007874015748031495954, -0.1023622047244094613 ) ) ;
#2369 = ORIENTED_EDGE ( 'NONE', *, *, #1231, .T. ) ;
#2370 = CARTESIAN_POINT ( 'NONE',  ( -0.1181102362204724532, 0.03937007874015747977, 0.1023622047244094613 ) ) ;
#2371 = DIRECTION ( 'NONE',  ( -1.000000000000000000, 0.000000000000000000, 0.000000000000000000 ) ) ;
#2372 = ORIENTED_EDGE ( 'NONE', *, *, #575, .T. ) ;
#2373 = CARTESIAN_POINT ( 'NONE',  ( 0.08858267716535433989, 0.1377952755905511861, -0.07283464566929134798 ) ) ;
#2374 = FACE_OUTER_BOUND ( 'NONE', #1742, .T. ) ;
#2375 = FACE_OUTER_BOUND ( 'NONE', #2606, .T. ) ;
#2376 = ADVANCED_FACE ( 'NONE', ( #1366 ), #2441, .T. ) ;
#2377 = DIRECTION ( 'NONE',  ( 0.000000000000000000, 1.000000000000000000, 0.000000000000000000 ) ) ;
#2378 = DIRECTION ( 'NONE',  ( 0.000000000000000000, 1.000000000000000000, 0.000000000000000000 ) ) ;
#2379 = ORIENTED_EDGE ( 'NONE', *, *, #334, .T. ) ;
#2380 = ORIENTED_EDGE ( 'NONE', *, *, #2671, .T. ) ;
#2381 = DIRECTION ( 'NONE',  ( 0.000000000000000000, 0.000000000000000000, -1.000000000000000000 ) ) ;
#2382 = EDGE_CURVE ( 'NONE', #1264, #3107, #780, .T. ) ;
#2383 = LINE ( 'NONE', #2096, #547 ) ;
#2384 = VERTEX_POINT ( 'NONE', #3283 ) ;
#2385 = EDGE_CURVE ( 'NONE', #2530, #982, #586, .T. ) ;
#2386 = DIRECTION ( 'NONE',  ( 0.000000000000000000, -1.000000000000000000, 0.000000000000000000 ) ) ;
#2387 = ORIENTED_EDGE ( 'NONE', *, *, #2498, .F. ) ;
#2388 = DIRECTION ( 'NONE',  ( 1.000000000000000000, -1.016439536705159791E-16, 0.000000000000000000 ) ) ;
#2389 = DIRECTION ( 'NONE',  ( 0.000000000000000000, -1.000000000000000000, 0.000000000000000000 ) ) ;
#2390 = DESIGN_CONTEXT ( 'detailed design', #1080, 'design' ) ;
#2391 = LINE ( 'NONE', #1901, #2190 ) ;
#2392 = CARTESIAN_POINT ( 'NONE',  ( -0.1614173228346456879, 0.007874015748031495954, 0.1023622047244094613 ) ) ;
#2393 = EDGE_CURVE ( 'NONE', #3297, #2818, #3264, .T. ) ;
#2394 = EDGE_LOOP ( 'NONE', ( #1791, #122, #1136, #944 ) ) ;
#2395 = VECTOR ( 'NONE', #3385, 39.37007874015748143 ) ;
#2396 = ORIENTED_EDGE ( 'NONE', *, *, #1586, .F. ) ;
#2397 = VECTOR ( 'NONE', #3432, 39.37007874015748143 ) ;
#2398 = DIRECTION ( 'NONE',  ( 0.000000000000000000, 0.000000000000000000, 1.000000000000000000 ) ) ;
#2399 = EDGE_CURVE ( 'NONE', #399, #914, #3247, .T. ) ;
#2400 = ORIENTED_EDGE ( 'NONE', *, *, #3216, .T. ) ;
#2401 = VECTOR ( 'NONE', #300, 39.37007874015748143 ) ;
#2402 = DIRECTION ( 'NONE',  ( 0.000000000000000000, 0.000000000000000000, 1.000000000000000000 ) ) ;
#2403 = VECTOR ( 'NONE', #358, 39.37007874015748143 ) ;
#2404 = EDGE_CURVE ( 'NONE', #1978, #1095, #571, .T. ) ;
#2405 = EDGE_CURVE ( 'NONE', #2165, #3450, #1929, .T. ) ;
#2406 = ORIENTED_EDGE ( 'NONE', *, *, #1158, .T. ) ;
#2407 = CARTESIAN_POINT ( 'NONE',  ( -0.1968503937007874127, -0.003937007874015747977, 0.1023622047244094613 ) ) ;
#2408 = FACE_OUTER_BOUND ( 'NONE', #3352, .T. ) ;
#2409 = CARTESIAN_POINT ( 'NONE',  ( 0.1181102362204724532, 0.03149606299212598381, -0.07480314960629921850 ) ) ;
#2410 = VECTOR ( 'NONE', #916, 39.37007874015748143 ) ;
#2411 = LINE ( 'NONE', #1856, #1454 ) ;
#2412 = AXIS2_PLACEMENT_3D ( 'NONE', #2482, #249, #2423 ) ;
#2413 =( CONVERSION_BASED_UNIT ( 'INCH', #3007 ) LENGTH_UNIT ( ) NAMED_UNIT ( #1822 ) );
#2414 = LINE ( 'NONE', #3502, #820 ) ;
#2415 = ORIENTED_EDGE ( 'NONE', *, *, #2056, .T. ) ;
#2416 = AXIS2_PLACEMENT_3D ( 'NONE', #2612, #2863, #429 ) ;
#2417 = ORIENTED_EDGE ( 'NONE', *, *, #463, .T. ) ;
#2418 = AXIS2_PLACEMENT_3D ( 'NONE', #1757, #941, #3085 ) ;
#2419 = CARTESIAN_POINT ( 'NONE',  ( -0.1496062992125984370, 0.03937007874015747977, 0.1023622047244094613 ) ) ;
#2420 = EDGE_LOOP ( 'NONE', ( #1302, #1564, #1583, #2920, #752, #2264, #2597, #427 ) ) ;
#2421 = FACE_OUTER_BOUND ( 'NONE', #270, .T. ) ;
#2422 = APPROVAL_PERSON_ORGANIZATION ( #386, #1824, #3289 ) ;
#2423 = DIRECTION ( 'NONE',  ( 0.000000000000000000, 0.000000000000000000, 1.000000000000000000 ) ) ;
#2424 = EDGE_CURVE ( 'NONE', #399, #2152, #3440, .T. ) ;
#2425 = ORIENTED_EDGE ( 'NONE', *, *, #1673, .T. ) ;
#2426 = DIRECTION ( 'NONE',  ( 0.000000000000000000, 0.000000000000000000, 1.000000000000000000 ) ) ;
#2427 = CARTESIAN_POINT ( 'NONE',  ( -0.1122047244094488277, 0.1377952755905511861, 0.1181102362204724532 ) ) ;
#2428 = EDGE_CURVE ( 'NONE', #107, #3315, #1633, .T. ) ;
#2429 = EDGE_CURVE ( 'NONE', #399, #211, #2244, .T. ) ;
#2430 = UNCERTAINTY_MEASURE_WITH_UNIT (LENGTH_MEASURE( 1.000000000000000082E-05 ), #2413, 'distance_accuracy_value', 'NONE');
#2431 = DIRECTION ( 'NONE',  ( 0.000000000000000000, -1.000000000000000000, 0.000000000000000000 ) ) ;
#2432 = DIRECTION ( 'NONE',  ( -1.000000000000000000, 0.000000000000000000, 0.000000000000000000 ) ) ;
#2433 = CARTESIAN_POINT ( 'NONE',  ( 0.08858267716535433989, 0.1377952755905511861, -0.07283464566929134798 ) ) ;
#2434 = DIRECTION ( 'NONE',  ( -1.000000000000000000, 0.000000000000000000, 0.000000000000000000 ) ) ;
#2435 = VERTEX_POINT ( 'NONE', #1648 ) ;
#2436 = ORIENTED_EDGE ( 'NONE', *, *, #3200, .T. ) ;
#2437 = DIRECTION ( 'NONE',  ( 0.000000000000000000, 1.000000000000000000, 0.000000000000000000 ) ) ;
#2438 = LINE ( 'NONE', #1098, #2701 ) ;
#2439 = ORIENTED_EDGE ( 'NONE', *, *, #2429, .T. ) ;
#2440 = DIRECTION ( 'NONE',  ( 0.000000000000000000, 0.000000000000000000, 1.000000000000000000 ) ) ;
#2441 = PLANE ( 'NONE',  #272 ) ;
#2442 = ADVANCED_FACE ( 'NONE', ( #317 ), #2136, .T. ) ;
#2443 = ORIENTED_EDGE ( 'NONE', *, *, #1252, .F. ) ;
#2444 = FACE_OUTER_BOUND ( 'NONE', #2799, .T. ) ;
#2445 = DIRECTION ( 'NONE',  ( 0.000000000000000000, -1.000000000000000000, 0.000000000000000000 ) ) ;
#2446 = DIRECTION ( 'NONE',  ( -1.000000000000000000, -1.734723475976804925E-15, 0.000000000000000000 ) ) ;
#2447 = CARTESIAN_POINT ( 'NONE',  ( -0.1496062992125984370, 0.03149606299212598381, -0.07480314960629921850 ) ) ;
#2448 = CARTESIAN_POINT ( 'NONE',  ( 0.1968503937007874127, -0.003937007874015747977, 0.1023622047244094613 ) ) ;
#2449 = LINE ( 'NONE', #2159, #3053 ) ;
#2450 = EDGE_CURVE ( 'NONE', #2537, #2108, #1400, .T. ) ;
#2451 = EDGE_CURVE ( 'NONE', #1905, #3230, #812, .T. ) ;
#2452 = DIRECTION ( 'NONE',  ( 0.000000000000000000, 0.000000000000000000, 1.000000000000000000 ) ) ;
#2453 = ORIENTED_EDGE ( 'NONE', *, *, #1571, .F. ) ;
#2454 = ORIENTED_EDGE ( 'NONE', *, *, #380, .T. ) ;
#2455 = ORIENTED_EDGE ( 'NONE', *, *, #2742, .T. ) ;
#2456 = LINE ( 'NONE', #30, #843 ) ;
#2457 = DIRECTION ( 'NONE',  ( 1.000000000000000000, 0.000000000000000000, 0.000000000000000000 ) ) ;
#2458 = ORIENTED_EDGE ( 'NONE', *, *, #2955, .T. ) ;
#2459 = CARTESIAN_POINT ( 'NONE',  ( 0.08858267716535433989, 0.1456692913385826960, 0.08858267716535433989 ) ) ;
#2460 = CIRCLE ( 'NONE', #1162, 0.005905511811023620231 ) ;
#2461 = AXIS2_PLACEMENT_3D ( 'NONE', #1295, #3449, #1025 ) ;
#2462 = ORIENTED_EDGE ( 'NONE', *, *, #924, .F. ) ;
#2463 = CARTESIAN_POINT ( 'NONE',  ( 0.1496062992125984370, 0.03937007874015747977, -0.1023622047244094613 ) ) ;
#2464 = CYLINDRICAL_SURFACE ( 'NONE', #323, 0.003937007874015741038 ) ;
#2465 = AXIS2_PLACEMENT_3D ( 'NONE', #2581, #3443, #3423 ) ;
#2466 = DIRECTION ( 'NONE',  ( 0.000000000000000000, 0.000000000000000000, 1.000000000000000000 ) ) ;
#2467 = CYLINDRICAL_SURFACE ( 'NONE', #2291, 0.07283464566929134798 ) ;
#2468 = VECTOR ( 'NONE', #1864, 39.37007874015748143 ) ;
#2469 = CARTESIAN_POINT ( 'NONE',  ( -0.1653543307086614567, -0.003937007874015747977, -0.07480314960629921850 ) ) ;
#2470 = EDGE_CURVE ( 'NONE', #530, #482, #2151, .T. ) ;
#2471 = VECTOR ( 'NONE', #3221, 39.37007874015748143 ) ;
#2472 = DIRECTION ( 'NONE',  ( 0.000000000000000000, 1.000000000000000000, 0.000000000000000000 ) ) ;
#2473 = LINE ( 'NONE', #2145, #659 ) ;
#2474 = VERTEX_POINT ( 'NONE', #2720 ) ;
#2475 = VERTEX_POINT ( 'NONE', #283 ) ;
#2476 = AXIS2_PLACEMENT_3D ( 'NONE', #815, #2965, #2684 ) ;
#2477 = ORIENTED_EDGE ( 'NONE', *, *, #1692, .F. ) ;
#2478 = EDGE_CURVE ( 'NONE', #1172, #606, #1069, .T. ) ;
#2479 = DIRECTION ( 'NONE',  ( 1.000000000000000000, -1.016439536705159791E-16, 0.000000000000000000 ) ) ;
#2480 = VECTOR ( 'NONE', #2298, 39.37007874015748143 ) ;
#2481 = EDGE_LOOP ( 'NONE', ( #414, #1147, #2443, #1195 ) ) ;
#2482 = CARTESIAN_POINT ( 'NONE',  ( -0.08858267716535433989, 0.1377952755905511861, -0.08858267716535433989 ) ) ;
#2483 = AXIS2_PLACEMENT_3D ( 'NONE', #864, #2975, #1362 ) ;
#2484 = VERTEX_POINT ( 'NONE', #32 ) ;
#2485 = LINE ( 'NONE', #3339, #1951 ) ;
#2486 = CARTESIAN_POINT ( 'NONE',  ( -0.1122047244094488277, 0.1299212598425196763, -0.1122047244094488277 ) ) ;
#2487 = FACE_OUTER_BOUND ( 'NONE', #743, .T. ) ;
#2488 = CARTESIAN_POINT ( 'NONE',  ( 0.1122047244094488277, 0.1377952755905511861, -0.1181102362204724532 ) ) ;
#2489 = PERSON_AND_ORGANIZATION ( #2739, #2607 ) ;
#2490 = CARTESIAN_POINT ( 'NONE',  ( -0.1181102362204724532, 0.03937007874015747977, 0.1023622047244094613 ) ) ;
#2491 = ORIENTED_EDGE ( 'NONE', *, *, #423, .F. ) ;
#2492 = EDGE_CURVE ( 'NONE', #657, #2801, #326, .T. ) ;
#2493 = ORIENTED_EDGE ( 'NONE', *, *, #2231, .F. ) ;
#2494 = ORIENTED_EDGE ( 'NONE', *, *, #2521, .T. ) ;
#2495 = FACE_OUTER_BOUND ( 'NONE', #529, .T. ) ;
#2496 = LINE ( 'NONE', #1491, #653 ) ;
#2497 = ORIENTED_EDGE ( 'NONE', *, *, #227, .T. ) ;
#2498 = EDGE_CURVE ( 'NONE', #445, #3504, #390, .T. ) ;
#2499 = CARTESIAN_POINT ( 'NONE',  ( 0.08858267716535433989, 0.1456692913385826960, -0.1122047244094488277 ) ) ;
#2500 = EDGE_CURVE ( 'NONE', #1281, #3363, #88, .T. ) ;
#2501 = ORIENTED_EDGE ( 'NONE', *, *, #1200, .T. ) ;
#2502 = PLANE ( 'NONE',  #437 ) ;
#2503 = EDGE_CURVE ( 'NONE', #1889, #51, #3330, .T. ) ;
#2504 = DIRECTION ( 'NONE',  ( 1.000000000000000000, 0.000000000000000000, 0.000000000000000000 ) ) ;
#2505 = CARTESIAN_POINT ( 'NONE',  ( -0.1653543307086614567, 0.003937007874015747977, 0.1023622047244094613 ) ) ;
#2506 = DIRECTION ( 'NONE',  ( 0.000000000000000000, 1.000000000000000000, 0.000000000000000000 ) ) ;
#2507 = CYLINDRICAL_SURFACE ( 'NONE', #1844, 0.01181102362204724046 ) ;
#2508 = EDGE_LOOP ( 'NONE', ( #1376, #572, #2993, #1305 ) ) ;
#2509 = EDGE_LOOP ( 'NONE', ( #146, #1148, #371, #2331 ) ) ;
#2510 = ORIENTED_EDGE ( 'NONE', *, *, #144, .T. ) ;
#2511 = CARTESIAN_POINT ( 'NONE',  ( -0.1535433070866141780, 0.02755905511811023584, 0.1023622047244094613 ) ) ;
#2512 = DIRECTION ( 'NONE',  ( 0.000000000000000000, -1.000000000000000000, 0.000000000000000000 ) ) ;
#2513 = ORIENTED_EDGE ( 'NONE', *, *, #1747, .T. ) ;
#2514 = DIRECTION ( 'NONE',  ( 0.000000000000000000, -1.000000000000000000, 0.000000000000000000 ) ) ;
#2515 = EDGE_CURVE ( 'NONE', #616, #2661, #2206, .T. ) ;
#2516 = ORIENTED_EDGE ( 'NONE', *, *, #2295, .T. ) ;
#2517 = CARTESIAN_POINT ( 'NONE',  ( -0.1614173228346456879, 0.02755905511811023584, -0.1023622047244094613 ) ) ;
#2518 = CLOSED_SHELL ( 'NONE', ( #1512, #2544, #1746, #1436, #821, #1723, #3015, #993, #1315, #2226, #850, #873, #654, #3041, #1500, #1372, #3138, #974, #1831, #3364 ) ) ;
#2519 = DIRECTION ( 'NONE',  ( -1.000000000000000000, -1.016439536705159791E-16, 0.000000000000000000 ) ) ;
#2520 = EDGE_CURVE ( 'NONE', #2484, #2845, #3045, .T. ) ;
#2521 = EDGE_CURVE ( 'NONE', #517, #711, #1985, .T. ) ;
#2522 = AXIS2_PLACEMENT_3D ( 'NONE', #2970, #1626, #1132 ) ;
#2523 = DIRECTION ( 'NONE',  ( 0.000000000000000000, 1.000000000000000000, 0.000000000000000000 ) ) ;
#2524 = LINE ( 'NONE', #2564, #2928 ) ;
#2525 = VECTOR ( 'NONE', #747, 39.37007874015748143 ) ;
#2526 = DATE_AND_TIME ( #1952, #2779 ) ;
#2527 = VECTOR ( 'NONE', #665, 39.37007874015748143 ) ;
#2528 = DIRECTION ( 'NONE',  ( -7.228014483236699514E-17, 0.000000000000000000, -1.000000000000000000 ) ) ;
#2529 = ORIENTED_EDGE ( 'NONE', *, *, #1183, .F. ) ;
#2530 = VERTEX_POINT ( 'NONE', #1719 ) ;
#2531 = VERTEX_POINT ( 'NONE', #1175 ) ;
#2532 = VECTOR ( 'NONE', #2708, 39.37007874015748143 ) ;
#2533 = DIRECTION ( 'NONE',  ( 0.000000000000000000, 0.000000000000000000, 1.000000000000000000 ) ) ;
#2534 = PLANE ( 'NONE',  #199 ) ;
#2535 = VERTEX_POINT ( 'NONE', #604 ) ;
#2536 = CIRCLE ( 'NONE', #3326, 0.01181102362204724046 ) ;
#2537 = VERTEX_POINT ( 'NONE', #3370 ) ;
#2538 = DIRECTION ( 'NONE',  ( 0.000000000000000000, 1.000000000000000000, 0.000000000000000000 ) ) ;
#2539 = VECTOR ( 'NONE', #2751, 39.37007874015748143 ) ;
#2540 = ORIENTED_EDGE ( 'NONE', *, *, #1876, .F. ) ;
#2541 = CARTESIAN_POINT ( 'NONE',  ( -0.1614173228346456879, 0.02755905511811023584, 0.1023622047244094613 ) ) ;
#2542 = DIRECTION ( 'NONE',  ( 1.734723475976804925E-15, -1.000000000000000000, 0.000000000000000000 ) ) ;
#2543 = CIRCLE ( 'NONE', #2308, 0.01574803149606299191 ) ;
#2544 = ADVANCED_FACE ( 'NONE', ( #2791 ), #1419, .F. ) ;
#2545 = FACE_OUTER_BOUND ( 'NONE', #3442, .T. ) ;
#2546 = AXIS2_PLACEMENT_3D ( 'NONE', #533, #2693, #1378 ) ;
#2547 = DIRECTION ( 'NONE',  ( 0.000000000000000000, 0.000000000000000000, 1.000000000000000000 ) ) ;
#2548 = EDGE_CURVE ( 'NONE', #51, #1942, #867, .T. ) ;
#2549 = DIRECTION ( 'NONE',  ( 0.000000000000000000, 0.000000000000000000, 1.000000000000000000 ) ) ;
#2550 = COORDINATED_UNIVERSAL_TIME_OFFSET ( 0, 0, .AHEAD. ) ;
#2551 = CARTESIAN_POINT ( 'NONE',  ( -0.1614173228346456879, 0.007874015748031495954, 0.1023622047244094613 ) ) ;
#2552 = ORIENTED_EDGE ( 'NONE', *, *, #2613, .F. ) ;
#2553 = CARTESIAN_POINT ( 'NONE',  ( -0.1122047244094488277, 0.000000000000000000, -0.1181102362204724532 ) ) ;
#2554 = LINE ( 'NONE', #1700, #2191 ) ;
#2555 = FACE_OUTER_BOUND ( 'NONE', #1754, .T. ) ;
#2556 = ORIENTED_EDGE ( 'NONE', *, *, #197, .F. ) ;
#2557 = EDGE_LOOP ( 'NONE', ( #960, #2314, #1325, #826 ) ) ;
#2558 = CARTESIAN_POINT ( 'NONE',  ( -0.08858267716535433989, 0.1823374350353732243, -0.1043307086614173457 ) ) ;
#2559 = VERTEX_POINT ( 'NONE', #1435 ) ;
#2560 = CARTESIAN_POINT ( 'NONE',  ( -0.08858267716535433989, 0.1299212598425196763, 0.07283464566929134798 ) ) ;
#2561 = DIRECTION ( 'NONE',  ( 0.000000000000000000, 1.000000000000000000, 0.000000000000000000 ) ) ;
#2562 = FACE_OUTER_BOUND ( 'NONE', #315, .T. ) ;
#2563 = CARTESIAN_POINT ( 'NONE',  ( -0.08858267716535433989, 0.1377952755905511861, 0.1043307086614173457 ) ) ;
#2564 = CARTESIAN_POINT ( 'NONE',  ( 0.1496062992125984370, 0.03937007874015747977, -0.1023622047244094613 ) ) ;
#2565 = DIRECTION ( 'NONE',  ( 0.000000000000000000, -1.000000000000000000, 0.000000000000000000 ) ) ;
#2566 = EDGE_LOOP ( 'NONE', ( #2002, #2068, #2031, #2288 ) ) ;
#2567 = VERTEX_POINT ( 'NONE', #929 ) ;
#2568 = ADVANCED_FACE ( 'NONE', ( #2243 ), #2025, .T. ) ;
#2569 = EDGE_CURVE ( 'NONE', #1452, #2625, #2019, .T. ) ;
#2570 = CARTESIAN_POINT ( 'NONE',  ( 0.1614173228346456879, 0.02755905511811023584, 0.1023622047244094613 ) ) ;
#2571 = DIRECTION ( 'NONE',  ( 0.000000000000000000, 0.000000000000000000, -1.000000000000000000 ) ) ;
#2572 = ORIENTED_EDGE ( 'NONE', *, *, #1257, .F. ) ;
#2573 = ORIENTED_EDGE ( 'NONE', *, *, #1674, .F. ) ;
#2574 = DIRECTION ( 'NONE',  ( 0.000000000000000000, 0.000000000000000000, 1.000000000000000000 ) ) ;
#2575 = ORIENTED_EDGE ( 'NONE', *, *, #484, .F. ) ;
#2576 = LINE ( 'NONE', #147, #3379 ) ;
#2577 = CARTESIAN_POINT ( 'NONE',  ( 0.08858267716535433989, 0.1456692913385826960, -0.08858267716535433989 ) ) ;
#2578 = LINE ( 'NONE', #149, #2023 ) ;
#2579 = DIRECTION ( 'NONE',  ( 0.000000000000000000, 0.000000000000000000, 1.000000000000000000 ) ) ;
#2580 = CIRCLE ( 'NONE', #3256, 0.01574803149606299885 ) ;
#2581 = CARTESIAN_POINT ( 'NONE',  ( -0.08858267716535433989, 0.1299212598425196763, -0.08858267716535433989 ) ) ;
#2582 = PLANE ( 'NONE',  #2876 ) ;
#2583 = VECTOR ( 'NONE', #421, 39.37007874015748143 ) ;
#2584 = DIRECTION ( 'NONE',  ( 0.000000000000000000, 0.000000000000000000, 1.000000000000000000 ) ) ;
#2585 = VECTOR ( 'NONE', #1037, 39.37007874015748143 ) ;
#2586 = LINE ( 'NONE', #1243, #1946 ) ;
#2587 = EDGE_CURVE ( 'NONE', #2746, #1811, #219, .T. ) ;
#2588 = AXIS2_PLACEMENT_3D ( 'NONE', #1497, #2851, #1044 ) ;
#2589 = CARTESIAN_POINT ( 'NONE',  ( -0.08858267716535433989, 0.1377952755905511861, 0.08858267716535433989 ) ) ;
#2590 = DIRECTION ( 'NONE',  ( 0.000000000000000000, 1.000000000000000000, 0.000000000000000000 ) ) ;
#2591 = EDGE_LOOP ( 'NONE', ( #282, #2610, #2958, #3417 ) ) ;
#2592 = ORIENTED_EDGE ( 'NONE', *, *, #512, .T. ) ;
#2593 = AXIS2_PLACEMENT_3D ( 'NONE', #2932, #239, #2915 ) ;
#2594 = CARTESIAN_POINT ( 'NONE',  ( -0.08858267716535433989, 0.1377952755905511861, -0.08858267716535433989 ) ) ;
#2595 = EDGE_CURVE ( 'NONE', #3464, #156, #3168, .T. ) ;
#2596 = VECTOR ( 'NONE', #236, 39.37007874015748143 ) ;
#2597 = ORIENTED_EDGE ( 'NONE', *, *, #1613, .F. ) ;
#2598 = CARTESIAN_POINT ( 'NONE',  ( 0.1653543307086614567, 0.003937007874015747977, -0.07480314960629921850 ) ) ;
#2599 = VECTOR ( 'NONE', #3489, 39.37007874015748143 ) ;
#2600 = VECTOR ( 'NONE', #3233, 39.37007874015748143 ) ;
#2601 = DIRECTION ( 'NONE',  ( 0.000000000000000000, -1.000000000000000000, 0.000000000000000000 ) ) ;
#2602 = DIRECTION ( 'NONE',  ( 0.000000000000000000, -1.000000000000000000, 0.000000000000000000 ) ) ;
#2603 = AXIS2_PLACEMENT_3D ( 'NONE', #1036, #2953, #2966 ) ;
#2604 = CYLINDRICAL_SURFACE ( 'NONE', #3030, 0.01181102362204725781 ) ;
#2605 = CIRCLE ( 'NONE', #906, 0.003937007874015741038 ) ;
#2606 = EDGE_LOOP ( 'NONE', ( #1632, #2529, #1381, #2895 ) ) ;
#2607 = ORGANIZATION ( 'UNSPECIFIED', 'UNSPECIFIED', '' ) ;
#2608 = DIRECTION ( 'NONE',  ( 1.000000000000000000, 0.000000000000000000, 0.000000000000000000 ) ) ;
#2609 = CARTESIAN_POINT ( 'NONE',  ( 7.986763524862365680E-18, 0.2108980767377087451, -0.06521687339094880964 ) ) ;
#2610 = ORIENTED_EDGE ( 'NONE', *, *, #450, .F. ) ;
#2611 = ORIENTED_EDGE ( 'NONE', *, *, #1269, .F. ) ;
#2612 = CARTESIAN_POINT ( 'NONE',  ( -0.08858267716535433989, 0.1456692913385826960, 0.08858267716535433989 ) ) ;
#2613 = EDGE_CURVE ( 'NONE', #1172, #1715, #890, .T. ) ;
#2614 = VERTEX_POINT ( 'NONE', #1196 ) ;
#2615 = CARTESIAN_POINT ( 'NONE',  ( 0.1122047244094488277, 0.1299212598425196763, -0.1122047244094488277 ) ) ;
#2616 = EDGE_CURVE ( 'NONE', #2996, #1448, #2221, .T. ) ;
#2617 = ADVANCED_FACE ( 'NONE', ( #1455 ), #112, .F. ) ;
#2618 = DIRECTION ( 'NONE',  ( 0.000000000000000000, -1.000000000000000000, 0.000000000000000000 ) ) ;
#2619 = DIRECTION ( 'NONE',  ( 0.000000000000000000, 1.000000000000000000, 0.000000000000000000 ) ) ;
#2620 = CARTESIAN_POINT ( 'NONE',  ( -0.1122047244094488277, 0.1299212598425196763, -0.1181102362204724532 ) ) ;
#2621 = FACE_OUTER_BOUND ( 'NONE', #1528, .T. ) ;
#2622 = DIRECTION ( 'NONE',  ( 0.000000000000000000, -1.000000000000000000, 0.000000000000000000 ) ) ;
#2623 = CYLINDRICAL_SURFACE ( 'NONE', #2249, 0.01574803149606299191 ) ;
#2624 = CARTESIAN_POINT ( 'NONE',  ( -0.1496062992125984370, 0.03149606299212598381, 0.1023622047244094613 ) ) ;
#2625 = VERTEX_POINT ( 'NONE', #3089 ) ;
#2626 = ORIENTED_EDGE ( 'NONE', *, *, #2935, .F. ) ;
#2627 = DIRECTION ( 'NONE',  ( 0.000000000000000000, 0.000000000000000000, 1.000000000000000000 ) ) ;
#2628 = ORIENTED_EDGE ( 'NONE', *, *, #2792, .T. ) ;
#2629 = DIRECTION ( 'NONE',  ( 0.000000000000000000, 1.000000000000000000, 0.000000000000000000 ) ) ;
#2630 = CARTESIAN_POINT ( 'NONE',  ( 0.08858267716535433989, 0.1299212598425196763, 0.1043307086614173457 ) ) ;
#2631 = EDGE_LOOP ( 'NONE', ( #1926, #440, #3063, #1445 ) ) ;
#2632 = CARTESIAN_POINT ( 'NONE',  ( 0.1181102362204724532, 0.03937007874015747977, 0.1023622047244094613 ) ) ;
#2633 = DIRECTION ( 'NONE',  ( 0.000000000000000000, 0.000000000000000000, 1.000000000000000000 ) ) ;
#2634 = EDGE_CURVE ( 'NONE', #1084, #907, #1965, .T. ) ;
#2635 = CARTESIAN_POINT ( 'NONE',  ( 0.08858267716535433989, 0.1377952755905511861, 0.1043307086614173457 ) ) ;
#2636 = CLOSED_SHELL ( 'NONE', ( #2656, #1767, #1981, #576, #1812, #1853, #284, #592, #185, #1933, #1118, #2936, #791, #2139 ) ) ;
#2637 = DIRECTION ( 'NONE',  ( 0.000000000000000000, 0.000000000000000000, -1.000000000000000000 ) ) ;
#2638 = VECTOR ( 'NONE', #204, 39.37007874015748143 ) ;
#2639 = LINE ( 'NONE', #444, #2810 ) ;
#2640 = ORIENTED_EDGE ( 'NONE', *, *, #614, .F. ) ;
#2641 = ORIENTED_EDGE ( 'NONE', *, *, #2014, .T. ) ;
#2642 = CARTESIAN_POINT ( 'NONE',  ( -0.08858267716535433989, 0.1141732283464566844, 0.08858267716535433989 ) ) ;
#2643 = VECTOR ( 'NONE', #588, 39.37007874015748143 ) ;
#2644 = FACE_OUTER_BOUND ( 'NONE', #2093, .T. ) ;
#2645 = CIRCLE ( 'NONE', #154, 0.02362204724409448092 ) ;
#2646 = ORIENTED_EDGE ( 'NONE', *, *, #423, .T. ) ;
#2647 = DIRECTION ( 'NONE',  ( 1.000000000000000000, 0.000000000000000000, 0.000000000000000000 ) ) ;
#2648 = CIRCLE ( 'NONE', #322, 0.003937007874015741038 ) ;
#2649 = EDGE_CURVE ( 'NONE', #1593, #221, #1477, .T. ) ;
#2650 = ORIENTED_EDGE ( 'NONE', *, *, #2358, .T. ) ;
#2651 = DIRECTION ( 'NONE',  ( 1.000000000000000000, 0.000000000000000000, 0.000000000000000000 ) ) ;
#2652 = CIRCLE ( 'NONE', #2125, 0.01181102362204724046 ) ;
#2653 = CARTESIAN_POINT ( 'NONE',  ( 0.1968503937007874127, 0.003937007874015747977, -0.07480314960629921850 ) ) ;
#2654 = CIRCLE ( 'NONE', #3223, 0.01181102362204724046 ) ;
#2655 = DIRECTION ( 'NONE',  ( 0.000000000000000000, 1.000000000000000000, 0.000000000000000000 ) ) ;
#2656 = ADVANCED_FACE ( 'NONE', ( #1214 ), #2280, .F. ) ;
#2657 = DIRECTION ( 'NONE',  ( -1.000000000000000000, 0.000000000000000000, 0.000000000000000000 ) ) ;
#2658 = AXIS2_PLACEMENT_3D ( 'NONE', #50, #246, #295 ) ;
#2659 = CARTESIAN_POINT ( 'NONE',  ( 0.08858267716535433989, 0.1299212598425196763, 0.07283464566929134798 ) ) ;
#2660 = CIRCLE ( 'NONE', #1973, 0.003937007874015758385 ) ;
#2661 = VERTEX_POINT ( 'NONE', #500 ) ;
#2662 = ORIENTED_EDGE ( 'NONE', *, *, #1610, .T. ) ;
#2663 = DIRECTION ( 'NONE',  ( 0.000000000000000000, 0.000000000000000000, 1.000000000000000000 ) ) ;
#2664 = DIRECTION ( 'NONE',  ( 0.000000000000000000, -1.000000000000000000, 0.000000000000000000 ) ) ;
#2665 = ORIENTED_EDGE ( 'NONE', *, *, #3447, .T. ) ;
#2666 = DIRECTION ( 'NONE',  ( -1.000000000000000000, 0.000000000000000000, 0.000000000000000000 ) ) ;
#2667 = ORIENTED_EDGE ( 'NONE', *, *, #287, .F. ) ;
#2668 = CARTESIAN_POINT ( 'NONE',  ( -0.1535433070866141780, 0.007874015748031495954, 0.07480314960629921850 ) ) ;
#2669 = DIRECTION ( 'NONE',  ( 0.000000000000000000, 0.000000000000000000, -1.000000000000000000 ) ) ;
#2670 = CARTESIAN_POINT ( 'NONE',  ( 0.08858267716535433989, 0.1299212598425196763, -0.1043307086614173457 ) ) ;
#2671 = EDGE_CURVE ( 'NONE', #3464, #2109, #2922, .T. ) ;
#2672 = CARTESIAN_POINT ( 'NONE',  ( -0.1535433070866141780, 0.02755905511811023584, 0.1023622047244094613 ) ) ;
#2673 = LINE ( 'NONE', #1656, #29 ) ;
#2674 = ORIENTED_EDGE ( 'NONE', *, *, #1355, .F. ) ;
#2675 = ORIENTED_EDGE ( 'NONE', *, *, #3491, .T. ) ;
#2676 = ADVANCED_FACE ( 'NONE', ( #2877 ), #1828, .T. ) ;
#2677 = EDGE_CURVE ( 'NONE', #1084, #445, #2347, .T. ) ;
#2678 = CARTESIAN_POINT ( 'NONE',  ( -0.1181102362204724532, 0.03937007874015747977, 0.1023622047244094613 ) ) ;
#2679 = DIRECTION ( 'NONE',  ( 0.000000000000000000, 0.000000000000000000, -1.000000000000000000 ) ) ;
#2680 = ORIENTED_EDGE ( 'NONE', *, *, #120, .T. ) ;
#2681 = CARTESIAN_POINT ( 'NONE',  ( 0.1968503937007874127, -0.003937007874015747977, -0.1023622047244094613 ) ) ;
#2682 = VERTEX_POINT ( 'NONE', #3406 ) ;
#2683 = CARTESIAN_POINT ( 'NONE',  ( -0.1181102362204724532, 0.03937007874015747977, -0.07480314960629921850 ) ) ;
#2684 = DIRECTION ( 'NONE',  ( 0.000000000000000000, 0.000000000000000000, -1.000000000000000000 ) ) ;
#2685 = DIRECTION ( 'NONE',  ( 0.000000000000000000, 1.000000000000000000, 0.000000000000000000 ) ) ;
#2686 = DIRECTION ( 'NONE',  ( 0.000000000000000000, 1.000000000000000000, 0.000000000000000000 ) ) ;
#2687 = DIRECTION ( 'NONE',  ( 0.000000000000000000, 0.000000000000000000, 1.000000000000000000 ) ) ;
#2688 = ORIENTED_EDGE ( 'NONE', *, *, #3276, .T. ) ;
#2689 = CIRCLE ( 'NONE', #3157, 0.02362204724409448092 ) ;
#2690 = EDGE_CURVE ( 'NONE', #1393, #3404, #2654, .T. ) ;
#2691 = EDGE_LOOP ( 'NONE', ( #498, #2575, #338, #1544 ) ) ;
#2692 = AXIS2_PLACEMENT_3D ( 'NONE', #2287, #2857, #3174 ) ;
#2693 = DIRECTION ( 'NONE',  ( 0.000000000000000000, 0.000000000000000000, -1.000000000000000000 ) ) ;
#2694 = DIRECTION ( 'NONE',  ( 0.000000000000000000, -1.000000000000000000, 0.000000000000000000 ) ) ;
#2695 = ADVANCED_FACE ( 'NONE', ( #3194 ), #1346, .T. ) ;
#2696 = ORIENTED_EDGE ( 'NONE', *, *, #1231, .F. ) ;
#2697 = EDGE_CURVE ( 'NONE', #482, #771, #164, .T. ) ;
#2698 = AXIS2_PLACEMENT_3D ( 'NONE', #1322, #2175, #3271 ) ;
#2699 = DIRECTION ( 'NONE',  ( 0.000000000000000000, -1.000000000000000000, 0.000000000000000000 ) ) ;
#2700 = AXIS2_PLACEMENT_3D ( 'NONE', #1967, #628, #1706 ) ;
#2701 = VECTOR ( 'NONE', #3125, 39.37007874015748143 ) ;
#2702 = ORIENTED_EDGE ( 'NONE', *, *, #307, .T. ) ;
#2703 = DIRECTION ( 'NONE',  ( 0.000000000000000000, 0.000000000000000000, 1.000000000000000000 ) ) ;
#2704 = CARTESIAN_POINT ( 'NONE',  ( 0.1614173228346456879, 0.007874015748031495954, 0.07480314960629921850 ) ) ;
#2705 = AXIS2_PLACEMENT_3D ( 'NONE', #1536, #2619, #187 ) ;
#2706 = LINE ( 'NONE', #226, #1406 ) ;
#2707 = AXIS2_PLACEMENT_3D ( 'NONE', #2756, #2194, #3286 ) ;
#2708 = DIRECTION ( 'NONE',  ( 0.000000000000000000, 1.000000000000000000, 0.000000000000000000 ) ) ;
#2709 = AXIS2_PLACEMENT_3D ( 'NONE', #1140, #2574, #1494 ) ;
#2710 = CARTESIAN_POINT ( 'NONE',  ( 0.1535433070866141780, 0.02755905511811023584, 0.07480314960629921850 ) ) ;
#2711 = DIRECTION ( 'NONE',  ( 0.000000000000000000, -1.000000000000000000, 0.000000000000000000 ) ) ;
#2712 = EDGE_LOOP ( 'NONE', ( #2016, #179, #1833, #372 ) ) ;
#2713 = AXIS2_PLACEMENT_3D ( 'NONE', #2316, #480, #1542 ) ;
#2714 = ORIENTED_EDGE ( 'NONE', *, *, #3426, .F. ) ;
#2715 = CIRCLE ( 'NONE', #277, 0.003937007874015741038 ) ;
#2716 = CC_DESIGN_DATE_AND_TIME_ASSIGNMENT ( #2526, #1694, ( #1472 ) ) ;
#2717 = FACE_OUTER_BOUND ( 'NONE', #3353, .T. ) ;
#2718 = CARTESIAN_POINT ( 'NONE',  ( -0.08858267716535433989, 0.1377952755905511861, 0.1043307086614173457 ) ) ;
#2719 = EDGE_LOOP ( 'NONE', ( #47, #472 ) ) ;
#2720 = CARTESIAN_POINT ( 'NONE',  ( 0.1181102362204724532, 0.03149606299212598381, 0.07480314960629921850 ) ) ;
#2721 = ORIENTED_EDGE ( 'NONE', *, *, #2595, .F. ) ;
#2722 = FACE_OUTER_BOUND ( 'NONE', #1167, .T. ) ;
#2723 = DIRECTION ( 'NONE',  ( 0.000000000000000000, 0.000000000000000000, -1.000000000000000000 ) ) ;
#2724 = EDGE_CURVE ( 'NONE', #114, #2058, #1510, .T. ) ;
#2725 = ADVANCED_FACE ( 'NONE', ( #214 ), #467, .T. ) ;
#2726 = LINE ( 'NONE', #1308, #1467 ) ;
#2727 = CARTESIAN_POINT ( 'NONE',  ( 0.1653543307086614567, -0.003937007874015747977, 0.07480314960629921850 ) ) ;
#2728 = DIRECTION ( 'NONE',  ( 0.000000000000000000, 0.000000000000000000, 1.000000000000000000 ) ) ;
#2729 = DIRECTION ( 'NONE',  ( 0.000000000000000000, 0.000000000000000000, 1.000000000000000000 ) ) ;
#2730 = ORIENTED_EDGE ( 'NONE', *, *, #3395, .F. ) ;
#2731 = ORIENTED_EDGE ( 'NONE', *, *, #744, .F. ) ;
#2732 = ORIENTED_EDGE ( 'NONE', *, *, #2020, .T. ) ;
#2733 = PLANE ( 'NONE',  #2546 ) ;
#2734 = ORIENTED_EDGE ( 'NONE', *, *, #3384, .T. ) ;
#2735 = DIRECTION ( 'NONE',  ( 1.000000000000000000, 0.000000000000000000, 0.000000000000000000 ) ) ;
#2736 = CARTESIAN_POINT ( 'NONE',  ( 0.1535433070866141780, 0.02755905511811023584, -0.07480314960629921850 ) ) ;
#2737 = ORIENTED_EDGE ( 'NONE', *, *, #3176, .F. ) ;
#2738 = DIRECTION ( 'NONE',  ( 1.000000000000000000, 0.000000000000000000, 0.000000000000000000 ) ) ;
#2739 = PERSON ( 'UNSPECIFIED', 'UNSPECIFIED', 'UNSPECIFIED', ('UNSPECIFIED'), ('UNSPECIFIED'), ('UNSPECIFIED') ) ;
#2740 = CARTESIAN_POINT ( 'NONE',  ( 0.1653543307086614567, -0.003937007874015747977, 0.1023622047244094613 ) ) ;
#2741 = PLANE ( 'NONE',  #1524 ) ;
#2742 = EDGE_CURVE ( 'NONE', #3008, #2134, #3389, .T. ) ;
#2743 = EDGE_CURVE ( 'NONE', #1636, #2961, #964, .T. ) ;
#2744 = DIRECTION ( 'NONE',  ( 0.000000000000000000, 0.000000000000000000, 1.000000000000000000 ) ) ;
#2745 = DIRECTION ( 'NONE',  ( 0.000000000000000000, 0.000000000000000000, -1.000000000000000000 ) ) ;
#2746 = VERTEX_POINT ( 'NONE', #195 ) ;
#2747 = VERTEX_POINT ( 'NONE', #3128 ) ;
#2748 = ORIENTED_EDGE ( 'NONE', *, *, #2952, .F. ) ;
#2749 = DIRECTION ( 'NONE',  ( 0.000000000000000000, -1.000000000000000000, 0.000000000000000000 ) ) ;
#2750 = VERTEX_POINT ( 'NONE', #3452 ) ;
#2751 = DIRECTION ( 'NONE',  ( 1.734723475976804925E-15, -1.000000000000000000, 0.000000000000000000 ) ) ;
#2752 = AXIS2_PLACEMENT_3D ( 'NONE', #2234, #2565, #3327 ) ;
#2753 = VECTOR ( 'NONE', #784, 39.37007874015748143 ) ;
#2754 = EDGE_LOOP ( 'NONE', ( #3380, #2991, #1228, #497, #1114, #808, #1155, #2921, #583, #757, #3418, #87 ) ) ;
#2755 = CARTESIAN_POINT ( 'NONE',  ( -0.1968503937007874127, -0.003937007874015747977, 0.1023622047244094613 ) ) ;
#2756 = CARTESIAN_POINT ( 'NONE',  ( -0.08858267716535433989, 0.1377952755905511861, 0.08858267716535433989 ) ) ;
#2757 = CIRCLE ( 'NONE', #150, 0.02362204724409448092 ) ;
#2758 = ADVANCED_FACE ( 'NONE', ( #1279 ), #968, .F. ) ;
#2759 = FACE_BOUND ( 'NONE', #1215, .T. ) ;
#2760 = AXIS2_PLACEMENT_3D ( 'NONE', #2830, #400, #1479 ) ;
#2761 = LINE ( 'NONE', #325, #2238 ) ;
#2762 = ADVANCED_FACE ( 'NONE', ( #2330 ), #1530, .T. ) ;
#2763 = APPROVAL_DATE_TIME ( #119, #90 ) ;
#2764 = LINE ( 'NONE', #103, #2010 ) ;
#2765 = VERTEX_POINT ( 'NONE', #1014 ) ;
#2766 = ORIENTED_EDGE ( 'NONE', *, *, #702, .T. ) ;
#2767 = AXIS2_PLACEMENT_3D ( 'NONE', #1255, #1582, #2666 ) ;
#2768 = EDGE_CURVE ( 'NONE', #3407, #3297, #1776, .T. ) ;
#2769 = DIRECTION ( 'NONE',  ( 1.000000000000000000, 0.000000000000000000, 0.000000000000000000 ) ) ;
#2770 = AXIS2_PLACEMENT_3D ( 'NONE', #2979, #1068, #2948 ) ;
#2771 = DIRECTION ( 'NONE',  ( 0.000000000000000000, 0.000000000000000000, -1.000000000000000000 ) ) ;
#2772 = ORIENTED_EDGE ( 'NONE', *, *, #1139, .F. ) ;
#2773 = DIRECTION ( 'NONE',  ( 0.000000000000000000, 0.000000000000000000, -1.000000000000000000 ) ) ;
#2774 = VECTOR ( 'NONE', #584, 39.37007874015748143 ) ;
#2775 = AXIS2_PLACEMENT_3D ( 'NONE', #7, #3226, #2179 ) ;
#2776 = EDGE_LOOP ( 'NONE', ( #3391, #1402, #1138, #1924 ) ) ;
#2777 = LINE ( 'NONE', #2541, #543 ) ;
#2778 = DIRECTION ( 'NONE',  ( 0.000000000000000000, 0.000000000000000000, 1.000000000000000000 ) ) ;
#2779 = LOCAL_TIME ( 16, 4, 34.00000000000000000, #879 ) ;
#2780 = LINE ( 'NONE', #934, #3099 ) ;
#2781 = CARTESIAN_POINT ( 'NONE',  ( -0.08858267716535433989, 0.1377952755905511861, -0.1043307086614173457 ) ) ;
#2782 = SECURITY_CLASSIFICATION_LEVEL ( 'unclassified' ) ;
#2783 = DIRECTION ( 'NONE',  ( 0.000000000000000000, 1.000000000000000000, 0.000000000000000000 ) ) ;
#2784 = ORIENTED_EDGE ( 'NONE', *, *, #3237, .T. ) ;
#2785 = ORIENTED_EDGE ( 'NONE', *, *, #2317, .F. ) ;
#2786 = ORIENTED_EDGE ( 'NONE', *, *, #1385, .T. ) ;
#2787 = DIRECTION ( 'NONE',  ( 0.000000000000000000, -1.000000000000000000, 0.000000000000000000 ) ) ;
#2788 = CARTESIAN_POINT ( 'NONE',  ( 0.08858267716535433989, 0.1823374350353732243, -0.08858267716535433989 ) ) ;
#2789 = EDGE_LOOP ( 'NONE', ( #1488, #3046 ) ) ;
#2790 = EDGE_CURVE ( 'NONE', #616, #619, #2938, .T. ) ;
#2791 = FACE_OUTER_BOUND ( 'NONE', #1412, .T. ) ;
#2792 = EDGE_CURVE ( 'NONE', #1696, #2170, #2543, .T. ) ;
#2793 = ORIENTED_EDGE ( 'NONE', *, *, #100, .T. ) ;
#2794 = CARTESIAN_POINT ( 'NONE',  ( -0.1614173228346456879, 0.02755905511811023584, -0.07480314960629921850 ) ) ;
#2795 = PLANE ( 'NONE',  #1745 ) ;
#2796 = FACE_OUTER_BOUND ( 'NONE', #923, .T. ) ;
#2797 = CALENDAR_DATE ( 2024, 13, 5 ) ;
#2798 = DIRECTION ( 'NONE',  ( 0.000000000000000000, 0.000000000000000000, 1.000000000000000000 ) ) ;
#2799 = EDGE_LOOP ( 'NONE', ( #2714, #599, #2425, #1775 ) ) ;
#2800 = ORIENTED_EDGE ( 'NONE', *, *, #2361, .T. ) ;
#2801 = VERTEX_POINT ( 'NONE', #3212 ) ;
#2802 = DIRECTION ( 'NONE',  ( 0.000000000000000000, 0.000000000000000000, 1.000000000000000000 ) ) ;
#2803 = ADVANCED_FACE ( 'NONE', ( #774 ), #1043, .F. ) ;
#2804 = CARTESIAN_POINT ( 'NONE',  ( 0.08858267716535433989, 0.1823374350353732243, -0.07283464566929134798 ) ) ;
#2805 = ORIENTED_EDGE ( 'NONE', *, *, #3371, .F. ) ;
#2806 = DIRECTION ( 'NONE',  ( -1.000000000000000000, -1.016439536705159791E-16, 0.000000000000000000 ) ) ;
#2807 = ADVANCED_FACE ( 'NONE', ( #1863 ), #233, .T. ) ;
#2808 = ORIENTED_EDGE ( 'NONE', *, *, #853, .F. ) ;
#2809 = DIRECTION ( 'NONE',  ( -1.000000000000000000, 0.000000000000000000, 0.000000000000000000 ) ) ;
#2810 = VECTOR ( 'NONE', #1527, 39.37007874015748143 ) ;
#2811 = CARTESIAN_POINT ( 'NONE',  ( 0.1181102362204724532, 0.1299212598425196763, 0.1122047244094488277 ) ) ;
#2812 = FACE_BOUND ( 'NONE', #3091, .T. ) ;
#2813 = CARTESIAN_POINT ( 'NONE',  ( 0.08858267716535433989, 0.1299212598425196763, -0.08858267716535433989 ) ) ;
#2814 = VECTOR ( 'NONE', #2866, 39.37007874015748143 ) ;
#2815 = DATE_AND_TIME ( #1975, #398 ) ;
#2816 = AXIS2_PLACEMENT_3D ( 'NONE', #1842, #2924, #2579 ) ;
#2817 = CARTESIAN_POINT ( 'NONE',  ( -0.1181102362204724532, 0.1299212598425196763, 0.1122047244094488277 ) ) ;
#2818 = VERTEX_POINT ( 'NONE', #3340 ) ;
#2819 = ORIENTED_EDGE ( 'NONE', *, *, #919, .F. ) ;
#2820 = VECTOR ( 'NONE', #842, 39.37007874015748143 ) ;
#2821 = CARTESIAN_POINT ( 'NONE',  ( 0.1614173228346456879, 0.02755905511811023584, 0.07480314960629921850 ) ) ;
#2822 = DIRECTION ( 'NONE',  ( 0.000000000000000000, 1.000000000000000000, 0.000000000000000000 ) ) ;
#2823 = ORIENTED_EDGE ( 'NONE', *, *, #448, .T. ) ;
#2824 = AXIS2_PLACEMENT_3D ( 'NONE', #253, #1073, #1638 ) ;
#2825 = ORIENTED_EDGE ( 'NONE', *, *, #100, .F. ) ;
#2826 = DIRECTION ( 'NONE',  ( 1.000000000000000000, 0.000000000000000000, 0.000000000000000000 ) ) ;
#2827 = CC_DESIGN_PERSON_AND_ORGANIZATION_ASSIGNMENT ( #2839, #1728, ( #3082 ) ) ;
#2828 = VECTOR ( 'NONE', #3109, 39.37007874015748143 ) ;
#2829 = ORIENTED_EDGE ( 'NONE', *, *, #2980, .F. ) ;
#2830 = CARTESIAN_POINT ( 'NONE',  ( 0.1181102362204724532, 0.03149606299212598381, 0.1023622047244094613 ) ) ;
#2831 = CIRCLE ( 'NONE', #3048, 0.02362204724409448092 ) ;
#2832 = CARTESIAN_POINT ( 'NONE',  ( 0.1181102362204724532, 0.03937007874015747977, -0.1023622047244094613 ) ) ;
#2833 = VECTOR ( 'NONE', #256, 39.37007874015748143 ) ;
#2834 = DIRECTION ( 'NONE',  ( -1.000000000000000000, 0.000000000000000000, 0.000000000000000000 ) ) ;
#2835 = LINE ( 'NONE', #404, #1449 ) ;
#2836 = DIRECTION ( 'NONE',  ( 0.000000000000000000, 0.000000000000000000, -1.000000000000000000 ) ) ;
#2837 = EDGE_CURVE ( 'NONE', #1811, #1375, #74, .T. ) ;
#2838 = EDGE_CURVE ( 'NONE', #3122, #2530, #3075, .T. ) ;
#2839 = PERSON_AND_ORGANIZATION ( #2739, #2607 ) ;
#2840 = CARTESIAN_POINT ( 'NONE',  ( -0.08858267716535433989, 0.1456692913385826960, 0.06496062992125986590 ) ) ;
#2841 = EDGE_LOOP ( 'NONE', ( #1868, #799 ) ) ;
#2842 = LINE ( 'NONE', #410, #369 ) ;
#2843 = DIRECTION ( 'NONE',  ( 0.000000000000000000, 0.000000000000000000, 1.000000000000000000 ) ) ;
#2844 = CARTESIAN_POINT ( 'NONE',  ( 0.000000000000000000, 0.1299212598425196763, 0.000000000000000000 ) ) ;
#2845 = VERTEX_POINT ( 'NONE', #1254 ) ;
#2846 = VERTEX_POINT ( 'NONE', #1031 ) ;
#2847 = CARTESIAN_POINT ( 'NONE',  ( -0.1614173228346456879, 0.02755905511811023584, 0.1023622047244094613 ) ) ;
#2848 = EDGE_LOOP ( 'NONE', ( #3201, #554, #688, #2202 ) ) ;
#2849 = DIRECTION ( 'NONE',  ( -1.000000000000000000, 0.000000000000000000, 0.000000000000000000 ) ) ;
#2850 = DIRECTION ( 'NONE',  ( 0.000000000000000000, 0.000000000000000000, 1.000000000000000000 ) ) ;
#2851 = DIRECTION ( 'NONE',  ( -1.000000000000000000, 0.000000000000000000, 0.000000000000000000 ) ) ;
#2852 = EDGE_CURVE ( 'NONE', #1452, #1905, #169, .T. ) ;
#2853 = CARTESIAN_POINT ( 'NONE',  ( -0.08858267716535433989, 0.1456692913385826960, -0.1122047244094488277 ) ) ;
#2854 = DIRECTION ( 'NONE',  ( 0.000000000000000000, 0.000000000000000000, 1.000000000000000000 ) ) ;
#2855 = ADVANCED_FACE ( 'NONE', ( #3130 ), #3184, .T. ) ;
#2856 = EDGE_CURVE ( 'NONE', #1523, #1227, #1634, .T. ) ;
#2857 = DIRECTION ( 'NONE',  ( 1.000000000000000000, 0.000000000000000000, 0.000000000000000000 ) ) ;
#2858 = VERTEX_POINT ( 'NONE', #3197 ) ;
#2859 = CYLINDRICAL_SURFACE ( 'NONE', #1384, 0.005905511811023620231 ) ;
#2860 = DIRECTION ( 'NONE',  ( 0.000000000000000000, -1.000000000000000000, 0.000000000000000000 ) ) ;
#2861 = ORIENTED_EDGE ( 'NONE', *, *, #1139, .T. ) ;
#2862 = ORIENTED_EDGE ( 'NONE', *, *, #359, .F. ) ;
#2863 = DIRECTION ( 'NONE',  ( 0.000000000000000000, 1.000000000000000000, 0.000000000000000000 ) ) ;
#2864 = ORIENTED_EDGE ( 'NONE', *, *, #2634, .F. ) ;
#2865 = SPHERICAL_SURFACE ( 'NONE', #3039, 0.03937007874015747977 ) ;
#2866 = DIRECTION ( 'NONE',  ( 0.000000000000000000, 1.000000000000000000, 0.000000000000000000 ) ) ;
#2867 = DIRECTION ( 'NONE',  ( 0.000000000000000000, 0.000000000000000000, -1.000000000000000000 ) ) ;
#2868 = VECTOR ( 'NONE', #2434, 39.37007874015748143 ) ;
#2869 = AXIS2_PLACEMENT_3D ( 'NONE', #2306, #2618, #1518 ) ;
#2870 = CARTESIAN_POINT ( 'NONE',  ( 0.1181102362204724532, 0.1299212598425196763, -0.1122047244094488277 ) ) ;
#2871 = EDGE_CURVE ( 'NONE', #2765, #2354, #2391, .T. ) ;
#2872 = AXIS2_PLACEMENT_3D ( 'NONE', #1000, #2003, #2069 ) ;
#2873 = DIRECTION ( 'NONE',  ( 0.000000000000000000, 0.000000000000000000, -1.000000000000000000 ) ) ;
#2874 = ORIENTED_EDGE ( 'NONE', *, *, #3022, .T. ) ;
#2875 = VERTEX_POINT ( 'NONE', #3498 ) ;
#2876 = AXIS2_PLACEMENT_3D ( 'NONE', #153, #3078, #384 ) ;
#2877 = FACE_OUTER_BOUND ( 'NONE', #1447, .T. ) ;
#2878 = EDGE_CURVE ( 'NONE', #1942, #536, #2706, .T. ) ;
#2879 = CIRCLE ( 'NONE', #1344, 0.01181102362204724046 ) ;
#2880 = ORIENTED_EDGE ( 'NONE', *, *, #144, .F. ) ;
#2881 = DIRECTION ( 'NONE',  ( 1.000000000000000000, -1.016439536705159791E-16, 0.000000000000000000 ) ) ;
#2882 = AXIS2_PLACEMENT_3D ( 'NONE', #2459, #524, #1614 ) ;
#2883 = CIRCLE ( 'NONE', #1350, 0.005905511811023620231 ) ;
#2884 = CYLINDRICAL_SURFACE ( 'NONE', #1621, 0.005905511811023620231 ) ;
#2885 = CARTESIAN_POINT ( 'NONE',  ( 0.1122047244094488277, 0.1299212598425196763, -0.1181102362204724532 ) ) ;
#2886 = DIRECTION ( 'NONE',  ( 0.000000000000000000, 0.000000000000000000, 1.000000000000000000 ) ) ;
#2887 = APPROVAL_PERSON_ORGANIZATION ( #1468, #298, #2271 ) ;
#2888 = LINE ( 'NONE', #137, #485 ) ;
#2889 = DIRECTION ( 'NONE',  ( 0.000000000000000000, 0.000000000000000000, -1.000000000000000000 ) ) ;
#2890 = DIRECTION ( 'NONE',  ( 0.000000000000000000, 0.000000000000000000, 1.000000000000000000 ) ) ;
#2891 = PLANE ( 'NONE',  #491 ) ;
#2892 = EDGE_LOOP ( 'NONE', ( #1296, #340, #142, #1963 ) ) ;
#2893 = ORIENTED_EDGE ( 'NONE', *, *, #903, .T. ) ;
#2894 = DIRECTION ( 'NONE',  ( 0.000000000000000000, 0.000000000000000000, 1.000000000000000000 ) ) ;
#2895 = ORIENTED_EDGE ( 'NONE', *, *, #1356, .T. ) ;
#2896 = ADVANCED_FACE ( 'NONE', ( #2375 ), #1921, .T. ) ;
#2897 = FACE_OUTER_BOUND ( 'NONE', #3002, .T. ) ;
#2898 = LINE ( 'NONE', #1781, #1337 ) ;
#2899 = LINE ( 'NONE', #474, #1958 ) ;
#2900 = LINE ( 'NONE', #959, #2583 ) ;
#2901 = CARTESIAN_POINT ( 'NONE',  ( 0.08858267716535433989, 0.1377952755905511861, 0.08858267716535433989 ) ) ;
#2902 = CARTESIAN_POINT ( 'NONE',  ( -0.1614173228346456879, 0.007874015748031495954, -0.07480314960629921850 ) ) ;
#2903 = DIRECTION ( 'NONE',  ( 0.000000000000000000, 0.000000000000000000, -1.000000000000000000 ) ) ;
#2904 = ORIENTED_EDGE ( 'NONE', *, *, #2792, .F. ) ;
#2905 = ORIENTED_EDGE ( 'NONE', *, *, #2470, .F. ) ;
#2906 = DIRECTION ( 'NONE',  ( 0.000000000000000000, 0.000000000000000000, 1.000000000000000000 ) ) ;
#2907 = EDGE_CURVE ( 'NONE', #1360, #1470, #787, .T. ) ;
#2908 = LINE ( 'NONE', #933, #2468 ) ;
#2909 = ORIENTED_EDGE ( 'NONE', *, *, #1070, .T. ) ;
#2910 = CARTESIAN_POINT ( 'NONE',  ( 0.1181102362204724532, 0.03937007874015747977, 0.07480314960629921850 ) ) ;
#2911 = LINE ( 'NONE', #1283, #1573 ) ;
#2912 = EDGE_CURVE ( 'NONE', #127, #2261, #3204, .T. ) ;
#2913 = ORIENTED_EDGE ( 'NONE', *, *, #1887, .T. ) ;
#2914 = DIRECTION ( 'NONE',  ( 0.000000000000000000, 0.000000000000000000, 1.000000000000000000 ) ) ;
#2915 = DIRECTION ( 'NONE',  ( 0.000000000000000000, 0.000000000000000000, 1.000000000000000000 ) ) ;
#2916 = DIRECTION ( 'NONE',  ( 1.734723475976804925E-15, -1.000000000000000000, 0.000000000000000000 ) ) ;
#2917 = DIRECTION ( 'NONE',  ( 1.000000000000000000, 0.000000000000000000, 0.000000000000000000 ) ) ;
#2918 = VECTOR ( 'NONE', #1753, 39.37007874015748143 ) ;
#2919 = LINE ( 'NONE', #426, #1616 ) ;
#2920 = ORIENTED_EDGE ( 'NONE', *, *, #2231, .T. ) ;
#2921 = ORIENTED_EDGE ( 'NONE', *, *, #2838, .F. ) ;
#2922 = LINE ( 'NONE', #3436, #2480 ) ;
#2923 = VECTOR ( 'NONE', #2, 39.37007874015748143 ) ;
#2924 = DIRECTION ( 'NONE',  ( 0.000000000000000000, 1.000000000000000000, 0.000000000000000000 ) ) ;
#2925 = ORIENTED_EDGE ( 'NONE', *, *, #1482, .F. ) ;
#2926 = CC_DESIGN_DATE_AND_TIME_ASSIGNMENT ( #2815, #1410, ( #3082 ) ) ;
#2927 = DIRECTION ( 'NONE',  ( -1.016439536705159791E-16, -1.000000000000000000, 0.000000000000000000 ) ) ;
#2928 = VECTOR ( 'NONE', #133, 39.37007874015748143 ) ;
#2929 = VERTEX_POINT ( 'NONE', #2670 ) ;
#2930 = PLANE ( 'NONE',  #1733 ) ;
#2931 = AXIS2_PLACEMENT_3D ( 'NONE', #1216, #2561, #972 ) ;
#2932 = CARTESIAN_POINT ( 'NONE',  ( 0.1122047244094488277, 0.000000000000000000, -0.1122047244094488277 ) ) ;
#2933 = VECTOR ( 'NONE', #2514, 39.37007874015748143 ) ;
#2934 = FACE_OUTER_BOUND ( 'NONE', #69, .T. ) ;
#2935 = EDGE_CURVE ( 'NONE', #1597, #2064, #2726, .T. ) ;
#2936 = ADVANCED_FACE ( 'NONE', ( #1321 ), #1338, .F. ) ;
#2937 = CARTESIAN_POINT ( 'NONE',  ( 0.1496062992125984370, 0.02755905511811023584, -0.1023622047244094613 ) ) ;
#2938 = CIRCLE ( 'NONE', #2416, 0.02362204724409448092 ) ;
#2939 = DIRECTION ( 'NONE',  ( 0.000000000000000000, 0.000000000000000000, 1.000000000000000000 ) ) ;
#2940 = AXIS2_PLACEMENT_3D ( 'NONE', #2570, #637, #368 ) ;
#2941 = VERTEX_POINT ( 'NONE', #3461 ) ;
#2942 = ORIENTED_EDGE ( 'NONE', *, *, #952, .F. ) ;
#2943 = DIRECTION ( 'NONE',  ( 0.000000000000000000, -1.000000000000000000, 0.000000000000000000 ) ) ;
#2944 = APPROVAL_PERSON_ORGANIZATION ( #648, #90, #3100 ) ;
#2945 = DIRECTION ( 'NONE',  ( 0.000000000000000000, 0.000000000000000000, -1.000000000000000000 ) ) ;
#2946 = ORIENTED_EDGE ( 'NONE', *, *, #2790, .T. ) ;
#2947 = CARTESIAN_POINT ( 'NONE',  ( 0.1535433070866141780, 0.02755905511811023584, 0.1023622047244094613 ) ) ;
#2948 = DIRECTION ( 'NONE',  ( 1.224646799147353454E-16, 0.000000000000000000, -1.000000000000000000 ) ) ;
#2949 = ORIENTED_EDGE ( 'NONE', *, *, #1906, .F. ) ;
#2950 = PLANE ( 'NONE',  #2116 ) ;
#2951 = DIRECTION ( 'NONE',  ( -1.000000000000000000, 0.000000000000000000, 0.000000000000000000 ) ) ;
#2952 = EDGE_CURVE ( 'NONE', #2102, #3335, #3476, .T. ) ;
#2953 = DIRECTION ( 'NONE',  ( 0.000000000000000000, 1.000000000000000000, 0.000000000000000000 ) ) ;
#2954 = DIRECTION ( 'NONE',  ( 1.000000000000000000, 0.000000000000000000, 0.000000000000000000 ) ) ;
#2955 = EDGE_CURVE ( 'NONE', #2217, #3244, #3392, .T. ) ;
#2956 =( LENGTH_UNIT ( ) NAMED_UNIT ( * ) SI_UNIT ( $, .METRE. ) );
#2957 = ORIENTED_EDGE ( 'NONE', *, *, #1285, .T. ) ;
#2958 = ORIENTED_EDGE ( 'NONE', *, *, #22, .T. ) ;
#2959 = CARTESIAN_POINT ( 'NONE',  ( -0.08858267716535433989, 0.1299212598425196763, 0.07283464566929134798 ) ) ;
#2960 = CARTESIAN_POINT ( 'NONE',  ( -0.1181102362204724532, 0.1299212598425196763, -0.1122047244094488277 ) ) ;
#2961 = VERTEX_POINT ( 'NONE', #1885 ) ;
#2962 = CARTESIAN_POINT ( 'NONE',  ( 0.000000000000000000, 0.2108980767377087451, 0.000000000000000000 ) ) ;
#2963 = ORIENTED_EDGE ( 'NONE', *, *, #3491, .F. ) ;
#2964 = CARTESIAN_POINT ( 'NONE',  ( 0.1535433070866141780, 0.02755905511811023584, 0.1023622047244094613 ) ) ;
#2965 = DIRECTION ( 'NONE',  ( 0.000000000000000000, -1.000000000000000000, 0.000000000000000000 ) ) ;
#2966 = DIRECTION ( 'NONE',  ( 0.000000000000000000, 0.000000000000000000, 1.000000000000000000 ) ) ;
#2967 = CARTESIAN_POINT ( 'NONE',  ( 0.1181102362204724532, 0.03937007874015747977, -0.1023622047244094613 ) ) ;
#2968 = CC_DESIGN_PERSON_AND_ORGANIZATION_ASSIGNMENT ( #2489, #1443, ( #2998 ) ) ;
#2969 = CARTESIAN_POINT ( 'NONE',  ( -0.1181102362204724532, 0.000000000000000000, 0.1181102362204724532 ) ) ;
#2970 = CARTESIAN_POINT ( 'NONE',  ( -0.08858267716535433989, 0.1377952755905511861, -0.08858267716535433989 ) ) ;
#2971 = ORIENTED_EDGE ( 'NONE', *, *, #2322, .T. ) ;
#2972 = CIRCLE ( 'NONE', #3374, 0.01181102362204724046 ) ;
#2973 = ORIENTED_EDGE ( 'NONE', *, *, #489, .T. ) ;
#2974 = CIRCLE ( 'NONE', #1560, 0.01574803149606299885 ) ;
#2975 = DIRECTION ( 'NONE',  ( -0.000000000000000000, 1.000000000000000000, 0.000000000000000000 ) ) ;
#2976 = ORIENTED_EDGE ( 'NONE', *, *, #1355, .T. ) ;
#2977 = CIRCLE ( 'NONE', #3031, 0.01574803149606299191 ) ;
#2978 = EDGE_CURVE ( 'NONE', #3311, #2274, #2992, .T. ) ;
#2979 = CARTESIAN_POINT ( 'NONE',  ( 7.264292880048914851E-18, 0.2106299212598425064, -0.05931745287789588761 ) ) ;
#2980 = EDGE_CURVE ( 'NONE', #231, #1020, #540, .T. ) ;
#2981 = AXIS2_PLACEMENT_3D ( 'NONE', #1038, #2622, #2889 ) ;
#2982 = EDGE_LOOP ( 'NONE', ( #1848, #365 ) ) ;
#2983 = DIRECTION ( 'NONE',  ( -1.734723475976804925E-15, -1.000000000000000000, 0.000000000000000000 ) ) ;
#2984 = LINE ( 'NONE', #2427, #2241 ) ;
#2985 = CIRCLE ( 'NONE', #97, 0.07283464566929134798 ) ;
#2986 = DIRECTION ( 'NONE',  ( -1.734723475976804925E-15, -1.000000000000000000, 0.000000000000000000 ) ) ;
#2987 = VECTOR ( 'NONE', #2881, 39.37007874015748143 ) ;
#2988 = DIRECTION ( 'NONE',  ( -1.000000000000000000, 0.000000000000000000, 0.000000000000000000 ) ) ;
#2989 = AXIS2_PLACEMENT_3D ( 'NONE', #1545, #266, #2188 ) ;
#2990 = DIRECTION ( 'NONE',  ( 0.000000000000000000, 0.000000000000000000, -1.000000000000000000 ) ) ;
#2991 = ORIENTED_EDGE ( 'NONE', *, *, #1158, .F. ) ;
#2992 = CIRCLE ( 'NONE', #2603, 0.01574803149606299885 ) ;
#2993 = ORIENTED_EDGE ( 'NONE', *, *, #2569, .T. ) ;
#2994 = DIRECTION ( 'NONE',  ( 0.000000000000000000, 0.000000000000000000, -1.000000000000000000 ) ) ;
#2995 = CARTESIAN_POINT ( 'NONE',  ( 0.1122047244094488277, 0.1299212598425196763, 0.1181102362204724532 ) ) ;
#2996 = VERTEX_POINT ( 'NONE', #841 ) ;
#2997 = DIRECTION ( 'NONE',  ( 0.000000000000000000, 1.000000000000000000, 0.000000000000000000 ) ) ;
#2998 = PRODUCT_DEFINITION_FORMATION_WITH_SPECIFIED_SOURCE ( 'ANY', '', #3399, .NOT_KNOWN. ) ;
#2999 = CARTESIAN_POINT ( 'NONE',  ( 0.08858267716535433989, 0.1456692913385826960, -0.06496062992125986590 ) ) ;
#3000 = EDGE_CURVE ( 'NONE', #2384, #848, #559, .T. ) ;
#3001 = EDGE_CURVE ( 'NONE', #1361, #772, #1602, .T. ) ;
#3002 = EDGE_LOOP ( 'NONE', ( #1702, #2675 ) ) ;
#3003 = CARTESIAN_POINT ( 'NONE',  ( 0.000000000000000000, 0.1299212598425196763, 0.07283464566929134798 ) ) ;
#3004 = DIRECTION ( 'NONE',  ( 0.000000000000000000, 0.000000000000000000, -1.000000000000000000 ) ) ;
#3005 = DIRECTION ( 'NONE',  ( 0.000000000000000000, 1.000000000000000000, 0.000000000000000000 ) ) ;
#3006 = CARTESIAN_POINT ( 'NONE',  ( -0.1968503937007874127, -0.003937007874015747977, 0.07480314960629921850 ) ) ;
#3007 = LENGTH_MEASURE_WITH_UNIT ( LENGTH_MEASURE( 0.02539999999999999897 ), #2956 );
#3008 = VERTEX_POINT ( 'NONE', #2409 ) ;
#3009 = ORIENTED_EDGE ( 'NONE', *, *, #3369, .T. ) ;
#3010 = ORIENTED_EDGE ( 'NONE', *, *, #225, .T. ) ;
#3011 = DIRECTION ( 'NONE',  ( 0.000000000000000000, 0.000000000000000000, -1.000000000000000000 ) ) ;
#3012 = LINE ( 'NONE', #2960, #2341 ) ;
#3013 = ORIENTED_EDGE ( 'NONE', *, *, #1356, .F. ) ;
#3014 = DIRECTION ( 'NONE',  ( 0.000000000000000000, 1.000000000000000000, 0.000000000000000000 ) ) ;
#3015 = ADVANCED_FACE ( 'NONE', ( #275 ), #1639, .F. ) ;
#3016 = ORIENTED_EDGE ( 'NONE', *, *, #3276, .F. ) ;
#3017 = CARTESIAN_POINT ( 'NONE',  ( -0.1181102362204724532, 0.03937007874015747977, -0.07480314960629921850 ) ) ;
#3018 = CARTESIAN_POINT ( 'NONE',  ( -0.08858267716535433989, 0.1377952755905511861, -0.06496062992125986590 ) ) ;
#3019 = ADVANCED_FACE ( 'NONE', ( #2156 ), #2105, .T. ) ;
#3020 = CARTESIAN_POINT ( 'NONE',  ( -0.08858267716535433989, 0.1377952755905511861, 0.07283464566929134798 ) ) ;
#3021 = DIRECTION ( 'NONE',  ( 0.000000000000000000, 0.000000000000000000, 1.000000000000000000 ) ) ;
#3022 = EDGE_CURVE ( 'NONE', #2109, #1894, #2831, .T. ) ;
#3023 = LINE ( 'NONE', #1220, #2918 ) ;
#3024 = ORIENTED_EDGE ( 'NONE', *, *, #401, .T. ) ;
#3025 = ORIENTED_EDGE ( 'NONE', *, *, #3040, .T. ) ;
#3026 = ORIENTED_EDGE ( 'NONE', *, *, #1134, .F. ) ;
#3027 = CARTESIAN_POINT ( 'NONE',  ( 0.1181102362204724532, 0.1377952755905511861, 0.1122047244094488277 ) ) ;
#3028 = VERTEX_POINT ( 'NONE', #1854 ) ;
#3029 = CARTESIAN_POINT ( 'NONE',  ( 0.000000000000000000, 0.2165354330708661457, 0.000000000000000000 ) ) ;
#3030 = AXIS2_PLACEMENT_3D ( 'NONE', #2309, #978, #736 ) ;
#3031 = AXIS2_PLACEMENT_3D ( 'NONE', #1603, #1689, #2547 ) ;
#3032 = ORIENTED_EDGE ( 'NONE', *, *, #52, .F. ) ;
#3033 = CARTESIAN_POINT ( 'NONE',  ( -0.1496062992125984370, 0.03937007874015747977, -0.1023622047244094613 ) ) ;
#3034 = DIRECTION ( 'NONE',  ( -1.734723475976804925E-15, -1.000000000000000000, 0.000000000000000000 ) ) ;
#3035 = CIRCLE ( 'NONE', #2176, 0.01574803149606299191 ) ;
#3036 = ADVANCED_FACE ( 'NONE', ( #2934 ), #2741, .T. ) ;
#3037 = FACE_OUTER_BOUND ( 'NONE', #1815, .T. ) ;
#3038 = CARTESIAN_POINT ( 'NONE',  ( 0.08858267716535433989, 0.1377952755905511861, -0.08858267716535433989 ) ) ;
#3039 = AXIS2_PLACEMENT_3D ( 'NONE', #2100, #3471, #2647 ) ;
#3040 = EDGE_CURVE ( 'NONE', #3122, #3044, #577, .T. ) ;
#3041 = ADVANCED_FACE ( 'NONE', ( #262 ), #3485, .F. ) ;
#3042 = CARTESIAN_POINT ( 'NONE',  ( 0.1653543307086614567, 0.007874015748031495954, 0.1023622047244094613 ) ) ;
#3043 = ORIENTED_EDGE ( 'NONE', *, *, #1504, .F. ) ;
#3044 = VERTEX_POINT ( 'NONE', #567 ) ;
#3045 = CIRCLE ( 'NONE', #613, 0.01181102362204724046 ) ;
#3046 = ORIENTED_EDGE ( 'NONE', *, *, #1807, .T. ) ;
#3047 = CARTESIAN_POINT ( 'NONE',  ( -0.1535433070866141780, 0.02755905511811023584, 0.1023622047244094613 ) ) ;
#3048 = AXIS2_PLACEMENT_3D ( 'NONE', #3269, #3005, #765 ) ;
#3049 = CARTESIAN_POINT ( 'NONE',  ( 0.1968503937007874127, -0.003937007874015747977, -0.1023622047244094613 ) ) ;
#3050 = ORIENTED_EDGE ( 'NONE', *, *, #138, .T. ) ;
#3051 = CARTESIAN_POINT ( 'NONE',  ( 0.1181102362204724532, 0.1299212598425196763, -0.1181102362204724532 ) ) ;
#3052 = VECTOR ( 'NONE', #1064, 39.37007874015748143 ) ;
#3053 = VECTOR ( 'NONE', #2745, 39.37007874015748143 ) ;
#3054 = VERTEX_POINT ( 'NONE', #1893 ) ;
#3055 = DIRECTION ( 'NONE',  ( 1.000000000000000000, -1.734723475976804925E-15, 0.000000000000000000 ) ) ;
#3056 = DIRECTION ( 'NONE',  ( 0.000000000000000000, 1.000000000000000000, 0.000000000000000000 ) ) ;
#3057 = LOCAL_TIME ( 16, 4, 34.00000000000000000, #615 ) ;
#3058 = DIRECTION ( 'NONE',  ( 0.000000000000000000, 1.000000000000000000, 0.000000000000000000 ) ) ;
#3059 = FACE_OUTER_BOUND ( 'NONE', #2509, .T. ) ;
#3060 = EDGE_CURVE ( 'NONE', #1413, #136, #2883, .T. ) ;
#3061 = APPROVAL_STATUS ( 'not_yet_approved' ) ;
#3062 = FACE_OUTER_BOUND ( 'NONE', #905, .T. ) ;
#3063 = ORIENTED_EDGE ( 'NONE', *, *, #2520, .T. ) ;
#3064 = EDGE_LOOP ( 'NONE', ( #82, #388, #3405, #12 ) ) ;
#3065 = ORIENTED_EDGE ( 'NONE', *, *, #2299, .T. ) ;
#3066 = EDGE_CURVE ( 'NONE', #1099, #1712, #1629, .T. ) ;
#3067 = EDGE_CURVE ( 'NONE', #3404, #3054, #11, .T. ) ;
#3068 = CARTESIAN_POINT ( 'NONE',  ( -0.1968503937007874127, -0.003937007874015747977, 0.07480314960629921850 ) ) ;
#3069 = DIRECTION ( 'NONE',  ( 1.000000000000000000, 0.000000000000000000, 0.000000000000000000 ) ) ;
#3070 = ORIENTED_EDGE ( 'NONE', *, *, #1008, .T. ) ;
#3071 = EDGE_LOOP ( 'NONE', ( #3043, #2819 ) ) ;
#3072 = CARTESIAN_POINT ( 'NONE',  ( -0.1653543307086614567, 0.003937007874015747977, 0.07480314960629921850 ) ) ;
#3073 = ORIENTED_EDGE ( 'NONE', *, *, #1980, .F. ) ;
#3074 = LINE ( 'NONE', #1665, #2401 ) ;
#3075 = LINE ( 'NONE', #2370, #3169 ) ;
#3076 = FACE_BOUND ( 'NONE', #2719, .T. ) ;
#3077 = LINE ( 'NONE', #2505, #2173 ) ;
#3078 = DIRECTION ( 'NONE',  ( 1.000000000000000000, -1.734723475976804925E-15, 0.000000000000000000 ) ) ;
#3079 = APPROVAL_DATE_TIME ( #1710, #1824 ) ;
#3080 = CARTESIAN_POINT ( 'NONE',  ( -0.1653543307086614567, 0.007874015748031495954, 0.1023622047244094613 ) ) ;
#3081 = ORIENTED_EDGE ( 'NONE', *, *, #551, .F. ) ;
#3082 = PRODUCT_DEFINITION ( 'UNKNOWN', '', #2998, #2390 ) ;
#3083 = VERTEX_POINT ( 'NONE', #2203 ) ;
#3084 = ORIENTED_EDGE ( 'NONE', *, *, #228, .T. ) ;
#3085 = DIRECTION ( 'NONE',  ( 0.000000000000000000, 0.000000000000000000, 1.000000000000000000 ) ) ;
#3086 = DIRECTION ( 'NONE',  ( 0.000000000000000000, 0.000000000000000000, 1.000000000000000000 ) ) ;
#3087 = EDGE_LOOP ( 'NONE', ( #2491, #479, #2516, #2181 ) ) ;
#3088 = ORIENTED_EDGE ( 'NONE', *, *, #3300, .F. ) ;
#3089 = CARTESIAN_POINT ( 'NONE',  ( 0.08858267716535433989, 0.1377952755905511861, -0.1122047244094488277 ) ) ;
#3090 = EDGE_CURVE ( 'NONE', #1999, #1052, #3333, .T. ) ;
#3091 = EDGE_LOOP ( 'NONE', ( #1944, #2862 ) ) ;
#3092 = FACE_OUTER_BOUND ( 'NONE', #376, .T. ) ;
#3093 = EDGE_CURVE ( 'NONE', #1730, #1264, #2184, .T. ) ;
#3094 = AXIS2_PLACEMENT_3D ( 'NONE', #2844, #2822, #3310 ) ;
#3095 = CARTESIAN_POINT ( 'NONE',  ( 0.1614173228346456879, 0.02755905511811023584, 0.1023622047244094613 ) ) ;
#3096 = VECTOR ( 'NONE', #2711, 39.37007874015748143 ) ;
#3097 = PLANE ( 'NONE',  #2588 ) ;
#3098 = DIRECTION ( 'NONE',  ( 0.000000000000000000, 0.000000000000000000, -1.000000000000000000 ) ) ;
#3099 = VECTOR ( 'NONE', #2228, 39.37007874015748143 ) ;
#3100 = APPROVAL_ROLE ( '' ) ;
#3101 = LINE ( 'NONE', #1426, #2286 ) ;
#3102 = EDGE_LOOP ( 'NONE', ( #2963, #2823, #1352, #2279 ) ) ;
#3103 = EDGE_LOOP ( 'NONE', ( #966, #3179, #2696, #2913 ) ) ;
#3104 = AXIS2_PLACEMENT_3D ( 'NONE', #2104, #1003, #2633 ) ;
#3105 = CARTESIAN_POINT ( 'NONE',  ( 0.1653543307086614567, 0.003937007874015747977, 0.1023622047244094613 ) ) ;
#3106 = PLANE ( 'NONE',  #1332 ) ;
#3107 = VERTEX_POINT ( 'NONE', #3245 ) ;
#3108 = EDGE_LOOP ( 'NONE', ( #522, #1756, #1428, #2942 ) ) ;
#3109 = DIRECTION ( 'NONE',  ( 0.000000000000000000, 1.000000000000000000, 0.000000000000000000 ) ) ;
#3110 = VECTOR ( 'NONE', #1683, 39.37007874015748143 ) ;
#3111 = EDGE_CURVE ( 'NONE', #1889, #950, #548, .T. ) ;
#3112 = EDGE_LOOP ( 'NONE', ( #1878, #1027, #2192, #938 ) ) ;
#3113 = VECTOR ( 'NONE', #3280, 39.37007874015748143 ) ;
#3114 = LINE ( 'NONE', #116, #2410 ) ;
#3115 = ADVANCED_FACE ( 'NONE', ( #1941, #2133 ), #3231, .F. ) ;
#3116 = EDGE_CURVE ( 'NONE', #2875, #680, #274, .T. ) ;
#3117 = AXIS2_PLACEMENT_3D ( 'NONE', #3332, #1224, #2239 ) ;
#3118 = CARTESIAN_POINT ( 'NONE',  ( -0.1968503937007874127, 0.003937007874015747977, 0.07480314960629921850 ) ) ;
#3119 = CARTESIAN_POINT ( 'NONE',  ( -0.1496062992125984370, 0.03937007874015747977, 0.07480314960629921850 ) ) ;
#3120 = MANIFOLD_SOLID_BREP ( 'Imported4', #3309 ) ;
#3121 = DIRECTION ( 'NONE',  ( 0.000000000000000000, 1.000000000000000000, 0.000000000000000000 ) ) ;
#3122 = VERTEX_POINT ( 'NONE', #1082 ) ;
#3123 = ORIENTED_EDGE ( 'NONE', *, *, #3259, .F. ) ;
#3124 = LINE ( 'NONE', #176, #171 ) ;
#3125 = DIRECTION ( 'NONE',  ( 0.000000000000000000, -1.000000000000000000, 0.000000000000000000 ) ) ;
#3126 = ORIENTED_EDGE ( 'NONE', *, *, #3237, .F. ) ;
#3127 = VERTEX_POINT ( 'NONE', #2959 ) ;
#3128 = CARTESIAN_POINT ( 'NONE',  ( 0.1614173228346456879, 0.02755905511811023584, -0.1023622047244094613 ) ) ;
#3129 = ORIENTED_EDGE ( 'NONE', *, *, #531, .T. ) ;
#3130 = FACE_OUTER_BOUND ( 'NONE', #9, .T. ) ;
#3131 = ADVANCED_FACE ( 'NONE', ( #2717 ), #2148, .F. ) ;
#3132 = DIRECTION ( 'NONE',  ( -1.000000000000000000, 1.016439536705159791E-16, 0.000000000000000000 ) ) ;
#3133 = CARTESIAN_POINT ( 'NONE',  ( 0.1535433070866141780, 0.02755905511811023584, -0.1023622047244094613 ) ) ;
#3134 = DIRECTION ( 'NONE',  ( 0.000000000000000000, -1.000000000000000000, 0.000000000000000000 ) ) ;
#3135 = EDGE_CURVE ( 'NONE', #2435, #2137, #281, .T. ) ;
#3136 = FACE_OUTER_BOUND ( 'NONE', #694, .T. ) ;
#3137 = DIRECTION ( 'NONE',  ( 1.016439536705159791E-16, -1.000000000000000000, 0.000000000000000000 ) ) ;
#3138 = ADVANCED_FACE ( 'NONE', ( #828 ), #1909, .T. ) ;
#3139 = ORIENTED_EDGE ( 'NONE', *, *, #868, .T. ) ;
#3140 = ADVANCED_FACE ( 'NONE', ( #1645 ), #2733, .T. ) ;
#3141 = CARTESIAN_POINT ( 'NONE',  ( 0.1968503937007874127, -0.003937007874015747977, -0.07480314960629921850 ) ) ;
#3142 = FACE_BOUND ( 'NONE', #3071, .T. ) ;
#3143 = EDGE_LOOP ( 'NONE', ( #1643, #3183 ) ) ;
#3144 = EDGE_LOOP ( 'NONE', ( #80, #2732 ) ) ;
#3145 = DIRECTION ( 'NONE',  ( -1.000000000000000000, 0.000000000000000000, 0.000000000000000000 ) ) ;
#3146 = ORIENTED_EDGE ( 'NONE', *, *, #2321, .T. ) ;
#3147 = CARTESIAN_POINT ( 'NONE',  ( 0.08858267716535433989, 0.1377952755905511861, 0.08858267716535433989 ) ) ;
#3148 = VECTOR ( 'NONE', #2694, 39.37007874015748143 ) ;
#3149 = DIRECTION ( 'NONE',  ( 0.000000000000000000, -1.000000000000000000, 0.000000000000000000 ) ) ;
#3150 = AXIS2_PLACEMENT_3D ( 'NONE', #2057, #3152, #2886 ) ;
#3151 = EDGE_CURVE ( 'NONE', #2747, #2475, #2456, .T. ) ;
#3152 = DIRECTION ( 'NONE',  ( 0.000000000000000000, 1.000000000000000000, 0.000000000000000000 ) ) ;
#3153 = VECTOR ( 'NONE', #117, 39.37007874015748143 ) ;
#3154 = ORIENTED_EDGE ( 'NONE', *, *, #2634, .T. ) ;
#3155 = DIRECTION ( 'NONE',  ( 0.000000000000000000, 1.000000000000000000, 0.000000000000000000 ) ) ;
#3156 = CIRCLE ( 'NONE', #2067, 0.005905511811023620231 ) ;
#3157 = AXIS2_PLACEMENT_3D ( 'NONE', #911, #1432, #3086 ) ;
#3158 = ADVANCED_FACE ( 'NONE', ( #849 ), #1927, .F. ) ;
#3159 = CARTESIAN_POINT ( 'NONE',  ( 0.08858267716535433989, 0.1823374350353732243, 0.08858267716535433989 ) ) ;
#3160 = FACE_OUTER_BOUND ( 'NONE', #2841, .T. ) ;
#3161 = ORIENTED_EDGE ( 'NONE', *, *, #3465, .F. ) ;
#3162 = ORIENTED_EDGE ( 'NONE', *, *, #902, .T. ) ;
#3163 = AXIS2_PLACEMENT_3D ( 'NONE', #1782, #2867, #1484 ) ;
#3164 = DIRECTION ( 'NONE',  ( 0.000000000000000000, 0.000000000000000000, -1.000000000000000000 ) ) ;
#3165 = CIRCLE ( 'NONE', #3387, 0.003937007874015758385 ) ;
#3166 = VERTEX_POINT ( 'NONE', #3308 ) ;
#3167 = FACE_OUTER_BOUND ( 'NONE', #3112, .T. ) ;
#3168 = CIRCLE ( 'NONE', #1244, 0.02362204724409448092 ) ;
#3169 = VECTOR ( 'NONE', #731, 39.37007874015748143 ) ;
#3170 = CYLINDRICAL_SURFACE ( 'NONE', #3428, 0.01574803149606299191 ) ;
#3171 = ADVANCED_BREP_SHAPE_REPRESENTATION ( 'CUI_DEVICES_TS04-66-55-BK-160-SMT', ( #781, #788, #1989, #3120, #1962, #869, #2028, #563 ), #2195 ) ;
#3172 = CARTESIAN_POINT ( 'NONE',  ( 0.08858267716535433989, 0.1377952755905511861, 0.1122047244094488277 ) ) ;
#3173 = VECTOR ( 'NONE', #1192, 39.37007874015748143 ) ;
#3174 = DIRECTION ( 'NONE',  ( 0.000000000000000000, 1.000000000000000000, 0.000000000000000000 ) ) ;
#3175 = CARTESIAN_POINT ( 'NONE',  ( 0.1535433070866141780, 0.02755905511811023584, -0.07480314960629921850 ) ) ;
#3176 = EDGE_CURVE ( 'NONE', #2274, #3311, #2030, .T. ) ;
#3177 = DIRECTION ( 'NONE',  ( -1.000000000000000000, -1.016439536705159791E-16, 0.000000000000000000 ) ) ;
#3178 = CARTESIAN_POINT ( 'NONE',  ( 0.1181102362204724532, 0.03937007874015747977, -0.07480314960629921850 ) ) ;
#3179 = ORIENTED_EDGE ( 'NONE', *, *, #5, .T. ) ;
#3180 = ORIENTED_EDGE ( 'NONE', *, *, #2616, .F. ) ;
#3181 = CARTESIAN_POINT ( 'NONE',  ( 0.1496062992125984370, 0.03149606299212598381, 0.1023622047244094613 ) ) ;
#3182 = EDGE_CURVE ( 'NONE', #1712, #1448, #652, .T. ) ;
#3183 = ORIENTED_EDGE ( 'NONE', *, *, #424, .F. ) ;
#3184 = PLANE ( 'NONE',  #840 ) ;
#3185 = DIRECTION ( 'NONE',  ( 0.000000000000000000, 0.000000000000000000, 1.000000000000000000 ) ) ;
#3186 = ORIENTED_EDGE ( 'NONE', *, *, #441, .T. ) ;
#3187 = DIRECTION ( 'NONE',  ( 7.228014483236699514E-17, 0.000000000000000000, 1.000000000000000000 ) ) ;
#3188 = DIRECTION ( 'NONE',  ( 0.000000000000000000, 0.000000000000000000, 1.000000000000000000 ) ) ;
#3189 = CARTESIAN_POINT ( 'NONE',  ( -0.08858267716535433989, 0.1377952755905511861, 0.1043307086614173457 ) ) ;
#3190 = CYLINDRICAL_SURFACE ( 'NONE', #49, 0.005905511811023620231 ) ;
#3191 = CARTESIAN_POINT ( 'NONE',  ( 0.1653543307086614567, 0.007874015748031495954, -0.07480314960629921850 ) ) ;
#3192 = VERTEX_POINT ( 'NONE', #2821 ) ;
#3193 = EDGE_LOOP ( 'NONE', ( #1379, #309 ) ) ;
#3194 = FACE_OUTER_BOUND ( 'NONE', #3386, .T. ) ;
#3195 = DIRECTION ( 'NONE',  ( 0.000000000000000000, 1.000000000000000000, 0.000000000000000000 ) ) ;
#3196 = EDGE_LOOP ( 'NONE', ( #3234, #1737, #465, #627 ) ) ;
#3197 = CARTESIAN_POINT ( 'NONE',  ( 0.1496062992125984370, 0.03937007874015747977, 0.1023622047244094613 ) ) ;
#3198 = LINE ( 'NONE', #758, #2596 ) ;
#3199 = ADVANCED_FACE ( 'NONE', ( #1450 ), #1150, .F. ) ;
#3200 = EDGE_CURVE ( 'NONE', #1020, #163, #3394, .T. ) ;
#3201 = ORIENTED_EDGE ( 'NONE', *, *, #2321, .F. ) ;
#3202 = CARTESIAN_POINT ( 'NONE',  ( -0.1535433070866141780, 0.007874015748031495954, -0.1023622047244094613 ) ) ;
#3203 = DIRECTION ( 'NONE',  ( 0.000000000000000000, 0.000000000000000000, -1.000000000000000000 ) ) ;
#3204 = LINE ( 'NONE', #1871, #505 ) ;
#3205 = PLANE ( 'NONE',  #2698 ) ;
#3206 = FACE_OUTER_BOUND ( 'NONE', #3102, .T. ) ;
#3207 = VECTOR ( 'NONE', #2452, 39.37007874015748143 ) ;
#3208 = CARTESIAN_POINT ( 'NONE',  ( 0.000000000000000000, 0.2165354330708661457, 0.000000000000000000 ) ) ;
#3209 = CARTESIAN_POINT ( 'NONE',  ( -0.1181102362204724532, 0.000000000000000000, 0.1122047244094488277 ) ) ;
#3210 = ORIENTED_EDGE ( 'NONE', *, *, #1208, .T. ) ;
#3211 = EDGE_LOOP ( 'NONE', ( #2453, #643, #3388, #394 ) ) ;
#3212 = CARTESIAN_POINT ( 'NONE',  ( -0.1181102362204724532, 0.1299212598425196763, -0.1122047244094488277 ) ) ;
#3213 = AXIS2_PLACEMENT_3D ( 'NONE', #776, #151, #2283 ) ;
#3214 = ORIENTED_EDGE ( 'NONE', *, *, #531, .F. ) ;
#3215 = DIRECTION ( 'NONE',  ( 0.000000000000000000, 0.000000000000000000, 1.000000000000000000 ) ) ;
#3216 = EDGE_CURVE ( 'NONE', #3451, #2484, #1982, .T. ) ;
#3217 = AXIS2_PLACEMENT_3D ( 'NONE', #509, #3203, #1819 ) ;
#3218 = ORIENTED_EDGE ( 'NONE', *, *, #1229, .T. ) ;
#3219 = CARTESIAN_POINT ( 'NONE',  ( 0.1653543307086614567, 0.003937007874015747977, -0.07480314960629921850 ) ) ;
#3220 = AXIS2_PLACEMENT_3D ( 'NONE', #645, #681, #1724 ) ;
#3221 = DIRECTION ( 'NONE',  ( 0.000000000000000000, -1.000000000000000000, 0.000000000000000000 ) ) ;
#3222 = ADVANCED_FACE ( 'NONE', ( #1415 ), #1680, .F. ) ;
#3223 = AXIS2_PLACEMENT_3D ( 'NONE', #726, #2894, #3145 ) ;
#3224 = DIRECTION ( 'NONE',  ( 0.000000000000000000, 0.000000000000000000, 1.000000000000000000 ) ) ;
#3225 = AXIS2_PLACEMENT_3D ( 'NONE', #1660, #3011, #3260 ) ;
#3226 = DIRECTION ( 'NONE',  ( 0.000000000000000000, 0.000000000000000000, 1.000000000000000000 ) ) ;
#3227 = VECTOR ( 'NONE', #3177, 39.37007874015748143 ) ;
#3228 = CARTESIAN_POINT ( 'NONE',  ( -0.1653543307086614567, -0.003937007874015747977, 0.1023622047244094613 ) ) ;
#3229 = EDGE_LOOP ( 'NONE', ( #581, #1013, #2573, #123 ) ) ;
#3230 = VERTEX_POINT ( 'NONE', #124 ) ;
#3231 = PLANE ( 'NONE',  #2483 ) ;
#3232 = ORIENTED_EDGE ( 'NONE', *, *, #1390, .T. ) ;
#3233 = DIRECTION ( 'NONE',  ( 0.000000000000000000, 0.000000000000000000, -1.000000000000000000 ) ) ;
#3234 = ORIENTED_EDGE ( 'NONE', *, *, #3000, .F. ) ;
#3235 = LINE ( 'NONE', #1620, #835 ) ;
#3236 = CARTESIAN_POINT ( 'NONE',  ( -0.1653543307086614567, 0.007874015748031495954, 0.1023622047244094613 ) ) ;
#3237 = EDGE_CURVE ( 'NONE', #413, #34, #1490, .T. ) ;
#3238 = LINE ( 'NONE', #1371, #2585 ) ;
#3239 = FACE_OUTER_BOUND ( 'NONE', #761, .T. ) ;
#3240 = DIRECTION ( 'NONE',  ( 1.000000000000000000, 0.000000000000000000, 0.000000000000000000 ) ) ;
#3241 = ADVANCED_FACE ( 'NONE', ( #2495 ), #2259, .T. ) ;
#3242 = ADVANCED_FACE ( 'NONE', ( #1716 ), #2292, .F. ) ;
#3243 = ORIENTED_EDGE ( 'NONE', *, *, #52, .T. ) ;
#3244 = VERTEX_POINT ( 'NONE', #3350 ) ;
#3245 = CARTESIAN_POINT ( 'NONE',  ( -0.1614173228346456879, 0.02755905511811023584, -0.1023622047244094613 ) ) ;
#3246 = EDGE_LOOP ( 'NONE', ( #2667, #3305, #2345, #3355 ) ) ;
#3247 = LINE ( 'NONE', #15, #1576 ) ;
#3248 = ORIENTED_EDGE ( 'NONE', *, *, #227, .F. ) ;
#3249 = DIRECTION ( 'NONE',  ( -1.000000000000000000, 0.000000000000000000, 0.000000000000000000 ) ) ;
#3250 = PLANE ( 'NONE',  #1401 ) ;
#3251 = CARTESIAN_POINT ( 'NONE',  ( -0.1653543307086614567, -0.003937007874015747977, -0.1023622047244094613 ) ) ;
#3252 = DIRECTION ( 'NONE',  ( 0.000000000000000000, -1.000000000000000000, 0.000000000000000000 ) ) ;
#3253 = CARTESIAN_POINT ( 'NONE',  ( 0.1181102362204724532, 0.1299212598425196763, -0.1122047244094488277 ) ) ;
#3254 = CARTESIAN_POINT ( 'NONE',  ( 0.1122047244094488277, 0.1299212598425196763, -0.1122047244094488277 ) ) ;
#3255 = ORIENTED_EDGE ( 'NONE', *, *, #2548, .F. ) ;
#3256 = AXIS2_PLACEMENT_3D ( 'NONE', #1247, #2590, #496 ) ;
#3257 = ORIENTED_EDGE ( 'NONE', *, *, #1390, .F. ) ;
#3258 = ADVANCED_FACE ( 'NONE', ( #1430 ), #336, .F. ) ;
#3259 = EDGE_CURVE ( 'NONE', #1261, #2165, #2218, .T. ) ;
#3260 = DIRECTION ( 'NONE',  ( 1.000000000000000000, 0.000000000000000000, 0.000000000000000000 ) ) ;
#3261 = VERTEX_POINT ( 'NONE', #411 ) ;
#3262 = CARTESIAN_POINT ( 'NONE',  ( 0.1535433070866141780, 0.007874015748031495954, 0.1023622047244094613 ) ) ;
#3263 = VECTOR ( 'NONE', #1034, 39.37007874015748143 ) ;
#3264 = LINE ( 'NONE', #2681, #1861 ) ;
#3265 = ORIENTED_EDGE ( 'NONE', *, *, #949, .F. ) ;
#3266 = CARTESIAN_POINT ( 'NONE',  ( -0.08858267716535433989, 0.1141732283464566844, -0.08858267716535433989 ) ) ;
#3267 = DIRECTION ( 'NONE',  ( 0.000000000000000000, 0.000000000000000000, -1.000000000000000000 ) ) ;
#3268 = AXIS2_PLACEMENT_3D ( 'NONE', #527, #2602, #173 ) ;
#3269 = CARTESIAN_POINT ( 'NONE',  ( 0.08858267716535433989, 0.1377952755905511861, 0.08858267716535433989 ) ) ;
#3270 = CIRCLE ( 'NONE', #2707, 0.01574803149606299885 ) ;
#3271 = DIRECTION ( 'NONE',  ( 0.000000000000000000, -1.000000000000000000, 0.000000000000000000 ) ) ;
#3272 = CARTESIAN_POINT ( 'NONE',  ( -0.08858267716535433989, 0.1377952755905511861, -0.07283464566929134798 ) ) ;
#3273 = AXIS2_PLACEMENT_3D ( 'NONE', #3051, #2000, #678 ) ;
#3274 = ORIENTED_EDGE ( 'NONE', *, *, #3426, .T. ) ;
#3275 = VECTOR ( 'NONE', #1089, 39.37007874015748143 ) ;
#3276 = EDGE_CURVE ( 'NONE', #2475, #517, #2660, .T. ) ;
#3277 = ORIENTED_EDGE ( 'NONE', *, *, #532, .T. ) ;
#3278 = ORIENTED_EDGE ( 'NONE', *, *, #1092, .T. ) ;
#3279 = AXIS2_PLACEMENT_3D ( 'NONE', #65, #2802, #674 ) ;
#3280 = DIRECTION ( 'NONE',  ( -1.000000000000000000, 0.000000000000000000, 0.000000000000000000 ) ) ;
#3281 = ORIENTED_EDGE ( 'NONE', *, *, #1740, .F. ) ;
#3282 = EDGE_CURVE ( 'NONE', #3451, #231, #1996, .T. ) ;
#3283 = CARTESIAN_POINT ( 'NONE',  ( -0.1653543307086614567, 0.003937007874015747977, -0.07480314960629921850 ) ) ;
#3284 = ORIENTED_EDGE ( 'NONE', *, *, #3371, .T. ) ;
#3285 = DIRECTION ( 'NONE',  ( 0.000000000000000000, 0.000000000000000000, 1.000000000000000000 ) ) ;
#3286 = DIRECTION ( 'NONE',  ( 0.000000000000000000, 0.000000000000000000, 1.000000000000000000 ) ) ;
#3287 = FACE_BOUND ( 'NONE', #1149, .T. ) ;
#3288 = LINE ( 'NONE', #541, #1953 ) ;
#3289 = APPROVAL_ROLE ( '' ) ;
#3290 = DIRECTION ( 'NONE',  ( 0.000000000000000000, 0.000000000000000000, 1.000000000000000000 ) ) ;
#3291 = ORIENTED_EDGE ( 'NONE', *, *, #1117, .F. ) ;
#3292 = ORIENTED_EDGE ( 'NONE', *, *, #19, .F. ) ;
#3293 = VERTEX_POINT ( 'NONE', #623 ) ;
#3294 = EDGE_CURVE ( 'NONE', #996, #999, #2554, .T. ) ;
#3295 = ORIENTED_EDGE ( 'NONE', *, *, #2503, .F. ) ;
#3296 = DIRECTION ( 'NONE',  ( -1.000000000000000000, 0.000000000000000000, 0.000000000000000000 ) ) ;
#3297 = VERTEX_POINT ( 'NONE', #350 ) ;
#3298 = CARTESIAN_POINT ( 'NONE',  ( -0.1181102362204724532, 0.1299212598425196763, 0.1181102362204724532 ) ) ;
#3299 = CARTESIAN_POINT ( 'NONE',  ( 0.08858267716535433989, 0.1377952755905511861, 0.06496062992125986590 ) ) ;
#3300 = EDGE_CURVE ( 'NONE', #825, #1966, #83, .T. ) ;
#3301 = EDGE_CURVE ( 'NONE', #2537, #2765, #1823, .T. ) ;
#3302 = FACE_OUTER_BOUND ( 'NONE', #2029, .T. ) ;
#3303 = LINE ( 'NONE', #1640, #1855 ) ;
#3304 = DIRECTION ( 'NONE',  ( 1.734723475976804925E-15, -1.000000000000000000, 0.000000000000000000 ) ) ;
#3305 = ORIENTED_EDGE ( 'NONE', *, *, #3040, .F. ) ;
#3306 = ORIENTED_EDGE ( 'NONE', *, *, #2768, .F. ) ;
#3307 = ORIENTED_EDGE ( 'NONE', *, *, #2112, .T. ) ;
#3308 = CARTESIAN_POINT ( 'NONE',  ( -0.08858267716535433989, 0.1299212598425196763, -0.07283464566929134798 ) ) ;
#3309 = CLOSED_SHELL ( 'NONE', ( #3242, #3453, #2084, #162, #2896, #2043, #1330, #1531, #181, #1256, #3222, #3131, #3241, #1154 ) ) ;
#3310 = DIRECTION ( 'NONE',  ( 0.000000000000000000, 0.000000000000000000, 1.000000000000000000 ) ) ;
#3311 = VERTEX_POINT ( 'NONE', #476 ) ;
#3312 = CARTESIAN_POINT ( 'NONE',  ( 0.1496062992125984370, 0.02755905511811023584, 0.1023622047244094613 ) ) ;
#3313 = AXIS2_PLACEMENT_3D ( 'NONE', #2490, #1205, #880 ) ;
#3314 = VECTOR ( 'NONE', #2426, 39.37007874015748143 ) ;
#3315 = VERTEX_POINT ( 'NONE', #1505 ) ;
#3316 = CARTESIAN_POINT ( 'NONE',  ( 0.1614173228346456879, 0.02755905511811023584, -0.07480314960629921850 ) ) ;
#3317 = CARTESIAN_POINT ( 'NONE',  ( 0.1535433070866141780, 0.02755905511811023584, -0.1023622047244094613 ) ) ;
#3318 = EDGE_CURVE ( 'NONE', #2818, #1930, #1294, .T. ) ;
#3319 = DIRECTION ( 'NONE',  ( 0.000000000000000000, 0.000000000000000000, -1.000000000000000000 ) ) ;
#3320 = CIRCLE ( 'NONE', #379, 0.01574803149606299191 ) ;
#3321 = FACE_BOUND ( 'NONE', #486, .T. ) ;
#3322 = VECTOR ( 'NONE', #2988, 39.37007874015748143 ) ;
#3323 = ADVANCED_FACE ( 'NONE', ( #158 ), #191, .T. ) ;
#3324 = ADVANCED_FACE ( 'NONE', ( #2326, #689 ), #750, .F. ) ;
#3325 = DIRECTION ( 'NONE',  ( 0.000000000000000000, -1.000000000000000000, 0.000000000000000000 ) ) ;
#3326 = AXIS2_PLACEMENT_3D ( 'NONE', #1047, #1516, #3457 ) ;
#3327 = DIRECTION ( 'NONE',  ( 0.000000000000000000, 0.000000000000000000, -1.000000000000000000 ) ) ;
#3328 = ORIENTED_EDGE ( 'NONE', *, *, #2399, .T. ) ;
#3329 = EDGE_LOOP ( 'NONE', ( #1434, #64, #2150, #251, #3126, #1826, #2455, #534, #2346, #3274, #687, #2097 ) ) ;
#3330 = CIRCLE ( 'NONE', #2709, 0.01181102362204724046 ) ;
#3331 = ORIENTED_EDGE ( 'NONE', *, *, #3411, .T. ) ;
#3332 = CARTESIAN_POINT ( 'NONE',  ( 0.1614173228346456879, 0.02755905511811023584, -0.1023622047244094613 ) ) ;
#3333 = CIRCLE ( 'NONE', #1806, 0.005905511811023620231 ) ;
#3334 = DIRECTION ( 'NONE',  ( 0.000000000000000000, -1.000000000000000000, 0.000000000000000000 ) ) ;
#3335 = VERTEX_POINT ( 'NONE', #2902 ) ;
#3336 = CARTESIAN_POINT ( 'NONE',  ( 0.08858267716535433989, 0.1456692913385826960, 0.08858267716535433989 ) ) ;
#3337 = AXIS2_PLACEMENT_3D ( 'NONE', #1655, #2128, #2728 ) ;
#3338 = VERTEX_POINT ( 'NONE', #3402 ) ;
#3339 = CARTESIAN_POINT ( 'NONE',  ( 0.1968503937007874127, -0.003937007874015747977, -0.1023622047244094613 ) ) ;
#3340 = CARTESIAN_POINT ( 'NONE',  ( 0.1968503937007874127, -0.003937007874015747977, -0.07480314960629921850 ) ) ;
#3341 = DIRECTION ( 'NONE',  ( -1.000000000000000000, 0.000000000000000000, 0.000000000000000000 ) ) ;
#3342 = LINE ( 'NONE', #1202, #434 ) ;
#3343 = DIRECTION ( 'NONE',  ( 0.000000000000000000, 1.000000000000000000, 0.000000000000000000 ) ) ;
#3344 = DIRECTION ( 'NONE',  ( 0.000000000000000000, -1.000000000000000000, 0.000000000000000000 ) ) ;
#3345 = ORIENTED_EDGE ( 'NONE', *, *, #206, .T. ) ;
#3346 = EDGE_LOOP ( 'NONE', ( #357, #2080, #3088, #48 ) ) ;
#3347 = VERTEX_POINT ( 'NONE', #2659 ) ;
#3348 = ADVANCED_FACE ( 'NONE', ( #1551 ), #2623, .T. ) ;
#3349 = EDGE_CURVE ( 'NONE', #999, #1084, #2342, .T. ) ;
#3350 = CARTESIAN_POINT ( 'NONE',  ( 0.08858267716535433989, 0.1299212598425196763, -0.07283464566929134798 ) ) ;
#3351 = CYLINDRICAL_SURFACE ( 'NONE', #3421, 0.01574803149606299885 ) ;
#3352 = EDGE_LOOP ( 'NONE', ( #672, #881, #3307, #1608 ) ) ;
#3353 = EDGE_LOOP ( 'NONE', ( #2805, #1612, #691, #3162 ) ) ;
#3354 = DIRECTION ( 'NONE',  ( 0.000000000000000000, 0.000000000000000000, -1.000000000000000000 ) ) ;
#3355 = ORIENTED_EDGE ( 'NONE', *, *, #2385, .T. ) ;
#3356 = DIRECTION ( 'NONE',  ( 0.000000000000000000, 1.000000000000000000, 0.000000000000000000 ) ) ;
#3357 = FACE_OUTER_BOUND ( 'NONE', #1618, .T. ) ;
#3358 = CARTESIAN_POINT ( 'NONE',  ( -0.1968503937007874127, 0.003937007874015747977, -0.07480314960629921850 ) ) ;
#3359 = CARTESIAN_POINT ( 'NONE',  ( -0.1122047244094488277, 0.1377952755905511861, 0.1122047244094488277 ) ) ;
#3360 = SHAPE_DEFINITION_REPRESENTATION ( #1693, #3171 ) ;
#3361 = LINE ( 'NONE', #2551, #947 ) ;
#3362 = ORIENTED_EDGE ( 'NONE', *, *, #744, .T. ) ;
#3363 = VERTEX_POINT ( 'NONE', #1262 ) ;
#3364 = ADVANCED_FACE ( 'NONE', ( #1245 ), #3190, .T. ) ;
#3365 = DIRECTION ( 'NONE',  ( 1.000000000000000000, 0.000000000000000000, 0.000000000000000000 ) ) ;
#3366 = DIRECTION ( 'NONE',  ( 0.000000000000000000, 0.000000000000000000, -1.000000000000000000 ) ) ;
#3367 = ORIENTED_EDGE ( 'NONE', *, *, #876, .F. ) ;
#3368 = ORIENTED_EDGE ( 'NONE', *, *, #622, .T. ) ;
#3369 = EDGE_CURVE ( 'NONE', #1495, #231, #2605, .T. ) ;
#3370 = CARTESIAN_POINT ( 'NONE',  ( -0.1653543307086614567, -0.003937007874015747977, -0.1023622047244094613 ) ) ;
#3371 = EDGE_CURVE ( 'NONE', #2063, #2941, #1866, .T. ) ;
#3372 = VERTEX_POINT ( 'NONE', #721 ) ;
#3373 = CARTESIAN_POINT ( 'NONE',  ( -0.1653543307086614567, 0.007874015748031495954, 0.07480314960629921850 ) ) ;
#3374 = AXIS2_PLACEMENT_3D ( 'NONE', #3486, #865, #1911 ) ;
#3375 = CARTESIAN_POINT ( 'NONE',  ( -0.1653543307086614567, 0.007874015748031495954, 0.07480314960629921850 ) ) ;
#3376 = VECTOR ( 'NONE', #364, 39.37007874015748143 ) ;
#3377 = CARTESIAN_POINT ( 'NONE',  ( 0.000000000000000000, 0.2106299212598425064, 0.000000000000000000 ) ) ;
#3378 = DIRECTION ( 'NONE',  ( 0.000000000000000000, -1.000000000000000000, 0.000000000000000000 ) ) ;
#3379 = VECTOR ( 'NONE', #1778, 39.37007874015748143 ) ;
#3380 = ORIENTED_EDGE ( 'NONE', *, *, #3300, .T. ) ;
#3381 = DIRECTION ( 'NONE',  ( 0.000000000000000000, -1.000000000000000000, 0.000000000000000000 ) ) ;
#3382 = VECTOR ( 'NONE', #1922, 39.37007874015748143 ) ;
#3383 = DIRECTION ( 'NONE',  ( 0.000000000000000000, -1.000000000000000000, 0.000000000000000000 ) ) ;
#3384 = EDGE_CURVE ( 'NONE', #163, #1712, #980, .T. ) ;
#3385 = DIRECTION ( 'NONE',  ( 1.734723475976804925E-15, -1.000000000000000000, 0.000000000000000000 ) ) ;
#3386 = EDGE_LOOP ( 'NONE', ( #983, #846, #160, #1577 ) ) ;
#3387 = AXIS2_PLACEMENT_3D ( 'NONE', #932, #894, #1496 ) ;
#3388 = ORIENTED_EDGE ( 'NONE', *, *, #424, .T. ) ;
#3389 = LINE ( 'NONE', #2367, #331 ) ;
#3390 = ADVANCED_FACE ( 'NONE', ( #738 ), #2032, .F. ) ;
#3391 = ORIENTED_EDGE ( 'NONE', *, *, #685, .F. ) ;
#3392 = CIRCLE ( 'NONE', #1015, 0.01574803149606299191 ) ;
#3393 = PLANE ( 'NONE',  #501 ) ;
#3394 = CIRCLE ( 'NONE', #510, 0.01181102362204724046 ) ;
#3395 = EDGE_CURVE ( 'NONE', #1298, #3335, #3124, .T. ) ;
#3396 = CYLINDRICAL_SURFACE ( 'NONE', #33, 0.01574803149606299885 ) ;
#3397 = DIRECTION ( 'NONE',  ( 0.000000000000000000, 0.000000000000000000, -1.000000000000000000 ) ) ;
#3398 = DIRECTION ( 'NONE',  ( 0.000000000000000000, 0.000000000000000000, 1.000000000000000000 ) ) ;
#3399 = PRODUCT ( 'CUI_DEVICES_TS04-66-55-BK-160-SMT', 'CUI_DEVICES_TS04-66-55-BK-160-SMT', '', ( #1163 ) ) ;
#3400 = PLANE ( 'NONE',  #3425 ) ;
#3401 = ORIENTED_EDGE ( 'NONE', *, *, #2404, .F. ) ;
#3402 = CARTESIAN_POINT ( 'NONE',  ( -0.1535433070866141780, 0.007874015748031495954, -0.07480314960629921850 ) ) ;
#3403 = CARTESIAN_POINT ( 'NONE',  ( -0.08858267716535433989, 0.1377952755905511861, 0.08858267716535433989 ) ) ;
#3404 = VERTEX_POINT ( 'NONE', #2362 ) ;
#3405 = ORIENTED_EDGE ( 'NONE', *, *, #1513, .T. ) ;
#3406 = CARTESIAN_POINT ( 'NONE',  ( -0.08858267716535433989, 0.1299212598425196763, 0.1043307086614173457 ) ) ;
#3407 = VERTEX_POINT ( 'NONE', #1574 ) ;
#3408 = CARTESIAN_POINT ( 'NONE',  ( 8.437527159479795937E-18, 0.1299212598425196763, 0.06889763779527559306 ) ) ;
#3409 = FACE_OUTER_BOUND ( 'NONE', #2081, .T. ) ;
#3410 = CARTESIAN_POINT ( 'NONE',  ( -0.1181102362204724532, 0.1299212598425196763, -0.1181102362204724532 ) ) ;
#3411 = EDGE_CURVE ( 'NONE', #178, #2661, #335, .T. ) ;
#3412 = EDGE_CURVE ( 'NONE', #2567, #1676, #1341, .T. ) ;
#3413 = CARTESIAN_POINT ( 'NONE',  ( 0.1968503937007874127, 0.003937007874015747977, -0.1023622047244094613 ) ) ;
#3414 = DIRECTION ( 'NONE',  ( 0.000000000000000000, 0.000000000000000000, -1.000000000000000000 ) ) ;
#3415 = DIRECTION ( 'NONE',  ( 0.000000000000000000, -1.000000000000000000, 0.000000000000000000 ) ) ;
#3416 = FACE_BOUND ( 'NONE', #3143, .T. ) ;
#3417 = ORIENTED_EDGE ( 'NONE', *, *, #3447, .F. ) ;
#3418 = ORIENTED_EDGE ( 'NONE', *, *, #1223, .T. ) ;
#3419 = EDGE_LOOP ( 'NONE', ( #813, #566, #1995, #2417 ) ) ;
#3420 = DIRECTION ( 'NONE',  ( 0.000000000000000000, 0.000000000000000000, 1.000000000000000000 ) ) ;
#3421 = AXIS2_PLACEMENT_3D ( 'NONE', #2788, #1983, #2771 ) ;
#3422 = ADVANCED_FACE ( 'NONE', ( #1374 ), #1606, .T. ) ;
#3423 = DIRECTION ( 'NONE',  ( 0.000000000000000000, 0.000000000000000000, 1.000000000000000000 ) ) ;
#3424 = DIRECTION ( 'NONE',  ( 0.000000000000000000, -1.000000000000000000, 0.000000000000000000 ) ) ;
#3425 = AXIS2_PLACEMENT_3D ( 'NONE', #174, #3137, #459 ) ;
#3426 = EDGE_CURVE ( 'NONE', #3315, #3293, #1917, .T. ) ;
#3427 = DIRECTION ( 'NONE',  ( 0.000000000000000000, 0.000000000000000000, -1.000000000000000000 ) ) ;
#3428 = AXIS2_PLACEMENT_3D ( 'NONE', #1818, #473, #1548 ) ;
#3429 = DIRECTION ( 'NONE',  ( 0.000000000000000000, 0.000000000000000000, 1.000000000000000000 ) ) ;
#3430 = AXIS2_PLACEMENT_3D ( 'NONE', #682, #2304, #521 ) ;
#3431 = DIRECTION ( 'NONE',  ( 0.000000000000000000, -1.000000000000000000, 0.000000000000000000 ) ) ;
#3432 = DIRECTION ( 'NONE',  ( 0.000000000000000000, 0.000000000000000000, 1.000000000000000000 ) ) ;
#3433 = EDGE_LOOP ( 'NONE', ( #940, #110, #3016, #921 ) ) ;
#3434 = ORIENTED_EDGE ( 'NONE', *, *, #2697, .T. ) ;
#3435 = CIRCLE ( 'NONE', #829, 0.01181102362204724046 ) ;
#3436 = CARTESIAN_POINT ( 'NONE',  ( 0.08858267716535433989, 0.1456692913385826960, 0.06496062992125986590 ) ) ;
#3437 = AXIS2_PLACEMENT_3D ( 'NONE', #2486, #1354, #2723 ) ;
#3438 = ORIENTED_EDGE ( 'NONE', *, *, #19, .T. ) ;
#3439 = PLANE ( 'NONE',  #1684 ) ;
#3440 = CIRCLE ( 'NONE', #2770, 0.005905511811023620231 ) ;
#3441 = VECTOR ( 'NONE', #255, 39.37007874015748143 ) ;
#3442 = EDGE_LOOP ( 'NONE', ( #2300, #2905, #2772, #1810 ) ) ;
#3443 = DIRECTION ( 'NONE',  ( 0.000000000000000000, 1.000000000000000000, 0.000000000000000000 ) ) ;
#3444 = DIRECTION ( 'NONE',  ( -1.000000000000000000, 0.000000000000000000, 0.000000000000000000 ) ) ;
#3445 = AXIS2_PLACEMENT_3D ( 'NONE', #844, #1039, #1323 ) ;
#3446 = FACE_OUTER_BOUND ( 'NONE', #3329, .T. ) ;
#3447 = EDGE_CURVE ( 'NONE', #2152, #634, #732, .T. ) ;
#3448 = CARTESIAN_POINT ( 'NONE',  ( -0.08858267716535433989, 0.1377952755905511861, 0.08858267716535433989 ) ) ;
#3449 = DIRECTION ( 'NONE',  ( 0.000000000000000000, 1.000000000000000000, 0.000000000000000000 ) ) ;
#3450 = VERTEX_POINT ( 'NONE', #3253 ) ;
#3451 = VERTEX_POINT ( 'NONE', #2672 ) ;
#3452 = CARTESIAN_POINT ( 'NONE',  ( 0.08858267716535433989, 0.1299212598425196763, -0.07283464566929134798 ) ) ;
#3453 = ADVANCED_FACE ( 'NONE', ( #822 ), #1858, .T. ) ;
#3454 = EDGE_CURVE ( 'NONE', #2661, #178, #2363, .T. ) ;
#3455 = CARTESIAN_POINT ( 'NONE',  ( -0.1122047244094488277, 0.1377952755905511861, -0.1181102362204724532 ) ) ;
#3456 = ORIENTED_EDGE ( 'NONE', *, *, #250, .T. ) ;
#3457 = DIRECTION ( 'NONE',  ( -1.000000000000000000, 0.000000000000000000, 0.000000000000000000 ) ) ;
#3458 = EDGE_LOOP ( 'NONE', ( #961, #1721, #265, #1377 ) ) ;
#3459 = LINE ( 'NONE', #1883, #3263 ) ;
#3460 = CYLINDRICAL_SURFACE ( 'NONE', #1290, 0.01181102362204725781 ) ;
#3461 = CARTESIAN_POINT ( 'NONE',  ( 0.1653543307086614567, 0.003937007874015747977, 0.07480314960629921850 ) ) ;
#3462 = DIRECTION ( 'NONE',  ( -0.000000000000000000, 1.000000000000000000, 0.000000000000000000 ) ) ;
#3463 = DIRECTION ( 'NONE',  ( 0.000000000000000000, 0.000000000000000000, 1.000000000000000000 ) ) ;
#3464 = VERTEX_POINT ( 'NONE', #514 ) ;
#3465 = EDGE_CURVE ( 'NONE', #1124, #2750, #1641, .T. ) ;
#3466 = ORIENTED_EDGE ( 'NONE', *, *, #250, .F. ) ;
#3467 = CARTESIAN_POINT ( 'NONE',  ( -0.08858267716535433989, 0.1823374350353732243, -0.08858267716535433989 ) ) ;
#3468 = EDGE_CURVE ( 'NONE', #1594, #2435, #2715, .T. ) ;
#3469 = VERTEX_POINT ( 'NONE', #2392 ) ;
#3470 = ADVANCED_FACE ( 'NONE', ( #305 ), #1923, .T. ) ;
#3471 = DIRECTION ( 'NONE',  ( 0.000000000000000000, -1.000000000000000000, 0.000000000000000000 ) ) ;
#3472 = EDGE_LOOP ( 'NONE', ( #2829, #1493, #2400, #2766 ) ) ;
#3473 = DIRECTION ( 'NONE',  ( 0.000000000000000000, 0.000000000000000000, 1.000000000000000000 ) ) ;
#3474 = FACE_OUTER_BOUND ( 'NONE', #2508, .T. ) ;
#3475 = AXIS2_PLACEMENT_3D ( 'NONE', #2277, #337, #3069 ) ;
#3476 = LINE ( 'NONE', #1568, #1526 ) ;
#3477 = FACE_OUTER_BOUND ( 'NONE', #2754, .T. ) ;
#3478 = DIRECTION ( 'NONE',  ( 0.000000000000000000, 0.000000000000000000, 1.000000000000000000 ) ) ;
#3479 = CIRCLE ( 'NONE', #2522, 0.01574803149606299191 ) ;
#3480 = CARTESIAN_POINT ( 'NONE',  ( 0.1968503937007874127, -0.003937007874015747977, 0.1023622047244094613 ) ) ;
#3481 = AXIS2_PLACEMENT_3D ( 'NONE', #2153, #537, #222 ) ;
#3482 = ORIENTED_EDGE ( 'NONE', *, *, #897, .F. ) ;
#3483 = ORIENTED_EDGE ( 'NONE', *, *, #2317, .T. ) ;
#3484 = AXIS2_PLACEMENT_3D ( 'NONE', #1365, #14, #1101 ) ;
#3485 = PLANE ( 'NONE',  #2658 ) ;
#3486 = CARTESIAN_POINT ( 'NONE',  ( -0.1653543307086614567, 0.007874015748031495954, -0.07480314960629921850 ) ) ;
#3487 = CIRCLE ( 'NONE', #3163, 0.003937007874015741038 ) ;
#3488 = EDGE_LOOP ( 'NONE', ( #1862, #1599, #1790, #2552 ) ) ;
#3489 = DIRECTION ( 'NONE',  ( 0.000000000000000000, 0.000000000000000000, -1.000000000000000000 ) ) ;
#3490 = CIRCLE ( 'NONE', #610, 0.003937007874015758385 ) ;
#3491 = EDGE_CURVE ( 'NONE', #156, #3464, #1189, .T. ) ;
#3492 = ORIENTED_EDGE ( 'NONE', *, *, #832, .F. ) ;
#3493 = CARTESIAN_POINT ( 'NONE',  ( -0.08858267716535433989, 0.1377952755905511861, 0.07283464566929134798 ) ) ;
#3494 = AXIS2_PLACEMENT_3D ( 'NONE', #415, #2263, #2773 ) ;
#3495 = DIRECTION ( 'NONE',  ( 1.000000000000000000, 0.000000000000000000, 0.000000000000000000 ) ) ;
#3496 = EDGE_CURVE ( 'NONE', #950, #1942, #1303, .T. ) ;
#3497 = EDGE_CURVE ( 'NONE', #1261, #1762, #2449, .T. ) ;
#3498 = CARTESIAN_POINT ( 'NONE',  ( -0.08858267716535433989, 0.1377952755905511861, 0.07283464566929134798 ) ) ;
#3499 = DIRECTION ( 'NONE',  ( 1.000000000000000000, 0.000000000000000000, 0.000000000000000000 ) ) ;
#3500 = VECTOR ( 'NONE', #425, 39.37007874015748143 ) ;
#3501 = AXIS2_PLACEMENT_3D ( 'NONE', #2013, #925, #2769 ) ;
#3502 = CARTESIAN_POINT ( 'NONE',  ( 0.08858267716535433989, 0.1456692913385826960, 0.1122047244094488277 ) ) ;
#3503 = ORIENTED_EDGE ( 'NONE', *, *, #2980, .T. ) ;
#3504 = VERTEX_POINT ( 'NONE', #2710 ) ;
#3505 = DIRECTION ( 'NONE',  ( 0.000000000000000000, 0.000000000000000000, -1.000000000000000000 ) ) ;
#3506 = FACE_OUTER_BOUND ( 'NONE', #1658, .T. ) ;
#3507 = ORIENTED_EDGE ( 'NONE', *, *, #1887, .F. ) ;
#3508 = CARTESIAN_POINT ( 'NONE',  ( -0.1653543307086614567, -0.003937007874015747977, -0.1023622047244094613 ) ) ;
ENDSEC;
END-ISO-10303-21;
